#Laksfors, 151.28.0, Vannføring, dogn
Tidspunkt;Vannføring (m³/s);Korrigert;Kontrollert
1953-01-01 11:00:00Z;10,16076;0;3
1953-01-02 11:00:00Z;10,16076;0;3
1953-01-03 11:00:00Z;10,16076;0;3
1953-01-04 11:00:00Z;10,16076;0;3
1953-01-05 11:00:00Z;10,16076;0;3
1953-01-06 11:00:00Z;10,16076;0;3
1953-01-07 11:00:00Z;10,16076;0;3
1953-01-08 11:00:00Z;10,16076;0;3
1953-01-09 11:00:00Z;10,16076;0;3
1953-01-10 11:00:00Z;10,16076;0;3
1953-01-11 11:00:00Z;10,16076;0;3
1953-01-12 11:00:00Z;51,77753;0;3
1953-01-13 11:00:00Z;122,9065;0;3
1953-01-14 11:00:00Z;88,97371;0;3
1953-01-15 11:00:00Z;57,12974;0;3
1953-01-16 11:00:00Z;40,91922;0;3
1953-01-17 11:00:00Z;143,9282;0;3
1953-01-18 11:00:00Z;223,6056;0;3
1953-01-19 11:00:00Z;88,97371;0;3
1953-01-20 11:00:00Z;138,122;0;3
1953-01-21 11:00:00Z;125,5918;0;3
1953-01-22 11:00:00Z;88,97371;0;3
1953-01-23 11:00:00Z;68,61374;0;3
1953-01-24 11:00:00Z;58,23139;0;3
1953-01-25 11:00:00Z;47,68313;0;3
1953-01-26 11:00:00Z;49,7095;0;3
1953-01-27 11:00:00Z;50,7383;0;3
1953-01-28 11:00:00Z;47,68313;0;3
1953-01-29 11:00:00Z;41,85419;0;3
1953-01-30 11:00:00Z;38,17692;0;3
1953-01-31 11:00:00Z;34,66681;0;3
1953-02-01 11:00:00Z;34,66681;0;3
1953-02-02 11:00:00Z;34,66681;0;3
1953-02-03 11:00:00Z;34,66681;0;3
1953-02-04 11:00:00Z;34,66681;0;3
1953-02-05 11:00:00Z;33,81543;0;3
1953-02-06 11:00:00Z;32,9745;0;3
1953-02-07 11:00:00Z;32,14404;0;3
1953-02-08 11:00:00Z;31,32405;0;3
1953-02-09 11:00:00Z;30,51453;0;3
1953-02-10 11:00:00Z;29,71549;0;3
1953-02-11 11:00:00Z;28,92693;0;3
1953-02-12 11:00:00Z;28,92693;0;3
1953-02-13 11:00:00Z;28,14884;0;3
1953-02-14 11:00:00Z;25,14139;0;3
1953-02-15 11:00:00Z;24,41576;0;3
1953-02-16 11:00:00Z;24,41576;0;3
1953-02-17 11:00:00Z;23,70064;0;3
1953-02-18 11:00:00Z;23,70064;0;3
1953-02-19 11:00:00Z;22,30192;0;3
1953-02-20 11:00:00Z;21,61832;0;3
1953-02-21 11:00:00Z;21,61832;0;3
1953-02-22 11:00:00Z;20,94525;0;3
1953-02-23 11:00:00Z;20,94525;0;3
1953-02-24 11:00:00Z;21,61832;0;3
1953-02-25 11:00:00Z;25,87751;0;3
1953-02-26 11:00:00Z;37,28371;0;3
1953-02-27 11:00:00Z;106,313;0;3
1953-02-28 11:00:00Z;100,3215;0;3
1953-03-01 11:00:00Z;138,122;0;3
1953-03-02 11:00:00Z;406,7626;0;3
1953-03-03 11:00:00Z;318,6562;0;3
1953-03-04 11:00:00Z;201,1972;0;3
1953-03-05 11:00:00Z;145,4028;0;3
1953-03-06 11:00:00Z;275,0684;0;3
1953-03-07 11:00:00Z;270,7083;0;3
1953-03-08 11:00:00Z;187,0602;0;3
1953-03-09 11:00:00Z;266,391;0;3
1953-03-10 11:00:00Z;159,0941;0;3
1953-03-11 11:00:00Z;124,2447;0;3
1953-03-12 11:00:00Z;103,8907;0;3
1953-03-13 11:00:00Z;94,54276;0;3
1953-03-14 11:00:00Z;243,4046;0;3
1953-03-15 11:00:00Z;290,6684;0;3
1953-03-16 11:00:00Z;302,1375;0;3
1953-03-17 11:00:00Z;192,2872;0;3
1953-03-18 11:00:00Z;142,4628;0;3
1953-03-19 11:00:00Z;113,7874;0;3
1953-03-20 11:00:00Z;96,82894;0;3
1953-03-21 11:00:00Z;241,378;0;3
1953-03-22 11:00:00Z;270,7083;0;3
1953-03-23 11:00:00Z;275,0684;0;3
1953-03-24 11:00:00Z;221,6823;0;3
1953-03-25 11:00:00Z;345,7177;0;3
1953-03-26 11:00:00Z;962,7654;0;3
1953-03-27 11:00:00Z;502,1008;0;3
1953-03-28 11:00:00Z;297,5171;0;3
1953-03-29 11:00:00Z;239,3619;0;3
1953-03-30 11:00:00Z;181,9216;0;3
1953-03-31 11:00:00Z;148,3798;0;3
1953-04-01 11:00:00Z;124,2447;0;3
1953-04-02 11:00:00Z;106,313;0;3
1953-04-03 11:00:00Z;93,41227;0;3
1953-04-04 11:00:00Z;110,0111;0;3
1953-04-05 11:00:00Z;99,14887;0;3
1953-04-06 11:00:00Z;86,80415;0;3
1953-04-07 11:00:00Z;76,44606;0;3
1953-04-08 11:00:00Z;70,61604;0;3
1953-04-09 11:00:00Z;65,05949;0;3
1953-04-10 11:00:00Z;58,23139;0;3
1953-04-11 11:00:00Z;50,7383;0;3
1953-04-12 11:00:00Z;50,7383;0;3
1953-04-13 11:00:00Z;49,7095;0;3
1953-04-14 11:00:00Z;50,7383;0;3
1953-04-15 11:00:00Z;46,68558;0;3
1953-04-16 11:00:00Z;42,79961;0;3
1953-04-17 11:00:00Z;42,79961;0;3
1953-04-18 11:00:00Z;38,17692;0;3
1953-04-19 11:00:00Z;35,52866;0;3
1953-04-20 11:00:00Z;35,52866;0;3
1953-04-21 11:00:00Z;36,40096;0;3
1953-04-22 11:00:00Z;66,23386;0;3
1953-04-23 11:00:00Z;66,23386;0;3
1953-04-24 11:00:00Z;63,8955;0;3
1953-04-25 11:00:00Z;72,52776;0;3
1953-04-26 11:00:00Z;83,61144;0;3
1953-04-27 11:00:00Z;87,88481;0;3
1953-04-28 11:00:00Z;92,29014;0;3
1953-04-29 11:00:00Z;105,0975;0;3
1953-04-30 11:00:00Z;235,3608;0;3
1953-05-01 11:00:00Z;333,2485;0;3
1953-05-02 11:00:00Z;304,4642;0;3
1953-05-03 11:00:00Z;304,4642;0;3
1953-05-04 11:00:00Z;306,8019;0;3
1953-05-05 11:00:00Z;309,1506;0;3
1953-05-06 11:00:00Z;309,1506;0;3
1953-05-07 11:00:00Z;311,5104;0;3
1953-05-08 11:00:00Z;313,8812;0;3
1953-05-09 11:00:00Z;316,2632;0;3
1953-05-10 11:00:00Z;321,0603;0;3
1953-05-11 11:00:00Z;129,6871;0;3
1953-05-12 11:00:00Z;323,4756;0;3
1953-05-13 11:00:00Z;350,7846;0;3
1953-05-14 11:00:00Z;350,7846;0;3
1953-05-15 11:00:00Z;318,6562;0;3
1953-05-16 11:00:00Z;309,1506;0;3
1953-05-17 11:00:00Z;390,2468;0;3
1953-05-18 11:00:00Z;486,3851;0;3
1953-05-19 11:00:00Z;665,2387;0;3
1953-05-20 11:00:00Z;639,1386;0;3
1953-05-21 11:00:00Z;711,489;0;3
1953-05-22 11:00:00Z;650,2457;0;3
1953-05-23 11:00:00Z;657,7159;0;3
1953-05-24 11:00:00Z;595,8826;0;3
1953-05-25 11:00:00Z;432,3319;0;3
1953-05-26 11:00:00Z;366,2588;0;3
1953-05-27 11:00:00Z;309,1506;0;3
1953-05-28 11:00:00Z;279,4715;0;3
1953-05-29 11:00:00Z;241,378;0;3
1953-05-30 11:00:00Z;204,831;0;3
1953-05-31 11:00:00Z;214,0915;0;3
1953-06-01 11:00:00Z;243,4046;0;3
1953-06-02 11:00:00Z;330,7885;0;3
1953-06-03 11:00:00Z;551,1108;0;3
1953-06-04 11:00:00Z;735,3359;0;3
1953-06-05 11:00:00Z;861,9366;0;3
1953-06-06 11:00:00Z;776,1631;0;3
1953-06-07 11:00:00Z;747,4416;0;3
1953-06-08 11:00:00Z;731,3278;0;3
1953-06-09 11:00:00Z;747,4416;0;3
1953-06-10 11:00:00Z;747,4416;0;3
1953-06-11 11:00:00Z;788,6771;0;3
1953-06-12 11:00:00Z;809,8086;0;3
1953-06-13 11:00:00Z;853,1093;0;3
1953-06-14 11:00:00Z;929,9373;0;3
1953-06-15 11:00:00Z;861,9366;0;3
1953-06-16 11:00:00Z;884,2502;0;3
1953-06-17 11:00:00Z;826,9622;0;3
1953-06-18 11:00:00Z;772,0192;0;3
1953-06-19 11:00:00Z;822,6529;0;3
1953-06-20 11:00:00Z;826,9622;0;3
1953-06-21 11:00:00Z;916,0822;0;3
1953-06-22 11:00:00Z;695,8593;0;3
1953-06-23 11:00:00Z;568,076;0;3
1953-06-24 11:00:00Z;537,7661;0;3
1953-06-25 11:00:00Z;537,7661;0;3
1953-06-26 11:00:00Z;514,8956;0;3
1953-06-27 11:00:00Z;464,8979;0;3
1953-06-28 11:00:00Z;415,1791;0;3
1953-06-29 11:00:00Z;392,9702;0;3
1953-06-30 11:00:00Z;316,2632;0;3
1953-07-01 11:00:00Z;281,6893;0;3
1953-07-02 11:00:00Z;255,7842;0;3
1953-07-03 11:00:00Z;233,3758;0;3
1953-07-04 11:00:00Z;243,4046;0;3
1953-07-05 11:00:00Z;208,5049;0;3
1953-07-06 11:00:00Z;183,6246;0;3
1953-07-07 11:00:00Z;168,6467;0;3
1953-07-08 11:00:00Z;173,5522;0;3
1953-07-09 11:00:00Z;160,6624;0;3
1953-07-10 11:00:00Z;162,2402;0;3
1953-07-11 11:00:00Z;148,3798;0;3
1953-07-12 11:00:00Z;133,8636;0;3
1953-07-13 11:00:00Z;120,2568;0;3
1953-07-14 11:00:00Z;120,2568;0;3
1953-07-15 11:00:00Z;142,4628;0;3
1953-07-16 11:00:00Z;154,4459;0;3
1953-07-17 11:00:00Z;175,2067;0;3
1953-07-18 11:00:00Z;170,2722;0;3
1953-07-19 11:00:00Z;154,4459;0;3
1953-07-20 11:00:00Z;142,4628;0;3
1953-07-21 11:00:00Z;149,8823;0;3
1953-07-22 11:00:00Z;124,2447;0;3
1953-07-23 11:00:00Z;117,6426;0;3
1953-07-24 11:00:00Z;188,7927;0;3
1953-07-25 11:00:00Z;132,4624;0;3
1953-07-26 11:00:00Z;111,2612;0;3
1953-07-27 11:00:00Z;106,313;0;3
1953-07-28 11:00:00Z;152,9154;0;3
1953-07-29 11:00:00Z;129,6871;0;3
1953-07-30 11:00:00Z;281,6893;0;3
1953-07-31 11:00:00Z;201,1972;0;3
1953-08-01 11:00:00Z;133,8636;0;3
1953-08-02 11:00:00Z;115,0637;0;3
1953-08-03 11:00:00Z;99,14887;0;3
1953-08-04 11:00:00Z;95,68165;0;3
1953-08-05 11:00:00Z;82,56355;0;3
1953-08-06 11:00:00Z;76,44606;0;3
1953-08-07 11:00:00Z;74,47102;0;3
1953-08-08 11:00:00Z;68,61374;0;3
1953-08-09 11:00:00Z;65,05949;0;3
1953-08-10 11:00:00Z;61,59869;0;3
1953-08-11 11:00:00Z;66,23386;0;3
1953-08-12 11:00:00Z;100,3215;0;3
1953-08-13 11:00:00Z;97,98468;0;3
1953-08-14 11:00:00Z;81,52378;0;3
1953-08-15 11:00:00Z;87,88481;0;3
1953-08-16 11:00:00Z;86,80415;0;3
1953-08-17 11:00:00Z;86,80415;0;3
1953-08-18 11:00:00Z;83,61144;0;3
1953-08-19 11:00:00Z;77,44553;0;3
1953-08-20 11:00:00Z;87,88481;0;3
1953-08-21 11:00:00Z;131,0702;0;3
1953-08-22 11:00:00Z;91,17635;0;3
1953-08-23 11:00:00Z;99,14887;0;3
1953-08-24 11:00:00Z;107,537;0;3
1953-08-25 11:00:00Z;95,68165;0;3
1953-08-26 11:00:00Z;115,0637;0;3
1953-08-27 11:00:00Z;101,5027;0;3
1953-08-28 11:00:00Z;227,4828;0;3
1953-08-29 11:00:00Z;135,2739;0;3
1953-08-30 11:00:00Z;83,61144;0;3
1953-08-31 11:00:00Z;77,44553;0;3
1953-09-01 11:00:00Z;71,56797;0;3
1953-09-02 11:00:00Z;68,61374;0;3
1953-09-03 11:00:00Z;79,46854;0;3
1953-09-04 11:00:00Z;159,0941;0;3
1953-09-05 11:00:00Z;131,0702;0;3
1953-09-06 11:00:00Z;107,537;0;3
1953-09-07 11:00:00Z;204,831;0;3
1953-09-08 11:00:00Z;406,7626;0;3
1953-09-09 11:00:00Z;270,7083;0;3
1953-09-10 11:00:00Z;178,5447;0;3
1953-09-11 11:00:00Z;125,5918;0;3
1953-09-12 11:00:00Z;103,8907;0;3
1953-09-13 11:00:00Z;88,97371;0;3
1953-09-14 11:00:00Z;80,49212;0;3
1953-09-15 11:00:00Z;72,52776;0;3
1953-09-16 11:00:00Z;67,41861;0;3
1953-09-17 11:00:00Z;61,59869;0;3
1953-09-18 11:00:00Z;54,95765;0;3
1953-09-19 11:00:00Z;50,7383;0;3
1953-09-20 11:00:00Z;46,68558;0;3
1953-09-21 11:00:00Z;46,68558;0;3
1953-09-22 11:00:00Z;43,75546;0;3
1953-09-23 11:00:00Z;37,28371;0;3
1953-09-24 11:00:00Z;34,66681;0;3
1953-09-25 11:00:00Z;32,9745;0;3
1953-09-26 11:00:00Z;32,9745;0;3
1953-09-27 11:00:00Z;51,77753;0;3
1953-09-28 11:00:00Z;53,8872;0;3
1953-09-29 11:00:00Z;62,7419;0;3
1953-09-30 11:00:00Z;70,61604;0;3
1953-10-01 11:00:00Z;135,2739;0;3
1953-10-02 11:00:00Z;531,1691;0;3
1953-10-03 11:00:00Z;382,1465;0;3
1953-10-04 11:00:00Z;255,7842;0;3
1953-10-05 11:00:00Z;243,4046;0;3
1953-10-06 11:00:00Z;167,0307;0;3
1953-10-07 11:00:00Z;145,4028;0;3
1953-10-08 11:00:00Z;121,5772;0;3
1953-10-09 11:00:00Z;897,8077;0;3
1953-10-10 11:00:00Z;723,3519;0;3
1953-10-11 11:00:00Z;338,2023;0;3
1953-10-12 11:00:00Z;514,8956;0;3
1953-10-13 11:00:00Z;306,8019;0;3
1953-10-14 11:00:00Z;241,378;0;3
1953-10-15 11:00:00Z;190,535;0;3
1953-10-16 11:00:00Z;143,9282;0;3
1953-10-17 11:00:00Z;115,0637;0;3
1953-10-18 11:00:00Z;118,9453;0;3
1953-10-19 11:00:00Z;275,0684;0;3
1953-10-20 11:00:00Z;170,2722;0;3
1953-10-21 11:00:00Z;350,7846;0;3
1953-10-22 11:00:00Z;178,5447;0;3
1953-10-23 11:00:00Z;146,8867;0;3
1953-10-24 11:00:00Z;124,2447;0;3
1953-10-25 11:00:00Z;106,313;0;3
1953-10-26 11:00:00Z;103,8907;0;3
1953-10-27 11:00:00Z;94,54276;0;3
1953-10-28 11:00:00Z;85,73171;0;3
1953-10-29 11:00:00Z;82,56355;0;3
1953-10-30 11:00:00Z;79,46854;0;3
1953-10-31 11:00:00Z;72,52776;0;3
1953-11-01 11:00:00Z;62,7419;0;3
1953-11-02 11:00:00Z;56,03849;0;3
1953-11-03 11:00:00Z;50,7383;0;3
1953-11-04 11:00:00Z;46,68558;0;3
1953-11-05 11:00:00Z;45,69844;0;3
1953-11-06 11:00:00Z;43,75546;0;3
1953-11-07 11:00:00Z;40,91922;0;3
1953-11-08 11:00:00Z;75,45457;0;3
1953-11-09 11:00:00Z;83,61144;0;3
1953-11-10 11:00:00Z;81,52378;0;3
1953-11-11 11:00:00Z;73,49544;0;3
1953-11-12 11:00:00Z;71,56797;0;3
1953-11-13 11:00:00Z;66,23386;0;3
1953-11-14 11:00:00Z;61,59869;0;3
1953-11-15 11:00:00Z;53,8872;0;3
1953-11-16 11:00:00Z;53,8872;0;3
1953-11-17 11:00:00Z;68,61374;0;3
1953-11-18 11:00:00Z;139,5597;0;3
1953-11-19 11:00:00Z;115,0637;0;3
1953-11-20 11:00:00Z;88,97371;0;3
1953-11-21 11:00:00Z;75,45457;0;3
1953-11-22 11:00:00Z;73,49544;0;3
1953-11-23 11:00:00Z;68,61374;0;3
1953-11-24 11:00:00Z;59,34343;0;3
1953-11-25 11:00:00Z;57,12974;0;3
1953-11-26 11:00:00Z;51,77753;0;3
1953-11-27 11:00:00Z;49,7095;0;3
1953-11-28 11:00:00Z;125,5918;0;3
1953-11-29 11:00:00Z;61,59869;0;3
1953-11-30 11:00:00Z;58,23139;0;3
1953-12-01 11:00:00Z;81,52378;0;3
1953-12-02 11:00:00Z;107,537;0;3
1953-12-03 11:00:00Z;283,9178;0;3
1953-12-04 11:00:00Z;165,4243;0;3
1953-12-05 11:00:00Z;124,2447;0;3
1953-12-06 11:00:00Z;103,8907;0;3
1953-12-07 11:00:00Z;259,9951;0;3
1953-12-08 11:00:00Z;568,076;0;3
1953-12-09 11:00:00Z;318,6562;0;3
1953-12-10 11:00:00Z;221,6823;0;3
1953-12-11 11:00:00Z;170,2722;0;3
1953-12-12 11:00:00Z;133,8636;0;3
1953-12-13 11:00:00Z;112,5199;0;3
1953-12-14 11:00:00Z;99,14887;0;3
1953-12-15 11:00:00Z;87,88481;0;3
1953-12-16 11:00:00Z;78,45302;0;3
1953-12-17 11:00:00Z;66,23386;0;3
1953-12-18 11:00:00Z;71,56797;0;3
1953-12-19 11:00:00Z;79,46854;0;3
1953-12-20 11:00:00Z;78,45302;0;3
1953-12-21 11:00:00Z;73,49544;0;3
1953-12-22 11:00:00Z;68,61374;0;3
1953-12-23 11:00:00Z;60,46586;0;3
1953-12-24 11:00:00Z;56,03849;0;3
1953-12-25 11:00:00Z;56,03849;0;3
1953-12-26 11:00:00Z;51,77753;0;3
1953-12-27 11:00:00Z;49,7095;0;3
1953-12-28 11:00:00Z;60,46586;0;3
1953-12-29 11:00:00Z;65,05949;0;3
1953-12-30 11:00:00Z;72,52776;0;3
1953-12-31 11:00:00Z;76,44606;0;3
1954-01-01 11:00:00Z;73,49544;0;3
1954-01-02 11:00:00Z;118,9453;0;3
1954-01-03 11:00:00Z;115,0637;0;3
1954-01-04 11:00:00Z;117,6426;0;3
1954-01-05 11:00:00Z;136,6934;0;3
1954-01-06 11:00:00Z;185,3375;0;3
1954-01-07 11:00:00Z;168,6467;0;3
1954-01-08 11:00:00Z;122,9065;0;3
1954-01-09 11:00:00Z;101,5027;0;3
1954-01-10 11:00:00Z;78,45302;0;3
1954-01-11 11:00:00Z;76,44606;0;3
1954-01-12 11:00:00Z;74,47102;0;3
1954-01-13 11:00:00Z;73,49544;0;3
1954-01-14 11:00:00Z;72,52776;0;3
1954-01-15 11:00:00Z;72,52776;0;3
1954-01-16 11:00:00Z;71,56797;0;3
1954-01-17 11:00:00Z;75,45457;0;3
1954-01-18 11:00:00Z;74,47102;0;3
1954-01-19 11:00:00Z;70,61604;0;3
1954-01-20 11:00:00Z;68,61374;0;3
1954-01-21 11:00:00Z;66,23386;0;3
1954-01-22 11:00:00Z;63,8955;0;3
1954-01-23 11:00:00Z;63,8955;0;3
1954-01-24 11:00:00Z;62,7419;0;3
1954-01-25 11:00:00Z;62,7419;0;3
1954-01-26 11:00:00Z;56,03849;0;3
1954-01-27 11:00:00Z;48,6911;0;3
1954-01-28 11:00:00Z;48,6911;0;3
1954-01-29 11:00:00Z;46,68558;0;3
1954-01-30 11:00:00Z;41,85419;0;3
1954-01-31 11:00:00Z;33,81543;0;3
1954-02-01 11:00:00Z;28,92693;0;3
1954-02-02 11:00:00Z;27,38124;0;3
1954-02-03 11:00:00Z;26,62413;0;3
1954-02-04 11:00:00Z;32,14404;0;3
1954-02-05 11:00:00Z;56,03849;0;3
1954-02-06 11:00:00Z;59,34343;0;3
1954-02-07 11:00:00Z;43,75546;0;3
1954-02-08 11:00:00Z;35,52866;0;3
1954-02-09 11:00:00Z;28,92693;0;3
1954-02-10 11:00:00Z;28,14884;0;3
1954-02-11 11:00:00Z;24,41576;0;3
1954-02-12 11:00:00Z;20,28269;0;3
1954-02-13 11:00:00Z;20,28269;0;3
1954-02-14 11:00:00Z;20,94525;0;3
1954-02-15 11:00:00Z;21,61832;0;3
1954-02-16 11:00:00Z;22,30192;0;3
1954-02-17 11:00:00Z;20,94525;0;3
1954-02-18 11:00:00Z;21,61832;0;3
1954-02-19 11:00:00Z;20,94525;0;3
1954-02-20 11:00:00Z;19,63066;0;3
1954-02-21 11:00:00Z;18,3582;0;3
1954-02-22 11:00:00Z;17,73777;0;3
1954-02-23 11:00:00Z;17,73777;0;3
1954-02-24 11:00:00Z;17,12788;0;3
1954-02-25 11:00:00Z;16,52854;0;3
1954-02-26 11:00:00Z;15,93975;0;3
1954-02-27 11:00:00Z;14,79384;0;3
1954-02-28 11:00:00Z;14,23673;0;3
1954-03-01 11:00:00Z;13,69019;0;3
1954-03-02 11:00:00Z;12,62883;0;3
1954-03-03 11:00:00Z;12,11403;0;3
1954-03-04 11:00:00Z;11,60982;0;3
1954-03-05 11:00:00Z;11,11619;0;3
1954-03-06 11:00:00Z;11,11619;0;3
1954-03-07 11:00:00Z;11,11619;0;3
1954-03-08 11:00:00Z;11,60982;0;3
1954-03-09 11:00:00Z;12,11403;0;3
1954-03-10 11:00:00Z;12,62883;0;3
1954-03-11 11:00:00Z;12,62883;0;3
1954-03-12 11:00:00Z;12,11403;0;3
1954-03-13 11:00:00Z;11,11619;0;3
1954-03-14 11:00:00Z;12,62883;0;3
1954-03-15 11:00:00Z;19,63066;0;3
1954-03-16 11:00:00Z;28,14884;0;3
1954-03-17 11:00:00Z;21,61832;0;3
1954-03-18 11:00:00Z;17,73777;0;3
1954-03-19 11:00:00Z;17,12788;0;3
1954-03-20 11:00:00Z;16,52854;0;3
1954-03-21 11:00:00Z;16,52854;0;3
1954-03-22 11:00:00Z;18,3582;0;3
1954-03-23 11:00:00Z;26,62413;0;3
1954-03-24 11:00:00Z;30,51453;0;3
1954-03-25 11:00:00Z;25,14139;0;3
1954-03-26 11:00:00Z;21,61832;0;3
1954-03-27 11:00:00Z;18,98917;0;3
1954-03-28 11:00:00Z;17,73777;0;3
1954-03-29 11:00:00Z;16,52854;0;3
1954-03-30 11:00:00Z;15,93975;0;3
1954-03-31 11:00:00Z;15,36152;0;3
1954-04-01 11:00:00Z;15,93975;0;3
1954-04-02 11:00:00Z;15,36152;0;3
1954-04-03 11:00:00Z;14,79384;0;3
1954-04-04 11:00:00Z;14,79384;0;3
1954-04-05 11:00:00Z;14,23673;0;3
1954-04-06 11:00:00Z;14,23673;0;3
1954-04-07 11:00:00Z;13,69019;0;3
1954-04-08 11:00:00Z;13,69019;0;3
1954-04-09 11:00:00Z;13,15422;0;3
1954-04-10 11:00:00Z;13,15422;0;3
1954-04-11 11:00:00Z;14,23673;0;3
1954-04-12 11:00:00Z;14,79384;0;3
1954-04-13 11:00:00Z;15,36152;0;3
1954-04-14 11:00:00Z;15,93975;0;3
1954-04-15 11:00:00Z;16,52854;0;3
1954-04-16 11:00:00Z;17,73777;0;3
1954-04-17 11:00:00Z;18,3582;0;3
1954-04-18 11:00:00Z;18,98917;0;3
1954-04-19 11:00:00Z;18,98917;0;3
1954-04-20 11:00:00Z;18,98917;0;3
1954-04-21 11:00:00Z;18,98917;0;3
1954-04-22 11:00:00Z;19,63066;0;3
1954-04-23 11:00:00Z;19,63066;0;3
1954-04-24 11:00:00Z;20,28269;0;3
1954-04-25 11:00:00Z;20,28269;0;3
1954-04-26 11:00:00Z;19,63066;0;3
1954-04-27 11:00:00Z;20,28269;0;3
1954-04-28 11:00:00Z;19,63066;0;3
1954-04-29 11:00:00Z;19,63066;0;3
1954-04-30 11:00:00Z;19,63066;0;3
1954-05-01 11:00:00Z;20,28269;0;3
1954-05-02 11:00:00Z;21,61832;0;3
1954-05-03 11:00:00Z;35,52866;0;3
1954-05-04 11:00:00Z;47,68313;0;3
1954-05-05 11:00:00Z;75,45457;0;3
1954-05-06 11:00:00Z;181,9216;0;3
1954-05-07 11:00:00Z;227,4828;0;3
1954-05-08 11:00:00Z;253,6946;0;3
1954-05-09 11:00:00Z;241,378;0;3
1954-05-10 11:00:00Z;225,539;0;3
1954-05-11 11:00:00Z;255,7842;0;3
1954-05-12 11:00:00Z;268,5443;0;3
1954-05-13 11:00:00Z;283,9178;0;3
1954-05-14 11:00:00Z;281,6893;0;3
1954-05-15 11:00:00Z;292,9404;0;3
1954-05-16 11:00:00Z;272,883;0;3
1954-05-17 11:00:00Z;212,2192;0;3
1954-05-18 11:00:00Z;181,9216;0;3
1954-05-19 11:00:00Z;187,0602;0;3
1954-05-20 11:00:00Z;281,6893;0;3
1954-05-21 11:00:00Z;461,877;0;3
1954-05-22 11:00:00Z;723,3519;0;3
1954-05-23 11:00:00Z;861,9366;0;3
1954-05-24 11:00:00Z;797,0884;0;3
1954-05-25 11:00:00Z;809,8086;0;3
1954-05-26 11:00:00Z;723,3519;0;3
1954-05-27 11:00:00Z;699,7467;0;3
1954-05-28 11:00:00Z;620,8882;0;3
1954-05-29 11:00:00Z;657,7159;0;3
1954-05-30 11:00:00Z;751,5038;0;3
1954-05-31 11:00:00Z;695,8593;0;3
1954-06-01 11:00:00Z;486,3851;0;3
1954-06-02 11:00:00Z;345,7177;0;3
1954-06-03 11:00:00Z;292,9404;0;3
1954-06-04 11:00:00Z;243,4046;0;3
1954-06-05 11:00:00Z;321,0603;0;3
1954-06-06 11:00:00Z;231,4011;0;3
1954-06-07 11:00:00Z;192,2872;0;3
1954-06-08 11:00:00Z;178,5447;0;3
1954-06-09 11:00:00Z;170,2722;0;3
1954-06-10 11:00:00Z;288,4073;0;3
1954-06-11 11:00:00Z;309,1506;0;3
1954-06-12 11:00:00Z;495,7775;0;3
1954-06-13 11:00:00Z;441,0692;0;3
1954-06-14 11:00:00Z;353,3351;0;3
1954-06-15 11:00:00Z;311,5104;0;3
1954-06-16 11:00:00Z;281,6893;0;3
1954-06-17 11:00:00Z;255,7842;0;3
1954-06-18 11:00:00Z;210,357;0;3
1954-06-19 11:00:00Z;309,1506;0;3
1954-06-20 11:00:00Z;333,2485;0;3
1954-06-21 11:00:00Z;358,4703;0;3
1954-06-22 11:00:00Z;283,9178;0;3
1954-06-23 11:00:00Z;283,9178;0;3
1954-06-24 11:00:00Z;283,9178;0;3
1954-06-25 11:00:00Z;295,2233;0;3
1954-06-26 11:00:00Z;259,9951;0;3
1954-06-27 11:00:00Z;297,5171;0;3
1954-06-28 11:00:00Z;275,0684;0;3
1954-06-29 11:00:00Z;283,9178;0;3
1954-06-30 11:00:00Z;201,1972;0;3
1954-07-01 11:00:00Z;318,6562;0;3
1954-07-02 11:00:00Z;323,4756;0;3
1954-07-03 11:00:00Z;235,3608;0;3
1954-07-04 11:00:00Z;214,0915;0;3
1954-07-05 11:00:00Z;217,8666;0;3
1954-07-06 11:00:00Z;201,1972;0;3
1954-07-07 11:00:00Z;197,6034;0;3
1954-07-08 11:00:00Z;152,9154;0;3
1954-07-09 11:00:00Z;148,3798;0;3
1954-07-10 11:00:00Z;148,3798;0;3
1954-07-11 11:00:00Z;155,9859;0;3
1954-07-12 11:00:00Z;165,4243;0;3
1954-07-13 11:00:00Z;154,4459;0;3
1954-07-14 11:00:00Z;138,122;0;3
1954-07-15 11:00:00Z;151,3942;0;3
1954-07-16 11:00:00Z;264,2484;0;3
1954-07-17 11:00:00Z;257,8844;0;3
1954-07-18 11:00:00Z;178,5447;0;3
1954-07-19 11:00:00Z;154,4459;0;3
1954-07-20 11:00:00Z;131,0702;0;3
1954-07-21 11:00:00Z;105,0975;0;3
1954-07-22 11:00:00Z;87,88481;0;3
1954-07-23 11:00:00Z;138,122;0;3
1954-07-24 11:00:00Z;112,5199;0;3
1954-07-25 11:00:00Z;94,54276;0;3
1954-07-26 11:00:00Z;100,3215;0;3
1954-07-27 11:00:00Z;86,80415;0;3
1954-07-28 11:00:00Z;103,8907;0;3
1954-07-29 11:00:00Z;112,5199;0;3
1954-07-30 11:00:00Z;95,68165;0;3
1954-07-31 11:00:00Z;85,73171;0;3
1954-08-01 11:00:00Z;83,61144;0;3
1954-08-02 11:00:00Z;81,52378;0;3
1954-08-03 11:00:00Z;80,49212;0;3
1954-08-04 11:00:00Z;154,4459;0;3
1954-08-05 11:00:00Z;155,9859;0;3
1954-08-06 11:00:00Z;170,2722;0;3
1954-08-07 11:00:00Z;136,6934;0;3
1954-08-08 11:00:00Z;132,4624;0;3
1954-08-09 11:00:00Z;143,9282;0;3
1954-08-10 11:00:00Z;116,3487;0;3
1954-08-11 11:00:00Z;113,7874;0;3
1954-08-12 11:00:00Z;118,9453;0;3
1954-08-13 11:00:00Z;241,378;0;3
1954-08-14 11:00:00Z;201,1972;0;3
1954-08-15 11:00:00Z;163,8275;0;3
1954-08-16 11:00:00Z;201,1972;0;3
1954-08-17 11:00:00Z;180,2282;0;3
1954-08-18 11:00:00Z;146,8867;0;3
1954-08-19 11:00:00Z;120,2568;0;3
1954-08-20 11:00:00Z;103,8907;0;3
1954-08-21 11:00:00Z;92,29014;0;3
1954-08-22 11:00:00Z;83,61144;0;3
1954-08-23 11:00:00Z;75,45457;0;3
1954-08-24 11:00:00Z;70,61604;0;3
1954-08-25 11:00:00Z;65,05949;0;3
1954-08-26 11:00:00Z;60,46586;0;3
1954-08-27 11:00:00Z;80,49212;0;3
1954-08-28 11:00:00Z;132,4624;0;3
1954-08-29 11:00:00Z;159,0941;0;3
1954-08-30 11:00:00Z;149,8823;0;3
1954-08-31 11:00:00Z;120,2568;0;3
1954-09-01 11:00:00Z;115,0637;0;3
1954-09-02 11:00:00Z;88,97371;0;3
1954-09-03 11:00:00Z;168,6467;0;3
1954-09-04 11:00:00Z;148,3798;0;3
1954-09-05 11:00:00Z;162,2402;0;3
1954-09-06 11:00:00Z;214,0915;0;3
1954-09-07 11:00:00Z;135,2739;0;3
1954-09-08 11:00:00Z;103,8907;0;3
1954-09-09 11:00:00Z;88,97371;0;3
1954-09-10 11:00:00Z;110,0111;0;3
1954-09-11 11:00:00Z;112,5199;0;3
1954-09-12 11:00:00Z;126,9479;0;3
1954-09-13 11:00:00Z;175,2067;0;3
1954-09-14 11:00:00Z;129,6871;0;3
1954-09-15 11:00:00Z;115,0637;0;3
1954-09-16 11:00:00Z;97,98468;0;3
1954-09-17 11:00:00Z;101,5027;0;3
1954-09-18 11:00:00Z;88,97371;0;3
1954-09-19 11:00:00Z;116,3487;0;3
1954-09-20 11:00:00Z;102,6925;0;3
1954-09-21 11:00:00Z;83,61144;0;3
1954-09-22 11:00:00Z;72,52776;0;3
1954-09-23 11:00:00Z;66,23386;0;3
1954-09-24 11:00:00Z;60,46586;0;3
1954-09-25 11:00:00Z;65,05949;0;3
1954-09-26 11:00:00Z;92,29014;0;3
1954-09-27 11:00:00Z;78,45302;0;3
1954-09-28 11:00:00Z;67,41861;0;3
1954-09-29 11:00:00Z;59,34343;0;3
1954-09-30 11:00:00Z;53,8872;0;3
1954-10-01 11:00:00Z;49,7095;0;3
1954-10-02 11:00:00Z;45,69844;0;3
1954-10-03 11:00:00Z;42,79961;0;3
1954-10-04 11:00:00Z;39,99467;0;3
1954-10-05 11:00:00Z;37,28371;0;3
1954-10-06 11:00:00Z;36,40096;0;3
1954-10-07 11:00:00Z;32,9745;0;3
1954-10-08 11:00:00Z;31,32405;0;3
1954-10-09 11:00:00Z;30,51453;0;3
1954-10-10 11:00:00Z;45,69844;0;3
1954-10-11 11:00:00Z;132,4624;0;3
1954-10-12 11:00:00Z;118,9453;0;3
1954-10-13 11:00:00Z;259,9951;0;3
1954-10-14 11:00:00Z;149,8823;0;3
1954-10-15 11:00:00Z;103,8907;0;3
1954-10-16 11:00:00Z;86,80415;0;3
1954-10-17 11:00:00Z;75,45457;0;3
1954-10-18 11:00:00Z;69,81924;0;3
1954-10-19 11:00:00Z;57,12974;0;3
1954-10-20 11:00:00Z;59,34343;0;3
1954-10-21 11:00:00Z;59,34343;0;3
1954-10-22 11:00:00Z;75,45457;0;3
1954-10-23 11:00:00Z;100,3215;0;3
1954-10-24 11:00:00Z;71,56797;0;3
1954-10-25 11:00:00Z;57,12974;0;3
1954-10-26 11:00:00Z;56,03849;0;3
1954-10-27 11:00:00Z;53,8872;0;3
1954-10-28 11:00:00Z;47,68313;0;3
1954-10-29 11:00:00Z;45,69844;0;3
1954-10-30 11:00:00Z;44,72173;0;3
1954-10-31 11:00:00Z;43,75546;0;3
1954-11-01 11:00:00Z;41,85419;0;3
1954-11-02 11:00:00Z;40,91922;0;3
1954-11-03 11:00:00Z;38,17692;0;3
1954-11-04 11:00:00Z;36,40096;0;3
1954-11-05 11:00:00Z;38,17692;0;3
1954-11-06 11:00:00Z;39,99467;0;3
1954-11-07 11:00:00Z;32,14404;0;3
1954-11-08 11:00:00Z;33,81543;0;3
1954-11-09 11:00:00Z;45,69844;0;3
1954-11-10 11:00:00Z;45,69844;0;3
1954-11-11 11:00:00Z;37,28371;0;3
1954-11-12 11:00:00Z;34,66681;0;3
1954-11-13 11:00:00Z;34,66681;0;3
1954-11-14 11:00:00Z;30,51453;0;3
1954-11-15 11:00:00Z;27,38124;0;3
1954-11-16 11:00:00Z;25,87751;0;3
1954-11-17 11:00:00Z;31,32405;0;3
1954-11-18 11:00:00Z;28,92693;0;3
1954-11-19 11:00:00Z;21,61832;0;3
1954-11-20 11:00:00Z;20,94525;0;3
1954-11-21 11:00:00Z;18,3582;0;3
1954-11-22 11:00:00Z;20,28269;0;3
1954-11-23 11:00:00Z;17,73777;0;3
1954-11-24 11:00:00Z;18,3582;0;3
1954-11-25 11:00:00Z;22,99602;0;3
1954-11-26 11:00:00Z;26,62413;0;3
1954-11-27 11:00:00Z;26,62413;0;3
1954-11-28 11:00:00Z;27,38124;0;3
1954-11-29 11:00:00Z;27,38124;0;3
1954-11-30 11:00:00Z;27,38124;0;3
1954-12-01 11:00:00Z;28,92693;0;3
1954-12-02 11:00:00Z;25,14139;0;3
1954-12-03 11:00:00Z;43,75546;0;3
1954-12-04 11:00:00Z;54,95765;0;3
1954-12-05 11:00:00Z;54,95765;0;3
1954-12-06 11:00:00Z;54,95765;0;3
1954-12-07 11:00:00Z;54,95765;0;3
1954-12-08 11:00:00Z;53,8872;0;3
1954-12-09 11:00:00Z;52,82716;0;3
1954-12-10 11:00:00Z;62,7419;0;3
1954-12-11 11:00:00Z;53,8872;0;3
1954-12-12 11:00:00Z;49,7095;0;3
1954-12-13 11:00:00Z;52,82716;0;3
1954-12-14 11:00:00Z;56,03849;0;3
1954-12-15 11:00:00Z;53,8872;0;3
1954-12-16 11:00:00Z;48,6911;0;3
1954-12-17 11:00:00Z;49,7095;0;3
1954-12-18 11:00:00Z;52,82716;0;3
1954-12-19 11:00:00Z;52,82716;0;3
1954-12-20 11:00:00Z;52,82716;0;3
1954-12-21 11:00:00Z;52,82716;0;3
1954-12-22 11:00:00Z;42,79961;0;3
1954-12-23 11:00:00Z;42,79961;0;3
1954-12-24 11:00:00Z;42,79961;0;3
1954-12-25 11:00:00Z;42,79961;0;3
1954-12-26 11:00:00Z;42,79961;0;3
1954-12-27 11:00:00Z;42,79961;0;3
1954-12-28 11:00:00Z;42,79961;0;3
1954-12-29 11:00:00Z;43,75546;0;3
1954-12-30 11:00:00Z;43,75546;0;3
1954-12-31 11:00:00Z;43,75546;0;3
1955-01-01 11:00:00Z;39,99467;0;3
1955-01-02 11:00:00Z;35,52866;0;3
1955-01-03 11:00:00Z;26,62413;0;3
1955-01-04 11:00:00Z;25,87751;0;3
1955-01-05 11:00:00Z;34,66681;0;3
1955-01-06 11:00:00Z;25,87751;0;3
1955-01-07 11:00:00Z;24,41576;0;3
1955-01-08 11:00:00Z;22,99602;0;3
1955-01-09 11:00:00Z;21,61832;0;3
1955-01-10 11:00:00Z;22,99602;0;3
1955-01-11 11:00:00Z;24,41576;0;3
1955-01-12 11:00:00Z;22,30192;0;3
1955-01-13 11:00:00Z;20,28269;0;3
1955-01-14 11:00:00Z;21,61832;0;3
1955-01-15 11:00:00Z;21,61832;0;3
1955-01-16 11:00:00Z;20,28269;0;3
1955-01-17 11:00:00Z;19,63066;0;3
1955-01-18 11:00:00Z;18,3582;0;3
1955-01-19 11:00:00Z;20,28269;0;3
1955-01-20 11:00:00Z;20,28269;0;3
1955-01-21 11:00:00Z;19,63066;0;3
1955-01-22 11:00:00Z;21,61832;0;3
1955-01-23 11:00:00Z;20,28269;0;3
1955-01-24 11:00:00Z;20,28269;0;3
1955-01-25 11:00:00Z;68,61374;0;3
1955-01-26 11:00:00Z;82,56355;0;3
1955-01-27 11:00:00Z;74,47102;0;3
1955-01-28 11:00:00Z;68,61374;0;3
1955-01-29 11:00:00Z;61,59869;0;3
1955-01-30 11:00:00Z;56,03849;0;3
1955-01-31 11:00:00Z;52,82716;0;3
1955-02-01 11:00:00Z;44,72173;0;3
1955-02-02 11:00:00Z;42,79961;0;3
1955-02-03 11:00:00Z;41,85419;0;3
1955-02-04 11:00:00Z;39,08058;0;3
1955-02-05 11:00:00Z;37,28371;0;3
1955-02-06 11:00:00Z;35,52866;0;3
1955-02-07 11:00:00Z;32,9745;0;3
1955-02-08 11:00:00Z;32,14404;0;3
1955-02-09 11:00:00Z;31,32405;0;3
1955-02-10 11:00:00Z;29,71549;0;3
1955-02-11 11:00:00Z;27,38124;0;3
1955-02-12 11:00:00Z;25,14139;0;3
1955-02-13 11:00:00Z;25,14139;0;3
1955-02-14 11:00:00Z;25,14139;0;3
1955-02-15 11:00:00Z;25,14139;0;3
1955-02-16 11:00:00Z;22,99602;0;3
1955-02-17 11:00:00Z;22,30192;0;3
1955-02-18 11:00:00Z;21,61832;0;3
1955-02-19 11:00:00Z;20,28269;0;3
1955-02-20 11:00:00Z;20,28269;0;3
1955-02-21 11:00:00Z;20,28269;0;3
1955-02-22 11:00:00Z;20,28269;0;3
1955-02-23 11:00:00Z;20,28269;0;3
1955-02-24 11:00:00Z;20,28269;0;3
1955-02-25 11:00:00Z;20,28269;0;3
1955-02-26 11:00:00Z;20,28269;0;3
1955-02-27 11:00:00Z;20,28269;0;3
1955-02-28 11:00:00Z;20,28269;0;3
1955-03-01 11:00:00Z;23,70064;0;3
1955-03-02 11:00:00Z;23,70064;0;3
1955-03-03 11:00:00Z;28,14884;0;3
1955-03-04 11:00:00Z;50,7383;0;3
1955-03-05 11:00:00Z;44,72173;0;3
1955-03-06 11:00:00Z;38,17692;0;3
1955-03-07 11:00:00Z;32,9745;0;3
1955-03-08 11:00:00Z;30,51453;0;3
1955-03-09 11:00:00Z;25,87751;0;3
1955-03-10 11:00:00Z;25,14139;0;3
1955-03-11 11:00:00Z;69,81924;0;3
1955-03-12 11:00:00Z;68,61374;0;3
1955-03-13 11:00:00Z;63,8955;0;3
1955-03-14 11:00:00Z;61,59869;0;3
1955-03-15 11:00:00Z;59,34343;0;3
1955-03-16 11:00:00Z;57,12974;0;3
1955-03-17 11:00:00Z;50,7383;0;3
1955-03-18 11:00:00Z;39,99467;0;3
1955-03-19 11:00:00Z;37,28371;0;3
1955-03-20 11:00:00Z;35,52866;0;3
1955-03-21 11:00:00Z;32,14404;0;3
1955-03-22 11:00:00Z;28,14884;0;3
1955-03-23 11:00:00Z;30,51453;0;3
1955-03-24 11:00:00Z;30,51453;0;3
1955-03-25 11:00:00Z;29,71549;0;3
1955-03-26 11:00:00Z;29,71549;0;3
1955-03-27 11:00:00Z;28,92693;0;3
1955-03-28 11:00:00Z;25,87751;0;3
1955-03-29 11:00:00Z;25,14139;0;3
1955-03-30 11:00:00Z;25,87751;0;3
1955-03-31 11:00:00Z;25,87751;0;3
1955-04-01 11:00:00Z;26,62413;0;3
1955-04-02 11:00:00Z;25,14139;0;3
1955-04-03 11:00:00Z;25,14139;0;3
1955-04-04 11:00:00Z;24,41576;0;3
1955-04-05 11:00:00Z;24,41576;0;3
1955-04-06 11:00:00Z;23,70064;0;3
1955-04-07 11:00:00Z;20,94525;0;3
1955-04-08 11:00:00Z;18,98917;0;3
1955-04-09 11:00:00Z;17,12788;0;3
1955-04-10 11:00:00Z;17,12788;0;3
1955-04-11 11:00:00Z;15,93975;0;3
1955-04-12 11:00:00Z;15,36152;0;3
1955-04-13 11:00:00Z;18,3582;0;3
1955-04-14 11:00:00Z;22,99602;0;3
1955-04-15 11:00:00Z;23,70064;0;3
1955-04-16 11:00:00Z;25,14139;0;3
1955-04-17 11:00:00Z;22,99602;0;3
1955-04-18 11:00:00Z;21,61832;0;3
1955-04-19 11:00:00Z;23,70064;0;3
1955-04-20 11:00:00Z;43,75546;0;3
1955-04-21 11:00:00Z;41,85419;0;3
1955-04-22 11:00:00Z;32,9745;0;3
1955-04-23 11:00:00Z;29,71549;0;3
1955-04-24 11:00:00Z;26,62413;0;3
1955-04-25 11:00:00Z;24,41576;0;3
1955-04-26 11:00:00Z;22,99602;0;3
1955-04-27 11:00:00Z;21,61832;0;3
1955-04-28 11:00:00Z;20,94525;0;3
1955-04-29 11:00:00Z;20,28269;0;3
1955-04-30 11:00:00Z;20,28269;0;3
1955-05-01 11:00:00Z;22,99602;0;3
1955-05-02 11:00:00Z;24,41576;0;3
1955-05-03 11:00:00Z;29,71549;0;3
1955-05-04 11:00:00Z;24,41576;0;3
1955-05-05 11:00:00Z;26,62413;0;3
1955-05-06 11:00:00Z;28,14884;0;3
1955-05-07 11:00:00Z;32,14404;0;3
1955-05-08 11:00:00Z;32,9745;0;3
1955-05-09 11:00:00Z;34,66681;0;3
1955-05-10 11:00:00Z;38,17692;0;3
1955-05-11 11:00:00Z;33,81543;0;3
1955-05-12 11:00:00Z;32,14404;0;3
1955-05-13 11:00:00Z;32,9745;0;3
1955-05-14 11:00:00Z;35,52866;0;3
1955-05-15 11:00:00Z;43,75546;0;3
1955-05-16 11:00:00Z;50,7383;0;3
1955-05-17 11:00:00Z;70,61604;0;3
1955-05-18 11:00:00Z;77,44553;0;3
1955-05-19 11:00:00Z;96,82894;0;3
1955-05-20 11:00:00Z;118,9453;0;3
1955-05-21 11:00:00Z;141,0067;0;3
1955-05-22 11:00:00Z;106,313;0;3
1955-05-23 11:00:00Z;90,07088;0;3
1955-05-24 11:00:00Z;81,52378;0;3
1955-05-25 11:00:00Z;73,49544;0;3
1955-05-26 11:00:00Z;76,44606;0;3
1955-05-27 11:00:00Z;85,73171;0;3
1955-05-28 11:00:00Z;118,9453;0;3
1955-05-29 11:00:00Z;157,5353;0;3
1955-05-30 11:00:00Z;173,5522;0;3
1955-05-31 11:00:00Z;203,0091;0;3
1955-06-01 11:00:00Z;262,1164;0;3
1955-06-02 11:00:00Z;283,9178;0;3
1955-06-03 11:00:00Z;311,5104;0;3
1955-06-04 11:00:00Z;376,8044;0;3
1955-06-05 11:00:00Z;363,6512;0;3
1955-06-06 11:00:00Z;338,2023;0;3
1955-06-07 11:00:00Z;283,9178;0;3
1955-06-08 11:00:00Z;257,8844;0;3
1955-06-09 11:00:00Z;229,4368;0;3
1955-06-10 11:00:00Z;212,2192;0;3
1955-06-11 11:00:00Z;217,8666;0;3
1955-06-12 11:00:00Z;229,4368;0;3
1955-06-13 11:00:00Z;253,6946;0;3
1955-06-14 11:00:00Z;302,1375;0;3
1955-06-15 11:00:00Z;340,6962;0;3
1955-06-16 11:00:00Z;474,0334;0;3
1955-06-17 11:00:00Z;537,7661;0;3
1955-06-18 11:00:00Z;474,0334;0;3
1955-06-19 11:00:00Z;412,3618;0;3
1955-06-20 11:00:00Z;358,4703;0;3
1955-06-21 11:00:00Z;379,4697;0;3
1955-06-22 11:00:00Z;392,9702;0;3
1955-06-23 11:00:00Z;551,1108;0;3
1955-06-24 11:00:00Z;809,8086;0;3
1955-06-25 11:00:00Z;1201,702;0;3
1955-06-26 11:00:00Z;1030,541;0;3
1955-06-27 11:00:00Z;438,1448;0;3
1955-06-28 11:00:00Z;672,8144;0;3
1955-06-29 11:00:00Z;620,8882;0;3
1955-06-30 11:00:00Z;715,4299;0;3
1955-07-01 11:00:00Z;683,8489;0;3
1955-07-02 11:00:00Z;698,7502;0;3
1955-07-03 11:00:00Z;760,5361;0;3
1955-07-04 11:00:00Z;748,6826;0;3
1955-07-05 11:00:00Z;636,896;0;3
1955-07-06 11:00:00Z;543,2195;0;3
1955-07-07 11:00:00Z;509,1106;0;3
1955-07-08 11:00:00Z;512,1502;0;3
1955-07-09 11:00:00Z;598,8991;0;3
1955-07-10 11:00:00Z;626,3773;0;3
1955-07-11 11:00:00Z;654,6896;0;3
1955-07-12 11:00:00Z;691,2725;0;3
1955-07-13 11:00:00Z;706,2819;0;3
1955-07-14 11:00:00Z;633,3767;0;3
1955-07-15 11:00:00Z;691,2725;0;3
1955-07-16 11:00:00Z;643,974;0;3
1955-07-17 11:00:00Z;605,6912;0;3
1955-07-18 11:00:00Z;568,9674;0;3
1955-07-19 11:00:00Z;397,2156;0;3
1955-07-20 11:00:00Z;377,0276;0;3
1955-07-21 11:00:00Z;497,0733;0;3
1955-07-22 11:00:00Z;434,2688;0;3
1955-07-23 11:00:00Z;399,789;0;3
1955-07-24 11:00:00Z;320,6182;0;3
1955-07-25 11:00:00Z;252,7274;0;3
1955-07-26 11:00:00Z;252,7274;0;3
1955-07-27 11:00:00Z;268,1975;0;3
1955-07-28 11:00:00Z;264,272;0;3
1955-07-29 11:00:00Z;237,8681;0;3
1955-07-30 11:00:00Z;185,8264;0;3
1955-07-31 11:00:00Z;198,437;0;3
1955-08-01 11:00:00Z;247,0842;0;3
1955-08-02 11:00:00Z;220,1339;0;3
1955-08-03 11:00:00Z;160,8387;0;3
1955-08-04 11:00:00Z;133,2203;0;3
1955-08-05 11:00:00Z;140,7566;0;3
1955-08-06 11:00:00Z;182,7602;0;3
1955-08-07 11:00:00Z;158,0566;0;3
1955-08-08 11:00:00Z;156,6778;0;3
1955-08-09 11:00:00Z;144,6298;0;3
1955-08-10 11:00:00Z;138,2135;0;3
1955-08-11 11:00:00Z;131,9912;0;3
1955-08-12 11:00:00Z;118,97;0;3
1955-08-13 11:00:00Z;107,9074;0;3
1955-08-14 11:00:00Z;106,8407;0;3
1955-08-15 11:00:00Z;106,8407;0;3
1955-08-16 11:00:00Z;110,0621;0;3
1955-08-17 11:00:00Z;133,2203;0;3
1955-08-18 11:00:00Z;131,9912;0;3
1955-08-19 11:00:00Z;116,6993;0;3
1955-08-20 11:00:00Z;107,9074;0;3
1955-08-21 11:00:00Z;100,5891;0;3
1955-08-22 11:00:00Z;94,58802;0;3
1955-08-23 11:00:00Z;86,96721;0;3
1955-08-24 11:00:00Z;78,89957;0;3
1955-08-25 11:00:00Z;88,83221;0;3
1955-08-26 11:00:00Z;104,7287;0;3
1955-08-27 11:00:00Z;91,67979;0;3
1955-08-28 11:00:00Z;90,72388;0;3
1955-08-29 11:00:00Z;89,7747;0;3
1955-08-30 11:00:00Z;75,48145;0;3
1955-08-31 11:00:00Z;78,89957;0;3
1955-09-01 11:00:00Z;96,56087;0;3
1955-09-02 11:00:00Z;92,64243;0;3
1955-09-03 11:00:00Z;89,7747;0;3
1955-09-04 11:00:00Z;83,31644;0;3
1955-09-05 11:00:00Z;77,1778;0;3
1955-09-06 11:00:00Z;72,98416;0;3
1955-09-07 11:00:00Z;142,0398;0;3
1955-09-08 11:00:00Z;182,7602;0;3
1955-09-09 11:00:00Z;138,2135;0;3
1955-09-10 11:00:00Z;102,6449;0;3
1955-09-11 11:00:00Z;147,2513;0;3
1955-09-12 11:00:00Z;203,3102;0;3
1955-09-13 11:00:00Z;172,296;0;3
1955-09-14 11:00:00Z;112,2455;0;3
1955-09-15 11:00:00Z;89,7747;0;3
1955-09-16 11:00:00Z;78,89957;0;3
1955-09-17 11:00:00Z;72,16423;0;3
1955-09-18 11:00:00Z;81,53029;0;3
1955-09-19 11:00:00Z;114,4579;0;3
1955-09-20 11:00:00Z;107,9074;0;3
1955-09-21 11:00:00Z;88,83221;0;3
1955-09-22 11:00:00Z;78,89957;0;3
1955-09-23 11:00:00Z;72,16423;0;3
1955-09-24 11:00:00Z;67,37418;0;3
1955-09-25 11:00:00Z;64,30242;0;3
1955-09-26 11:00:00Z;86,04465;0;3
1955-09-27 11:00:00Z;89,7747;0;3
1955-09-28 11:00:00Z;139,4811;0;3
1955-09-29 11:00:00Z;140,7566;0;3
1955-09-30 11:00:00Z;397,2156;0;3
1955-10-01 11:00:00Z;506,0831;0;3
1955-10-02 11:00:00Z;348,0558;0;3
1955-10-03 11:00:00Z;241,5263;0;3
1955-10-04 11:00:00Z;176,7299;0;3
1955-10-05 11:00:00Z;136,9536;0;3
1955-10-06 11:00:00Z;113,3481;0;3
1955-10-07 11:00:00Z;101,6135;0;3
1955-10-08 11:00:00Z;95,57103;0;3
1955-10-09 11:00:00Z;176,7299;0;3
1955-10-10 11:00:00Z;307,4614;0;3
1955-10-11 11:00:00Z;359,9385;0;3
1955-10-12 11:00:00Z;325,0865;0;3
1955-10-13 11:00:00Z;282,2451;0;3
1955-10-14 11:00:00Z;605,6912;0;3
1955-10-15 11:00:00Z;316,1914;0;3
1955-10-16 11:00:00Z;218,411;0;3
1955-10-17 11:00:00Z;187,3724;0;3
1955-10-18 11:00:00Z;153,9444;0;3
1955-10-19 11:00:00Z;125,9598;0;3
1955-10-20 11:00:00Z;106,8407;0;3
1955-10-21 11:00:00Z;105,7812;0;3
1955-10-22 11:00:00Z;97,55759;0;3
1955-10-23 11:00:00Z;88,83221;0;3
1955-10-24 11:00:00Z;95,57103;0;3
1955-10-25 11:00:00Z;97,55759;0;3
1955-10-26 11:00:00Z;88,83221;0;3
1955-10-27 11:00:00Z;78,89957;0;3
1955-10-28 11:00:00Z;72,98416;0;3
1955-10-29 11:00:00Z;69,74158;0;3
1955-10-30 11:00:00Z;65,82626;0;3
1955-10-31 11:00:00Z;62,80245;0;3
1955-11-01 11:00:00Z;59,87335;0;3
1955-11-02 11:00:00Z;59,87335;0;3
1955-11-03 11:00:00Z;62,80245;0;3
1955-11-04 11:00:00Z;60,59683;0;3
1955-11-05 11:00:00Z;63,54947;0;3
1955-11-06 11:00:00Z;57,73776;0;3
1955-11-07 11:00:00Z;63,54947;0;3
1955-11-08 11:00:00Z;57,03743;0;3
1955-11-09 11:00:00Z;54,97072;0;3
1955-11-10 11:00:00Z;52,9549;0;3
1955-11-11 11:00:00Z;50,98934;0;3
1955-11-12 11:00:00Z;50,34521;0;3
1955-11-13 11:00:00Z;54,97072;0;3
1955-11-14 11:00:00Z;52,9549;0;3
1955-11-15 11:00:00Z;54,29316;0;3
1955-11-16 11:00:00Z;55,65394;0;3
1955-11-17 11:00:00Z;80,64693;0;3
1955-11-18 11:00:00Z;155,307;0;3
1955-11-19 11:00:00Z;153,9444;0;3
1955-11-20 11:00:00Z;187,3724;0;3
1955-11-21 11:00:00Z;130,7697;0;3
1955-11-22 11:00:00Z;129,5559;0;3
1955-11-23 11:00:00Z;128,3496;0;3
1955-11-24 11:00:00Z;127,151;0;3
1955-11-25 11:00:00Z;110,0621;0;3
1955-11-26 11:00:00Z;100,5891;0;3
1955-11-27 11:00:00Z;88,83221;0;3
1955-11-28 11:00:00Z;91,67979;0;3
1955-11-29 11:00:00Z;93,61183;0;3
1955-11-30 11:00:00Z;104,7287;0;3
1955-12-01 11:00:00Z;106,8407;0;3
1955-12-02 11:00:00Z;106,8407;0;3
1955-12-03 11:00:00Z;107,9074;0;3
1955-12-04 11:00:00Z;107,9074;0;3
1955-12-05 11:00:00Z;103,6833;0;3
1955-12-06 11:00:00Z;102,6449;0;3
1955-12-07 11:00:00Z;98,56119;0;3
1955-12-08 11:00:00Z;94,58802;0;3
1955-12-09 11:00:00Z;92,64243;0;3
1955-12-10 11:00:00Z;91,67979;0;3
1955-12-11 11:00:00Z;90,72388;0;3
1955-12-12 11:00:00Z;90,72388;0;3
1955-12-13 11:00:00Z;86,04465;0;3
1955-12-14 11:00:00Z;84,21928;0;3
1955-12-15 11:00:00Z;84,21928;0;3
1955-12-16 11:00:00Z;77,1778;0;3
1955-12-17 11:00:00Z;74,64275;0;3
1955-12-18 11:00:00Z;68,94634;0;3
1955-12-19 11:00:00Z;65,82626;0;3
1955-12-20 11:00:00Z;62,06135;0;3
1955-12-21 11:00:00Z;58,44384;0;3
1955-12-22 11:00:00Z;56,34283;0;3
1955-12-23 11:00:00Z;54,97072;0;3
1955-12-24 11:00:00Z;53,62123;0;3
1955-12-25 11:00:00Z;51,63898;0;3
1955-12-26 11:00:00Z;49,07338;0;3
1955-12-27 11:00:00Z;49,07338;0;3
1955-12-28 11:00:00Z;50,34521;0;3
1955-12-29 11:00:00Z;49,70656;0;3
1955-12-30 11:00:00Z;49,70656;0;3
1955-12-31 11:00:00Z;49,70656;0;3
1956-01-01 11:00:00Z;48,44564;0;3
1956-01-02 11:00:00Z;47,20638;0;3
1956-01-03 11:00:00Z;46,59481;0;3
1956-01-04 11:00:00Z;46,59481;0;3
1956-01-05 11:00:00Z;155,307;0;3
1956-01-06 11:00:00Z;155,307;0;3
1956-01-07 11:00:00Z;166,5012;0;3
1956-01-08 11:00:00Z;131,9912;0;3
1956-01-09 11:00:00Z;103,6833;0;3
1956-01-10 11:00:00Z;89,7747;0;3
1956-01-11 11:00:00Z;78,89957;0;3
1956-01-12 11:00:00Z;74,64275;0;3
1956-01-13 11:00:00Z;70,54296;0;3
1956-01-14 11:00:00Z;65,82626;0;3
1956-01-15 11:00:00Z;63,54947;0;3
1956-01-16 11:00:00Z;59,87335;0;3
1956-01-17 11:00:00Z;57,03743;0;3
1956-01-18 11:00:00Z;56,34283;0;3
1956-01-19 11:00:00Z;53,62123;0;3
1956-01-20 11:00:00Z;50,34521;0;3
1956-01-21 11:00:00Z;54,29316;0;3
1956-01-22 11:00:00Z;52,29416;0;3
1956-01-23 11:00:00Z;50,98934;0;3
1956-01-24 11:00:00Z;49,70656;0;3
1956-01-25 11:00:00Z;47,20638;0;3
1956-01-26 11:00:00Z;47,20638;0;3
1956-01-27 11:00:00Z;49,07338;0;3
1956-01-28 11:00:00Z;48,44564;0;3
1956-01-29 11:00:00Z;46,59481;0;3
1956-01-30 11:00:00Z;45,98858;0;3
1956-01-31 11:00:00Z;44,20173;0;3
1956-02-01 11:00:00Z;42,46211;0;3
1956-02-02 11:00:00Z;41,89262;0;3
1956-02-03 11:00:00Z;41,32829;0;3
1956-02-04 11:00:00Z;41,32829;0;3
1956-02-05 11:00:00Z;40,76907;0;3
1956-02-06 11:00:00Z;40,76907;0;3
1956-02-07 11:00:00Z;40,76907;0;3
1956-02-08 11:00:00Z;40,76907;0;3
1956-02-09 11:00:00Z;40,76907;0;3
1956-02-10 11:00:00Z;40,76907;0;3
1956-02-11 11:00:00Z;40,76907;0;3
1956-02-12 11:00:00Z;40,76907;0;3
1956-02-13 11:00:00Z;40,76907;0;3
1956-02-14 11:00:00Z;40,76907;0;3
1956-02-15 11:00:00Z;40,76907;0;3
1956-02-16 11:00:00Z;40,76907;0;3
1956-02-17 11:00:00Z;40,76907;0;3
1956-02-18 11:00:00Z;40,21497;0;3
1956-02-19 11:00:00Z;40,76907;0;3
1956-02-20 11:00:00Z;40,76907;0;3
1956-02-21 11:00:00Z;40,21497;0;3
1956-02-22 11:00:00Z;40,21497;0;3
1956-02-23 11:00:00Z;40,21497;0;3
1956-02-24 11:00:00Z;39,66595;0;3
1956-02-25 11:00:00Z;39,66595;0;3
1956-02-26 11:00:00Z;39,66595;0;3
1956-02-27 11:00:00Z;39,66595;0;3
1956-02-28 11:00:00Z;39,12197;0;3
1956-02-29 11:00:00Z;40,76907;0;3
1956-03-01 11:00:00Z;42,46211;0;3
1956-03-02 11:00:00Z;41,32829;0;3
1956-03-03 11:00:00Z;40,21497;0;3
1956-03-04 11:00:00Z;39,66595;0;3
1956-03-05 11:00:00Z;40,21497;0;3
1956-03-06 11:00:00Z;38,58304;0;3
1956-03-07 11:00:00Z;39,12197;0;3
1956-03-08 11:00:00Z;39,66595;0;3
1956-03-09 11:00:00Z;40,21497;0;3
1956-03-10 11:00:00Z;41,89262;0;3
1956-03-11 11:00:00Z;47,20638;0;3
1956-03-12 11:00:00Z;51,63898;0;3
1956-03-13 11:00:00Z;49,70656;0;3
1956-03-14 11:00:00Z;47,82331;0;3
1956-03-15 11:00:00Z;45,98858;0;3
1956-03-16 11:00:00Z;43,61664;0;3
1956-03-17 11:00:00Z;43,61664;0;3
1956-03-18 11:00:00Z;42,46211;0;3
1956-03-19 11:00:00Z;41,89262;0;3
1956-03-20 11:00:00Z;40,76907;0;3
1956-03-21 11:00:00Z;39,66595;0;3
1956-03-22 11:00:00Z;39,66595;0;3
1956-03-23 11:00:00Z;39,66595;0;3
1956-03-24 11:00:00Z;40,76907;0;3
1956-03-25 11:00:00Z;40,21497;0;3
1956-03-26 11:00:00Z;39,66595;0;3
1956-03-27 11:00:00Z;39,66595;0;3
1956-03-28 11:00:00Z;49,07338;0;3
1956-03-29 11:00:00Z;83,31644;0;3
1956-03-30 11:00:00Z;87,89639;0;3
1956-03-31 11:00:00Z;79,77004;0;3
1956-04-01 11:00:00Z;68,15722;0;3
1956-04-02 11:00:00Z;58,44384;0;3
1956-04-03 11:00:00Z;54,29316;0;3
1956-04-04 11:00:00Z;51,63898;0;3
1956-04-05 11:00:00Z;49,07338;0;3
1956-04-06 11:00:00Z;47,20638;0;3
1956-04-07 11:00:00Z;46,59481;0;3
1956-04-08 11:00:00Z;45,38768;0;3
1956-04-09 11:00:00Z;44,20173;0;3
1956-04-10 11:00:00Z;43,03678;0;3
1956-04-11 11:00:00Z;42,46211;0;3
1956-04-12 11:00:00Z;41,89262;0;3
1956-04-13 11:00:00Z;41,89262;0;3
1956-04-14 11:00:00Z;40,76907;0;3
1956-04-15 11:00:00Z;40,21497;0;3
1956-04-16 11:00:00Z;40,21497;0;3
1956-04-17 11:00:00Z;39,66595;0;3
1956-04-18 11:00:00Z;39,12197;0;3
1956-04-19 11:00:00Z;40,21497;0;3
1956-04-20 11:00:00Z;41,32829;0;3
1956-04-21 11:00:00Z;41,89262;0;3
1956-04-22 11:00:00Z;43,03678;0;3
1956-04-23 11:00:00Z;46,59481;0;3
1956-04-24 11:00:00Z;52,29416;0;3
1956-04-25 11:00:00Z;55,65394;0;3
1956-04-26 11:00:00Z;61,32616;0;3
1956-04-27 11:00:00Z;57,03743;0;3
1956-04-28 11:00:00Z;55,65394;0;3
1956-04-29 11:00:00Z;56,34283;0;3
1956-04-30 11:00:00Z;56,34283;0;3
1956-05-01 11:00:00Z;56,34283;0;3
1956-05-02 11:00:00Z;64,30242;0;3
1956-05-03 11:00:00Z;75,48145;0;3
1956-05-04 11:00:00Z;105,7812;0;3
1956-05-05 11:00:00Z;245,2222;0;3
1956-05-06 11:00:00Z;247,0842;0;3
1956-05-07 11:00:00Z;248,9558;0;3
1956-05-08 11:00:00Z;250,8368;0;3
1956-05-09 11:00:00Z;250,8368;0;3
1956-05-10 11:00:00Z;252,7274;0;3
1956-05-11 11:00:00Z;296,7784;0;3
1956-05-12 11:00:00Z;372,0907;0;3
1956-05-13 11:00:00Z;426,1415;0;3
1956-05-14 11:00:00Z;410,1945;0;3
1956-05-15 11:00:00Z;382,0084;0;3
1956-05-16 11:00:00Z;394,6534;0;3
1956-05-17 11:00:00Z;327,3362;0;3
1956-05-18 11:00:00Z;282,2451;0;3
1956-05-19 11:00:00Z;288,4136;0;3
1956-05-20 11:00:00Z;311,8059;0;3
1956-05-21 11:00:00Z;272,1621;0;3
1956-05-22 11:00:00Z;236,053;0;3
1956-05-23 11:00:00Z;331,8669;0;3
1956-05-24 11:00:00Z;412,824;0;3
1956-05-25 11:00:00Z;453,6361;0;3
1956-05-26 11:00:00Z;506,0831;0;3
1956-05-27 11:00:00Z;456,4493;0;3
1956-05-28 11:00:00Z;485,2286;0;3
1956-05-29 11:00:00Z;552,7812;0;3
1956-05-30 11:00:00Z;509,1106;0;3
1956-05-31 11:00:00Z;377,0276;0;3
1956-06-01 11:00:00Z;377,0276;0;3
1956-06-02 11:00:00Z;488,1718;0;3
1956-06-03 11:00:00Z;503,0678;0;3
1956-06-04 11:00:00Z;509,1106;0;3
1956-06-05 11:00:00Z;428,8391;0;3
1956-06-06 11:00:00Z;605,6912;0;3
1956-06-07 11:00:00Z;506,0831;0;3
1956-06-08 11:00:00Z;546,3943;0;3
1956-06-09 11:00:00Z;509,1106;0;3
1956-06-10 11:00:00Z;509,1106;0;3
1956-06-11 11:00:00Z;702,5092;0;3
1956-06-12 11:00:00Z;886,0778;0;3
1956-06-13 11:00:00Z;930,8279;0;3
1956-06-14 11:00:00Z;800,9569;0;3
1956-06-15 11:00:00Z;683,8489;0;3
1956-06-16 11:00:00Z;524,4306;0;3
1956-06-17 11:00:00Z;426,1415;0;3
1956-06-18 11:00:00Z;372,0907;0;3
1956-06-19 11:00:00Z;341,0543;0;3
1956-06-20 11:00:00Z;348,0558;0;3
1956-06-21 11:00:00Z;392,1022;0;3
1956-06-22 11:00:00Z;329,5963;0;3
1956-06-23 11:00:00Z;254,6275;0;3
1956-06-24 11:00:00Z;282,2451;0;3
1956-06-25 11:00:00Z;274,159;0;3
1956-06-26 11:00:00Z;223,6071;0;3
1956-06-27 11:00:00Z;195,2321;0;3
1956-06-28 11:00:00Z;182,7602;0;3
1956-06-29 11:00:00Z;203,3102;0;3
1956-06-30 11:00:00Z;264,272;0;3
1956-07-01 11:00:00Z;225,3575;0;3
1956-07-02 11:00:00Z;188,927;0;3
1956-07-03 11:00:00Z;214,9924;0;3
1956-07-04 11:00:00Z;256,5371;0;3
1956-07-05 11:00:00Z;252,7274;0;3
1956-07-06 11:00:00Z;313,9935;0;3
1956-07-07 11:00:00Z;412,824;0;3
1956-07-08 11:00:00Z;415,4648;0;3
1956-07-09 11:00:00Z;278,1823;0;3
1956-07-10 11:00:00Z;228,8857;0;3
1956-07-11 11:00:00Z;206,6033;0;3
1956-07-12 11:00:00Z;234,2473;0;3
1956-07-13 11:00:00Z;203,3102;0;3
1956-07-14 11:00:00Z;176,7299;0;3
1956-07-15 11:00:00Z;176,7299;0;3
1956-07-16 11:00:00Z;176,7299;0;3
1956-07-17 11:00:00Z;153,9444;0;3
1956-07-18 11:00:00Z;143,3309;0;3
1956-07-19 11:00:00Z;123,6001;0;3
1956-07-20 11:00:00Z;114,4579;0;3
1956-07-21 11:00:00Z;100,5891;0;3
1956-07-22 11:00:00Z;93,61183;0;3
1956-07-23 11:00:00Z;87,89639;0;3
1956-07-24 11:00:00Z;82,42011;0;3
1956-07-25 11:00:00Z;83,31644;0;3
1956-07-26 11:00:00Z;80,64693;0;3
1956-07-27 11:00:00Z;86,04465;0;3
1956-07-28 11:00:00Z;89,7747;0;3
1956-07-29 11:00:00Z;96,56087;0;3
1956-07-30 11:00:00Z;103,6833;0;3
1956-07-31 11:00:00Z;106,8407;0;3
1956-08-01 11:00:00Z;104,7287;0;3
1956-08-02 11:00:00Z;123,6001;0;3
1956-08-03 11:00:00Z;116,6993;0;3
1956-08-04 11:00:00Z;107,9074;0;3
1956-08-05 11:00:00Z;97,55759;0;3
1956-08-06 11:00:00Z;95,57103;0;3
1956-08-07 11:00:00Z;89,7747;0;3
1956-08-08 11:00:00Z;96,56087;0;3
1956-08-09 11:00:00Z;131,9912;0;3
1956-08-10 11:00:00Z;98,56119;0;3
1956-08-11 11:00:00Z;84,21928;0;3
1956-08-12 11:00:00Z;80,64693;0;3
1956-08-13 11:00:00Z;77,1778;0;3
1956-08-14 11:00:00Z;72,98416;0;3
1956-08-15 11:00:00Z;71,3505;0;3
1956-08-16 11:00:00Z;73,81033;0;3
1956-08-17 11:00:00Z;72,16423;0;3
1956-08-18 11:00:00Z;66,5972;0;3
1956-08-19 11:00:00Z;64,30242;0;3
1956-08-20 11:00:00Z;65,82626;0;3
1956-08-21 11:00:00Z;69,74158;0;3
1956-08-22 11:00:00Z;73,81033;0;3
1956-08-23 11:00:00Z;72,16423;0;3
1956-08-24 11:00:00Z;66,5972;0;3
1956-08-25 11:00:00Z;70,54296;0;3
1956-08-26 11:00:00Z;68,15722;0;3
1956-08-27 11:00:00Z;66,5972;0;3
1956-08-28 11:00:00Z;65,82626;0;3
1956-08-29 11:00:00Z;68,94634;0;3
1956-08-30 11:00:00Z;72,98416;0;3
1956-08-31 11:00:00Z;66,5972;0;3
1956-09-01 11:00:00Z;64,30242;0;3
1956-09-02 11:00:00Z;176,7299;0;3
1956-09-03 11:00:00Z;206,6033;0;3
1956-09-04 11:00:00Z;123,6001;0;3
1956-09-05 11:00:00Z;103,6833;0;3
1956-09-06 11:00:00Z;87,89639;0;3
1956-09-07 11:00:00Z;78,89957;0;3
1956-09-08 11:00:00Z;72,16423;0;3
1956-09-09 11:00:00Z;70,54296;0;3
1956-09-10 11:00:00Z;68,94634;0;3
1956-09-11 11:00:00Z;68,94634;0;3
1956-09-12 11:00:00Z;78,89957;0;3
1956-09-13 11:00:00Z;80,64693;0;3
1956-09-14 11:00:00Z;72,98416;0;3
1956-09-15 11:00:00Z;254,6275;0;3
1956-09-16 11:00:00Z;181,2399;0;3
1956-09-17 11:00:00Z;123,6001;0;3
1956-09-18 11:00:00Z;103,6833;0;3
1956-09-19 11:00:00Z;112,2455;0;3
1956-09-20 11:00:00Z;121,2702;0;3
1956-09-21 11:00:00Z;120,1164;0;3
1956-09-22 11:00:00Z;95,57103;0;3
1956-09-23 11:00:00Z;85,12867;0;3
1956-09-24 11:00:00Z;76,32646;0;3
1956-09-25 11:00:00Z;221,866;0;3
1956-09-26 11:00:00Z;159,4436;0;3
1956-09-27 11:00:00Z;118,97;0;3
1956-09-28 11:00:00Z;100,5891;0;3
1956-09-29 11:00:00Z;97,55759;0;3
1956-09-30 11:00:00Z;97,55759;0;3
1956-10-01 11:00:00Z;97,55759;0;3
1956-10-02 11:00:00Z;89,7747;0;3
1956-10-03 11:00:00Z;90,72388;0;3
1956-10-04 11:00:00Z;92,64243;0;3
1956-10-05 11:00:00Z;80,64693;0;3
1956-10-06 11:00:00Z;77,1778;0;3
1956-10-07 11:00:00Z;70,54296;0;3
1956-10-08 11:00:00Z;70,54296;0;3
1956-10-09 11:00:00Z;67,37418;0;3
1956-10-10 11:00:00Z;75,48145;0;3
1956-10-11 11:00:00Z;318,3996;0;3
1956-10-12 11:00:00Z;559,218;0;3
1956-10-13 11:00:00Z;506,0831;0;3
1956-10-14 11:00:00Z;397,2156;0;3
1956-10-15 11:00:00Z;228,8857;0;3
1956-10-16 11:00:00Z;206,6033;0;3
1956-10-17 11:00:00Z;198,437;0;3
1956-10-18 11:00:00Z;247,0842;0;3
1956-10-19 11:00:00Z;284,2913;0;3
1956-10-20 11:00:00Z;453,6361;0;3
1956-10-21 11:00:00Z;241,5263;0;3
1956-10-22 11:00:00Z;352,7768;0;3
1956-10-23 11:00:00Z;313,9935;0;3
1956-10-24 11:00:00Z;214,9924;0;3
1956-10-25 11:00:00Z;170,8348;0;3
1956-10-26 11:00:00Z;142,0398;0;3
1956-10-27 11:00:00Z;120,1164;0;3
1956-10-28 11:00:00Z;97,55759;0;3
1956-10-29 11:00:00Z;92,64243;0;3
1956-10-30 11:00:00Z;84,21928;0;3
1956-10-31 11:00:00Z;115,5749;0;3
1956-11-01 11:00:00Z;213,2966;0;3
1956-11-02 11:00:00Z;135,7014;0;3
1956-11-03 11:00:00Z;108,9812;0;3
1956-11-04 11:00:00Z;100,5891;0;3
1956-11-05 11:00:00Z;89,7747;0;3
1956-11-06 11:00:00Z;74,64275;0;3
1956-11-07 11:00:00Z;80,64693;0;3
1956-11-08 11:00:00Z;83,31644;0;3
1956-11-09 11:00:00Z;78,03549;0;3
1956-11-10 11:00:00Z;78,03549;0;3
1956-11-11 11:00:00Z;77,1778;0;3
1956-11-12 11:00:00Z;74,64275;0;3
1956-11-13 11:00:00Z;76,32646;0;3
1956-11-14 11:00:00Z;75,48145;0;3
1956-11-15 11:00:00Z;70,54296;0;3
1956-11-16 11:00:00Z;65,82626;0;3
1956-11-17 11:00:00Z;64,30242;0;3
1956-11-18 11:00:00Z;57,73776;0;3
1956-11-19 11:00:00Z;62,80245;0;3
1956-11-20 11:00:00Z;60,59683;0;3
1956-11-21 11:00:00Z;52,29416;0;3
1956-11-22 11:00:00Z;49,70656;0;3
1956-11-23 11:00:00Z;48,44564;0;3
1956-11-24 11:00:00Z;47,82331;0;3
1956-11-25 11:00:00Z;52,9549;0;3
1956-11-26 11:00:00Z;50,98934;0;3
1956-11-27 11:00:00Z;52,29416;0;3
1956-11-28 11:00:00Z;54,97072;0;3
1956-11-29 11:00:00Z;43,03678;0;3
1956-11-30 11:00:00Z;43,03678;0;3
1956-12-01 11:00:00Z;43,61664;0;3
1956-12-02 11:00:00Z;44,79207;0;3
1956-12-03 11:00:00Z;45,98858;0;3
1956-12-04 11:00:00Z;43,61664;0;3
1956-12-05 11:00:00Z;44,20173;0;3
1956-12-06 11:00:00Z;43,61664;0;3
1956-12-07 11:00:00Z;44,20173;0;3
1956-12-08 11:00:00Z;44,20173;0;3
1956-12-09 11:00:00Z;44,20173;0;3
1956-12-10 11:00:00Z;47,20638;0;3
1956-12-11 11:00:00Z;47,20638;0;3
1956-12-12 11:00:00Z;47,20638;0;3
1956-12-13 11:00:00Z;46,59481;0;3
1956-12-14 11:00:00Z;45,38768;0;3
1956-12-15 11:00:00Z;44,79207;0;3
1956-12-16 11:00:00Z;45,38768;0;3
1956-12-17 11:00:00Z;47,20638;0;3
1956-12-18 11:00:00Z;52,29416;0;3
1956-12-19 11:00:00Z;52,29416;0;3
1956-12-20 11:00:00Z;51,63898;0;3
1956-12-21 11:00:00Z;51,63898;0;3
1956-12-22 11:00:00Z;52,29416;0;3
1956-12-23 11:00:00Z;44,20173;0;3
1956-12-24 11:00:00Z;43,03678;0;3
1956-12-25 11:00:00Z;43,61664;0;3
1956-12-26 11:00:00Z;43,61664;0;3
1956-12-27 11:00:00Z;43,61664;0;3
1956-12-28 11:00:00Z;43,61664;0;3
1956-12-29 11:00:00Z;41,89262;0;3
1956-12-30 11:00:00Z;43,61664;0;3
1956-12-31 11:00:00Z;44,20173;0;3
1957-01-01 11:00:00Z;44,20173;0;3
1957-01-02 11:00:00Z;42,46211;0;3
1957-01-03 11:00:00Z;41,89262;0;3
1957-01-04 11:00:00Z;41,89262;0;3
1957-01-05 11:00:00Z;42,46211;0;3
1957-01-06 11:00:00Z;43,03678;0;3
1957-01-07 11:00:00Z;42,46211;0;3
1957-01-08 11:00:00Z;47,82331;0;3
1957-01-09 11:00:00Z;77,1778;0;3
1957-01-10 11:00:00Z;78,03549;0;3
1957-01-11 11:00:00Z;66,5972;0;3
1957-01-12 11:00:00Z;59,87335;0;3
1957-01-13 11:00:00Z;56,34283;0;3
1957-01-14 11:00:00Z;53,62123;0;3
1957-01-15 11:00:00Z;52,29416;0;3
1957-01-16 11:00:00Z;52,9549;0;3
1957-01-17 11:00:00Z;57,73776;0;3
1957-01-18 11:00:00Z;81,53029;0;3
1957-01-19 11:00:00Z;90,72388;0;3
1957-01-20 11:00:00Z;156,6778;0;3
1957-01-21 11:00:00Z;149,9046;0;3
1957-01-22 11:00:00Z;101,6135;0;3
1957-01-23 11:00:00Z;85,12867;0;3
1957-01-24 11:00:00Z;79,77004;0;3
1957-01-25 11:00:00Z;72,16423;0;3
1957-01-26 11:00:00Z;68,15722;0;3
1957-01-27 11:00:00Z;68,94634;0;3
1957-01-28 11:00:00Z;62,80245;0;3
1957-01-29 11:00:00Z;62,06135;0;3
1957-01-30 11:00:00Z;60,59683;0;3
1957-01-31 11:00:00Z;60,59683;0;3
1957-02-01 11:00:00Z;57,03743;0;3
1957-02-02 11:00:00Z;56,34283;0;3
1957-02-03 11:00:00Z;56,34283;0;3
1957-02-04 11:00:00Z;55,65394;0;3
1957-02-05 11:00:00Z;54,97072;0;3
1957-02-06 11:00:00Z;54,97072;0;3
1957-02-07 11:00:00Z;54,29316;0;3
1957-02-08 11:00:00Z;54,29316;0;3
1957-02-09 11:00:00Z;53,62123;0;3
1957-02-10 11:00:00Z;52,9549;0;3
1957-02-11 11:00:00Z;52,29416;0;3
1957-02-12 11:00:00Z;52,29416;0;3
1957-02-13 11:00:00Z;52,29416;0;3
1957-02-14 11:00:00Z;52,29416;0;3
1957-02-15 11:00:00Z;51,63898;0;3
1957-02-16 11:00:00Z;51,63898;0;3
1957-02-17 11:00:00Z;50,34521;0;3
1957-02-18 11:00:00Z;48,44564;0;3
1957-02-19 11:00:00Z;47,82331;0;3
1957-02-20 11:00:00Z;47,82331;0;3
1957-02-21 11:00:00Z;47,20638;0;3
1957-02-22 11:00:00Z;45,38768;0;3
1957-02-23 11:00:00Z;45,98858;0;3
1957-02-24 11:00:00Z;45,98858;0;3
1957-02-25 11:00:00Z;45,38768;0;3
1957-02-26 11:00:00Z;45,38768;0;3
1957-02-27 11:00:00Z;44,79207;0;3
1957-02-28 11:00:00Z;44,79207;0;3
1957-03-01 11:00:00Z;44,79207;0;3
1957-03-02 11:00:00Z;44,79207;0;3
1957-03-03 11:00:00Z;45,38768;0;3
1957-03-04 11:00:00Z;45,38768;0;3
1957-03-05 11:00:00Z;45,38768;0;3
1957-03-06 11:00:00Z;45,38768;0;3
1957-03-07 11:00:00Z;44,79207;0;3
1957-03-08 11:00:00Z;44,20173;0;3
1957-03-09 11:00:00Z;44,20173;0;3
1957-03-10 11:00:00Z;43,61664;0;3
1957-03-11 11:00:00Z;43,61664;0;3
1957-03-12 11:00:00Z;43,03678;0;3
1957-03-13 11:00:00Z;43,03678;0;3
1957-03-14 11:00:00Z;43,03678;0;3
1957-03-15 11:00:00Z;42,46211;0;3
1957-03-16 11:00:00Z;42,46211;0;3
1957-03-17 11:00:00Z;41,32829;0;3
1957-03-18 11:00:00Z;40,76907;0;3
1957-03-19 11:00:00Z;39,66595;0;3
1957-03-20 11:00:00Z;39,12197;0;3
1957-03-21 11:00:00Z;39,12197;0;3
1957-03-22 11:00:00Z;38,58304;0;3
1957-03-23 11:00:00Z;39,12197;0;3
1957-03-24 11:00:00Z;40,76907;0;3
1957-03-25 11:00:00Z;41,89262;0;3
1957-03-26 11:00:00Z;43,03678;0;3
1957-03-27 11:00:00Z;43,61664;0;3
1957-03-28 11:00:00Z;43,61664;0;3
1957-03-29 11:00:00Z;43,03678;0;3
1957-03-30 11:00:00Z;42,46211;0;3
1957-03-31 11:00:00Z;43,61664;0;3
1957-04-01 11:00:00Z;47,82331;0;3
1957-04-02 11:00:00Z;49,70656;0;3
1957-04-03 11:00:00Z;53,62123;0;3
1957-04-04 11:00:00Z;59,1557;0;3
1957-04-05 11:00:00Z;116,6993;0;3
1957-04-06 11:00:00Z;262,3239;0;3
1957-04-07 11:00:00Z;148,574;0;3
1957-04-08 11:00:00Z;106,8407;0;3
1957-04-09 11:00:00Z;88,83221;0;3
1957-04-10 11:00:00Z;79,77004;0;3
1957-04-11 11:00:00Z;71,3505;0;3
1957-04-12 11:00:00Z;67,37418;0;3
1957-04-13 11:00:00Z;59,1557;0;3
1957-04-14 11:00:00Z;55,65394;0;3
1957-04-15 11:00:00Z;53,62123;0;3
1957-04-16 11:00:00Z;52,29416;0;3
1957-04-17 11:00:00Z;51,63898;0;3
1957-04-18 11:00:00Z;52,29416;0;3
1957-04-19 11:00:00Z;60,59683;0;3
1957-04-20 11:00:00Z;65,82626;0;3
1957-04-21 11:00:00Z;71,3505;0;3
1957-04-22 11:00:00Z;78,03549;0;3
1957-04-23 11:00:00Z;86,04465;0;3
1957-04-24 11:00:00Z;89,7747;0;3
1957-04-25 11:00:00Z;97,55759;0;3
1957-04-26 11:00:00Z;101,6135;0;3
1957-04-27 11:00:00Z;96,56087;0;3
1957-04-28 11:00:00Z;101,6135;0;3
1957-04-29 11:00:00Z;97,55759;0;3
1957-04-30 11:00:00Z;86,04465;0;3
1957-05-01 11:00:00Z;78,03549;0;3
1957-05-02 11:00:00Z;72,16423;0;3
1957-05-03 11:00:00Z;68,94634;0;3
1957-05-04 11:00:00Z;67,37418;0;3
1957-05-05 11:00:00Z;65,06135;0;3
1957-05-06 11:00:00Z;63,54947;0;3
1957-05-07 11:00:00Z;61,32616;0;3
1957-05-08 11:00:00Z;60,59683;0;3
1957-05-09 11:00:00Z;63,54947;0;3
1957-05-10 11:00:00Z;76,32646;0;3
1957-05-11 11:00:00Z;96,56087;0;3
1957-05-12 11:00:00Z;179,7281;0;3
1957-05-13 11:00:00Z;200,0526;0;3
1957-05-14 11:00:00Z;195,2321;0;3
1957-05-15 11:00:00Z;214,9924;0;3
1957-05-16 11:00:00Z;230,6636;0;3
1957-05-17 11:00:00Z;338,7416;0;3
1957-05-18 11:00:00Z;367,1973;0;3
1957-05-19 11:00:00Z;313,9935;0;3
1957-05-20 11:00:00Z;325,0865;0;3
1957-05-21 11:00:00Z;372,0907;0;3
1957-05-22 11:00:00Z;309,6285;0;3
1957-05-23 11:00:00Z;260,3853;0;3
1957-05-24 11:00:00Z;254,6275;0;3
1957-05-25 11:00:00Z;256,5371;0;3
1957-05-26 11:00:00Z;280,2087;0;3
1957-05-27 11:00:00Z;318,3996;0;3
1957-05-28 11:00:00Z;301,0211;0;3
1957-05-29 11:00:00Z;341,0543;0;3
1957-05-30 11:00:00Z;453,6361;0;3
1957-05-31 11:00:00Z;588,8073;0;3
1957-06-01 11:00:00Z;527,5313;0;3
1957-06-02 11:00:00Z;431,5482;0;3
1957-06-03 11:00:00Z;509,1106;0;3
1957-06-04 11:00:00Z;420,7804;0;3
1957-06-05 11:00:00Z;355,1533;0;3
1957-06-06 11:00:00Z;362,3473;0;3
1957-06-07 11:00:00Z;402,3735;0;3
1957-06-08 11:00:00Z;434,2688;0;3
1957-06-09 11:00:00Z;476,4706;0;3
1957-06-10 11:00:00Z;521,3422;0;3
1957-06-11 11:00:00Z;568,9674;0;3
1957-06-12 11:00:00Z;792,7601;0;3
1957-06-13 11:00:00Z;717,6813;0;3
1957-06-14 11:00:00Z;549,5815;0;3
1957-06-15 11:00:00Z;736,9539;0;3
1957-06-16 11:00:00Z;605,6912;0;3
1957-06-17 11:00:00Z;683,8489;0;3
1957-06-18 11:00:00Z;572,2424;0;3
1957-06-19 11:00:00Z;464,9592;0;3
1957-06-20 11:00:00Z;362,3473;0;3
1957-06-21 11:00:00Z;320,6182;0;3
1957-06-22 11:00:00Z;256,5371;0;3
1957-06-23 11:00:00Z;243,3695;0;3
1957-06-24 11:00:00Z;232,4508;0;3
1957-06-25 11:00:00Z;245,2222;0;3
1957-06-26 11:00:00Z;221,866;0;3
1957-06-27 11:00:00Z;250,8368;0;3
1957-06-28 11:00:00Z;243,3695;0;3
1957-06-29 11:00:00Z;247,0842;0;3
1957-06-30 11:00:00Z;230,6636;0;3
1957-07-01 11:00:00Z;214,9924;0;3
1957-07-02 11:00:00Z;500,0645;0;3
1957-07-03 11:00:00Z;609,1066;0;3
1957-07-04 11:00:00Z;426,1415;0;3
1957-07-05 11:00:00Z;338,7416;0;3
1957-07-06 11:00:00Z;307,4614;0;3
1957-07-07 11:00:00Z;270,1749;0;3
1957-07-08 11:00:00Z;237,8681;0;3
1957-07-09 11:00:00Z;322,8471;0;3
1957-07-10 11:00:00Z;309,6285;0;3
1957-07-11 11:00:00Z;298,8947;0;3
1957-07-12 11:00:00Z;313,9935;0;3
1957-07-13 11:00:00Z;313,9935;0;3
1957-07-14 11:00:00Z;364,7669;0;3
1957-07-15 11:00:00Z;423,4553;0;3
1957-07-16 11:00:00Z;488,1718;0;3
1957-07-17 11:00:00Z;524,4306;0;3
1957-07-18 11:00:00Z;543,2195;0;3
1957-07-19 11:00:00Z;552,7812;0;3
1957-07-20 11:00:00Z;536,9072;0;3
1957-07-21 11:00:00Z;426,1415;0;3
1957-07-22 11:00:00Z;331,8669;0;3
1957-07-23 11:00:00Z;284,2913;0;3
1957-07-24 11:00:00Z;352,7768;0;3
1957-07-25 11:00:00Z;341,0543;0;3
1957-07-26 11:00:00Z;318,3996;0;3
1957-07-27 11:00:00Z;318,3996;0;3
1957-07-28 11:00:00Z;329,5963;0;3
1957-07-29 11:00:00Z;341,0543;0;3
1957-07-30 11:00:00Z;288,4136;0;3
1957-07-31 11:00:00Z;227,117;0;3
1957-08-01 11:00:00Z;178,2248;0;3
1957-08-02 11:00:00Z;151,2432;0;3
1957-08-03 11:00:00Z;130,7697;0;3
1957-08-04 11:00:00Z;116,6993;0;3
1957-08-05 11:00:00Z;110,0621;0;3
1957-08-06 11:00:00Z;106,8407;0;3
1957-08-07 11:00:00Z;93,61183;0;3
1957-08-08 11:00:00Z;86,04465;0;3
1957-08-09 11:00:00Z;80,64693;0;3
1957-08-10 11:00:00Z;80,64693;0;3
1957-08-11 11:00:00Z;89,7747;0;3
1957-08-12 11:00:00Z;156,6778;0;3
1957-08-13 11:00:00Z;156,6778;0;3
1957-08-14 11:00:00Z;116,6993;0;3
1957-08-15 11:00:00Z;100,5891;0;3
1957-08-16 11:00:00Z;86,04465;0;3
1957-08-17 11:00:00Z;86,04465;0;3
1957-08-18 11:00:00Z;86,96721;0;3
1957-08-19 11:00:00Z;83,31644;0;3
1957-08-20 11:00:00Z;90,72388;0;3
1957-08-21 11:00:00Z;101,6135;0;3
1957-08-22 11:00:00Z;105,7812;0;3
1957-08-23 11:00:00Z;89,7747;0;3
1957-08-24 11:00:00Z;81,53029;0;3
1957-08-25 11:00:00Z;78,03549;0;3
1957-08-26 11:00:00Z;74,64275;0;3
1957-08-27 11:00:00Z;77,1778;0;3
1957-08-28 11:00:00Z;79,77004;0;3
1957-08-29 11:00:00Z;81,53029;0;3
1957-08-30 11:00:00Z;74,64275;0;3
1957-08-31 11:00:00Z;68,94634;0;3
1957-09-01 11:00:00Z;65,82626;0;3
1957-09-02 11:00:00Z;77,1778;0;3
1957-09-03 11:00:00Z;72,16423;0;3
1957-09-04 11:00:00Z;71,3505;0;3
1957-09-05 11:00:00Z;64,30242;0;3
1957-09-06 11:00:00Z;63,54947;0;3
1957-09-07 11:00:00Z;63,54947;0;3
1957-09-08 11:00:00Z;71,3505;0;3
1957-09-09 11:00:00Z;144,6298;0;3
1957-09-10 11:00:00Z;309,6285;0;3
1957-09-11 11:00:00Z;172,296;0;3
1957-09-12 11:00:00Z;143,3309;0;3
1957-09-13 11:00:00Z;140,7566;0;3
1957-09-14 11:00:00Z;120,1164;0;3
1957-09-15 11:00:00Z;107,9074;0;3
1957-09-16 11:00:00Z;96,56087;0;3
1957-09-17 11:00:00Z;90,72388;0;3
1957-09-18 11:00:00Z;83,31644;0;3
1957-09-19 11:00:00Z;78,03549;0;3
1957-09-20 11:00:00Z;72,98416;0;3
1957-09-21 11:00:00Z;71,3505;0;3
1957-09-22 11:00:00Z;75,48145;0;3
1957-09-23 11:00:00Z;68,94634;0;3
1957-09-24 11:00:00Z;66,5972;0;3
1957-09-25 11:00:00Z;63,54947;0;3
1957-09-26 11:00:00Z;62,06135;0;3
1957-09-27 11:00:00Z;59,87335;0;3
1957-09-28 11:00:00Z;63,54947;0;3
1957-09-29 11:00:00Z;64,30242;0;3
1957-09-30 11:00:00Z;73,81033;0;3
1957-10-01 11:00:00Z;65,82626;0;3
1957-10-02 11:00:00Z;67,37418;0;3
1957-10-03 11:00:00Z;78,89957;0;3
1957-10-04 11:00:00Z;72,16423;0;3
1957-10-05 11:00:00Z;74,64275;0;3
1957-10-06 11:00:00Z;71,3505;0;3
1957-10-07 11:00:00Z;68,94634;0;3
1957-10-08 11:00:00Z;68,15722;0;3
1957-10-09 11:00:00Z;136,9536;0;3
1957-10-10 11:00:00Z;266,2299;0;3
1957-10-11 11:00:00Z;237,8681;0;3
1957-10-12 11:00:00Z;208,2632;0;3
1957-10-13 11:00:00Z;546,3943;0;3
1957-10-14 11:00:00Z;524,4306;0;3
1957-10-15 11:00:00Z;252,7274;0;3
1957-10-16 11:00:00Z;182,7602;0;3
1957-10-17 11:00:00Z;188,927;0;3
1957-10-18 11:00:00Z;172,296;0;3
1957-10-19 11:00:00Z;139,4811;0;3
1957-10-20 11:00:00Z;123,6001;0;3
1957-10-21 11:00:00Z;107,9074;0;3
1957-10-22 11:00:00Z;98,56119;0;3
1957-10-23 11:00:00Z;88,83221;0;3
1957-10-24 11:00:00Z;88,83221;0;3
1957-10-25 11:00:00Z;110,0621;0;3
1957-10-26 11:00:00Z;103,6833;0;3
1957-10-27 11:00:00Z;131,9912;0;3
1957-10-28 11:00:00Z;172,296;0;3
1957-10-29 11:00:00Z;124,7762;0;3
1957-10-30 11:00:00Z;115,5749;0;3
1957-10-31 11:00:00Z;106,8407;0;3
1957-11-01 11:00:00Z;97,55759;0;3
1957-11-02 11:00:00Z;90,72388;0;3
1957-11-03 11:00:00Z;86,96721;0;3
1957-11-04 11:00:00Z;82,42011;0;3
1957-11-05 11:00:00Z;187,3724;0;3
1957-11-06 11:00:00Z;264,272;0;3
1957-11-07 11:00:00Z;228,8857;0;3
1957-11-08 11:00:00Z;160,8387;0;3
1957-11-09 11:00:00Z;129,5559;0;3
1957-11-10 11:00:00Z;116,6993;0;3
1957-11-11 11:00:00Z;88,83221;0;3
1957-11-12 11:00:00Z;88,83221;0;3
1957-11-13 11:00:00Z;96,56087;0;3
1957-11-14 11:00:00Z;112,2455;0;3
1957-11-15 11:00:00Z;124,7762;0;3
1957-11-16 11:00:00Z;100,5891;0;3
1957-11-17 11:00:00Z;112,2455;0;3
1957-11-18 11:00:00Z;88,83221;0;3
1957-11-19 11:00:00Z;87,89639;0;3
1957-11-20 11:00:00Z;85,12867;0;3
1957-11-21 11:00:00Z;144,6298;0;3
1957-11-22 11:00:00Z;129,5559;0;3
1957-11-23 11:00:00Z;105,7812;0;3
1957-11-24 11:00:00Z;98,56119;0;3
1957-11-25 11:00:00Z;80,64693;0;3
1957-11-26 11:00:00Z;75,48145;0;3
1957-11-27 11:00:00Z;72,98416;0;3
1957-11-28 11:00:00Z;72,16423;0;3
1957-11-29 11:00:00Z;72,98416;0;3
1957-11-30 11:00:00Z;79,77004;0;3
1957-12-01 11:00:00Z;86,04465;0;3
1957-12-02 11:00:00Z;221,866;0;3
1957-12-03 11:00:00Z;245,2222;0;3
1957-12-04 11:00:00Z;232,4508;0;3
1957-12-05 11:00:00Z;227,117;0;3
1957-12-06 11:00:00Z;208,2632;0;3
1957-12-07 11:00:00Z;185,8264;0;3
1957-12-08 11:00:00Z;155,307;0;3
1957-12-09 11:00:00Z;111,1502;0;3
1957-12-10 11:00:00Z;105,7812;0;3
1957-12-11 11:00:00Z;101,6135;0;3
1957-12-12 11:00:00Z;98,56119;0;3
1957-12-13 11:00:00Z;97,55759;0;3
1957-12-14 11:00:00Z;96,56087;0;3
1957-12-15 11:00:00Z;94,58802;0;3
1957-12-16 11:00:00Z;92,64243;0;3
1957-12-17 11:00:00Z;90,72388;0;3
1957-12-18 11:00:00Z;121,2702;0;3
1957-12-19 11:00:00Z;122,4314;0;3
1957-12-20 11:00:00Z;101,6135;0;3
1957-12-21 11:00:00Z;84,21928;0;3
1957-12-22 11:00:00Z;82,42011;0;3
1957-12-23 11:00:00Z;77,1778;0;3
1957-12-24 11:00:00Z;79,77004;0;3
1957-12-25 11:00:00Z;76,32646;0;3
1957-12-26 11:00:00Z;74,64275;0;3
1957-12-27 11:00:00Z;71,3505;0;3
1957-12-28 11:00:00Z;68,15722;0;3
1957-12-29 11:00:00Z;69,74158;0;3
1957-12-30 11:00:00Z;70,54296;0;3
1957-12-31 11:00:00Z;80,64693;0;3
1958-01-01 11:00:00Z;65,06135;0;3
1958-01-02 11:00:00Z;62,80245;0;3
1958-01-03 11:00:00Z;61,32616;0;3
1958-01-04 11:00:00Z;60,59683;0;3
1958-01-05 11:00:00Z;59,87335;0;3
1958-01-06 11:00:00Z;58,44384;0;3
1958-01-07 11:00:00Z;56,34283;0;3
1958-01-08 11:00:00Z;54,29316;0;3
1958-01-09 11:00:00Z;52,9549;0;3
1958-01-10 11:00:00Z;51,63898;0;3
1958-01-11 11:00:00Z;51,63898;0;3
1958-01-12 11:00:00Z;50,98934;0;3
1958-01-13 11:00:00Z;47,20638;0;3
1958-01-14 11:00:00Z;47,20638;0;3
1958-01-15 11:00:00Z;47,20638;0;3
1958-01-16 11:00:00Z;47,20638;0;3
1958-01-17 11:00:00Z;47,82331;0;3
1958-01-18 11:00:00Z;47,82331;0;3
1958-01-19 11:00:00Z;47,20638;0;3
1958-01-20 11:00:00Z;47,20638;0;3
1958-01-21 11:00:00Z;47,20638;0;3
1958-01-22 11:00:00Z;47,20638;0;3
1958-01-23 11:00:00Z;46,59481;0;3
1958-01-24 11:00:00Z;46,59481;0;3
1958-01-25 11:00:00Z;44,79207;0;3
1958-01-26 11:00:00Z;44,79207;0;3
1958-01-27 11:00:00Z;44,20173;0;3
1958-01-28 11:00:00Z;45,38768;0;3
1958-01-29 11:00:00Z;79,77004;0;3
1958-01-30 11:00:00Z;156,6778;0;3
1958-01-31 11:00:00Z;158,0566;0;3
1958-02-01 11:00:00Z;284,2913;0;3
1958-02-02 11:00:00Z;305,3044;0;3
1958-02-03 11:00:00Z;198,437;0;3
1958-02-04 11:00:00Z;148,574;0;3
1958-02-05 11:00:00Z;140,7566;0;3
1958-02-06 11:00:00Z;129,5559;0;3
1958-02-07 11:00:00Z;123,6001;0;3
1958-02-08 11:00:00Z;115,5749;0;3
1958-02-09 11:00:00Z;108,9812;0;3
1958-02-10 11:00:00Z;102,6449;0;3
1958-02-11 11:00:00Z;98,56119;0;3
1958-02-12 11:00:00Z;93,61183;0;3
1958-02-13 11:00:00Z;87,89639;0;3
1958-02-14 11:00:00Z;83,31644;0;3
1958-02-15 11:00:00Z;76,32646;0;3
1958-02-16 11:00:00Z;72,98416;0;3
1958-02-17 11:00:00Z;68,15722;0;3
1958-02-18 11:00:00Z;63,54947;0;3
1958-02-19 11:00:00Z;63,54947;0;3
1958-02-20 11:00:00Z;57,73776;0;3
1958-02-21 11:00:00Z;57,03743;0;3
1958-02-22 11:00:00Z;56,34283;0;3
1958-02-23 11:00:00Z;52,9549;0;3
1958-02-24 11:00:00Z;51,63898;0;3
1958-02-25 11:00:00Z;50,98934;0;3
1958-02-26 11:00:00Z;46,59481;0;3
1958-02-27 11:00:00Z;45,98858;0;3
1958-02-28 11:00:00Z;45,98858;0;3
1958-03-01 11:00:00Z;45,98858;0;3
1958-03-02 11:00:00Z;45,98858;0;3
1958-03-03 11:00:00Z;45,38768;0;3
1958-03-04 11:00:00Z;44,79207;0;3
1958-03-05 11:00:00Z;44,20173;0;3
1958-03-06 11:00:00Z;42,46211;0;3
1958-03-07 11:00:00Z;41,89262;0;3
1958-03-08 11:00:00Z;40,76907;0;3
1958-03-09 11:00:00Z;42,46211;0;3
1958-03-10 11:00:00Z;43,61664;0;3
1958-03-11 11:00:00Z;41,32829;0;3
1958-03-12 11:00:00Z;55,65394;0;3
1958-03-13 11:00:00Z;46,59481;0;3
1958-03-14 11:00:00Z;47,20638;0;3
1958-03-15 11:00:00Z;44,20173;0;3
1958-03-16 11:00:00Z;43,61664;0;3
1958-03-17 11:00:00Z;41,32829;0;3
1958-03-18 11:00:00Z;41,89262;0;3
1958-03-19 11:00:00Z;41,89262;0;3
1958-03-20 11:00:00Z;41,89262;0;3
1958-03-21 11:00:00Z;41,32829;0;3
1958-03-22 11:00:00Z;41,32829;0;3
1958-03-23 11:00:00Z;41,32829;0;3
1958-03-24 11:00:00Z;40,76907;0;3
1958-03-25 11:00:00Z;40,21497;0;3
1958-03-26 11:00:00Z;39,66595;0;3
1958-03-27 11:00:00Z;41,32829;0;3
1958-03-28 11:00:00Z;42,46211;0;3
1958-03-29 11:00:00Z;41,89262;0;3
1958-03-30 11:00:00Z;41,89262;0;3
1958-03-31 11:00:00Z;40,76907;0;3
1958-04-01 11:00:00Z;40,76907;0;3
1958-04-02 11:00:00Z;41,32829;0;3
1958-04-03 11:00:00Z;40,76907;0;3
1958-04-04 11:00:00Z;40,21497;0;3
1958-04-05 11:00:00Z;39,66595;0;3
1958-04-06 11:00:00Z;38,58304;0;3
1958-04-07 11:00:00Z;38,04911;0;3
1958-04-08 11:00:00Z;38,04911;0;3
1958-04-09 11:00:00Z;38,58304;0;3
1958-04-10 11:00:00Z;37,52017;0;3
1958-04-11 11:00:00Z;38,58304;0;3
1958-04-12 11:00:00Z;40,76907;0;3
1958-04-13 11:00:00Z;43,03678;0;3
1958-04-14 11:00:00Z;49,07338;0;3
1958-04-15 11:00:00Z;68,15722;0;3
1958-04-16 11:00:00Z;63,54947;0;3
1958-04-17 11:00:00Z;57,03743;0;3
1958-04-18 11:00:00Z;46,59481;0;3
1958-04-19 11:00:00Z;43,61664;0;3
1958-04-20 11:00:00Z;42,46211;0;3
1958-04-21 11:00:00Z;41,89262;0;3
1958-04-22 11:00:00Z;42,46211;0;3
1958-04-23 11:00:00Z;43,03678;0;3
1958-04-24 11:00:00Z;41,89262;0;3
1958-04-25 11:00:00Z;42,46211;0;3
1958-04-26 11:00:00Z;46,59481;0;3
1958-04-27 11:00:00Z;45,98858;0;3
1958-04-28 11:00:00Z;45,98858;0;3
1958-04-29 11:00:00Z;49,70656;0;3
1958-04-30 11:00:00Z;64,30242;0;3
1958-05-01 11:00:00Z;93,61183;0;3
1958-05-02 11:00:00Z;101,6135;0;3
1958-05-03 11:00:00Z;86,04465;0;3
1958-05-04 11:00:00Z;75,48145;0;3
1958-05-05 11:00:00Z;67,37418;0;3
1958-05-06 11:00:00Z;66,5972;0;3
1958-05-07 11:00:00Z;70,54296;0;3
1958-05-08 11:00:00Z;75,48145;0;3
1958-05-09 11:00:00Z;80,64693;0;3
1958-05-10 11:00:00Z;121,2702;0;3
1958-05-11 11:00:00Z;116,6993;0;3
1958-05-12 11:00:00Z;103,6833;0;3
1958-05-13 11:00:00Z;94,58802;0;3
1958-05-14 11:00:00Z;101,6135;0;3
1958-05-15 11:00:00Z;101,6135;0;3
1958-05-16 11:00:00Z;120,1164;0;3
1958-05-17 11:00:00Z;123,6001;0;3
1958-05-18 11:00:00Z;121,2702;0;3
1958-05-19 11:00:00Z;123,6001;0;3
1958-05-20 11:00:00Z;115,5749;0;3
1958-05-21 11:00:00Z;100,5891;0;3
1958-05-22 11:00:00Z;128,3496;0;3
1958-05-23 11:00:00Z;184,289;0;3
1958-05-24 11:00:00Z;185,8264;0;3
1958-05-25 11:00:00Z;206,6033;0;3
1958-05-26 11:00:00Z;286,3475;0;3
1958-05-27 11:00:00Z;729,2037;0;3
1958-05-28 11:00:00Z;683,8489;0;3
1958-05-29 11:00:00Z;575,53;0;3
1958-05-30 11:00:00Z;521,3422;0;3
1958-05-31 11:00:00Z;488,1718;0;3
1958-06-01 11:00:00Z;488,1718;0;3
1958-06-02 11:00:00Z;565,705;0;3
1958-06-03 11:00:00Z;619,4301;0;3
1958-06-04 11:00:00Z;647,5327;0;3
1958-06-05 11:00:00Z;562,4553;0;3
1958-06-06 11:00:00Z;426,1415;0;3
1958-06-07 11:00:00Z;394,6534;0;3
1958-06-08 11:00:00Z;364,7669;0;3
1958-06-09 11:00:00Z;336,4395;0;3
1958-06-10 11:00:00Z;266,2299;0;3
1958-06-11 11:00:00Z;237,8681;0;3
1958-06-12 11:00:00Z;234,2473;0;3
1958-06-13 11:00:00Z;221,866;0;3
1958-06-14 11:00:00Z;230,6636;0;3
1958-06-15 11:00:00Z;256,5371;0;3
1958-06-16 11:00:00Z;284,2913;0;3
1958-06-17 11:00:00Z;445,2663;0;3
1958-06-18 11:00:00Z;602,2887;0;3
1958-06-19 11:00:00Z;702,5092;0;3
1958-06-20 11:00:00Z;609,1066;0;3
1958-06-21 11:00:00Z;588,8073;0;3
1958-06-22 11:00:00Z;562,4553;0;3
1958-06-23 11:00:00Z;543,2195;0;3
1958-06-24 11:00:00Z;582,1432;0;3
1958-06-25 11:00:00Z;549,5815;0;3
1958-06-26 11:00:00Z;515,202;0;3
1958-06-27 11:00:00Z;485,2286;0;3
1958-06-28 11:00:00Z;546,3943;0;3
1958-06-29 11:00:00Z;629,8705;0;3
1958-06-30 11:00:00Z;721,5084;0;3
1958-07-01 11:00:00Z;733,072;0;3
1958-07-02 11:00:00Z;626,3773;0;3
1958-07-03 11:00:00Z;562,4553;0;3
1958-07-04 11:00:00Z;518,266;0;3
1958-07-05 11:00:00Z;407,5763;0;3
1958-07-06 11:00:00Z;286,3475;0;3
1958-07-07 11:00:00Z;223,6071;0;3
1958-07-08 11:00:00Z;192,0622;0;3
1958-07-09 11:00:00Z;491,127;0;3
1958-07-10 11:00:00Z;562,4553;0;3
1958-07-11 11:00:00Z;464,9592;0;3
1958-07-12 11:00:00Z;473,575;0;3
1958-07-13 11:00:00Z;497,0733;0;3
1958-07-14 11:00:00Z;272,1621;0;3
1958-07-15 11:00:00Z;216,6972;0;3
1958-07-16 11:00:00Z;225,3575;0;3
1958-07-17 11:00:00Z;254,6275;0;3
1958-07-18 11:00:00Z;208,2632;0;3
1958-07-19 11:00:00Z;204,9523;0;3
1958-07-20 11:00:00Z;166,5012;0;3
1958-07-21 11:00:00Z;140,7566;0;3
1958-07-22 11:00:00Z;196,8302;0;3
1958-07-23 11:00:00Z;200,0526;0;3
1958-07-24 11:00:00Z;220,1339;0;3
1958-07-25 11:00:00Z;296,7784;0;3
1958-07-26 11:00:00Z;278,1823;0;3
1958-07-27 11:00:00Z;243,3695;0;3
1958-07-28 11:00:00Z;213,2966;0;3
1958-07-29 11:00:00Z;188,927;0;3
1958-07-30 11:00:00Z;206,6033;0;3
1958-07-31 11:00:00Z;220,1339;0;3
1958-08-01 11:00:00Z;204,9523;0;3
1958-08-02 11:00:00Z;162,242;0;3
1958-08-03 11:00:00Z;236,053;0;3
1958-08-04 11:00:00Z;506,0831;0;3
1958-08-05 11:00:00Z;402,3735;0;3
1958-08-06 11:00:00Z;262,3239;0;3
1958-08-07 11:00:00Z;298,8947;0;3
1958-08-08 11:00:00Z;262,3239;0;3
1958-08-09 11:00:00Z;223,6071;0;3
1958-08-10 11:00:00Z;188,927;0;3
1958-08-11 11:00:00Z;158,0566;0;3
1958-08-12 11:00:00Z;138,2135;0;3
1958-08-13 11:00:00Z;138,2135;0;3
1958-08-14 11:00:00Z;148,574;0;3
1958-08-15 11:00:00Z;138,2135;0;3
1958-08-16 11:00:00Z;139,4811;0;3
1958-08-17 11:00:00Z;128,3496;0;3
1958-08-18 11:00:00Z;140,7566;0;3
1958-08-19 11:00:00Z;128,3496;0;3
1958-08-20 11:00:00Z;115,5749;0;3
1958-08-21 11:00:00Z;116,6993;0;3
1958-08-22 11:00:00Z;91,67979;0;3
1958-08-23 11:00:00Z;87,89639;0;3
1958-08-24 11:00:00Z;85,12867;0;3
1958-08-25 11:00:00Z;81,53029;0;3
1958-08-26 11:00:00Z;78,89957;0;3
1958-08-27 11:00:00Z;79,77004;0;3
1958-08-28 11:00:00Z;78,89957;0;3
1958-08-29 11:00:00Z;77,1778;0;3
1958-08-30 11:00:00Z;77,1778;0;3
1958-08-31 11:00:00Z;72,98416;0;3
1958-09-01 11:00:00Z;78,89957;0;3
1958-09-02 11:00:00Z;75,48145;0;3
1958-09-03 11:00:00Z;72,98416;0;3
1958-09-04 11:00:00Z;70,54296;0;3
1958-09-05 11:00:00Z;76,32646;0;3
1958-09-06 11:00:00Z;80,64693;0;3
1958-09-07 11:00:00Z;72,16423;0;3
1958-09-08 11:00:00Z;72,98416;0;3
1958-09-09 11:00:00Z;63,54947;0;3
1958-09-10 11:00:00Z;57,73776;0;3
1958-09-11 11:00:00Z;127,151;0;3
1958-09-12 11:00:00Z;101,6135;0;3
1958-09-13 11:00:00Z;270,1749;0;3
1958-09-14 11:00:00Z;208,2632;0;3
1958-09-15 11:00:00Z;128,3496;0;3
1958-09-16 11:00:00Z;95,57103;0;3
1958-09-17 11:00:00Z;86,04465;0;3
1958-09-18 11:00:00Z;83,31644;0;3
1958-09-19 11:00:00Z;83,31644;0;3
1958-09-20 11:00:00Z;74,64275;0;3
1958-09-21 11:00:00Z;67,37418;0;3
1958-09-22 11:00:00Z;86,96721;0;3
1958-09-23 11:00:00Z;75,48145;0;3
1958-09-24 11:00:00Z;72,16423;0;3
1958-09-25 11:00:00Z;68,15722;0;3
1958-09-26 11:00:00Z;62,80245;0;3
1958-09-27 11:00:00Z;60,59683;0;3
1958-09-28 11:00:00Z;68,15722;0;3
1958-09-29 11:00:00Z;107,9074;0;3
1958-09-30 11:00:00Z;89,7747;0;3
1958-10-01 11:00:00Z;77,1778;0;3
1958-10-02 11:00:00Z;75,48145;0;3
1958-10-03 11:00:00Z;73,81033;0;3
1958-10-04 11:00:00Z;75,48145;0;3
1958-10-05 11:00:00Z;80,64693;0;3
1958-10-06 11:00:00Z;78,89957;0;3
1958-10-07 11:00:00Z;74,64275;0;3
1958-10-08 11:00:00Z;75,48145;0;3
1958-10-09 11:00:00Z;75,48145;0;3
1958-10-10 11:00:00Z;262,3239;0;3
1958-10-11 11:00:00Z;155,307;0;3
1958-10-12 11:00:00Z;227,117;0;3
1958-10-13 11:00:00Z;227,117;0;3
1958-10-14 11:00:00Z;149,9046;0;3
1958-10-15 11:00:00Z;118,97;0;3
1958-10-16 11:00:00Z;110,0621;0;3
1958-10-17 11:00:00Z;98,56119;0;3
1958-10-18 11:00:00Z;86,96721;0;3
1958-10-19 11:00:00Z;78,89957;0;3
1958-10-20 11:00:00Z;74,64275;0;3
1958-10-21 11:00:00Z;71,3505;0;3
1958-10-22 11:00:00Z;95,57103;0;3
1958-10-23 11:00:00Z;128,3496;0;3
1958-10-24 11:00:00Z;311,8059;0;3
1958-10-25 11:00:00Z;228,8857;0;3
1958-10-26 11:00:00Z;178,2248;0;3
1958-10-27 11:00:00Z;744,7593;0;3
1958-10-28 11:00:00Z;821,6974;0;3
1958-10-29 11:00:00Z;977,0714;0;3
1958-10-30 11:00:00Z;647,5327;0;3
1958-10-31 11:00:00Z;575,53;0;3
1958-11-01 11:00:00Z;374,5537;0;3
1958-11-02 11:00:00Z;254,6275;0;3
1958-11-03 11:00:00Z;206,6033;0;3
1958-11-04 11:00:00Z;172,296;0;3
1958-11-05 11:00:00Z;148,574;0;3
1958-11-06 11:00:00Z;136,9536;0;3
1958-11-07 11:00:00Z;136,9536;0;3
1958-11-08 11:00:00Z;139,4811;0;3
1958-11-09 11:00:00Z;123,6001;0;3
1958-11-10 11:00:00Z;108,9812;0;3
1958-11-11 11:00:00Z;94,58802;0;3
1958-11-12 11:00:00Z;89,7747;0;3
1958-11-13 11:00:00Z;81,53029;0;3
1958-11-14 11:00:00Z;78,89957;0;3
1958-11-15 11:00:00Z;77,1778;0;3
1958-11-16 11:00:00Z;172,296;0;3
1958-11-17 11:00:00Z;152,5897;0;3
1958-11-18 11:00:00Z;290,4898;0;3
1958-11-19 11:00:00Z;163,6535;0;3
1958-11-20 11:00:00Z;121,2702;0;3
1958-11-21 11:00:00Z;131,9912;0;3
1958-11-22 11:00:00Z;211,6098;0;3
1958-11-23 11:00:00Z;640,4284;0;3
1958-11-24 11:00:00Z;527,5313;0;3
1958-11-25 11:00:00Z;555,9933;0;3
1958-11-26 11:00:00Z;316,1914;0;3
1958-11-27 11:00:00Z;218,411;0;3
1958-11-28 11:00:00Z;228,8857;0;3
1958-11-29 11:00:00Z;546,3943;0;3
1958-11-30 11:00:00Z;364,7669;0;3
1958-12-01 11:00:00Z;182,7602;0;3
1958-12-02 11:00:00Z;151,2432;0;3
1958-12-03 11:00:00Z;134,457;0;3
1958-12-04 11:00:00Z;163,6535;0;3
1958-12-05 11:00:00Z;129,5559;0;3
1958-12-06 11:00:00Z;115,5749;0;3
1958-12-07 11:00:00Z;101,6135;0;3
1958-12-08 11:00:00Z;98,56119;0;3
1958-12-09 11:00:00Z;86,04465;0;3
1958-12-10 11:00:00Z;88,83221;0;3
1958-12-11 11:00:00Z;96,56087;0;3
1958-12-12 11:00:00Z;102,6449;0;3
1958-12-13 11:00:00Z;114,4579;0;3
1958-12-14 11:00:00Z;120,1164;0;3
1958-12-15 11:00:00Z;125,9598;0;3
1958-12-16 11:00:00Z;125,9598;0;3
1958-12-17 11:00:00Z;103,6833;0;3
1958-12-18 11:00:00Z;98,56119;0;3
1958-12-19 11:00:00Z;94,58802;0;3
1958-12-20 11:00:00Z;86,04465;0;3
1958-12-21 11:00:00Z;78,89957;0;3
1958-12-22 11:00:00Z;74,64275;0;3
1958-12-23 11:00:00Z;66,5972;0;3
1958-12-24 11:00:00Z;62,80245;0;3
1958-12-25 11:00:00Z;59,1557;0;3
1958-12-26 11:00:00Z;50,98934;0;3
1958-12-27 11:00:00Z;50,34521;0;3
1958-12-28 11:00:00Z;50,34521;0;3
1958-12-29 11:00:00Z;50,34521;0;3
1958-12-30 11:00:00Z;49,07338;0;3
1958-12-31 11:00:00Z;47,20638;0;3
1959-01-01 11:00:00Z;47,82331;0;3
1959-01-02 11:00:00Z;49,07338;0;3
1959-01-03 11:00:00Z;48,44564;0;3
1959-01-04 11:00:00Z;45,98858;0;3
1959-01-05 11:00:00Z;44,79207;0;3
1959-01-06 11:00:00Z;43,61664;0;3
1959-01-07 11:00:00Z;42,46211;0;3
1959-01-08 11:00:00Z;41,32829;0;3
1959-01-09 11:00:00Z;40,21497;0;3
1959-01-10 11:00:00Z;40,21497;0;3
1959-01-11 11:00:00Z;42,46211;0;3
1959-01-12 11:00:00Z;43,03678;0;3
1959-01-13 11:00:00Z;43,03678;0;3
1959-01-14 11:00:00Z;39,66595;0;3
1959-01-15 11:00:00Z;39,12197;0;3
1959-01-16 11:00:00Z;39,66595;0;3
1959-01-17 11:00:00Z;39,12197;0;3
1959-01-18 11:00:00Z;39,66595;0;3
1959-01-19 11:00:00Z;38,58304;0;3
1959-01-20 11:00:00Z;41,32829;0;3
1959-01-21 11:00:00Z;39,66595;0;3
1959-01-22 11:00:00Z;38,58304;0;3
1959-01-23 11:00:00Z;36,47715;0;3
1959-01-24 11:00:00Z;35,96301;0;3
1959-01-25 11:00:00Z;35,96301;0;3
1959-01-26 11:00:00Z;36,47715;0;3
1959-01-27 11:00:00Z;81,53029;0;3
1959-01-28 11:00:00Z;105,7812;0;3
1959-01-29 11:00:00Z;135,7014;0;3
1959-01-30 11:00:00Z;104,7287;0;3
1959-01-31 11:00:00Z;78,03549;0;3
1959-02-01 11:00:00Z;66,5972;0;3
1959-02-02 11:00:00Z;66,5972;0;3
1959-02-03 11:00:00Z;86,96721;0;3
1959-02-04 11:00:00Z;176,7299;0;3
1959-02-05 11:00:00Z;296,7784;0;3
1959-02-06 11:00:00Z;167,9374;0;3
1959-02-07 11:00:00Z;114,4579;0;3
1959-02-08 11:00:00Z;98,56119;0;3
1959-02-09 11:00:00Z;84,21928;0;3
1959-02-10 11:00:00Z;75,48145;0;3
1959-02-11 11:00:00Z;66,5972;0;3
1959-02-12 11:00:00Z;64,30242;0;3
1959-02-13 11:00:00Z;63,54947;0;3
1959-02-14 11:00:00Z;52,29416;0;3
1959-02-15 11:00:00Z;55,65394;0;3
1959-02-16 11:00:00Z;58,44384;0;3
1959-02-17 11:00:00Z;63,54947;0;3
1959-02-18 11:00:00Z;102,6449;0;3
1959-02-19 11:00:00Z;105,7812;0;3
1959-02-20 11:00:00Z;108,9812;0;3
1959-02-21 11:00:00Z;112,2455;0;3
1959-02-22 11:00:00Z;115,5749;0;3
1959-02-23 11:00:00Z;118,97;0;3
1959-02-24 11:00:00Z;122,4314;0;3
1959-02-25 11:00:00Z;125,9598;0;3
1959-02-26 11:00:00Z;129,5559;0;3
1959-02-27 11:00:00Z;133,2203;0;3
1959-02-28 11:00:00Z;110,0621;0;3
1959-03-01 11:00:00Z;173,7656;0;3
1959-03-02 11:00:00Z;162,242;0;3
1959-03-03 11:00:00Z;140,7566;0;3
1959-03-04 11:00:00Z;123,6001;0;3
1959-03-05 11:00:00Z;167,9374;0;3
1959-03-06 11:00:00Z;130,7697;0;3
1959-03-07 11:00:00Z;114,4579;0;3
1959-03-08 11:00:00Z;98,56119;0;3
1959-03-09 11:00:00Z;88,83221;0;3
1959-03-10 11:00:00Z;85,12867;0;3
1959-03-11 11:00:00Z;77,1778;0;3
1959-03-12 11:00:00Z;71,3505;0;3
1959-03-13 11:00:00Z;65,06135;0;3
1959-03-14 11:00:00Z;68,94634;0;3
1959-03-15 11:00:00Z;62,06135;0;3
1959-03-16 11:00:00Z;61,32616;0;3
1959-03-17 11:00:00Z;74,64275;0;3
1959-03-18 11:00:00Z;153,9444;0;3
1959-03-19 11:00:00Z;134,457;0;3
1959-03-20 11:00:00Z;110,0621;0;3
1959-03-21 11:00:00Z;98,56119;0;3
1959-03-22 11:00:00Z;97,55759;0;3
1959-03-23 11:00:00Z;90,72388;0;3
1959-03-24 11:00:00Z;83,31644;0;3
1959-03-25 11:00:00Z;102,6449;0;3
1959-03-26 11:00:00Z;95,57103;0;3
1959-03-27 11:00:00Z;88,83221;0;3
1959-03-28 11:00:00Z;82,42011;0;3
1959-03-29 11:00:00Z;74,64275;0;3
1959-03-30 11:00:00Z;65,82626;0;3
1959-03-31 11:00:00Z;61,32616;0;3
1959-04-01 11:00:00Z;62,80245;0;3
1959-04-02 11:00:00Z;60,59683;0;3
1959-04-03 11:00:00Z;75,48145;0;3
1959-04-04 11:00:00Z;73,81033;0;3
1959-04-05 11:00:00Z;72,98416;0;3
1959-04-06 11:00:00Z;69,74158;0;3
1959-04-07 11:00:00Z;67,37418;0;3
1959-04-08 11:00:00Z;63,54947;0;3
1959-04-09 11:00:00Z;53,62123;0;3
1959-04-10 11:00:00Z;56,34283;0;3
1959-04-11 11:00:00Z;54,29316;0;3
1959-04-12 11:00:00Z;51,63898;0;3
1959-04-13 11:00:00Z;50,34521;0;3
1959-04-14 11:00:00Z;50,98934;0;3
1959-04-15 11:00:00Z;64,30242;0;3
1959-04-16 11:00:00Z;100,5891;0;3
1959-04-17 11:00:00Z;159,4436;0;3
1959-04-18 11:00:00Z;122,4314;0;3
1959-04-19 11:00:00Z;98,56119;0;3
1959-04-20 11:00:00Z;88,83221;0;3
1959-04-21 11:00:00Z;86,04465;0;3
1959-04-22 11:00:00Z;78,03549;0;3
1959-04-23 11:00:00Z;72,98416;0;3
1959-04-24 11:00:00Z;71,3505;0;3
1959-04-25 11:00:00Z;116,6993;0;3
1959-04-26 11:00:00Z;153,9444;0;3
1959-04-27 11:00:00Z;230,6636;0;3
1959-04-28 11:00:00Z;410,1945;0;3
1959-04-29 11:00:00Z;404,9693;0;3
1959-04-30 11:00:00Z;633,3767;0;3
1959-05-01 11:00:00Z;503,0678;0;3
1959-05-02 11:00:00Z;382,0084;0;3
1959-05-03 11:00:00Z;407,5763;0;3
1959-05-04 11:00:00Z;633,3767;0;3
1959-05-05 11:00:00Z;572,2424;0;3
1959-05-06 11:00:00Z;394,6534;0;3
1959-05-07 11:00:00Z;343,3775;0;3
1959-05-08 11:00:00Z;266,2299;0;3
1959-05-09 11:00:00Z;230,6636;0;3
1959-05-10 11:00:00Z;225,3575;0;3
1959-05-11 11:00:00Z;266,2299;0;3
1959-05-12 11:00:00Z;407,5763;0;3
1959-05-13 11:00:00Z;512,1502;0;3
1959-05-14 11:00:00Z;592,1584;0;3
1959-05-15 11:00:00Z;598,8991;0;3
1959-05-16 11:00:00Z;494,0941;0;3
1959-05-17 11:00:00Z;389,5622;0;3
1959-05-18 11:00:00Z;278,1823;0;3
1959-05-19 11:00:00Z;232,4508;0;3
1959-05-20 11:00:00Z;195,2321;0;3
1959-05-21 11:00:00Z;167,9374;0;3
1959-05-22 11:00:00Z;151,2432;0;3
1959-05-23 11:00:00Z;153,9444;0;3
1959-05-24 11:00:00Z;160,8387;0;3
1959-05-25 11:00:00Z;190,4903;0;3
1959-05-26 11:00:00Z;307,4614;0;3
1959-05-27 11:00:00Z;258,4564;0;3
1959-05-28 11:00:00Z;262,3239;0;3
1959-05-29 11:00:00Z;227,117;0;3
1959-05-30 11:00:00Z;236,053;0;3
1959-05-31 11:00:00Z;248,9558;0;3
1959-06-01 11:00:00Z;266,2299;0;3
1959-06-02 11:00:00Z;254,6275;0;3
1959-06-03 11:00:00Z;247,0842;0;3
1959-06-04 11:00:00Z;348,0558;0;3
1959-06-05 11:00:00Z;467,8193;0;3
1959-06-06 11:00:00Z;456,4493;0;3
1959-06-07 11:00:00Z;592,1584;0;3
1959-06-08 11:00:00Z;647,5327;0;3
1959-06-09 11:00:00Z;605,6912;0;3
1959-06-10 11:00:00Z;609,1066;0;3
1959-06-11 11:00:00Z;407,5763;0;3
1959-06-12 11:00:00Z;345,7114;0;3
1959-06-13 11:00:00Z;372,0907;0;3
1959-06-14 11:00:00Z;402,3735;0;3
1959-06-15 11:00:00Z;431,5482;0;3
1959-06-16 11:00:00Z;533,7695;0;3
1959-06-17 11:00:00Z;209,932;0;3
1959-06-18 11:00:00Z;394,6534;0;3
1959-06-19 11:00:00Z;415,4648;0;3
1959-06-20 11:00:00Z;415,4648;0;3
1959-06-21 11:00:00Z;221,866;0;3
1959-06-22 11:00:00Z;213,2966;0;3
1959-06-23 11:00:00Z;196,8302;0;3
1959-06-24 11:00:00Z;245,2222;0;3
1959-06-25 11:00:00Z;286,3475;0;3
1959-06-26 11:00:00Z;268,1975;0;3
1959-06-27 11:00:00Z;278,1823;0;3
1959-06-28 11:00:00Z;218,411;0;3
1959-06-29 11:00:00Z;188,927;0;3
1959-06-30 11:00:00Z;185,8264;0;3
1959-07-01 11:00:00Z;182,7602;0;3
1959-07-02 11:00:00Z;185,8264;0;3
1959-07-03 11:00:00Z;162,242;0;3
1959-07-04 11:00:00Z;144,6298;0;3
1959-07-05 11:00:00Z;131,9912;0;3
1959-07-06 11:00:00Z;195,2321;0;3
1959-07-07 11:00:00Z;243,3695;0;3
1959-07-08 11:00:00Z;313,9935;0;3
1959-07-09 11:00:00Z;331,8669;0;3
1959-07-10 11:00:00Z;334,1479;0;3
1959-07-11 11:00:00Z;252,7274;0;3
1959-07-12 11:00:00Z;208,2632;0;3
1959-07-13 11:00:00Z;225,3575;0;3
1959-07-14 11:00:00Z;237,8681;0;3
1959-07-15 11:00:00Z;230,6636;0;3
1959-07-16 11:00:00Z;117,831;0;3
1959-07-17 11:00:00Z;108,9812;0;3
1959-07-18 11:00:00Z;121,2702;0;3
1959-07-19 11:00:00Z;185,8264;0;3
1959-07-20 11:00:00Z;181,2399;0;3
1959-07-21 11:00:00Z;153,9444;0;3
1959-07-22 11:00:00Z;162,242;0;3
1959-07-23 11:00:00Z;143,3309;0;3
1959-07-24 11:00:00Z;182,7602;0;3
1959-07-25 11:00:00Z;170,8348;0;3
1959-07-26 11:00:00Z;143,3309;0;3
1959-07-27 11:00:00Z;120,1164;0;3
1959-07-28 11:00:00Z;91,67979;0;3
1959-07-29 11:00:00Z;92,64243;0;3
1959-07-30 11:00:00Z;87,89639;0;3
1959-07-31 11:00:00Z;86,04465;0;3
1959-08-01 11:00:00Z;86,96721;0;3
1959-08-02 11:00:00Z;86,04465;0;3
1959-08-03 11:00:00Z;86,04465;0;3
1959-08-04 11:00:00Z;86,96721;0;3
1959-08-05 11:00:00Z;86,04465;0;3
1959-08-06 11:00:00Z;80,64693;0;3
1959-08-07 11:00:00Z;123,6001;0;3
1959-08-08 11:00:00Z;139,4811;0;3
1959-08-09 11:00:00Z;182,7602;0;3
1959-08-10 11:00:00Z;131,9912;0;3
1959-08-11 11:00:00Z;96,56087;0;3
1959-08-12 11:00:00Z;87,89639;0;3
1959-08-13 11:00:00Z;96,56087;0;3
1959-08-14 11:00:00Z;102,6449;0;3
1959-08-15 11:00:00Z;98,56119;0;3
1959-08-16 11:00:00Z;98,56119;0;3
1959-08-17 11:00:00Z;89,7747;0;3
1959-08-18 11:00:00Z;88,83221;0;3
1959-08-19 11:00:00Z;170,8348;0;3
1959-08-20 11:00:00Z;130,7697;0;3
1959-08-21 11:00:00Z;103,6833;0;3
1959-08-22 11:00:00Z;89,7747;0;3
1959-08-23 11:00:00Z;84,21928;0;3
1959-08-24 11:00:00Z;211,6098;0;3
1959-08-25 11:00:00Z;256,5371;0;3
1959-08-26 11:00:00Z;247,0842;0;3
1959-08-27 11:00:00Z;228,8857;0;3
1959-08-28 11:00:00Z;139,4811;0;3
1959-08-29 11:00:00Z;113,3481;0;3
1959-08-30 11:00:00Z;93,61183;0;3
1959-08-31 11:00:00Z;83,31644;0;3
1959-09-01 11:00:00Z;98,56119;0;3
1959-09-02 11:00:00Z;105,7812;0;3
1959-09-03 11:00:00Z;93,61183;0;3
1959-09-04 11:00:00Z;86,96721;0;3
1959-09-05 11:00:00Z;88,83221;0;3
1959-09-06 11:00:00Z;87,89639;0;3
1959-09-07 11:00:00Z;88,83221;0;3
1959-09-08 11:00:00Z;84,21928;0;3
1959-09-09 11:00:00Z;95,57103;0;3
1959-09-10 11:00:00Z;336,4395;0;3
1959-09-11 11:00:00Z;855,6278;0;3
1959-09-12 11:00:00Z;665,5244;0;3
1959-09-13 11:00:00Z;555,9933;0;3
1959-09-14 11:00:00Z;384,5154;0;3
1959-09-15 11:00:00Z;301,0211;0;3
1959-09-16 11:00:00Z;218,411;0;3
1959-09-17 11:00:00Z;198,437;0;3
1959-09-18 11:00:00Z;138,2135;0;3
1959-09-19 11:00:00Z;179,7281;0;3
1959-09-20 11:00:00Z;195,2321;0;3
1959-09-21 11:00:00Z;262,3239;0;3
1959-09-22 11:00:00Z;179,7281;0;3
1959-09-23 11:00:00Z;138,2135;0;3
1959-09-24 11:00:00Z;116,6993;0;3
1959-09-25 11:00:00Z;100,5891;0;3
1959-09-26 11:00:00Z;91,67979;0;3
1959-09-27 11:00:00Z;84,21928;0;3
1959-09-28 11:00:00Z;78,89957;0;3
1959-09-29 11:00:00Z;73,81033;0;3
1959-09-30 11:00:00Z;115,5749;0;3
1959-10-01 11:00:00Z;91,67979;0;3
1959-10-02 11:00:00Z;85,12867;0;3
1959-10-03 11:00:00Z;86,96721;0;3
1959-10-04 11:00:00Z;87,89639;0;3
1959-10-05 11:00:00Z;110,0621;0;3
1959-10-06 11:00:00Z;108,9812;0;3
1959-10-07 11:00:00Z;98,56119;0;3
1959-10-08 11:00:00Z;89,7747;0;3
1959-10-09 11:00:00Z;82,42011;0;3
1959-10-10 11:00:00Z;78,03549;0;3
1959-10-11 11:00:00Z;73,81033;0;3
1959-10-12 11:00:00Z;70,54296;0;3
1959-10-13 11:00:00Z;66,5972;0;3
1959-10-14 11:00:00Z;62,80245;0;3
1959-10-15 11:00:00Z;62,80245;0;3
1959-10-16 11:00:00Z;211,6098;0;3
1959-10-17 11:00:00Z;155,307;0;3
1959-10-18 11:00:00Z;105,7812;0;3
1959-10-19 11:00:00Z;87,89639;0;3
1959-10-20 11:00:00Z;78,89957;0;3
1959-10-21 11:00:00Z;72,98416;0;3
1959-10-22 11:00:00Z;67,37418;0;3
1959-10-23 11:00:00Z;62,06135;0;3
1959-10-24 11:00:00Z;54,97072;0;3
1959-10-25 11:00:00Z;53,62123;0;3
1959-10-26 11:00:00Z;53,62123;0;3
1959-10-27 11:00:00Z;52,9549;0;3
1959-10-28 11:00:00Z;50,98934;0;3
1959-10-29 11:00:00Z;69,74158;0;3
1959-10-30 11:00:00Z;72,98416;0;3
1959-10-31 11:00:00Z;61,32616;0;3
1959-11-01 11:00:00Z;59,1557;0;3
1959-11-02 11:00:00Z;67,37418;0;3
1959-11-03 11:00:00Z;68,15722;0;3
1959-11-04 11:00:00Z;82,42011;0;3
1959-11-05 11:00:00Z;71,3505;0;3
1959-11-06 11:00:00Z;62,80245;0;3
1959-11-07 11:00:00Z;58,44384;0;3
1959-11-08 11:00:00Z;54,29316;0;3
1959-11-09 11:00:00Z;52,29416;0;3
1959-11-10 11:00:00Z;52,29416;0;3
1959-11-11 11:00:00Z;51,63898;0;3
1959-11-12 11:00:00Z;51,63898;0;3
1959-11-13 11:00:00Z;50,98934;0;3
1959-11-14 11:00:00Z;50,34521;0;3
1959-11-15 11:00:00Z;49,07338;0;3
1959-11-16 11:00:00Z;40,76907;0;3
1959-11-17 11:00:00Z;38,04911;0;3
1959-11-18 11:00:00Z;35,96301;0;3
1959-11-19 11:00:00Z;36,47715;0;3
1959-11-20 11:00:00Z;35,45377;0;3
1959-11-21 11:00:00Z;34,94939;0;3
1959-11-22 11:00:00Z;34,94939;0;3
1959-11-23 11:00:00Z;34,44986;0;3
1959-11-24 11:00:00Z;33,95514;0;3
1959-11-25 11:00:00Z;33,46521;0;3
1959-11-26 11:00:00Z;32,98006;0;3
1959-11-27 11:00:00Z;32,49965;0;3
1959-11-28 11:00:00Z;32,02397;0;3
1959-11-29 11:00:00Z;31,55298;0;3
1959-11-30 11:00:00Z;31,55298;0;3
1959-12-01 11:00:00Z;31,08667;0;3
1959-12-02 11:00:00Z;30,625;0;3
1959-12-03 11:00:00Z;30,16797;0;3
1959-12-04 11:00:00Z;29,71554;0;3
1959-12-05 11:00:00Z;29,71554;0;3
1959-12-06 11:00:00Z;29,71554;0;3
1959-12-07 11:00:00Z;29,26768;0;3
1959-12-08 11:00:00Z;29,26768;0;3
1959-12-09 11:00:00Z;29,26768;0;3
1959-12-10 11:00:00Z;29,26768;0;3
1959-12-11 11:00:00Z;29,26768;0;3
1959-12-12 11:00:00Z;29,26768;0;3
1959-12-13 11:00:00Z;29,26768;0;3
1959-12-14 11:00:00Z;29,26768;0;3
1959-12-15 11:00:00Z;29,26768;0;3
1959-12-16 11:00:00Z;29,26768;0;3
1959-12-17 11:00:00Z;29,26768;0;3
1959-12-18 11:00:00Z;29,26768;0;3
1959-12-19 11:00:00Z;29,26768;0;3
1959-12-20 11:00:00Z;29,26768;0;3
1959-12-21 11:00:00Z;29,26768;0;3
1959-12-22 11:00:00Z;29,26768;0;3
1959-12-23 11:00:00Z;29,26768;0;3
1959-12-24 11:00:00Z;29,26768;0;3
1959-12-25 11:00:00Z;29,26768;0;3
1959-12-26 11:00:00Z;29,26768;0;3
1959-12-27 11:00:00Z;29,26768;0;3
1959-12-28 11:00:00Z;29,26768;0;3
1959-12-29 11:00:00Z;29,26768;0;3
1959-12-30 11:00:00Z;29,26768;0;3
1959-12-31 11:00:00Z;30,16797;0;3
1960-01-01 11:00:00Z;33,46521;0;3
1960-01-02 11:00:00Z;32,98006;0;3
1960-01-03 11:00:00Z;31,55298;0;3
1960-01-04 11:00:00Z;31,55298;0;3
1960-01-05 11:00:00Z;30,625;0;3
1960-01-06 11:00:00Z;31,55298;0;3
1960-01-07 11:00:00Z;31,55298;0;3
1960-01-08 11:00:00Z;30,16797;0;3
1960-01-09 11:00:00Z;29,26768;0;3
1960-01-10 11:00:00Z;31,08667;0;3
1960-01-11 11:00:00Z;32,02397;0;3
1960-01-12 11:00:00Z;31,55298;0;3
1960-01-13 11:00:00Z;30,16797;0;3
1960-01-14 11:00:00Z;30,16797;0;3
1960-01-15 11:00:00Z;30,16797;0;3
1960-01-16 11:00:00Z;29,71554;0;3
1960-01-17 11:00:00Z;30,16797;0;3
1960-01-18 11:00:00Z;30,16797;0;3
1960-01-19 11:00:00Z;30,16797;0;3
1960-01-20 11:00:00Z;30,16797;0;3
1960-01-21 11:00:00Z;30,16797;0;3
1960-01-22 11:00:00Z;30,16797;0;3
1960-01-23 11:00:00Z;30,16797;0;3
1960-01-24 11:00:00Z;30,16797;0;3
1960-01-25 11:00:00Z;30,16797;0;3
1960-01-26 11:00:00Z;30,16797;0;3
1960-01-27 11:00:00Z;30,16797;0;3
1960-01-28 11:00:00Z;30,16797;0;3
1960-01-29 11:00:00Z;30,16797;0;3
1960-01-30 11:00:00Z;30,16797;0;3
1960-01-31 11:00:00Z;30,16797;0;3
1960-02-01 11:00:00Z;30,16797;0;3
1960-02-02 11:00:00Z;30,16797;0;3
1960-02-03 11:00:00Z;30,16797;0;3
1960-02-04 11:00:00Z;30,16797;0;3
1960-02-05 11:00:00Z;30,16797;0;3
1960-02-06 11:00:00Z;30,625;0;3
1960-02-07 11:00:00Z;31,08667;0;3
1960-02-08 11:00:00Z;49,07338;0;3
1960-02-09 11:00:00Z;296,7784;0;3
1960-02-10 11:00:00Z;98,56119;0;3
1960-02-11 11:00:00Z;72,16423;0;3
1960-02-12 11:00:00Z;65,06135;0;3
1960-02-13 11:00:00Z;61,32616;0;3
1960-02-14 11:00:00Z;57,73776;0;3
1960-02-15 11:00:00Z;54,29316;0;3
1960-02-16 11:00:00Z;50,98934;0;3
1960-02-17 11:00:00Z;48,44564;0;3
1960-02-18 11:00:00Z;45,98858;0;3
1960-02-19 11:00:00Z;44,79207;0;3
1960-02-20 11:00:00Z;43,61664;0;3
1960-02-21 11:00:00Z;42,46211;0;3
1960-02-22 11:00:00Z;41,32829;0;3
1960-02-23 11:00:00Z;40,21497;0;3
1960-02-24 11:00:00Z;39,12197;0;3
1960-02-25 11:00:00Z;38,04911;0;3
1960-02-26 11:00:00Z;36,99619;0;3
1960-02-27 11:00:00Z;35,96301;0;3
1960-02-28 11:00:00Z;34,94939;0;3
1960-02-29 11:00:00Z;34,44986;0;3
1960-03-01 11:00:00Z;33,95514;0;3
1960-03-02 11:00:00Z;33,46521;0;3
1960-03-03 11:00:00Z;33,46521;0;3
1960-03-04 11:00:00Z;32,98006;0;3
1960-03-05 11:00:00Z;32,98006;0;3
1960-03-06 11:00:00Z;32,98006;0;3
1960-03-07 11:00:00Z;32,98006;0;3
1960-03-08 11:00:00Z;32,98006;0;3
1960-03-09 11:00:00Z;32,98006;0;3
1960-03-10 11:00:00Z;32,98006;0;3
1960-03-11 11:00:00Z;32,98006;0;3
1960-03-12 11:00:00Z;32,98006;0;3
1960-03-13 11:00:00Z;32,98006;0;3
1960-03-14 11:00:00Z;32,98006;0;3
1960-03-15 11:00:00Z;32,98006;0;3
1960-03-16 11:00:00Z;33,46521;0;3
1960-03-17 11:00:00Z;33,95514;0;3
1960-03-18 11:00:00Z;33,95514;0;3
1960-03-19 11:00:00Z;33,95514;0;3
1960-03-20 11:00:00Z;33,95514;0;3
1960-03-21 11:00:00Z;33,95514;0;3
1960-03-22 11:00:00Z;33,95514;0;3
1960-03-23 11:00:00Z;34,44986;0;3
1960-03-24 11:00:00Z;34,94939;0;3
1960-03-25 11:00:00Z;34,94939;0;3
1960-03-26 11:00:00Z;34,94939;0;3
1960-03-27 11:00:00Z;34,44986;0;3
1960-03-28 11:00:00Z;34,94939;0;3
1960-03-29 11:00:00Z;33,95514;0;3
1960-03-30 11:00:00Z;32,98006;0;3
1960-03-31 11:00:00Z;32,02397;0;3
1960-04-01 11:00:00Z;31,55298;0;3
1960-04-02 11:00:00Z;31,55298;0;3
1960-04-03 11:00:00Z;31,55298;0;3
1960-04-04 11:00:00Z;30,625;0;3
1960-04-05 11:00:00Z;30,625;0;3
1960-04-06 11:00:00Z;31,08667;0;3
1960-04-07 11:00:00Z;33,46521;0;3
1960-04-08 11:00:00Z;40,76907;0;3
1960-04-09 11:00:00Z;43,61664;0;3
1960-04-10 11:00:00Z;46,59481;0;3
1960-04-11 11:00:00Z;50,34521;0;3
1960-04-12 11:00:00Z;45,98858;0;3
1960-04-13 11:00:00Z;44,20173;0;3
1960-04-14 11:00:00Z;47,82331;0;3
1960-04-15 11:00:00Z;56,34283;0;3
1960-04-16 11:00:00Z;62,80245;0;3
1960-04-17 11:00:00Z;59,87335;0;3
1960-04-18 11:00:00Z;55,65394;0;3
1960-04-19 11:00:00Z;57,03743;0;3
1960-04-20 11:00:00Z;74,64275;0;3
1960-04-21 11:00:00Z;88,83221;0;3
1960-04-22 11:00:00Z;83,31644;0;3
1960-04-23 11:00:00Z;67,37418;0;3
1960-04-24 11:00:00Z;61,32616;0;3
1960-04-25 11:00:00Z;55,65394;0;3
1960-04-26 11:00:00Z;59,1557;0;3
1960-04-27 11:00:00Z;59,87335;0;3
1960-04-28 11:00:00Z;59,1557;0;3
1960-04-29 11:00:00Z;54,97072;0;3
1960-04-30 11:00:00Z;55,65394;0;3
1960-05-01 11:00:00Z;58,44384;0;3
1960-05-02 11:00:00Z;59,1557;0;3
1960-05-03 11:00:00Z;59,1557;0;3
1960-05-04 11:00:00Z;59,87335;0;3
1960-05-05 11:00:00Z;64,30242;0;3
1960-05-06 11:00:00Z;78,03549;0;3
1960-05-07 11:00:00Z;90,72388;0;3
1960-05-08 11:00:00Z;118,97;0;3
1960-05-09 11:00:00Z;153,9444;0;3
1960-05-10 11:00:00Z;182,7602;0;3
1960-05-11 11:00:00Z;195,2321;0;3
1960-05-12 11:00:00Z;209,932;0;3
1960-05-13 11:00:00Z;254,6275;0;3
1960-05-14 11:00:00Z;276,1657;0;3
1960-05-15 11:00:00Z;276,1657;0;3
1960-05-16 11:00:00Z;286,3475;0;3
1960-05-17 11:00:00Z;286,3475;0;3
1960-05-18 11:00:00Z;286,3475;0;3
1960-05-19 11:00:00Z;322,8471;0;3
1960-05-20 11:00:00Z;382,0084;0;3
1960-05-21 11:00:00Z;228,8857;0;3
1960-05-22 11:00:00Z;192,0622;0;3
1960-05-23 11:00:00Z;165,0732;0;3
1960-05-24 11:00:00Z;220,1339;0;3
1960-05-25 11:00:00Z;272,1621;0;3
1960-05-26 11:00:00Z;331,8669;0;3
1960-05-27 11:00:00Z;428,8391;0;3
1960-05-28 11:00:00Z;546,3943;0;3
1960-05-29 11:00:00Z;643,974;0;3
1960-05-30 11:00:00Z;546,3943;0;3
1960-05-31 11:00:00Z;418,1169;0;3
1960-06-01 11:00:00Z;418,1169;0;3
1960-06-02 11:00:00Z;612,5348;0;3
1960-06-03 11:00:00Z;410,1945;0;3
1960-06-04 11:00:00Z;491,127;0;3
1960-06-05 11:00:00Z;426,1415;0;3
1960-06-06 11:00:00Z;322,8471;0;3
1960-06-07 11:00:00Z;282,2451;0;3
1960-06-08 11:00:00Z;256,5371;0;3
1960-06-09 11:00:00Z;204,9523;0;3
1960-06-10 11:00:00Z;159,4436;0;3
1960-06-11 11:00:00Z;158,0566;0;3
1960-06-12 11:00:00Z;160,8387;0;3
1960-06-13 11:00:00Z;160,8387;0;3
1960-06-14 11:00:00Z;159,4436;0;3
1960-06-15 11:00:00Z;156,6778;0;3
1960-06-16 11:00:00Z;143,3309;0;3
1960-06-17 11:00:00Z;125,9598;0;3
1960-06-18 11:00:00Z;138,2135;0;3
1960-06-19 11:00:00Z;203,3102;0;3
1960-06-20 11:00:00Z;125,9598;0;3
1960-06-21 11:00:00Z;124,7762;0;3
1960-06-22 11:00:00Z;120,1164;0;3
1960-06-23 11:00:00Z;120,1164;0;3
1960-06-24 11:00:00Z;113,3481;0;3
1960-06-25 11:00:00Z;108,9812;0;3
1960-06-26 11:00:00Z;107,9074;0;3
1960-06-27 11:00:00Z;104,7287;0;3
1960-06-28 11:00:00Z;105,7812;0;3
1960-06-29 11:00:00Z;117,831;0;3
1960-06-30 11:00:00Z;286,3475;0;3
1960-07-01 11:00:00Z;172,296;0;3
1960-07-02 11:00:00Z;144,6298;0;3
1960-07-03 11:00:00Z;138,2135;0;3
1960-07-04 11:00:00Z;116,6993;0;3
1960-07-05 11:00:00Z;107,9074;0;3
1960-07-06 11:00:00Z;107,9074;0;3
1960-07-07 11:00:00Z;106,8407;0;3
1960-07-08 11:00:00Z;102,6449;0;3
1960-07-09 11:00:00Z;101,6135;0;3
1960-07-10 11:00:00Z;100,5891;0;3
1960-07-11 11:00:00Z;104,7287;0;3
1960-07-12 11:00:00Z;103,6833;0;3
1960-07-13 11:00:00Z;125,9598;0;3
1960-07-14 11:00:00Z;108,9812;0;3
1960-07-15 11:00:00Z;98,56119;0;3
1960-07-16 11:00:00Z;92,64243;0;3
1960-07-17 11:00:00Z;84,21928;0;3
1960-07-18 11:00:00Z;187,3724;0;3
1960-07-19 11:00:00Z;88,83221;0;3
1960-07-20 11:00:00Z;88,83221;0;3
1960-07-21 11:00:00Z;111,1502;0;3
1960-07-22 11:00:00Z;89,7747;0;3
1960-07-23 11:00:00Z;84,21928;0;3
1960-07-24 11:00:00Z;78,03549;0;3
1960-07-25 11:00:00Z;75,48145;0;3
1960-07-26 11:00:00Z;72,16423;0;3
1960-07-27 11:00:00Z;69,74158;0;3
1960-07-28 11:00:00Z;74,64275;0;3
1960-07-29 11:00:00Z;163,6535;0;3
1960-07-30 11:00:00Z;125,9598;0;3
1960-07-31 11:00:00Z;124,7762;0;3
1960-08-01 11:00:00Z;98,56119;0;3
1960-08-02 11:00:00Z;91,67979;0;3
1960-08-03 11:00:00Z;89,7747;0;3
1960-08-04 11:00:00Z;63,54947;0;3
1960-08-05 11:00:00Z;59,87335;0;3
1960-08-06 11:00:00Z;62,80245;0;3
1960-08-07 11:00:00Z;62,06135;0;3
1960-08-08 11:00:00Z;62,06135;0;3
1960-08-09 11:00:00Z;87,89639;0;3
1960-08-10 11:00:00Z;86,96721;0;3
1960-08-11 11:00:00Z;85,12867;0;3
1960-08-12 11:00:00Z;76,32646;0;3
1960-08-13 11:00:00Z;73,81033;0;3
1960-08-14 11:00:00Z;71,3505;0;3
1960-08-15 11:00:00Z;120,1164;0;3
1960-08-16 11:00:00Z;151,2432;0;3
1960-08-17 11:00:00Z;118,97;0;3
1960-08-18 11:00:00Z;108,9812;0;3
1960-08-19 11:00:00Z;98,56119;0;3
1960-08-20 11:00:00Z;93,61183;0;3
1960-08-21 11:00:00Z;286,3475;0;3
1960-08-22 11:00:00Z;456,4493;0;3
1960-08-23 11:00:00Z;256,5371;0;3
1960-08-24 11:00:00Z;195,2321;0;3
1960-08-25 11:00:00Z;200,0526;0;3
1960-08-26 11:00:00Z;196,8302;0;3
1960-08-27 11:00:00Z;165,0732;0;3
1960-08-28 11:00:00Z;120,1164;0;3
1960-08-29 11:00:00Z;108,9812;0;3
1960-08-30 11:00:00Z;99,57169;0;3
1960-08-31 11:00:00Z;90,72388;0;3
1960-09-01 11:00:00Z;101,6135;0;3
1960-09-02 11:00:00Z;96,56087;0;3
1960-09-03 11:00:00Z;93,61183;0;3
1960-09-04 11:00:00Z;89,7747;0;3
1960-09-05 11:00:00Z;84,21928;0;3
1960-09-06 11:00:00Z;78,89957;0;3
1960-09-07 11:00:00Z;74,64275;0;3
1960-09-08 11:00:00Z;70,54296;0;3
1960-09-09 11:00:00Z;67,37418;0;3
1960-09-10 11:00:00Z;84,21928;0;3
1960-09-11 11:00:00Z;93,61183;0;3
1960-09-12 11:00:00Z;78,03549;0;3
1960-09-13 11:00:00Z;86,96721;0;3
1960-09-14 11:00:00Z;83,31644;0;3
1960-09-15 11:00:00Z;79,77004;0;3
1960-09-16 11:00:00Z;76,32646;0;3
1960-09-17 11:00:00Z;71,3505;0;3
1960-09-18 11:00:00Z;66,5972;0;3
1960-09-19 11:00:00Z;64,30242;0;3
1960-09-20 11:00:00Z;64,30242;0;3
1960-09-21 11:00:00Z;72,16423;0;3
1960-09-22 11:00:00Z;71,3505;0;3
1960-09-23 11:00:00Z;66,5972;0;3
1960-09-24 11:00:00Z;76,32646;0;3
1960-09-25 11:00:00Z;121,2702;0;3
1960-09-26 11:00:00Z;124,7762;0;3
1960-09-27 11:00:00Z;95,57103;0;3
1960-09-28 11:00:00Z;82,42011;0;3
1960-09-29 11:00:00Z;75,48145;0;3
1960-09-30 11:00:00Z;70,54296;0;3
1960-10-01 11:00:00Z;66,5972;0;3
1960-10-02 11:00:00Z;64,30242;0;3
1960-10-03 11:00:00Z;59,87335;0;3
1960-10-04 11:00:00Z;58,44384;0;3
1960-10-05 11:00:00Z;57,03743;0;3
1960-10-06 11:00:00Z;55,65394;0;3
1960-10-07 11:00:00Z;53,62123;0;3
1960-10-08 11:00:00Z;54,29316;0;3
1960-10-09 11:00:00Z;52,9549;0;3
1960-10-10 11:00:00Z;50,98934;0;3
1960-10-11 11:00:00Z;49,70656;0;3
1960-10-12 11:00:00Z;48,44564;0;3
1960-10-13 11:00:00Z;46,59481;0;3
1960-10-14 11:00:00Z;45,98858;0;3
1960-10-15 11:00:00Z;45,38768;0;3
1960-10-16 11:00:00Z;45,38768;0;3
1960-10-17 11:00:00Z;45,38768;0;3
1960-10-18 11:00:00Z;49,07338;0;3
1960-10-19 11:00:00Z;47,20638;0;3
1960-10-20 11:00:00Z;45,38768;0;3
1960-10-21 11:00:00Z;41,32829;0;3
1960-10-22 11:00:00Z;39,12197;0;3
1960-10-23 11:00:00Z;38,04911;0;3
1960-10-24 11:00:00Z;36,99619;0;3
1960-10-25 11:00:00Z;35,45377;0;3
1960-10-26 11:00:00Z;33,95514;0;3
1960-10-27 11:00:00Z;32,98006;0;3
1960-10-28 11:00:00Z;32,02397;0;3
1960-10-29 11:00:00Z;31,08667;0;3
1960-10-30 11:00:00Z;30,16797;0;3
1960-10-31 11:00:00Z;29,26768;0;3
1960-11-01 11:00:00Z;28,82438;0;3
1960-11-02 11:00:00Z;28,38562;0;3
1960-11-03 11:00:00Z;27,95136;0;3
1960-11-04 11:00:00Z;27,95136;0;3
1960-11-05 11:00:00Z;27,52159;0;3
1960-11-06 11:00:00Z;27,52159;0;3
1960-11-07 11:00:00Z;27,52159;0;3
1960-11-08 11:00:00Z;27,52159;0;3
1960-11-09 11:00:00Z;27,52159;0;3
1960-11-10 11:00:00Z;27,52159;0;3
1960-11-11 11:00:00Z;27,52159;0;3
1960-11-12 11:00:00Z;27,52159;0;3
1960-11-13 11:00:00Z;27,52159;0;3
1960-11-14 11:00:00Z;27,52159;0;3
1960-11-15 11:00:00Z;27,52159;0;3
1960-11-16 11:00:00Z;27,52159;0;3
1960-11-17 11:00:00Z;27,52159;0;3
1960-11-18 11:00:00Z;27,52159;0;3
1960-11-19 11:00:00Z;27,52159;0;3
1960-11-20 11:00:00Z;27,52159;0;3
1960-11-21 11:00:00Z;27,95136;0;3
1960-11-22 11:00:00Z;27,95136;0;3
1960-11-23 11:00:00Z;28,38562;0;3
1960-11-24 11:00:00Z;29,71554;0;3
1960-11-25 11:00:00Z;30,16797;0;3
1960-11-26 11:00:00Z;31,08667;0;3
1960-11-27 11:00:00Z;33,46521;0;3
1960-11-28 11:00:00Z;34,94939;0;3
1960-11-29 11:00:00Z;36,47715;0;3
1960-11-30 11:00:00Z;35,45377;0;3
1960-12-01 11:00:00Z;34,94939;0;3
1960-12-02 11:00:00Z;36,99619;0;3
1960-12-03 11:00:00Z;44,20173;0;3
1960-12-04 11:00:00Z;41,32829;0;3
1960-12-05 11:00:00Z;38,04911;0;3
1960-12-06 11:00:00Z;34,94939;0;3
1960-12-07 11:00:00Z;33,46521;0;3
1960-12-08 11:00:00Z;32,49965;0;3
1960-12-09 11:00:00Z;32,02397;0;3
1960-12-10 11:00:00Z;31,55298;0;3
1960-12-11 11:00:00Z;31,08667;0;3
1960-12-12 11:00:00Z;31,08667;0;3
1960-12-13 11:00:00Z;30,625;0;3
1960-12-14 11:00:00Z;30,625;0;3
1960-12-15 11:00:00Z;30,625;0;3
1960-12-16 11:00:00Z;30,625;0;3
1960-12-17 11:00:00Z;31,08667;0;3
1960-12-18 11:00:00Z;35,45377;0;3
1960-12-19 11:00:00Z;34,94939;0;3
1960-12-20 11:00:00Z;32,98006;0;3
1960-12-21 11:00:00Z;32,49965;0;3
1960-12-22 11:00:00Z;30,16797;0;3
1960-12-23 11:00:00Z;29,26768;0;3
1960-12-24 11:00:00Z;28,82438;0;3
1960-12-25 11:00:00Z;28,38562;0;3
1960-12-26 11:00:00Z;27,95136;0;3
1960-12-27 11:00:00Z;27,95136;0;3
1960-12-28 11:00:00Z;27,52159;0;3
1960-12-29 11:00:00Z;27,52159;0;3
1960-12-30 11:00:00Z;27,09628;0;3
1960-12-31 11:00:00Z;27,09628;0;3
1961-01-01 11:00:00Z;27,09628;0;3
1961-01-02 11:00:00Z;27,09628;0;3
1961-01-03 11:00:00Z;26,6754;0;3
1961-01-04 11:00:00Z;26,6754;0;3
1961-01-05 11:00:00Z;26,6754;0;3
1961-01-06 11:00:00Z;26,6754;0;3
1961-01-07 11:00:00Z;26,6754;0;3
1961-01-08 11:00:00Z;26,6754;0;3
1961-01-09 11:00:00Z;26,6754;0;3
1961-01-10 11:00:00Z;26,6754;0;3
1961-01-11 11:00:00Z;26,6754;0;3
1961-01-12 11:00:00Z;27,09628;0;3
1961-01-13 11:00:00Z;27,52159;0;3
1961-01-14 11:00:00Z;28,38562;0;3
1961-01-15 11:00:00Z;29,71554;0;3
1961-01-16 11:00:00Z;32,02397;0;3
1961-01-17 11:00:00Z;34,44986;0;3
1961-01-18 11:00:00Z;39,66595;0;3
1961-01-19 11:00:00Z;37,52017;0;3
1961-01-20 11:00:00Z;33,95514;0;3
1961-01-21 11:00:00Z;34,44986;0;3
1961-01-22 11:00:00Z;34,44986;0;3
1961-01-23 11:00:00Z;33,95514;0;3
1961-01-24 11:00:00Z;32,98006;0;3
1961-01-25 11:00:00Z;30,625;0;3
1961-01-26 11:00:00Z;31,55298;0;3
1961-01-27 11:00:00Z;32,02397;0;3
1961-01-28 11:00:00Z;32,49965;0;3
1961-01-29 11:00:00Z;35,45377;0;3
1961-01-30 11:00:00Z;34,94939;0;3
1961-01-31 11:00:00Z;34,94939;0;3
1961-02-01 11:00:00Z;33,95514;0;3
1961-02-02 11:00:00Z;33,46521;0;3
1961-02-03 11:00:00Z;32,02397;0;3
1961-02-04 11:00:00Z;32,02397;0;3
1961-02-05 11:00:00Z;32,02397;0;3
1961-02-06 11:00:00Z;34,94939;0;3
1961-02-07 11:00:00Z;32,98006;0;3
1961-02-08 11:00:00Z;33,95514;0;3
1961-02-09 11:00:00Z;32,02397;0;3
1961-02-10 11:00:00Z;30,16797;0;3
1961-02-11 11:00:00Z;31,55298;0;3
1961-02-12 11:00:00Z;32,02397;0;3
1961-02-13 11:00:00Z;32,49965;0;3
1961-02-14 11:00:00Z;45,38768;0;3
1961-02-15 11:00:00Z;104,7287;0;3
1961-02-16 11:00:00Z;85,12867;0;3
1961-02-17 11:00:00Z;213,2966;0;3
1961-02-18 11:00:00Z;788,6829;0;3
1961-02-19 11:00:00Z;357,5406;0;3
1961-02-20 11:00:00Z;437,0009;0;3
1961-02-21 11:00:00Z;252,7274;0;3
1961-02-22 11:00:00Z;158,0566;0;3
1961-02-23 11:00:00Z;147,2513;0;3
1961-02-24 11:00:00Z;158,0566;0;3
1961-02-25 11:00:00Z;136,9536;0;3
1961-02-26 11:00:00Z;98,56119;0;3
1961-02-27 11:00:00Z;87,89639;0;3
1961-02-28 11:00:00Z;158,0566;0;3
1961-03-01 11:00:00Z;122,4314;0;3
1961-03-02 11:00:00Z;90,72388;0;3
1961-03-03 11:00:00Z;86,04465;0;3
1961-03-04 11:00:00Z;252,7274;0;3
1961-03-05 11:00:00Z;129,5559;0;3
1961-03-06 11:00:00Z;855,6278;0;3
1961-03-07 11:00:00Z;647,5327;0;3
1961-03-08 11:00:00Z;284,2913;0;3
1961-03-09 11:00:00Z;309,6285;0;3
1961-03-10 11:00:00Z;605,6912;0;3
1961-03-11 11:00:00Z;515,202;0;3
1961-03-12 11:00:00Z;303,1577;0;3
1961-03-13 11:00:00Z;243,3695;0;3
1961-03-14 11:00:00Z;200,0526;0;3
1961-03-15 11:00:00Z;179,7281;0;3
1961-03-16 11:00:00Z;144,6298;0;3
1961-03-17 11:00:00Z;133,2203;0;3
1961-03-18 11:00:00Z;120,1164;0;3
1961-03-19 11:00:00Z;114,4579;0;3
1961-03-20 11:00:00Z;100,5891;0;3
1961-03-21 11:00:00Z;98,56119;0;3
1961-03-22 11:00:00Z;86,96721;0;3
1961-03-23 11:00:00Z;85,12867;0;3
1961-03-24 11:00:00Z;84,21928;0;3
1961-03-25 11:00:00Z;73,81033;0;3
1961-03-26 11:00:00Z;71,3505;0;3
1961-03-27 11:00:00Z;69,74158;0;3
1961-03-28 11:00:00Z;67,37418;0;3
1961-03-29 11:00:00Z;64,30242;0;3
1961-03-30 11:00:00Z;62,80245;0;3
1961-03-31 11:00:00Z;59,1557;0;3
1961-04-01 11:00:00Z;59,1557;0;3
1961-04-02 11:00:00Z;55,65394;0;3
1961-04-03 11:00:00Z;54,29316;0;3
1961-04-04 11:00:00Z;53,62123;0;3
1961-04-05 11:00:00Z;52,9549;0;3
1961-04-06 11:00:00Z;49,70656;0;3
1961-04-07 11:00:00Z;49,07338;0;3
1961-04-08 11:00:00Z;48,44564;0;3
1961-04-09 11:00:00Z;48,44564;0;3
1961-04-10 11:00:00Z;47,82331;0;3
1961-04-11 11:00:00Z;46,59481;0;3
1961-04-12 11:00:00Z;45,98858;0;3
1961-04-13 11:00:00Z;45,98858;0;3
1961-04-14 11:00:00Z;47,20638;0;3
1961-04-15 11:00:00Z;46,59481;0;3
1961-04-16 11:00:00Z;52,9549;0;3
1961-04-17 11:00:00Z;55,65394;0;3
1961-04-18 11:00:00Z;55,65394;0;3
1961-04-19 11:00:00Z;55,65394;0;3
1961-04-20 11:00:00Z;48,44564;0;3
1961-04-21 11:00:00Z;47,82331;0;3
1961-04-22 11:00:00Z;47,82331;0;3
1961-04-23 11:00:00Z;48,44564;0;3
1961-04-24 11:00:00Z;56,34283;0;3
1961-04-25 11:00:00Z;64,30242;0;3
1961-04-26 11:00:00Z;72,98416;0;3
1961-04-27 11:00:00Z;82,42011;0;3
1961-04-28 11:00:00Z;80,64693;0;3
1961-04-29 11:00:00Z;73,81033;0;3
1961-04-30 11:00:00Z;70,54296;0;3
1961-05-01 11:00:00Z;68,94634;0;3
1961-05-02 11:00:00Z;76,32646;0;3
1961-05-03 11:00:00Z;87,89639;0;3
1961-05-04 11:00:00Z;112,2455;0;3
1961-05-05 11:00:00Z;162,242;0;3
1961-05-06 11:00:00Z;190,4903;0;3
1961-05-07 11:00:00Z;200,0526;0;3
1961-05-08 11:00:00Z;190,4903;0;3
1961-05-09 11:00:00Z;203,3102;0;3
1961-05-10 11:00:00Z;184,289;0;3
1961-05-11 11:00:00Z;182,7602;0;3
1961-05-12 11:00:00Z;184,289;0;3
1961-05-13 11:00:00Z;214,9924;0;3
1961-05-14 11:00:00Z;214,9924;0;3
1961-05-15 11:00:00Z;247,0842;0;3
1961-05-16 11:00:00Z;272,1621;0;3
1961-05-17 11:00:00Z;296,7784;0;3
1961-05-18 11:00:00Z;338,7416;0;3
1961-05-19 11:00:00Z;336,4395;0;3
1961-05-20 11:00:00Z;320,6182;0;3
1961-05-21 11:00:00Z;316,1914;0;3
1961-05-22 11:00:00Z;303,1577;0;3
1961-05-23 11:00:00Z;286,3475;0;3
1961-05-24 11:00:00Z;357,5406;0;3
1961-05-25 11:00:00Z;362,3473;0;3
1961-05-26 11:00:00Z;322,8471;0;3
1961-05-27 11:00:00Z;262,3239;0;3
1961-05-28 11:00:00Z;237,8681;0;3
1961-05-29 11:00:00Z;256,5371;0;3
1961-05-30 11:00:00Z;301,0211;0;3
1961-05-31 11:00:00Z;503,0678;0;3
1961-06-01 11:00:00Z;760,5361;0;3
1961-06-02 11:00:00Z;838,5473;0;3
1961-06-03 11:00:00Z;1010,343;0;3
1961-06-04 11:00:00Z;972,379;0;3
1961-06-05 11:00:00Z;903,8002;0;3
1961-06-06 11:00:00Z;872,9402;0;3
1961-06-07 11:00:00Z;838,5473;0;3
1961-06-08 11:00:00Z;872,9402;0;3
1961-06-09 11:00:00Z;809,2104;0;3
1961-06-10 11:00:00Z;772,5149;0;3
1961-06-11 11:00:00Z;721,5084;0;3
1961-06-12 11:00:00Z;568,9674;0;3
1961-06-13 11:00:00Z;506,0831;0;3
1961-06-14 11:00:00Z;713,8679;0;3
1961-06-15 11:00:00Z;527,5313;0;3
1961-06-16 11:00:00Z;415,4648;0;3
1961-06-17 11:00:00Z;410,1945;0;3
1961-06-18 11:00:00Z;562,4553;0;3
1961-06-19 11:00:00Z;733,072;0;3
1961-06-20 11:00:00Z;821,6974;0;3
1961-06-21 11:00:00Z;530,6443;0;3
1961-06-22 11:00:00Z;665,5244;0;3
1961-06-23 11:00:00Z;470,6913;0;3
1961-06-24 11:00:00Z;402,3735;0;3
1961-06-25 11:00:00Z;350,411;0;3
1961-06-26 11:00:00Z;303,1577;0;3
1961-06-27 11:00:00Z;266,2299;0;3
1961-06-28 11:00:00Z;268,1975;0;3
1961-06-29 11:00:00Z;268,1975;0;3
1961-06-30 11:00:00Z;307,4614;0;3
1961-07-01 11:00:00Z;252,7274;0;3
1961-07-02 11:00:00Z;254,6275;0;3
1961-07-03 11:00:00Z;247,0842;0;3
1961-07-04 11:00:00Z;239,6925;0;3
1961-07-05 11:00:00Z;206,6033;0;3
1961-07-06 11:00:00Z;200,0526;0;3
1961-07-07 11:00:00Z;182,7602;0;3
1961-07-08 11:00:00Z;181,2399;0;3
1961-07-09 11:00:00Z;178,2248;0;3
1961-07-10 11:00:00Z;206,6033;0;3
1961-07-11 11:00:00Z;211,6098;0;3
1961-07-12 11:00:00Z;181,2399;0;3
1961-07-13 11:00:00Z;204,9523;0;3
1961-07-14 11:00:00Z;239,6925;0;3
1961-07-15 11:00:00Z;336,4395;0;3
1961-07-16 11:00:00Z;327,3362;0;3
1961-07-17 11:00:00Z;286,3475;0;3
1961-07-18 11:00:00Z;228,8857;0;3
1961-07-19 11:00:00Z;220,1339;0;3
1961-07-20 11:00:00Z;204,9523;0;3
1961-07-21 11:00:00Z;203,3102;0;3
1961-07-22 11:00:00Z;220,1339;0;3
1961-07-23 11:00:00Z;230,6636;0;3
1961-07-24 11:00:00Z;350,411;0;3
1961-07-25 11:00:00Z;256,5371;0;3
1961-07-26 11:00:00Z;211,6098;0;3
1961-07-27 11:00:00Z;172,296;0;3
1961-07-28 11:00:00Z;139,4811;0;3
1961-07-29 11:00:00Z;130,7697;0;3
1961-07-30 11:00:00Z;129,5559;0;3
1961-07-31 11:00:00Z;127,151;0;3
1961-08-01 11:00:00Z;128,3496;0;3
1961-08-02 11:00:00Z;175,2436;0;3
1961-08-03 11:00:00Z;260,3853;0;3
1961-08-04 11:00:00Z;187,3724;0;3
1961-08-05 11:00:00Z;203,3102;0;3
1961-08-06 11:00:00Z;482,2974;0;3
1961-08-07 11:00:00Z;298,8947;0;3
1961-08-08 11:00:00Z;292,5759;0;3
1961-08-09 11:00:00Z;237,8681;0;3
1961-08-10 11:00:00Z;179,7281;0;3
1961-08-11 11:00:00Z;184,289;0;3
1961-08-12 11:00:00Z;175,2436;0;3
1961-08-13 11:00:00Z;165,0732;0;3
1961-08-14 11:00:00Z;155,307;0;3
1961-08-15 11:00:00Z;129,5559;0;3
1961-08-16 11:00:00Z;125,9598;0;3
1961-08-17 11:00:00Z;116,6993;0;3
1961-08-18 11:00:00Z;107,9074;0;3
1961-08-19 11:00:00Z;99,57169;0;3
1961-08-20 11:00:00Z;91,67979;0;3
1961-08-21 11:00:00Z;84,21928;0;3
1961-08-22 11:00:00Z;81,53029;0;3
1961-08-23 11:00:00Z;77,1778;0;3
1961-08-24 11:00:00Z;74,64275;0;3
1961-08-25 11:00:00Z;71,3505;0;3
1961-08-26 11:00:00Z;67,37418;0;3
1961-08-27 11:00:00Z;54,97072;0;3
1961-08-28 11:00:00Z;106,8407;0;3
1961-08-29 11:00:00Z;111,1502;0;3
1961-08-30 11:00:00Z;125,9598;0;3
1961-08-31 11:00:00Z;100,5891;0;3
1961-09-01 11:00:00Z;94,58802;0;3
1961-09-02 11:00:00Z;153,9444;0;3
1961-09-03 11:00:00Z;117,831;0;3
1961-09-04 11:00:00Z;93,61183;0;3
1961-09-05 11:00:00Z;82,42011;0;3
1961-09-06 11:00:00Z;79,77004;0;3
1961-09-07 11:00:00Z;75,48145;0;3
1961-09-08 11:00:00Z;67,37418;0;3
1961-09-09 11:00:00Z;68,15722;0;3
1961-09-10 11:00:00Z;69,74158;0;3
1961-09-11 11:00:00Z;103,6833;0;3
1961-09-12 11:00:00Z;192,0622;0;3
1961-09-13 11:00:00Z;176,7299;0;3
1961-09-14 11:00:00Z;129,5559;0;3
1961-09-15 11:00:00Z;142,0398;0;3
1961-09-16 11:00:00Z;140,7566;0;3
1961-09-17 11:00:00Z;187,3724;0;3
1961-09-18 11:00:00Z;717,6813;0;3
1961-09-19 11:00:00Z;503,0678;0;3
1961-09-20 11:00:00Z;236,053;0;3
1961-09-21 11:00:00Z;92,64243;0;3
1961-09-22 11:00:00Z;181,2399;0;3
1961-09-23 11:00:00Z;138,2135;0;3
1961-09-24 11:00:00Z;130,7697;0;3
1961-09-25 11:00:00Z;124,7762;0;3
1961-09-26 11:00:00Z;112,2455;0;3
1961-09-27 11:00:00Z;102,6449;0;3
1961-09-28 11:00:00Z;101,6135;0;3
1961-09-29 11:00:00Z;98,56119;0;3
1961-09-30 11:00:00Z;101,6135;0;3
1961-10-01 11:00:00Z;113,3481;0;3
1961-10-02 11:00:00Z;114,4579;0;3
1961-10-03 11:00:00Z;96,56087;0;3
1961-10-04 11:00:00Z;89,7747;0;3
1961-10-05 11:00:00Z;86,04465;0;3
1961-10-06 11:00:00Z;80,64693;0;3
1961-10-07 11:00:00Z;76,32646;0;3
1961-10-08 11:00:00Z;69,74158;0;3
1961-10-09 11:00:00Z;65,06135;0;3
1961-10-10 11:00:00Z;78,03549;0;3
1961-10-11 11:00:00Z;173,7656;0;3
1961-10-12 11:00:00Z;195,2321;0;3
1961-10-13 11:00:00Z;192,0622;0;3
1961-10-14 11:00:00Z;188,927;0;3
1961-10-15 11:00:00Z;211,6098;0;3
1961-10-16 11:00:00Z;225,3575;0;3
1961-10-17 11:00:00Z;234,2473;0;3
1961-10-18 11:00:00Z;192,0622;0;3
1961-10-19 11:00:00Z;149,9046;0;3
1961-10-20 11:00:00Z;127,151;0;3
1961-10-21 11:00:00Z;116,6993;0;3
1961-10-22 11:00:00Z;106,8407;0;3
1961-10-23 11:00:00Z;102,6449;0;3
1961-10-24 11:00:00Z;88,83221;0;3
1961-10-25 11:00:00Z;85,12867;0;3
1961-10-26 11:00:00Z;108,9812;0;3
1961-10-27 11:00:00Z;83,31644;0;3
1961-10-28 11:00:00Z;88,83221;0;3
1961-10-29 11:00:00Z;90,72388;0;3
1961-10-30 11:00:00Z;93,61183;0;3
1961-10-31 11:00:00Z;89,7747;0;3
1961-11-01 11:00:00Z;85,12867;0;3
1961-11-02 11:00:00Z;88,83221;0;3
1961-11-03 11:00:00Z;83,31644;0;3
1961-11-04 11:00:00Z;81,53029;0;3
1961-11-05 11:00:00Z;80,64693;0;3
1961-11-06 11:00:00Z;79,77004;0;3
1961-11-07 11:00:00Z;107,9074;0;3
1961-11-08 11:00:00Z;89,7747;0;3
1961-11-09 11:00:00Z;86,04465;0;3
1961-11-10 11:00:00Z;89,7747;0;3
1961-11-11 11:00:00Z;78,03549;0;3
1961-11-12 11:00:00Z;70,54296;0;3
1961-11-13 11:00:00Z;62,80245;0;3
1961-11-14 11:00:00Z;67,37418;0;3
1961-11-15 11:00:00Z;549,5815;0;3
1961-11-16 11:00:00Z;241,5263;0;3
1961-11-17 11:00:00Z;213,2966;0;3
1961-11-18 11:00:00Z;149,9046;0;3
1961-11-19 11:00:00Z;127,151;0;3
1961-11-20 11:00:00Z;223,6071;0;3
1961-11-21 11:00:00Z;838,5473;0;3
1961-11-22 11:00:00Z;1677,781;0;3
1961-11-23 11:00:00Z;733,072;0;3
1961-11-24 11:00:00Z;423,4553;0;3
1961-11-25 11:00:00Z;325,0865;0;3
1961-11-26 11:00:00Z;213,2966;0;3
1961-11-27 11:00:00Z;173,7656;0;3
1961-11-28 11:00:00Z;145,9366;0;3
1961-11-29 11:00:00Z;123,6001;0;3
1961-11-30 11:00:00Z;112,2455;0;3
1961-12-01 11:00:00Z;101,6135;0;3
1961-12-02 11:00:00Z;89,7747;0;3
1961-12-03 11:00:00Z;86,96721;0;3
1961-12-04 11:00:00Z;86,04465;0;3
1961-12-05 11:00:00Z;85,12867;0;3
1961-12-06 11:00:00Z;85,12867;0;3
1961-12-07 11:00:00Z;84,21928;0;3
1961-12-08 11:00:00Z;84,21928;0;3
1961-12-09 11:00:00Z;84,21928;0;3
1961-12-10 11:00:00Z;83,31644;0;3
1961-12-11 11:00:00Z;83,31644;0;3
1961-12-12 11:00:00Z;84,21928;0;3
1961-12-13 11:00:00Z;85,12867;0;3
1961-12-14 11:00:00Z;88,83221;0;3
1961-12-15 11:00:00Z;96,56087;0;3
1961-12-16 11:00:00Z;101,6135;0;3
1961-12-17 11:00:00Z;117,831;0;3
1961-12-18 11:00:00Z;228,8857;0;3
1961-12-19 11:00:00Z;107,9074;0;3
1961-12-20 11:00:00Z;88,83221;0;3
1961-12-21 11:00:00Z;72,16423;0;3
1961-12-22 11:00:00Z;65,06135;0;3
1961-12-23 11:00:00Z;64,30242;0;3
1961-12-24 11:00:00Z;62,80245;0;3
1961-12-25 11:00:00Z;62,06135;0;3
1961-12-26 11:00:00Z;62,06135;0;3
1961-12-27 11:00:00Z;61,32616;0;3
1961-12-28 11:00:00Z;61,32616;0;3
1961-12-29 11:00:00Z;60,59683;0;3
1961-12-30 11:00:00Z;60,59683;0;3
1961-12-31 11:00:00Z;60,59683;0;3
1962-01-01 11:00:00Z;60,59683;0;3
1962-01-02 11:00:00Z;60,59683;0;3
1962-01-03 11:00:00Z;62,06135;0;3
1962-01-04 11:00:00Z;64,30242;0;3
1962-01-05 11:00:00Z;68,15722;0;3
1962-01-06 11:00:00Z;65,06135;0;3
1962-01-07 11:00:00Z;60,59683;0;3
1962-01-08 11:00:00Z;57,73776;0;3
1962-01-09 11:00:00Z;55,65394;0;3
1962-01-10 11:00:00Z;53,62123;0;3
1962-01-11 11:00:00Z;52,29416;0;3
1962-01-12 11:00:00Z;50,98934;0;3
1962-01-13 11:00:00Z;49,70656;0;3
1962-01-14 11:00:00Z;48,44564;0;3
1962-01-15 11:00:00Z;47,20638;0;3
1962-01-16 11:00:00Z;45,98858;0;3
1962-01-17 11:00:00Z;44,79207;0;3
1962-01-18 11:00:00Z;44,20173;0;3
1962-01-19 11:00:00Z;43,61664;0;3
1962-01-20 11:00:00Z;43,03678;0;3
1962-01-21 11:00:00Z;42,46211;0;3
1962-01-22 11:00:00Z;41,89262;0;3
1962-01-23 11:00:00Z;41,89262;0;3
1962-01-24 11:00:00Z;41,32829;0;3
1962-01-25 11:00:00Z;41,32829;0;3
1962-01-26 11:00:00Z;41,32829;0;3
1962-01-27 11:00:00Z;41,89262;0;3
1962-01-28 11:00:00Z;42,46211;0;3
1962-01-29 11:00:00Z;43,03678;0;3
1962-01-30 11:00:00Z;43,03678;0;3
1962-01-31 11:00:00Z;49,07338;0;3
1962-02-01 11:00:00Z;50,34521;0;3
1962-02-02 11:00:00Z;49,70656;0;3
1962-02-03 11:00:00Z;48,44564;0;3
1962-02-04 11:00:00Z;47,20638;0;3
1962-02-05 11:00:00Z;45,38768;0;3
1962-02-06 11:00:00Z;45,38768;0;3
1962-02-07 11:00:00Z;44,79207;0;3
1962-02-08 11:00:00Z;45,38768;0;3
1962-02-09 11:00:00Z;45,38768;0;3
1962-02-10 11:00:00Z;45,98858;0;3
1962-02-11 11:00:00Z;48,44564;0;3
1962-02-12 11:00:00Z;52,29416;0;3
1962-02-13 11:00:00Z;50,34521;0;3
1962-02-14 11:00:00Z;49,70656;0;3
1962-02-15 11:00:00Z;47,82331;0;3
1962-02-16 11:00:00Z;46,59481;0;3
1962-02-17 11:00:00Z;45,98858;0;3
1962-02-18 11:00:00Z;44,79207;0;3
1962-02-19 11:00:00Z;44,20173;0;3
1962-02-20 11:00:00Z;43,61664;0;3
1962-02-21 11:00:00Z;43,03678;0;3
1962-02-22 11:00:00Z;42,46211;0;3
1962-02-23 11:00:00Z;41,89262;0;3
1962-02-24 11:00:00Z;41,32829;0;3
1962-02-25 11:00:00Z;40,76907;0;3
1962-02-26 11:00:00Z;40,76907;0;3
1962-02-27 11:00:00Z;40,21497;0;3
1962-02-28 11:00:00Z;39,66595;0;3
1962-03-01 11:00:00Z;39,12197;0;3
1962-03-02 11:00:00Z;38,58304;0;3
1962-03-03 11:00:00Z;38,04911;0;3
1962-03-04 11:00:00Z;38,04911;0;3
1962-03-05 11:00:00Z;37,52017;0;3
1962-03-06 11:00:00Z;36,99619;0;3
1962-03-07 11:00:00Z;36,99619;0;3
1962-03-08 11:00:00Z;36,47715;0;3
1962-03-09 11:00:00Z;36,47715;0;3
1962-03-10 11:00:00Z;36,47715;0;3
1962-03-11 11:00:00Z;35,96301;0;3
1962-03-12 11:00:00Z;35,96301;0;3
1962-03-13 11:00:00Z;35,96301;0;3
1962-03-14 11:00:00Z;35,96301;0;3
1962-03-15 11:00:00Z;35,45377;0;3
1962-03-16 11:00:00Z;35,45377;0;3
1962-03-17 11:00:00Z;34,94939;0;3
1962-03-18 11:00:00Z;34,94939;0;3
1962-03-19 11:00:00Z;34,94939;0;3
1962-03-20 11:00:00Z;34,94939;0;3
1962-03-21 11:00:00Z;34,94939;0;3
1962-03-22 11:00:00Z;34,94939;0;3
1962-03-23 11:00:00Z;34,94939;0;3
1962-03-24 11:00:00Z;34,94939;0;3
1962-03-25 11:00:00Z;34,94939;0;3
1962-03-26 11:00:00Z;34,94939;0;3
1962-03-27 11:00:00Z;34,94939;0;3
1962-03-28 11:00:00Z;34,44986;0;3
1962-03-29 11:00:00Z;34,44986;0;3
1962-03-30 11:00:00Z;34,44986;0;3
1962-03-31 11:00:00Z;34,44986;0;3
1962-04-01 11:00:00Z;34,44986;0;3
1962-04-02 11:00:00Z;34,44986;0;3
1962-04-03 11:00:00Z;34,44986;0;3
1962-04-04 11:00:00Z;34,44986;0;3
1962-04-05 11:00:00Z;33,95514;0;3
1962-04-06 11:00:00Z;33,95514;0;3
1962-04-07 11:00:00Z;33,95514;0;3
1962-04-08 11:00:00Z;33,95514;0;3
1962-04-09 11:00:00Z;33,95514;0;3
1962-04-10 11:00:00Z;33,95514;0;3
1962-04-11 11:00:00Z;33,95514;0;3
1962-04-12 11:00:00Z;33,95514;0;3
1962-04-13 11:00:00Z;34,44986;0;3
1962-04-14 11:00:00Z;34,44986;0;3
1962-04-15 11:00:00Z;34,94939;0;3
1962-04-16 11:00:00Z;38,58304;0;3
1962-04-17 11:00:00Z;44,79207;0;3
1962-04-18 11:00:00Z;49,70656;0;3
1962-04-19 11:00:00Z;52,9549;0;3
1962-04-20 11:00:00Z;51,63898;0;3
1962-04-21 11:00:00Z;59,87335;0;3
1962-04-22 11:00:00Z;68,94634;0;3
1962-04-23 11:00:00Z;78,03549;0;3
1962-04-24 11:00:00Z;78,03549;0;3
1962-04-25 11:00:00Z;84,21928;0;3
1962-04-26 11:00:00Z;93,61183;0;3
1962-04-27 11:00:00Z;105,7812;0;3
1962-04-28 11:00:00Z;123,6001;0;3
1962-04-29 11:00:00Z;101,6135;0;3
1962-04-30 11:00:00Z;88,83221;0;3
1962-05-01 11:00:00Z;82,42011;0;3
1962-05-02 11:00:00Z;71,3505;0;3
1962-05-03 11:00:00Z;71,3505;0;3
1962-05-04 11:00:00Z;69,74158;0;3
1962-05-05 11:00:00Z;67,37418;0;3
1962-05-06 11:00:00Z;64,30242;0;3
1962-05-07 11:00:00Z;63,54947;0;3
1962-05-08 11:00:00Z;71,3505;0;3
1962-05-09 11:00:00Z;97,55759;0;3
1962-05-10 11:00:00Z;120,1164;0;3
1962-05-11 11:00:00Z;144,6298;0;3
1962-05-12 11:00:00Z;167,9374;0;3
1962-05-13 11:00:00Z;156,6778;0;3
1962-05-14 11:00:00Z;148,574;0;3
1962-05-15 11:00:00Z;221,866;0;3
1962-05-16 11:00:00Z;274,159;0;3
1962-05-17 11:00:00Z;336,4395;0;3
1962-05-18 11:00:00Z;399,789;0;3
1962-05-19 11:00:00Z;434,2688;0;3
1962-05-20 11:00:00Z;437,0009;0;3
1962-05-21 11:00:00Z;437,0009;0;3
1962-05-22 11:00:00Z;500,0645;0;3
1962-05-23 11:00:00Z;521,3422;0;3
1962-05-24 11:00:00Z;527,5313;0;3
1962-05-25 11:00:00Z;445,2663;0;3
1962-05-26 11:00:00Z;402,3735;0;3
1962-05-27 11:00:00Z;334,1479;0;3
1962-05-28 11:00:00Z;331,8669;0;3
1962-05-29 11:00:00Z;329,5963;0;3
1962-05-30 11:00:00Z;264,272;0;3
1962-05-31 11:00:00Z;227,117;0;3
1962-06-01 11:00:00Z;163,6535;0;3
1962-06-02 11:00:00Z;228,8857;0;3
1962-06-03 11:00:00Z;329,5963;0;3
1962-06-04 11:00:00Z;276,1657;0;3
1962-06-05 11:00:00Z;178,2248;0;3
1962-06-06 11:00:00Z;218,411;0;3
1962-06-07 11:00:00Z;331,8669;0;3
1962-06-08 11:00:00Z;512,1502;0;3
1962-06-09 11:00:00Z;456,4493;0;3
1962-06-10 11:00:00Z;402,3735;0;3
1962-06-11 11:00:00Z;336,4395;0;3
1962-06-12 11:00:00Z;309,6285;0;3
1962-06-13 11:00:00Z;258,4564;0;3
1962-06-14 11:00:00Z;298,8947;0;3
1962-06-15 11:00:00Z;341,0543;0;3
1962-06-16 11:00:00Z;292,5759;0;3
1962-06-17 11:00:00Z;615,976;0;3
1962-06-18 11:00:00Z;890,4864;0;3
1962-06-19 11:00:00Z;598,8991;0;3
1962-06-20 11:00:00Z;706,2819;0;3
1962-06-21 11:00:00Z;721,5084;0;3
1962-06-22 11:00:00Z;533,7695;0;3
1962-06-23 11:00:00Z;527,5313;0;3
1962-06-24 11:00:00Z;524,4306;0;3
1962-06-25 11:00:00Z;467,8193;0;3
1962-06-26 11:00:00Z;515,202;0;3
1962-06-27 11:00:00Z;428,8391;0;3
1962-06-28 11:00:00Z;377,0276;0;3
1962-06-29 11:00:00Z;318,3996;0;3
1962-06-30 11:00:00Z;286,3475;0;3
1962-07-01 11:00:00Z;243,3695;0;3
1962-07-02 11:00:00Z;228,8857;0;3
1962-07-03 11:00:00Z;236,053;0;3
1962-07-04 11:00:00Z;272,1621;0;3
1962-07-05 11:00:00Z;276,1657;0;3
1962-07-06 11:00:00Z;282,2451;0;3
1962-07-07 11:00:00Z;282,2451;0;3
1962-07-08 11:00:00Z;282,2451;0;3
1962-07-09 11:00:00Z;243,3695;0;3
1962-07-10 11:00:00Z;243,3695;0;3
1962-07-11 11:00:00Z;243,3695;0;3
1962-07-12 11:00:00Z;239,6925;0;3
1962-07-13 11:00:00Z;236,053;0;3
1962-07-14 11:00:00Z;200,0526;0;3
1962-07-15 11:00:00Z;176,7299;0;3
1962-07-16 11:00:00Z;148,574;0;3
1962-07-17 11:00:00Z;128,3496;0;3
1962-07-18 11:00:00Z;110,0621;0;3
1962-07-19 11:00:00Z;108,9812;0;3
1962-07-20 11:00:00Z;117,831;0;3
1962-07-21 11:00:00Z;124,7762;0;3
1962-07-22 11:00:00Z;115,5749;0;3
1962-07-23 11:00:00Z;113,3481;0;3
1962-07-24 11:00:00Z;113,3481;0;3
1962-07-25 11:00:00Z;112,2455;0;3
1962-07-26 11:00:00Z;99,57169;0;3
1962-07-27 11:00:00Z;91,67979;0;3
1962-07-28 11:00:00Z;91,67979;0;3
1962-07-29 11:00:00Z;90,72388;0;3
1962-07-30 11:00:00Z;82,42011;0;3
1962-07-31 11:00:00Z;82,42011;0;3
1962-08-01 11:00:00Z;80,64693;0;3
1962-08-02 11:00:00Z;81,53029;0;3
1962-08-03 11:00:00Z;81,53029;0;3
1962-08-04 11:00:00Z;79,77004;0;3
1962-08-05 11:00:00Z;78,89957;0;3
1962-08-06 11:00:00Z;84,21928;0;3
1962-08-07 11:00:00Z;89,7747;0;3
1962-08-08 11:00:00Z;81,53029;0;3
1962-08-09 11:00:00Z;81,53029;0;3
1962-08-10 11:00:00Z;81,53029;0;3
1962-08-11 11:00:00Z;84,21928;0;3
1962-08-12 11:00:00Z;93,61183;0;3
1962-08-13 11:00:00Z;111,1502;0;3
1962-08-14 11:00:00Z;369,6385;0;3
1962-08-15 11:00:00Z;192,0622;0;3
1962-08-16 11:00:00Z;179,7281;0;3
1962-08-17 11:00:00Z;162,242;0;3
1962-08-18 11:00:00Z;125,9598;0;3
1962-08-19 11:00:00Z;101,6135;0;3
1962-08-20 11:00:00Z;94,58802;0;3
1962-08-21 11:00:00Z;79,77004;0;3
1962-08-22 11:00:00Z;65,82626;0;3
1962-08-23 11:00:00Z;79,77004;0;3
1962-08-24 11:00:00Z;79,77004;0;3
1962-08-25 11:00:00Z;83,31644;0;3
1962-08-26 11:00:00Z;82,42011;0;3
1962-08-27 11:00:00Z;84,21928;0;3
1962-08-28 11:00:00Z;91,67979;0;3
1962-08-29 11:00:00Z;117,831;0;3
1962-08-30 11:00:00Z;114,4579;0;3
1962-08-31 11:00:00Z;93,61183;0;3
1962-09-01 11:00:00Z;81,53029;0;3
1962-09-02 11:00:00Z;75,48145;0;3
1962-09-03 11:00:00Z;68,15722;0;3
1962-09-04 11:00:00Z;63,54947;0;3
1962-09-05 11:00:00Z;73,81033;0;3
1962-09-06 11:00:00Z;98,56119;0;3
1962-09-07 11:00:00Z;100,5891;0;3
1962-09-08 11:00:00Z;114,4579;0;3
1962-09-09 11:00:00Z;125,9598;0;3
1962-09-10 11:00:00Z;93,61183;0;3
1962-09-11 11:00:00Z;135,7014;0;3
1962-09-12 11:00:00Z;301,0211;0;3
1962-09-13 11:00:00Z;216,6972;0;3
1962-09-14 11:00:00Z;198,437;0;3
1962-09-15 11:00:00Z;184,289;0;3
1962-09-16 11:00:00Z;129,5559;0;3
1962-09-17 11:00:00Z;115,5749;0;3
1962-09-18 11:00:00Z;105,7812;0;3
1962-09-19 11:00:00Z;93,61183;0;3
1962-09-20 11:00:00Z;96,56087;0;3
1962-09-21 11:00:00Z;86,96721;0;3
1962-09-22 11:00:00Z;82,42011;0;3
1962-09-23 11:00:00Z;140,7566;0;3
1962-09-24 11:00:00Z;143,3309;0;3
1962-09-25 11:00:00Z;122,4314;0;3
1962-09-26 11:00:00Z;105,7812;0;3
1962-09-27 11:00:00Z;92,64243;0;3
1962-09-28 11:00:00Z;79,77004;0;3
1962-09-29 11:00:00Z;77,1778;0;3
1962-09-30 11:00:00Z;74,64275;0;3
1962-10-01 11:00:00Z;65,06135;0;3
1962-10-02 11:00:00Z;67,37418;0;3
1962-10-03 11:00:00Z;103,6833;0;3
1962-10-04 11:00:00Z;99,57169;0;3
1962-10-05 11:00:00Z;87,89639;0;3
1962-10-06 11:00:00Z;101,6135;0;3
1962-10-07 11:00:00Z;359,9385;0;3
1962-10-08 11:00:00Z;284,2913;0;3
1962-10-09 11:00:00Z;278,1823;0;3
1962-10-10 11:00:00Z;268,1975;0;3
1962-10-11 11:00:00Z;245,2222;0;3
1962-10-12 11:00:00Z;311,8059;0;3
1962-10-13 11:00:00Z;345,7114;0;3
1962-10-14 11:00:00Z;198,437;0;3
1962-10-15 11:00:00Z;135,7014;0;3
1962-10-16 11:00:00Z;130,7697;0;3
1962-10-17 11:00:00Z;407,5763;0;3
1962-10-18 11:00:00Z;555,9933;0;3
1962-10-19 11:00:00Z;536,9072;0;3
1962-10-20 11:00:00Z;552,7812;0;3
1962-10-21 11:00:00Z;592,1584;0;3
1962-10-22 11:00:00Z;676,479;0;3
1962-10-23 11:00:00Z;710,0681;0;3
1962-10-24 11:00:00Z;636,896;0;3
1962-10-25 11:00:00Z;661,8996;0;3
1962-10-26 11:00:00Z;680,1572;0;3
1962-10-27 11:00:00Z;327,3362;0;3
1962-10-28 11:00:00Z;247,0842;0;3
1962-10-29 11:00:00Z;182,7602;0;3
1962-10-30 11:00:00Z;128,3496;0;3
1962-10-31 11:00:00Z;101,6135;0;3
1962-11-01 11:00:00Z;98,56119;0;3
1962-11-02 11:00:00Z;96,56087;0;3
1962-11-03 11:00:00Z;93,61183;0;3
1962-11-04 11:00:00Z;92,64243;0;3
1962-11-05 11:00:00Z;90,72388;0;3
1962-11-06 11:00:00Z;86,04465;0;3
1962-11-07 11:00:00Z;83,31644;0;3
1962-11-08 11:00:00Z;79,77004;0;3
1962-11-09 11:00:00Z;74,64275;0;3
1962-11-10 11:00:00Z;68,15722;0;3
1962-11-11 11:00:00Z;66,5972;0;3
1962-11-12 11:00:00Z;64,30242;0;3
1962-11-13 11:00:00Z;59,1557;0;3
1962-11-14 11:00:00Z;53,62123;0;3
1962-11-15 11:00:00Z;51,63898;0;3
1962-11-16 11:00:00Z;47,82331;0;3
1962-11-17 11:00:00Z;47,20638;0;3
1962-11-18 11:00:00Z;46,59481;0;3
1962-11-19 11:00:00Z;46,59481;0;3
1962-11-20 11:00:00Z;45,98858;0;3
1962-11-21 11:00:00Z;45,98858;0;3
1962-11-22 11:00:00Z;45,98858;0;3
1962-11-23 11:00:00Z;45,38768;0;3
1962-11-24 11:00:00Z;45,38768;0;3
1962-11-25 11:00:00Z;45,38768;0;3
1962-11-26 11:00:00Z;45,98858;0;3
1962-11-27 11:00:00Z;45,98858;0;3
1962-11-28 11:00:00Z;45,98858;0;3
1962-11-29 11:00:00Z;46,59481;0;3
1962-11-30 11:00:00Z;47,82331;0;3
1962-12-01 11:00:00Z;52,9549;0;3
1962-12-02 11:00:00Z;343,3775;0;3
1962-12-03 11:00:00Z;216,6972;0;3
1962-12-04 11:00:00Z;309,6285;0;3
1962-12-05 11:00:00Z;268,1975;0;3
1962-12-06 11:00:00Z;1231,562;0;3
1962-12-07 11:00:00Z;683,8489;0;3
1962-12-08 11:00:00Z;437,0009;0;3
1962-12-09 11:00:00Z;276,1657;0;3
1962-12-10 11:00:00Z;196,8302;0;3
1962-12-11 11:00:00Z;153,9444;0;3
1962-12-12 11:00:00Z;128,3496;0;3
1962-12-13 11:00:00Z;112,2455;0;3
1962-12-14 11:00:00Z;105,7812;0;3
1962-12-15 11:00:00Z;96,56087;0;3
1962-12-16 11:00:00Z;92,64243;0;3
1962-12-17 11:00:00Z;89,7747;0;3
1962-12-18 11:00:00Z;87,89639;0;3
1962-12-19 11:00:00Z;86,96721;0;3
1962-12-20 11:00:00Z;86,04465;0;3
1962-12-21 11:00:00Z;86,96721;0;3
1962-12-22 11:00:00Z;86,96721;0;3
1962-12-23 11:00:00Z;98,56119;0;3
1962-12-24 11:00:00Z;105,7812;0;3
1962-12-25 11:00:00Z;129,5559;0;3
1962-12-26 11:00:00Z;93,61183;0;3
1962-12-27 11:00:00Z;82,42011;0;3
1962-12-28 11:00:00Z;65,82626;0;3
1962-12-29 11:00:00Z;57,73776;0;3
1962-12-30 11:00:00Z;56,34283;0;3
1962-12-31 11:00:00Z;54,29316;0;3
1963-01-01 11:00:00Z;52,9549;0;3
1963-01-02 11:00:00Z;51,63898;0;3
1963-01-03 11:00:00Z;50,98934;0;3
1963-01-04 11:00:00Z;50,34521;0;3
1963-01-05 11:00:00Z;50,34521;0;3
1963-01-06 11:00:00Z;49,07338;0;3
1963-01-07 11:00:00Z;49,07338;0;3
1963-01-08 11:00:00Z;49,07338;0;3
1963-01-09 11:00:00Z;49,07338;0;3
1963-01-10 11:00:00Z;49,70656;0;3
1963-01-11 11:00:00Z;50,34521;0;3
1963-01-12 11:00:00Z;50,98934;0;3
1963-01-13 11:00:00Z;50,98934;0;3
1963-01-14 11:00:00Z;49,07338;0;3
1963-01-15 11:00:00Z;47,82331;0;3
1963-01-16 11:00:00Z;47,20638;0;3
1963-01-17 11:00:00Z;47,20638;0;3
1963-01-18 11:00:00Z;47,20638;0;3
1963-01-19 11:00:00Z;47,20638;0;3
1963-01-20 11:00:00Z;46,59481;0;3
1963-01-21 11:00:00Z;46,59481;0;3
1963-01-22 11:00:00Z;46,59481;0;3
1963-01-23 11:00:00Z;45,98858;0;3
1963-01-24 11:00:00Z;46,59481;0;3
1963-01-25 11:00:00Z;47,20638;0;3
1963-01-26 11:00:00Z;48,44564;0;3
1963-01-27 11:00:00Z;49,07338;0;3
1963-01-28 11:00:00Z;54,97072;0;3
1963-01-29 11:00:00Z;59,87335;0;3
1963-01-30 11:00:00Z;55,65394;0;3
1963-01-31 11:00:00Z;53,62123;0;3
1963-02-01 11:00:00Z;50,98934;0;3
1963-02-02 11:00:00Z;48,44564;0;3
1963-02-03 11:00:00Z;46,59481;0;3
1963-02-04 11:00:00Z;44,79207;0;3
1963-02-05 11:00:00Z;43,03678;0;3
1963-02-06 11:00:00Z;42,46211;0;3
1963-02-07 11:00:00Z;41,89262;0;3
1963-02-08 11:00:00Z;41,32829;0;3
1963-02-09 11:00:00Z;40,76907;0;3
1963-02-10 11:00:00Z;40,76907;0;3
1963-02-11 11:00:00Z;41,32829;0;3
1963-02-12 11:00:00Z;40,76907;0;3
1963-02-13 11:00:00Z;40,76907;0;3
1963-02-14 11:00:00Z;40,21497;0;3
1963-02-15 11:00:00Z;39,66595;0;3
1963-02-16 11:00:00Z;39,12197;0;3
1963-02-17 11:00:00Z;38,58304;0;3
1963-02-18 11:00:00Z;38,58304;0;3
1963-02-19 11:00:00Z;38,58304;0;3
1963-02-20 11:00:00Z;38,04911;0;3
1963-02-21 11:00:00Z;38,04911;0;3
1963-02-22 11:00:00Z;38,04911;0;3
1963-02-23 11:00:00Z;38,04911;0;3
1963-02-24 11:00:00Z;38,04911;0;3
1963-02-25 11:00:00Z;38,04911;0;3
1963-02-26 11:00:00Z;38,04911;0;3
1963-02-27 11:00:00Z;38,58304;0;3
1963-02-28 11:00:00Z;38,58304;0;3
1963-03-01 11:00:00Z;39,12197;0;3
1963-03-02 11:00:00Z;43,03678;0;3
1963-03-03 11:00:00Z;85,12867;0;3
1963-03-04 11:00:00Z;84,21928;0;3
1963-03-05 11:00:00Z;83,31644;0;3
1963-03-06 11:00:00Z;69,74158;0;3
1963-03-07 11:00:00Z;60,59683;0;3
1963-03-08 11:00:00Z;55,65394;0;3
1963-03-09 11:00:00Z;52,29416;0;3
1963-03-10 11:00:00Z;45,98858;0;3
1963-03-11 11:00:00Z;43,61664;0;3
1963-03-12 11:00:00Z;41,32829;0;3
1963-03-13 11:00:00Z;40,21497;0;3
1963-03-14 11:00:00Z;39,12197;0;3
1963-03-15 11:00:00Z;38,04911;0;3
1963-03-16 11:00:00Z;37,52017;0;3
1963-03-17 11:00:00Z;36,99619;0;3
1963-03-18 11:00:00Z;36,47715;0;3
1963-03-19 11:00:00Z;36,47715;0;3
1963-03-20 11:00:00Z;35,96301;0;3
1963-03-21 11:00:00Z;35,96301;0;3
1963-03-22 11:00:00Z;35,45377;0;3
1963-03-23 11:00:00Z;35,45377;0;3
1963-03-24 11:00:00Z;34,94939;0;3
1963-03-25 11:00:00Z;34,94939;0;3
1963-03-26 11:00:00Z;34,94939;0;3
1963-03-27 11:00:00Z;34,94939;0;3
1963-03-28 11:00:00Z;34,94939;0;3
1963-03-29 11:00:00Z;34,44986;0;3
1963-03-30 11:00:00Z;34,44986;0;3
1963-03-31 11:00:00Z;34,44986;0;3
1963-04-01 11:00:00Z;34,44986;0;3
1963-04-02 11:00:00Z;34,44986;0;3
1963-04-03 11:00:00Z;34,44986;0;3
1963-04-04 11:00:00Z;34,44986;0;3
1963-04-05 11:00:00Z;34,44986;0;3
1963-04-06 11:00:00Z;34,94939;0;3
1963-04-07 11:00:00Z;35,45377;0;3
1963-04-08 11:00:00Z;35,96301;0;3
1963-04-09 11:00:00Z;36,47715;0;3
1963-04-10 11:00:00Z;37,52017;0;3
1963-04-11 11:00:00Z;39,12197;0;3
1963-04-12 11:00:00Z;40,76907;0;3
1963-04-13 11:00:00Z;42,46211;0;3
1963-04-14 11:00:00Z;44,79207;0;3
1963-04-15 11:00:00Z;46,59481;0;3
1963-04-16 11:00:00Z;45,98858;0;3
1963-04-17 11:00:00Z;45,38768;0;3
1963-04-18 11:00:00Z;47,20638;0;3
1963-04-19 11:00:00Z;49,07338;0;3
1963-04-20 11:00:00Z;53,62123;0;3
1963-04-21 11:00:00Z;59,87335;0;3
1963-04-22 11:00:00Z;65,82626;0;3
1963-04-23 11:00:00Z;68,15722;0;3
1963-04-24 11:00:00Z;70,54296;0;3
1963-04-25 11:00:00Z;75,48145;0;3
1963-04-26 11:00:00Z;75,48145;0;3
1963-04-27 11:00:00Z;95,57103;0;3
1963-04-28 11:00:00Z;108,9812;0;3
1963-04-29 11:00:00Z;163,6535;0;3
1963-04-30 11:00:00Z;179,7281;0;3
1963-05-01 11:00:00Z;192,0622;0;3
1963-05-02 11:00:00Z;188,927;0;3
1963-05-03 11:00:00Z;201,677;0;3
1963-05-04 11:00:00Z;208,2632;0;3
1963-05-05 11:00:00Z;230,6636;0;3
1963-05-06 11:00:00Z;410,1945;0;3
1963-05-07 11:00:00Z;595,5223;0;3
1963-05-08 11:00:00Z;494,0941;0;3
1963-05-09 11:00:00Z;527,5313;0;3
1963-05-10 11:00:00Z;536,9072;0;3
1963-05-11 11:00:00Z;691,2725;0;3
1963-05-12 11:00:00Z;886,0778;0;3
1963-05-13 11:00:00Z;756,571;0;3
1963-05-14 11:00:00Z;764,515;0;3
1963-05-15 11:00:00Z;748,6826;0;3
1963-05-16 11:00:00Z;736,9539;0;3
1963-05-17 11:00:00Z;609,1066;0;3
1963-05-18 11:00:00Z;515,202;0;3
1963-05-19 11:00:00Z;485,2286;0;3
1963-05-20 11:00:00Z;410,1945;0;3
1963-05-21 11:00:00Z;352,7768;0;3
1963-05-22 11:00:00Z;234,2473;0;3
1963-05-23 11:00:00Z;384,5154;0;3
1963-05-24 11:00:00Z;387,0333;0;3
1963-05-25 11:00:00Z;428,8391;0;3
1963-05-26 11:00:00Z;559,218;0;3
1963-05-27 11:00:00Z;736,9539;0;3
1963-05-28 11:00:00Z;643,974;0;3
1963-05-29 11:00:00Z;643,974;0;3
1963-05-30 11:00:00Z;536,9072;0;3
1963-05-31 11:00:00Z;434,2688;0;3
1963-06-01 11:00:00Z;450,8345;0;3
1963-06-02 11:00:00Z;453,6361;0;3
1963-06-03 11:00:00Z;387,0333;0;3
1963-06-04 11:00:00Z;307,4614;0;3
1963-06-05 11:00:00Z;320,6182;0;3
1963-06-06 11:00:00Z;298,8947;0;3
1963-06-07 11:00:00Z;234,2473;0;3
1963-06-08 11:00:00Z;204,9523;0;3
1963-06-09 11:00:00Z;213,2966;0;3
1963-06-10 11:00:00Z;192,0622;0;3
1963-06-11 11:00:00Z;159,4436;0;3
1963-06-12 11:00:00Z;139,4811;0;3
1963-06-13 11:00:00Z;122,4314;0;3
1963-06-14 11:00:00Z;101,6135;0;3
1963-06-15 11:00:00Z;88,83221;0;3
1963-06-16 11:00:00Z;90,72388;0;3
1963-06-17 11:00:00Z;93,61183;0;3
1963-06-18 11:00:00Z;135,7014;0;3
1963-06-19 11:00:00Z;139,4811;0;3
1963-06-20 11:00:00Z;131,9912;0;3
1963-06-21 11:00:00Z;133,2203;0;3
1963-06-22 11:00:00Z;124,7762;0;3
1963-06-23 11:00:00Z;127,151;0;3
1963-06-24 11:00:00Z;133,2203;0;3
1963-06-25 11:00:00Z;136,9536;0;3
1963-06-26 11:00:00Z;143,3309;0;3
1963-06-27 11:00:00Z;142,0398;0;3
1963-06-28 11:00:00Z;152,5897;0;3
1963-06-29 11:00:00Z;131,9912;0;3
1963-06-30 11:00:00Z;118,97;0;3
1963-07-01 11:00:00Z;114,4579;0;3
1963-07-02 11:00:00Z;107,9074;0;3
1963-07-03 11:00:00Z;104,7287;0;3
1963-07-04 11:00:00Z;99,57169;0;3
1963-07-05 11:00:00Z;93,61183;0;3
1963-07-06 11:00:00Z;89,7747;0;3
1963-07-07 11:00:00Z;86,96721;0;3
1963-07-08 11:00:00Z;82,42011;0;3
1963-07-09 11:00:00Z;78,89957;0;3
1963-07-10 11:00:00Z;72,98416;0;3
1963-07-11 11:00:00Z;70,54296;0;3
1963-07-12 11:00:00Z;78,03549;0;3
1963-07-13 11:00:00Z;129,5559;0;3
1963-07-14 11:00:00Z;169,382;0;3
1963-07-15 11:00:00Z;185,8264;0;3
1963-07-16 11:00:00Z;192,0622;0;3
1963-07-17 11:00:00Z;286,3475;0;3
1963-07-18 11:00:00Z;318,3996;0;3
1963-07-19 11:00:00Z;352,7768;0;3
1963-07-20 11:00:00Z;389,5622;0;3
1963-07-21 11:00:00Z;428,8391;0;3
1963-07-22 11:00:00Z;256,5371;0;3
1963-07-23 11:00:00Z;204,9523;0;3
1963-07-24 11:00:00Z;166,5012;0;3
1963-07-25 11:00:00Z;182,7602;0;3
1963-07-26 11:00:00Z;221,866;0;3
1963-07-27 11:00:00Z;200,0526;0;3
1963-07-28 11:00:00Z;153,9444;0;3
1963-07-29 11:00:00Z;127,151;0;3
1963-07-30 11:00:00Z;118,97;0;3
1963-07-31 11:00:00Z;115,5749;0;3
1963-08-01 11:00:00Z;101,6135;0;3
1963-08-02 11:00:00Z;108,9812;0;3
1963-08-03 11:00:00Z;94,58802;0;3
1963-08-04 11:00:00Z;87,89639;0;3
1963-08-05 11:00:00Z;82,42011;0;3
1963-08-06 11:00:00Z;84,21928;0;3
1963-08-07 11:00:00Z;81,53029;0;3
1963-08-08 11:00:00Z;78,03549;0;3
1963-08-09 11:00:00Z;75,48145;0;3
1963-08-10 11:00:00Z;72,98416;0;3
1963-08-11 11:00:00Z;85,12867;0;3
1963-08-12 11:00:00Z;78,03549;0;3
1963-08-13 11:00:00Z;71,3505;0;3
1963-08-14 11:00:00Z;73,81033;0;3
1963-08-15 11:00:00Z;72,16423;0;3
1963-08-16 11:00:00Z;69,74158;0;3
1963-08-17 11:00:00Z;69,74158;0;3
1963-08-18 11:00:00Z;68,94634;0;3
1963-08-19 11:00:00Z;72,98416;0;3
1963-08-20 11:00:00Z;71,3505;0;3
1963-08-21 11:00:00Z;72,98416;0;3
1963-08-22 11:00:00Z;75,48145;0;3
1963-08-23 11:00:00Z;72,16423;0;3
1963-08-24 11:00:00Z;69,74158;0;3
1963-08-25 11:00:00Z;65,82626;0;3
1963-08-26 11:00:00Z;62,06135;0;3
1963-08-27 11:00:00Z;68,94634;0;3
1963-08-28 11:00:00Z;76,32646;0;3
1963-08-29 11:00:00Z;79,77004;0;3
1963-08-30 11:00:00Z;73,81033;0;3
1963-08-31 11:00:00Z;69,74158;0;3
1963-09-01 11:00:00Z;63,54947;0;3
1963-09-02 11:00:00Z;63,54947;0;3
1963-09-03 11:00:00Z;62,80245;0;3
1963-09-04 11:00:00Z;62,80245;0;3
1963-09-05 11:00:00Z;61,32616;0;3
1963-09-06 11:00:00Z;62,80245;0;3
1963-09-07 11:00:00Z;65,06135;0;3
1963-09-08 11:00:00Z;68,94634;0;3
1963-09-09 11:00:00Z;70,54296;0;3
1963-09-10 11:00:00Z;71,3505;0;3
1963-09-11 11:00:00Z;77,1778;0;3
1963-09-12 11:00:00Z;82,42011;0;3
1963-09-13 11:00:00Z;112,2455;0;3
1963-09-14 11:00:00Z;208,2632;0;3
1963-09-15 11:00:00Z;546,3943;0;3
1963-09-16 11:00:00Z;530,6443;0;3
1963-09-17 11:00:00Z;453,6361;0;3
1963-09-18 11:00:00Z;665,5244;0;3
1963-09-19 11:00:00Z;450,8345;0;3
1963-09-20 11:00:00Z;384,5154;0;3
1963-09-21 11:00:00Z;225,3575;0;3
1963-09-22 11:00:00Z;188,927;0;3
1963-09-23 11:00:00Z;234,2473;0;3
1963-09-24 11:00:00Z;407,5763;0;3
1963-09-25 11:00:00Z;334,1479;0;3
1963-09-26 11:00:00Z;282,2451;0;3
1963-09-27 11:00:00Z;241,5263;0;3
1963-09-28 11:00:00Z;218,411;0;3
1963-09-29 11:00:00Z;195,2321;0;3
1963-09-30 11:00:00Z;165,0732;0;3
1963-10-01 11:00:00Z;136,9536;0;3
1963-10-02 11:00:00Z;125,9598;0;3
1963-10-03 11:00:00Z;113,3481;0;3
1963-10-04 11:00:00Z;104,7287;0;3
1963-10-05 11:00:00Z;95,57103;0;3
1963-10-06 11:00:00Z;90,72388;0;3
1963-10-07 11:00:00Z;86,96721;0;3
1963-10-08 11:00:00Z;123,6001;0;3
1963-10-09 11:00:00Z;123,6001;0;3
1963-10-10 11:00:00Z;153,9444;0;3
1963-10-11 11:00:00Z;162,242;0;3
1963-10-12 11:00:00Z;173,7656;0;3
1963-10-13 11:00:00Z;185,8264;0;3
1963-10-14 11:00:00Z;153,9444;0;3
1963-10-15 11:00:00Z;123,6001;0;3
1963-10-16 11:00:00Z;93,61183;0;3
1963-10-17 11:00:00Z;98,56119;0;3
1963-10-18 11:00:00Z;103,6833;0;3
1963-10-19 11:00:00Z;114,4579;0;3
1963-10-20 11:00:00Z;121,2702;0;3
1963-10-21 11:00:00Z;123,6001;0;3
1963-10-22 11:00:00Z;176,7299;0;3
1963-10-23 11:00:00Z;280,2087;0;3
1963-10-24 11:00:00Z;506,0831;0;3
1963-10-25 11:00:00Z;536,9072;0;3
1963-10-26 11:00:00Z;636,896;0;3
1963-10-27 11:00:00Z;482,2974;0;3
1963-10-28 11:00:00Z;418,1169;0;3
1963-10-29 11:00:00Z;350,411;0;3
1963-10-30 11:00:00Z;228,8857;0;3
1963-10-31 11:00:00Z;178,2248;0;3
1963-11-01 11:00:00Z;159,4436;0;3
1963-11-02 11:00:00Z;129,5559;0;3
1963-11-03 11:00:00Z;115,5749;0;3
1963-11-04 11:00:00Z;98,56119;0;3
1963-11-05 11:00:00Z;93,61183;0;3
1963-11-06 11:00:00Z;86,96721;0;3
1963-11-07 11:00:00Z;79,77004;0;3
1963-11-08 11:00:00Z;78,03549;0;3
1963-11-09 11:00:00Z;73,81033;0;3
1963-11-10 11:00:00Z;72,98416;0;3
1963-11-11 11:00:00Z;67,37418;0;3
1963-11-12 11:00:00Z;70,54296;0;3
1963-11-13 11:00:00Z;58,44384;0;3
1963-11-14 11:00:00Z;59,87335;0;3
1963-11-15 11:00:00Z;58,44384;0;3
1963-11-16 11:00:00Z;57,73776;0;3
1963-11-17 11:00:00Z;55,65394;0;3
1963-11-18 11:00:00Z;52,29416;0;3
1963-11-19 11:00:00Z;52,29416;0;3
1963-11-20 11:00:00Z;52,9549;0;3
1963-11-21 11:00:00Z;54,97072;0;3
1963-11-22 11:00:00Z;54,97072;0;3
1963-11-23 11:00:00Z;55,65394;0;3
1963-11-24 11:00:00Z;45,38768;0;3
1963-11-25 11:00:00Z;45,38768;0;3
1963-11-26 11:00:00Z;44,79207;0;3
1963-11-27 11:00:00Z;44,20173;0;3
1963-11-28 11:00:00Z;43,61664;0;3
1963-11-29 11:00:00Z;43,03678;0;3
1963-11-30 11:00:00Z;42,46211;0;3
1963-12-01 11:00:00Z;40,76907;0;3
1963-12-02 11:00:00Z;41,89262;0;3
1963-12-03 11:00:00Z;48,44564;0;3
1963-12-04 11:00:00Z;50,34521;0;3
1963-12-05 11:00:00Z;52,29416;0;3
1963-12-06 11:00:00Z;54,97072;0;3
1963-12-07 11:00:00Z;57,73776;0;3
1963-12-08 11:00:00Z;55,65394;0;3
1963-12-09 11:00:00Z;52,29416;0;3
1963-12-10 11:00:00Z;52,29416;0;3
1963-12-11 11:00:00Z;50,98934;0;3
1963-12-12 11:00:00Z;50,98934;0;3
1963-12-13 11:00:00Z;50,34521;0;3
1963-12-14 11:00:00Z;54,97072;0;3
1963-12-15 11:00:00Z;54,29316;0;3
1963-12-16 11:00:00Z;52,29416;0;3
1963-12-17 11:00:00Z;50,98934;0;3
1963-12-18 11:00:00Z;49,70656;0;3
1963-12-19 11:00:00Z;47,82331;0;3
1963-12-20 11:00:00Z;44,79207;0;3
1963-12-21 11:00:00Z;44,20173;0;3
1963-12-22 11:00:00Z;50,34521;0;3
1963-12-23 11:00:00Z;55,65394;0;3
1963-12-24 11:00:00Z;66,5972;0;3
1963-12-25 11:00:00Z;139,4811;0;3
1963-12-26 11:00:00Z;89,7747;0;3
1963-12-27 11:00:00Z;91,67979;0;3
1963-12-28 11:00:00Z;111,1502;0;3
1963-12-29 11:00:00Z;200,0526;0;3
1963-12-30 11:00:00Z;327,3362;0;3
1963-12-31 11:00:00Z;211,6098;0;3
1964-01-01 11:00:00Z;200,0526;0;3
1964-01-02 11:00:00Z;114,4579;0;3
1964-01-03 11:00:00Z;112,2455;0;3
1964-01-04 11:00:00Z;318,3996;0;3
1964-01-05 11:00:00Z;211,6098;0;3
1964-01-06 11:00:00Z;144,6298;0;3
1964-01-07 11:00:00Z;172,296;0;3
1964-01-08 11:00:00Z;237,8681;0;3
1964-01-09 11:00:00Z;780,5707;0;3
1964-01-10 11:00:00Z;470,6913;0;3
1964-01-11 11:00:00Z;740,8497;0;3
1964-01-12 11:00:00Z;729,2037;0;3
1964-01-13 11:00:00Z;331,8669;0;3
1964-01-14 11:00:00Z;198,437;0;3
1964-01-15 11:00:00Z;176,7299;0;3
1964-01-16 11:00:00Z;148,574;0;3
1964-01-17 11:00:00Z;129,5559;0;3
1964-01-18 11:00:00Z;123,6001;0;3
1964-01-19 11:00:00Z;118,97;0;3
1964-01-20 11:00:00Z;125,9598;0;3
1964-01-21 11:00:00Z;122,4314;0;3
1964-01-22 11:00:00Z;116,6993;0;3
1964-01-23 11:00:00Z;178,2248;0;3
1964-01-24 11:00:00Z;170,8348;0;3
1964-01-25 11:00:00Z;120,1164;0;3
1964-01-26 11:00:00Z;116,6993;0;3
1964-01-27 11:00:00Z;114,4579;0;3
1964-01-28 11:00:00Z;110,0621;0;3
1964-01-29 11:00:00Z;104,7287;0;3
1964-01-30 11:00:00Z;99,57169;0;3
1964-01-31 11:00:00Z;92,64243;0;3
1964-02-01 11:00:00Z;90,72388;0;3
1964-02-02 11:00:00Z;87,89639;0;3
1964-02-03 11:00:00Z;86,96721;0;3
1964-02-04 11:00:00Z;81,53029;0;3
1964-02-05 11:00:00Z;75,48145;0;3
1964-02-06 11:00:00Z;69,74158;0;3
1964-02-07 11:00:00Z;68,94634;0;3
1964-02-08 11:00:00Z;66,5972;0;3
1964-02-09 11:00:00Z;65,06135;0;3
1964-02-10 11:00:00Z;62,80245;0;3
1964-02-11 11:00:00Z;61,32616;0;3
1964-02-12 11:00:00Z;59,87335;0;3
1964-02-13 11:00:00Z;58,44384;0;3
1964-02-14 11:00:00Z;57,03743;0;3
1964-02-15 11:00:00Z;56,34283;0;3
1964-02-16 11:00:00Z;55,65394;0;3
1964-02-17 11:00:00Z;54,97072;0;3
1964-02-18 11:00:00Z;53,62123;0;3
1964-02-19 11:00:00Z;52,9549;0;3
1964-02-20 11:00:00Z;52,29416;0;3
1964-02-21 11:00:00Z;50,98934;0;3
1964-02-22 11:00:00Z;50,34521;0;3
1964-02-23 11:00:00Z;49,70656;0;3
1964-02-24 11:00:00Z;49,07338;0;3
1964-02-25 11:00:00Z;48,44564;0;3
1964-02-26 11:00:00Z;47,82331;0;3
1964-02-27 11:00:00Z;47,20638;0;3
1964-02-28 11:00:00Z;46,59481;0;3
1964-02-29 11:00:00Z;45,98858;0;3
1964-03-01 11:00:00Z;45,38768;0;3
1964-03-02 11:00:00Z;45,38768;0;3
1964-03-03 11:00:00Z;44,79207;0;3
1964-03-04 11:00:00Z;44,79207;0;3
1964-03-05 11:00:00Z;44,79207;0;3
1964-03-06 11:00:00Z;44,79207;0;3
1964-03-07 11:00:00Z;45,38768;0;3
1964-03-08 11:00:00Z;45,98858;0;3
1964-03-09 11:00:00Z;50,98934;0;3
1964-03-10 11:00:00Z;54,29316;0;3
1964-03-11 11:00:00Z;49,70656;0;3
1964-03-12 11:00:00Z;47,20638;0;3
1964-03-13 11:00:00Z;45,38768;0;3
1964-03-14 11:00:00Z;44,79207;0;3
1964-03-15 11:00:00Z;43,61664;0;3
1964-03-16 11:00:00Z;43,61664;0;3
1964-03-17 11:00:00Z;43,03678;0;3
1964-03-18 11:00:00Z;42,46211;0;3
1964-03-19 11:00:00Z;41,89262;0;3
1964-03-20 11:00:00Z;41,32829;0;3
1964-03-21 11:00:00Z;41,32829;0;3
1964-03-22 11:00:00Z;40,76907;0;3
1964-03-23 11:00:00Z;40,76907;0;3
1964-03-24 11:00:00Z;40,21497;0;3
1964-03-25 11:00:00Z;40,21497;0;3
1964-03-26 11:00:00Z;40,21497;0;3
1964-03-27 11:00:00Z;39,66595;0;3
1964-03-28 11:00:00Z;39,66595;0;3
1964-03-29 11:00:00Z;39,12197;0;3
1964-03-30 11:00:00Z;39,12197;0;3
1964-03-31 11:00:00Z;39,12197;0;3
1964-04-01 11:00:00Z;38,58304;0;3
1964-04-02 11:00:00Z;38,58304;0;3
1964-04-03 11:00:00Z;38,58304;0;3
1964-04-04 11:00:00Z;38,58304;0;3
1964-04-05 11:00:00Z;38,58304;0;3
1964-04-06 11:00:00Z;38,58304;0;3
1964-04-07 11:00:00Z;38,58304;0;3
1964-04-08 11:00:00Z;38,58304;0;3
1964-04-09 11:00:00Z;38,58304;0;3
1964-04-10 11:00:00Z;38,58304;0;3
1964-04-11 11:00:00Z;39,12197;0;3
1964-04-12 11:00:00Z;39,66595;0;3
1964-04-13 11:00:00Z;40,76907;0;3
1964-04-14 11:00:00Z;41,89262;0;3
1964-04-15 11:00:00Z;44,20173;0;3
1964-04-16 11:00:00Z;45,98858;0;3
1964-04-17 11:00:00Z;52,29416;0;3
1964-04-18 11:00:00Z;58,44384;0;3
1964-04-19 11:00:00Z;78,03549;0;3
1964-04-20 11:00:00Z;111,1502;0;3
1964-04-21 11:00:00Z;115,5749;0;3
1964-04-22 11:00:00Z;113,3481;0;3
1964-04-23 11:00:00Z;101,6135;0;3
1964-04-24 11:00:00Z;89,7747;0;3
1964-04-25 11:00:00Z;80,64693;0;3
1964-04-26 11:00:00Z;75,48145;0;3
1964-04-27 11:00:00Z;75,48145;0;3
1964-04-28 11:00:00Z;93,61183;0;3
1964-04-29 11:00:00Z;106,8407;0;3
1964-04-30 11:00:00Z;127,151;0;3
1964-05-01 11:00:00Z;294,6721;0;3
1964-05-02 11:00:00Z;307,4614;0;3
1964-05-03 11:00:00Z;336,4395;0;3
1964-05-04 11:00:00Z;377,0276;0;3
1964-05-05 11:00:00Z;382,0084;0;3
1964-05-06 11:00:00Z;389,5622;0;3
1964-05-07 11:00:00Z;445,2663;0;3
1964-05-08 11:00:00Z;546,3943;0;3
1964-05-09 11:00:00Z;470,6913;0;3
1964-05-10 11:00:00Z;453,6361;0;3
1964-05-11 11:00:00Z;412,824;0;3
1964-05-12 11:00:00Z;412,824;0;3
1964-05-13 11:00:00Z;389,5622;0;3
1964-05-14 11:00:00Z;364,7669;0;3
1964-05-15 11:00:00Z;348,0558;0;3
1964-05-16 11:00:00Z;327,3362;0;3
1964-05-17 11:00:00Z;243,3695;0;3
1964-05-18 11:00:00Z;225,3575;0;3
1964-05-19 11:00:00Z;195,2321;0;3
1964-05-20 11:00:00Z;176,7299;0;3
1964-05-21 11:00:00Z;172,296;0;3
1964-05-22 11:00:00Z;185,8264;0;3
1964-05-23 11:00:00Z;227,117;0;3
1964-05-24 11:00:00Z;325,0865;0;3
1964-05-25 11:00:00Z;464,9592;0;3
1964-05-26 11:00:00Z;546,3943;0;3
1964-05-27 11:00:00Z;612,5348;0;3
1964-05-28 11:00:00Z;592,1584;0;3
1964-05-29 11:00:00Z;456,4493;0;3
1964-05-30 11:00:00Z;359,9385;0;3
1964-05-31 11:00:00Z;254,6275;0;3
1964-06-01 11:00:00Z;225,3575;0;3
1964-06-02 11:00:00Z;211,6098;0;3
1964-06-03 11:00:00Z;193,6428;0;3
1964-06-04 11:00:00Z;190,4903;0;3
1964-06-05 11:00:00Z;200,0526;0;3
1964-06-06 11:00:00Z;211,6098;0;3
1964-06-07 11:00:00Z;236,053;0;3
1964-06-08 11:00:00Z;311,8059;0;3
1964-06-09 11:00:00Z;325,0865;0;3
1964-06-10 11:00:00Z;327,3362;0;3
1964-06-11 11:00:00Z;367,1973;0;3
1964-06-12 11:00:00Z;352,7768;0;3
1964-06-13 11:00:00Z;524,4306;0;3
1964-06-14 11:00:00Z;546,3943;0;3
1964-06-15 11:00:00Z;695,0046;0;3
1964-06-16 11:00:00Z;809,2104;0;3
1964-06-17 11:00:00Z;636,896;0;3
1964-06-18 11:00:00Z;509,1106;0;3
1964-06-19 11:00:00Z;450,8345;0;3
1964-06-20 11:00:00Z;448,0446;0;3
1964-06-21 11:00:00Z;377,0276;0;3
1964-06-22 11:00:00Z;329,5963;0;3
1964-06-23 11:00:00Z;377,0276;0;3
1964-06-24 11:00:00Z;415,4648;0;3
1964-06-25 11:00:00Z;404,9693;0;3
1964-06-26 11:00:00Z;428,8391;0;3
1964-06-27 11:00:00Z;456,4493;0;3
1964-06-28 11:00:00Z;476,4706;0;3
1964-06-29 11:00:00Z;588,8073;0;3
1964-06-30 11:00:00Z;428,8391;0;3
1964-07-01 11:00:00Z;290,4898;0;3
1964-07-02 11:00:00Z;286,3475;0;3
1964-07-03 11:00:00Z;303,1577;0;3
1964-07-04 11:00:00Z;307,4614;0;3
1964-07-05 11:00:00Z;264,272;0;3
1964-07-06 11:00:00Z;262,3239;0;3
1964-07-07 11:00:00Z;260,3853;0;3
1964-07-08 11:00:00Z;260,3853;0;3
1964-07-09 11:00:00Z;262,3239;0;3
1964-07-10 11:00:00Z;258,4564;0;3
1964-07-11 11:00:00Z;260,3853;0;3
1964-07-12 11:00:00Z;264,272;0;3
1964-07-13 11:00:00Z;294,6721;0;3
1964-07-14 11:00:00Z;307,4614;0;3
1964-07-15 11:00:00Z;327,3362;0;3
1964-07-16 11:00:00Z;316,1914;0;3
1964-07-17 11:00:00Z;303,1577;0;3
1964-07-18 11:00:00Z;294,6721;0;3
1964-07-19 11:00:00Z;243,3695;0;3
1964-07-20 11:00:00Z;234,2473;0;3
1964-07-21 11:00:00Z;228,8857;0;3
1964-07-22 11:00:00Z;211,6098;0;3
1964-07-23 11:00:00Z;188,927;0;3
1964-07-24 11:00:00Z;179,7281;0;3
1964-07-25 11:00:00Z;188,927;0;3
1964-07-26 11:00:00Z;200,0526;0;3
1964-07-27 11:00:00Z;243,3695;0;3
1964-07-28 11:00:00Z;325,0865;0;3
1964-07-29 11:00:00Z;270,1749;0;3
1964-07-30 11:00:00Z;307,4614;0;3
1964-07-31 11:00:00Z;262,3239;0;3
1964-08-01 11:00:00Z;221,866;0;3
1964-08-02 11:00:00Z;185,8264;0;3
1964-08-03 11:00:00Z;155,307;0;3
1964-08-04 11:00:00Z;143,3309;0;3
1964-08-05 11:00:00Z;135,7014;0;3
1964-08-06 11:00:00Z;115,5749;0;3
1964-08-07 11:00:00Z;133,2203;0;3
1964-08-08 11:00:00Z;156,6778;0;3
1964-08-09 11:00:00Z;167,9374;0;3
1964-08-10 11:00:00Z;156,6778;0;3
1964-08-11 11:00:00Z;135,7014;0;3
1964-08-12 11:00:00Z;123,6001;0;3
1964-08-13 11:00:00Z;113,3481;0;3
1964-08-14 11:00:00Z;107,9074;0;3
1964-08-15 11:00:00Z;104,7287;0;3
1964-08-16 11:00:00Z;103,6833;0;3
1964-08-17 11:00:00Z;107,9074;0;3
1964-08-18 11:00:00Z;98,56119;0;3
1964-08-19 11:00:00Z;99,57169;0;3
1964-08-20 11:00:00Z;108,9812;0;3
1964-08-21 11:00:00Z;159,4436;0;3
1964-08-22 11:00:00Z;151,2432;0;3
1964-08-23 11:00:00Z;142,0398;0;3
1964-08-24 11:00:00Z;121,2702;0;3
1964-08-25 11:00:00Z;187,3724;0;3
1964-08-26 11:00:00Z;139,4811;0;3
1964-08-27 11:00:00Z;156,6778;0;3
1964-08-28 11:00:00Z;190,4903;0;3
1964-08-29 11:00:00Z;208,2632;0;3
1964-08-30 11:00:00Z;209,932;0;3
1964-08-31 11:00:00Z;203,3102;0;3
1964-09-01 11:00:00Z;274,159;0;3
1964-09-02 11:00:00Z;355,1533;0;3
1964-09-03 11:00:00Z;211,6098;0;3
1964-09-04 11:00:00Z;211,6098;0;3
1964-09-05 11:00:00Z;209,932;0;3
1964-09-06 11:00:00Z;196,8302;0;3
1964-09-07 11:00:00Z;239,6925;0;3
1964-09-08 11:00:00Z;307,4614;0;3
1964-09-09 11:00:00Z;318,3996;0;3
1964-09-10 11:00:00Z;298,8947;0;3
1964-09-11 11:00:00Z;211,6098;0;3
1964-09-12 11:00:00Z;178,2248;0;3
1964-09-13 11:00:00Z;156,6778;0;3
1964-09-14 11:00:00Z;156,6778;0;3
1964-09-15 11:00:00Z;159,4436;0;3
1964-09-16 11:00:00Z;165,0732;0;3
1964-09-17 11:00:00Z;149,9046;0;3
1964-09-18 11:00:00Z;143,3309;0;3
1964-09-19 11:00:00Z;133,2203;0;3
1964-09-20 11:00:00Z;111,1502;0;3
1964-09-21 11:00:00Z;139,4811;0;3
1964-09-22 11:00:00Z;130,7697;0;3
1964-09-23 11:00:00Z;243,3695;0;3
1964-09-24 11:00:00Z;208,2632;0;3
1964-09-25 11:00:00Z;216,6972;0;3
1964-09-26 11:00:00Z;228,8857;0;3
1964-09-27 11:00:00Z;227,117;0;3
1964-09-28 11:00:00Z;225,3575;0;3
1964-09-29 11:00:00Z;320,6182;0;3
1964-09-30 11:00:00Z;248,9558;0;3
1964-10-01 11:00:00Z;294,6721;0;3
1964-10-02 11:00:00Z;272,1621;0;3
1964-10-03 11:00:00Z;247,0842;0;3
1964-10-04 11:00:00Z;221,866;0;3
1964-10-05 11:00:00Z;190,4903;0;3
1964-10-06 11:00:00Z;166,5012;0;3
1964-10-07 11:00:00Z;163,6535;0;3
1964-10-08 11:00:00Z;175,2436;0;3
1964-10-09 11:00:00Z;198,437;0;3
1964-10-10 11:00:00Z;134,457;0;3
1964-10-11 11:00:00Z;110,0621;0;3
1964-10-12 11:00:00Z;96,56087;0;3
1964-10-13 11:00:00Z;86,96721;0;3
1964-10-14 11:00:00Z;82,42011;0;3
1964-10-15 11:00:00Z;82,42011;0;3
1964-10-16 11:00:00Z;81,53029;0;3
1964-10-17 11:00:00Z;78,89957;0;3
1964-10-18 11:00:00Z;75,48145;0;3
1964-10-19 11:00:00Z;135,7014;0;3
1964-10-20 11:00:00Z;410,1945;0;3
1964-10-21 11:00:00Z;211,6098;0;3
1964-10-22 11:00:00Z;195,2321;0;3
1964-10-23 11:00:00Z;176,7299;0;3
1964-10-24 11:00:00Z;134,457;0;3
1964-10-25 11:00:00Z;123,6001;0;3
1964-10-26 11:00:00Z;111,1502;0;3
1964-10-27 11:00:00Z;165,0732;0;3
1964-10-28 11:00:00Z;503,0678;0;3
1964-10-29 11:00:00Z;382,0084;0;3
1964-10-30 11:00:00Z;220,1339;0;3
1964-10-31 11:00:00Z;182,7602;0;3
1964-11-01 11:00:00Z;170,8348;0;3
1964-11-02 11:00:00Z;153,9444;0;3
1964-11-03 11:00:00Z;143,3309;0;3
1964-11-04 11:00:00Z;163,6535;0;3
1964-11-05 11:00:00Z;125,9598;0;3
1964-11-06 11:00:00Z;115,5749;0;3
1964-11-07 11:00:00Z;106,8407;0;3
1964-11-08 11:00:00Z;98,56119;0;3
1964-11-09 11:00:00Z;118,97;0;3
1964-11-10 11:00:00Z;220,1339;0;3
1964-11-11 11:00:00Z;187,3724;0;3
1964-11-12 11:00:00Z;163,6535;0;3
1964-11-13 11:00:00Z;131,9912;0;3
1964-11-14 11:00:00Z;117,831;0;3
1964-11-15 11:00:00Z;103,6833;0;3
1964-11-16 11:00:00Z;101,6135;0;3
1964-11-17 11:00:00Z;100,5891;0;3
1964-11-18 11:00:00Z;93,61183;0;3
1964-11-19 11:00:00Z;90,72388;0;3
1964-11-20 11:00:00Z;87,89639;0;3
1964-11-21 11:00:00Z;81,53029;0;3
1964-11-22 11:00:00Z;77,1778;0;3
1964-11-23 11:00:00Z;77,1778;0;3
1964-11-24 11:00:00Z;76,32646;0;3
1964-11-25 11:00:00Z;77,1778;0;3
1964-11-26 11:00:00Z;78,89957;0;3
1964-11-27 11:00:00Z;77,1778;0;3
1964-11-28 11:00:00Z;75,48145;0;3
1964-11-29 11:00:00Z;72,16423;0;3
1964-11-30 11:00:00Z;71,3505;0;3
1964-12-01 11:00:00Z;72,16423;0;3
1964-12-02 11:00:00Z;72,16423;0;3
1964-12-03 11:00:00Z;72,98416;0;3
1964-12-04 11:00:00Z;71,3505;0;3
1964-12-05 11:00:00Z;68,15722;0;3
1964-12-06 11:00:00Z;62,06135;0;3
1964-12-07 11:00:00Z;62,80245;0;3
1964-12-08 11:00:00Z;65,06135;0;3
1964-12-09 11:00:00Z;90,72388;0;3
1964-12-10 11:00:00Z;94,58802;0;3
1964-12-11 11:00:00Z;84,21928;0;3
1964-12-12 11:00:00Z;78,03549;0;3
1964-12-13 11:00:00Z;75,48145;0;3
1964-12-14 11:00:00Z;71,3505;0;3
1964-12-15 11:00:00Z;65,06135;0;3
1964-12-16 11:00:00Z;63,54947;0;3
1964-12-17 11:00:00Z;61,32616;0;3
1964-12-18 11:00:00Z;59,87335;0;3
1964-12-19 11:00:00Z;59,87335;0;3
1964-12-20 11:00:00Z;58,44384;0;3
1964-12-21 11:00:00Z;68,94634;0;3
1964-12-22 11:00:00Z;43,03678;0;3
1964-12-23 11:00:00Z;124,7762;0;3
1964-12-24 11:00:00Z;96,56087;0;3
1964-12-25 11:00:00Z;89,7747;0;3
1964-12-26 11:00:00Z;78,03549;0;3
1964-12-27 11:00:00Z;71,3505;0;3
1964-12-28 11:00:00Z;64,30242;0;3
1964-12-29 11:00:00Z;59,1557;0;3
1964-12-30 11:00:00Z;57,73776;0;3
1964-12-31 11:00:00Z;57,03743;0;3
1965-01-01 11:00:00Z;64,30242;0;3
1965-01-02 11:00:00Z;62,80245;0;3
1965-01-03 11:00:00Z;62,06135;0;3
1965-01-04 11:00:00Z;54,29316;0;3
1965-01-05 11:00:00Z;49,70656;0;3
1965-01-06 11:00:00Z;46,59481;0;3
1965-01-07 11:00:00Z;44,79207;0;3
1965-01-08 11:00:00Z;43,61664;0;3
1965-01-09 11:00:00Z;43,03678;0;3
1965-01-10 11:00:00Z;42,46211;0;3
1965-01-11 11:00:00Z;41,89262;0;3
1965-01-12 11:00:00Z;41,32829;0;3
1965-01-13 11:00:00Z;40,76907;0;3
1965-01-14 11:00:00Z;40,21497;0;3
1965-01-15 11:00:00Z;39,66595;0;3
1965-01-16 11:00:00Z;39,12197;0;3
1965-01-17 11:00:00Z;39,12197;0;3
1965-01-18 11:00:00Z;38,58304;0;3
1965-01-19 11:00:00Z;38,58304;0;3
1965-01-20 11:00:00Z;38,58304;0;3
1965-01-21 11:00:00Z;38,04911;0;3
1965-01-22 11:00:00Z;38,04911;0;3
1965-01-23 11:00:00Z;38,04911;0;3
1965-01-24 11:00:00Z;38,04911;0;3
1965-01-25 11:00:00Z;38,04911;0;3
1965-01-26 11:00:00Z;38,04911;0;3
1965-01-27 11:00:00Z;38,04911;0;3
1965-01-28 11:00:00Z;38,04911;0;3
1965-01-29 11:00:00Z;38,04911;0;3
1965-01-30 11:00:00Z;38,04911;0;3
1965-01-31 11:00:00Z;38,04911;0;3
1965-02-01 11:00:00Z;38,04911;0;3
1965-02-02 11:00:00Z;38,04911;0;3
1965-02-03 11:00:00Z;38,58304;0;3
1965-02-04 11:00:00Z;39,12197;0;3
1965-02-05 11:00:00Z;40,76907;0;3
1965-02-06 11:00:00Z;41,32829;0;3
1965-02-07 11:00:00Z;42,46211;0;3
1965-02-08 11:00:00Z;46,59481;0;3
1965-02-09 11:00:00Z;45,98858;0;3
1965-02-10 11:00:00Z;45,98858;0;3
1965-02-11 11:00:00Z;48,44564;0;3
1965-02-12 11:00:00Z;57,03743;0;3
1965-02-13 11:00:00Z;75,48145;0;3
1965-02-14 11:00:00Z;71,3505;0;3
1965-02-15 11:00:00Z;58,44384;0;3
1965-02-16 11:00:00Z;52,29416;0;3
1965-02-17 11:00:00Z;52,29416;0;3
1965-02-18 11:00:00Z;50,98934;0;3
1965-02-19 11:00:00Z;50,34521;0;3
1965-02-20 11:00:00Z;48,44564;0;3
1965-02-21 11:00:00Z;47,20638;0;3
1965-02-22 11:00:00Z;45,98858;0;3
1965-02-23 11:00:00Z;44,79207;0;3
1965-02-24 11:00:00Z;44,20173;0;3
1965-02-25 11:00:00Z;43,61664;0;3
1965-02-26 11:00:00Z;43,03678;0;3
1965-02-27 11:00:00Z;42,46211;0;3
1965-02-28 11:00:00Z;41,89262;0;3
1965-03-01 11:00:00Z;41,32829;0;3
1965-03-02 11:00:00Z;41,32829;0;3
1965-03-03 11:00:00Z;41,32829;0;3
1965-03-04 11:00:00Z;41,32829;0;3
1965-03-05 11:00:00Z;41,32829;0;3
1965-03-06 11:00:00Z;41,32829;0;3
1965-03-07 11:00:00Z;41,32829;0;3
1965-03-08 11:00:00Z;41,32829;0;3
1965-03-09 11:00:00Z;43,03678;0;3
1965-03-10 11:00:00Z;44,20173;0;3
1965-03-11 11:00:00Z;51,63898;0;3
1965-03-12 11:00:00Z;54,29316;0;3
1965-03-13 11:00:00Z;54,97072;0;3
1965-03-14 11:00:00Z;55,65394;0;3
1965-03-15 11:00:00Z;57,03743;0;3
1965-03-16 11:00:00Z;57,73776;0;3
1965-03-17 11:00:00Z;59,1557;0;3
1965-03-18 11:00:00Z;59,87335;0;3
1965-03-19 11:00:00Z;59,1557;0;3
1965-03-20 11:00:00Z;55,65394;0;3
1965-03-21 11:00:00Z;52,9549;0;3
1965-03-22 11:00:00Z;49,07338;0;3
1965-03-23 11:00:00Z;47,82331;0;3
1965-03-24 11:00:00Z;45,98858;0;3
1965-03-25 11:00:00Z;45,38768;0;3
1965-03-26 11:00:00Z;45,98858;0;3
1965-03-27 11:00:00Z;45,98858;0;3
1965-03-28 11:00:00Z;45,38768;0;3
1965-03-29 11:00:00Z;44,79207;0;3
1965-03-30 11:00:00Z;44,20173;0;3
1965-03-31 11:00:00Z;44,20173;0;3
1965-04-01 11:00:00Z;43,61664;0;3
1965-04-02 11:00:00Z;44,20173;0;3
1965-04-03 11:00:00Z;47,20638;0;3
1965-04-04 11:00:00Z;62,06135;0;3
1965-04-05 11:00:00Z;73,81033;0;3
1965-04-06 11:00:00Z;66,5972;0;3
1965-04-07 11:00:00Z;58,44384;0;3
1965-04-08 11:00:00Z;57,73776;0;3
1965-04-09 11:00:00Z;50,34521;0;3
1965-04-10 11:00:00Z;48,44564;0;3
1965-04-11 11:00:00Z;45,38768;0;3
1965-04-12 11:00:00Z;44,79207;0;3
1965-04-13 11:00:00Z;47,82331;0;3
1965-04-14 11:00:00Z;49,70656;0;3
1965-04-15 11:00:00Z;54,97072;0;3
1965-04-16 11:00:00Z;57,03743;0;3
1965-04-17 11:00:00Z;59,87335;0;3
1965-04-18 11:00:00Z;62,06135;0;3
1965-04-19 11:00:00Z;63,54947;0;3
1965-04-20 11:00:00Z;75,48145;0;3
1965-04-21 11:00:00Z;80,64693;0;3
1965-04-22 11:00:00Z;86,04465;0;3
1965-04-23 11:00:00Z;96,56087;0;3
1965-04-24 11:00:00Z;100,5891;0;3
1965-04-25 11:00:00Z;106,8407;0;3
1965-04-26 11:00:00Z;118,97;0;3
1965-04-27 11:00:00Z;127,151;0;3
1965-04-28 11:00:00Z;138,2135;0;3
1965-04-29 11:00:00Z;139,4811;0;3
1965-04-30 11:00:00Z;139,4811;0;3
1965-05-01 11:00:00Z;130,7697;0;3
1965-05-02 11:00:00Z;125,9598;0;3
1965-05-03 11:00:00Z;127,151;0;3
1965-05-04 11:00:00Z;148,574;0;3
1965-05-05 11:00:00Z;158,0566;0;3
1965-05-06 11:00:00Z;166,5012;0;3
1965-05-07 11:00:00Z;166,5012;0;3
1965-05-08 11:00:00Z;184,289;0;3
1965-05-09 11:00:00Z;220,1339;0;3
1965-05-10 11:00:00Z;227,117;0;3
1965-05-11 11:00:00Z;220,1339;0;3
1965-05-12 11:00:00Z;165,0732;0;3
1965-05-13 11:00:00Z;148,574;0;3
1965-05-14 11:00:00Z;131,9912;0;3
1965-05-15 11:00:00Z;123,6001;0;3
1965-05-16 11:00:00Z;122,4314;0;3
1965-05-17 11:00:00Z;120,1164;0;3
1965-05-18 11:00:00Z;118,97;0;3
1965-05-19 11:00:00Z;114,4579;0;3
1965-05-20 11:00:00Z;112,2455;0;3
1965-05-21 11:00:00Z;105,7812;0;3
1965-05-22 11:00:00Z;103,6833;0;3
1965-05-23 11:00:00Z;113,3481;0;3
1965-05-24 11:00:00Z;151,2432;0;3
1965-05-25 11:00:00Z;220,1339;0;3
1965-05-26 11:00:00Z;292,5759;0;3
1965-05-27 11:00:00Z;252,7274;0;3
1965-05-28 11:00:00Z;234,2473;0;3
1965-05-29 11:00:00Z;218,411;0;3
1965-05-30 11:00:00Z;196,8302;0;3
1965-05-31 11:00:00Z;214,9924;0;3
1965-06-01 11:00:00Z;228,8857;0;3
1965-06-02 11:00:00Z;256,5371;0;3
1965-06-03 11:00:00Z;334,1479;0;3
1965-06-04 11:00:00Z;374,5537;0;3
1965-06-05 11:00:00Z;410,1945;0;3
1965-06-06 11:00:00Z;470,6913;0;3
1965-06-07 11:00:00Z;515,202;0;3
1965-06-08 11:00:00Z;647,5327;0;3
1965-06-09 11:00:00Z;643,974;0;3
1965-06-10 11:00:00Z;602,2887;0;3
1965-06-11 11:00:00Z;565,705;0;3
1965-06-12 11:00:00Z;546,3943;0;3
1965-06-13 11:00:00Z;512,1502;0;3
1965-06-14 11:00:00Z;494,0941;0;3
1965-06-15 11:00:00Z;459,2742;0;3
1965-06-16 11:00:00Z;442,4996;0;3
1965-06-17 11:00:00Z;568,9674;0;3
1965-06-18 11:00:00Z;552,7812;0;3
1965-06-19 11:00:00Z;491,127;0;3
1965-06-20 11:00:00Z;428,8391;0;3
1965-06-21 11:00:00Z;327,3362;0;3
1965-06-22 11:00:00Z;309,6285;0;3
1965-06-23 11:00:00Z;311,8059;0;3
1965-06-24 11:00:00Z;313,9935;0;3
1965-06-25 11:00:00Z;410,1945;0;3
1965-06-26 11:00:00Z;404,9693;0;3
1965-06-27 11:00:00Z;578,8302;0;3
1965-06-28 11:00:00Z;953,7614;0;3
1965-06-29 11:00:00Z;582,1432;0;3
1965-06-30 11:00:00Z;404,9693;0;3
1965-07-01 11:00:00Z;258,4564;0;3
1965-07-02 11:00:00Z;248,9558;0;3
1965-07-03 11:00:00Z;225,3575;0;3
1965-07-04 11:00:00Z;198,437;0;3
1965-07-05 11:00:00Z;176,7299;0;3
1965-07-06 11:00:00Z;165,0732;0;3
1965-07-07 11:00:00Z;160,8387;0;3
1965-07-08 11:00:00Z;166,5012;0;3
1965-07-09 11:00:00Z;166,5012;0;3
1965-07-10 11:00:00Z;159,4436;0;3
1965-07-11 11:00:00Z;149,9046;0;3
1965-07-12 11:00:00Z;142,0398;0;3
1965-07-13 11:00:00Z;138,2135;0;3
1965-07-14 11:00:00Z;296,7784;0;3
1965-07-15 11:00:00Z;258,4564;0;3
1965-07-16 11:00:00Z;200,0526;0;3
1965-07-17 11:00:00Z;139,4811;0;3
1965-07-18 11:00:00Z;128,3496;0;3
1965-07-19 11:00:00Z;129,5559;0;3
1965-07-20 11:00:00Z;130,7697;0;3
1965-07-21 11:00:00Z;133,2203;0;3
1965-07-22 11:00:00Z;140,7566;0;3
1965-07-23 11:00:00Z;147,2513;0;3
1965-07-24 11:00:00Z;176,7299;0;3
1965-07-25 11:00:00Z;166,5012;0;3
1965-07-26 11:00:00Z;158,0566;0;3
1965-07-27 11:00:00Z;211,6098;0;3
1965-07-28 11:00:00Z;282,2451;0;3
1965-07-29 11:00:00Z;311,8059;0;3
1965-07-30 11:00:00Z;221,866;0;3
1965-07-31 11:00:00Z;204,9523;0;3
1965-08-01 11:00:00Z;188,927;0;3
1965-08-02 11:00:00Z;166,5012;0;3
1965-08-03 11:00:00Z;147,2513;0;3
1965-08-04 11:00:00Z;123,6001;0;3
1965-08-05 11:00:00Z;110,0621;0;3
1965-08-06 11:00:00Z;173,7656;0;3
1965-08-07 11:00:00Z;125,9598;0;3
1965-08-08 11:00:00Z;115,5749;0;3
1965-08-09 11:00:00Z;111,1502;0;3
1965-08-10 11:00:00Z;104,7287;0;3
1965-08-11 11:00:00Z;99,57169;0;3
1965-08-12 11:00:00Z;98,56119;0;3
1965-08-13 11:00:00Z;96,56087;0;3
1965-08-14 11:00:00Z;89,7747;0;3
1965-08-15 11:00:00Z;86,96721;0;3
1965-08-16 11:00:00Z;78,89957;0;3
1965-08-17 11:00:00Z;78,03549;0;3
1965-08-18 11:00:00Z;74,64275;0;3
1965-08-19 11:00:00Z;75,48145;0;3
1965-08-20 11:00:00Z;99,57169;0;3
1965-08-21 11:00:00Z;89,7747;0;3
1965-08-22 11:00:00Z;91,67979;0;3
1965-08-23 11:00:00Z;91,67979;0;3
1965-08-24 11:00:00Z;93,61183;0;3
1965-08-25 11:00:00Z;96,56087;0;3
1965-08-26 11:00:00Z;100,5891;0;3
1965-08-27 11:00:00Z;98,56119;0;3
1965-08-28 11:00:00Z;98,56119;0;3
1965-08-29 11:00:00Z;96,56087;0;3
1965-08-30 11:00:00Z;95,57103;0;3
1965-08-31 11:00:00Z;100,5891;0;3
1965-09-01 11:00:00Z;89,7747;0;3
1965-09-02 11:00:00Z;80,64693;0;3
1965-09-03 11:00:00Z;80,64693;0;3
1965-09-04 11:00:00Z;82,42011;0;3
1965-09-05 11:00:00Z;82,42011;0;3
1965-09-06 11:00:00Z;83,31644;0;3
1965-09-07 11:00:00Z;83,31644;0;3
1965-09-08 11:00:00Z;84,21928;0;3
1965-09-09 11:00:00Z;85,12867;0;3
1965-09-10 11:00:00Z;85,12867;0;3
1965-09-11 11:00:00Z;89,7747;0;3
1965-09-12 11:00:00Z;81,53029;0;3
1965-09-13 11:00:00Z;81,53029;0;3
1965-09-14 11:00:00Z;82,42011;0;3
1965-09-15 11:00:00Z;84,21928;0;3
1965-09-16 11:00:00Z;85,12867;0;3
1965-09-17 11:00:00Z;101,6135;0;3
1965-09-18 11:00:00Z;350,411;0;3
1965-09-19 11:00:00Z;234,2473;0;3
1965-09-20 11:00:00Z;165,0732;0;3
1965-09-21 11:00:00Z;721,5084;0;3
1965-09-22 11:00:00Z;647,5327;0;3
1965-09-23 11:00:00Z;343,3775;0;3
1965-09-24 11:00:00Z;218,411;0;3
1965-09-25 11:00:00Z;176,7299;0;3
1965-09-26 11:00:00Z;147,2513;0;3
1965-09-27 11:00:00Z;125,9598;0;3
1965-09-28 11:00:00Z;113,3481;0;3
1965-09-29 11:00:00Z;97,55759;0;3
1965-09-30 11:00:00Z;88,83221;0;3
1965-10-01 11:00:00Z;81,53029;0;3
1965-10-02 11:00:00Z;79,77004;0;3
1965-10-03 11:00:00Z;73,81033;0;3
1965-10-04 11:00:00Z;70,54296;0;3
1965-10-05 11:00:00Z;64,30242;0;3
1965-10-06 11:00:00Z;81,53029;0;3
1965-10-07 11:00:00Z;100,5891;0;3
1965-10-08 11:00:00Z;122,4314;0;3
1965-10-09 11:00:00Z;145,9366;0;3
1965-10-10 11:00:00Z;172,296;0;3
1965-10-11 11:00:00Z;221,866;0;3
1965-10-12 11:00:00Z;392,1022;0;3
1965-10-13 11:00:00Z;503,0678;0;3
1965-10-14 11:00:00Z;243,3695;0;3
1965-10-15 11:00:00Z;254,6275;0;3
1965-10-16 11:00:00Z;247,0842;0;3
1965-10-17 11:00:00Z;218,411;0;3
1965-10-18 11:00:00Z;228,8857;0;3
1965-10-19 11:00:00Z;237,8681;0;3
1965-10-20 11:00:00Z;276,1657;0;3
1965-10-21 11:00:00Z;236,053;0;3
1965-10-22 11:00:00Z;195,2321;0;3
1965-10-23 11:00:00Z;166,5012;0;3
1965-10-24 11:00:00Z;156,6778;0;3
1965-10-25 11:00:00Z;153,9444;0;3
1965-10-26 11:00:00Z;134,457;0;3
1965-10-27 11:00:00Z;123,6001;0;3
1965-10-28 11:00:00Z;192,0622;0;3
1965-10-29 11:00:00Z;160,8387;0;3
1965-10-30 11:00:00Z;135,7014;0;3
1965-10-31 11:00:00Z;122,4314;0;3
1965-11-01 11:00:00Z;108,9812;0;3
1965-11-02 11:00:00Z;94,58802;0;3
1965-11-03 11:00:00Z;129,5559;0;3
1965-11-04 11:00:00Z;200,0526;0;3
1965-11-05 11:00:00Z;282,2451;0;3
1965-11-06 11:00:00Z;176,7299;0;3
1965-11-07 11:00:00Z;145,9366;0;3
1965-11-08 11:00:00Z;134,457;0;3
1965-11-09 11:00:00Z;123,6001;0;3
1965-11-10 11:00:00Z;112,2455;0;3
1965-11-11 11:00:00Z;95,57103;0;3
1965-11-12 11:00:00Z;88,83221;0;3
1965-11-13 11:00:00Z;85,12867;0;3
1965-11-14 11:00:00Z;78,89957;0;3
1965-11-15 11:00:00Z;73,81033;0;3
1965-11-16 11:00:00Z;79,77004;0;3
1965-11-17 11:00:00Z;84,21928;0;3
1965-11-18 11:00:00Z;80,64693;0;3
1965-11-19 11:00:00Z;69,74158;0;3
1965-11-20 11:00:00Z;59,1557;0;3
1965-11-21 11:00:00Z;56,34283;0;3
1965-11-22 11:00:00Z;54,29316;0;3
1965-11-23 11:00:00Z;52,29416;0;3
1965-11-24 11:00:00Z;51,63898;0;3
1965-11-25 11:00:00Z;49,07338;0;3
1965-11-26 11:00:00Z;47,82331;0;3
1965-11-27 11:00:00Z;46,59481;0;3
1965-11-28 11:00:00Z;45,98858;0;3
1965-11-29 11:00:00Z;44,79207;0;3
1965-11-30 11:00:00Z;42,46211;0;3
1965-12-01 11:00:00Z;41,32829;0;3
1965-12-02 11:00:00Z;41,32829;0;3
1965-12-03 11:00:00Z;40,76907;0;3
1965-12-04 11:00:00Z;40,76907;0;3
1965-12-05 11:00:00Z;40,21497;0;3
1965-12-06 11:00:00Z;40,21497;0;3
1965-12-07 11:00:00Z;38,58304;0;3
1965-12-08 11:00:00Z;37,52017;0;3
1965-12-09 11:00:00Z;36,47715;0;3
1965-12-10 11:00:00Z;35,96301;0;3
1965-12-11 11:00:00Z;34,94939;0;3
1965-12-12 11:00:00Z;34,44986;0;3
1965-12-13 11:00:00Z;33,95514;0;3
1965-12-14 11:00:00Z;33,46521;0;3
1965-12-15 11:00:00Z;32,98006;0;3
1965-12-16 11:00:00Z;32,49965;0;3
1965-12-17 11:00:00Z;32,02397;0;3
1965-12-18 11:00:00Z;32,02397;0;3
1965-12-19 11:00:00Z;31,55298;0;3
1965-12-20 11:00:00Z;31,08667;0;3
1965-12-21 11:00:00Z;31,08667;0;3
1965-12-22 11:00:00Z;30,625;0;3
1965-12-23 11:00:00Z;30,16797;0;3
1965-12-24 11:00:00Z;30,16797;0;3
1965-12-25 11:00:00Z;29,71554;0;3
1965-12-26 11:00:00Z;29,71554;0;3
1965-12-27 11:00:00Z;29,26768;0;3
1965-12-28 11:00:00Z;29,26768;0;3
1965-12-29 11:00:00Z;28,82438;0;3
1965-12-30 11:00:00Z;28,82438;0;3
1965-12-31 11:00:00Z;28,38562;0;3
1966-01-01 11:00:00Z;28,38562;0;3
1966-01-02 11:00:00Z;28,38562;0;3
1966-01-03 11:00:00Z;27,95136;0;3
1966-01-04 11:00:00Z;27,95136;0;3
1966-01-05 11:00:00Z;27,95136;0;3
1966-01-06 11:00:00Z;27,52159;0;3
1966-01-07 11:00:00Z;27,52159;0;3
1966-01-08 11:00:00Z;27,52159;0;3
1966-01-09 11:00:00Z;27,52159;0;3
1966-01-10 11:00:00Z;27,52159;0;3
1966-01-11 11:00:00Z;27,52159;0;3
1966-01-12 11:00:00Z;27,52159;0;3
1966-01-13 11:00:00Z;27,52159;0;3
1966-01-14 11:00:00Z;27,52159;0;3
1966-01-15 11:00:00Z;27,52159;0;3
1966-01-16 11:00:00Z;27,52159;0;3
1966-01-17 11:00:00Z;27,52159;0;3
1966-01-18 11:00:00Z;27,52159;0;3
1966-01-19 11:00:00Z;27,52159;0;3
1966-01-20 11:00:00Z;27,52159;0;3
1966-01-21 11:00:00Z;27,52159;0;3
1966-01-22 11:00:00Z;27,52159;0;3
1966-01-23 11:00:00Z;27,52159;0;3
1966-01-24 11:00:00Z;27,52159;0;3
1966-01-25 11:00:00Z;27,52159;0;3
1966-01-26 11:00:00Z;27,52159;0;3
1966-01-27 11:00:00Z;27,52159;0;3
1966-01-28 11:00:00Z;27,52159;0;3
1966-01-29 11:00:00Z;27,52159;0;3
1966-01-30 11:00:00Z;27,52159;0;3
1966-01-31 11:00:00Z;27,52159;0;3
1966-02-01 11:00:00Z;27,52159;0;3
1966-02-02 11:00:00Z;27,52159;0;3
1966-02-03 11:00:00Z;27,52159;0;3
1966-02-04 11:00:00Z;27,52159;0;3
1966-02-05 11:00:00Z;27,52159;0;3
1966-02-06 11:00:00Z;27,52159;0;3
1966-02-07 11:00:00Z;27,52159;0;3
1966-02-08 11:00:00Z;27,52159;0;3
1966-02-09 11:00:00Z;27,52159;0;3
1966-02-10 11:00:00Z;27,52159;0;3
1966-02-11 11:00:00Z;27,52159;0;3
1966-02-12 11:00:00Z;27,52159;0;3
1966-02-13 11:00:00Z;27,52159;0;3
1966-02-14 11:00:00Z;27,52159;0;3
1966-02-15 11:00:00Z;27,52159;0;3
1966-02-16 11:00:00Z;27,52159;0;3
1966-02-17 11:00:00Z;27,52159;0;3
1966-02-18 11:00:00Z;27,52159;0;3
1966-02-19 11:00:00Z;27,52159;0;3
1966-02-20 11:00:00Z;27,52159;0;3
1966-02-21 11:00:00Z;27,52159;0;3
1966-02-22 11:00:00Z;27,52159;0;3
1966-02-23 11:00:00Z;27,95136;0;3
1966-02-24 11:00:00Z;27,95136;0;3
1966-02-25 11:00:00Z;28,38562;0;3
1966-02-26 11:00:00Z;28,38562;0;3
1966-02-27 11:00:00Z;28,38562;0;3
1966-02-28 11:00:00Z;28,82438;0;3
1966-03-01 11:00:00Z;29,71554;0;3
1966-03-02 11:00:00Z;29,71554;0;3
1966-03-03 11:00:00Z;30,625;0;3
1966-03-04 11:00:00Z;33,95514;0;3
1966-03-05 11:00:00Z;36,47715;0;3
1966-03-06 11:00:00Z;39,66595;0;3
1966-03-07 11:00:00Z;41,89262;0;3
1966-03-08 11:00:00Z;50,34521;0;3
1966-03-09 11:00:00Z;59,1557;0;3
1966-03-10 11:00:00Z;51,63898;0;3
1966-03-11 11:00:00Z;44,79207;0;3
1966-03-12 11:00:00Z;40,21497;0;3
1966-03-13 11:00:00Z;37,52017;0;3
1966-03-14 11:00:00Z;36,47715;0;3
1966-03-15 11:00:00Z;35,45377;0;3
1966-03-16 11:00:00Z;34,94939;0;3
1966-03-17 11:00:00Z;34,94939;0;3
1966-03-18 11:00:00Z;33,95514;0;3
1966-03-19 11:00:00Z;33,95514;0;3
1966-03-20 11:00:00Z;280,2087;0;3
1966-03-21 11:00:00Z;220,1339;0;3
1966-03-22 11:00:00Z;158,0566;0;3
1966-03-23 11:00:00Z;108,9812;0;3
1966-03-24 11:00:00Z;71,3505;0;3
1966-03-25 11:00:00Z;56,34283;0;3
1966-03-26 11:00:00Z;51,63898;0;3
1966-03-27 11:00:00Z;47,20638;0;3
1966-03-28 11:00:00Z;47,20638;0;3
1966-03-29 11:00:00Z;45,98858;0;3
1966-03-30 11:00:00Z;43,03678;0;3
1966-03-31 11:00:00Z;42,46211;0;3
1966-04-01 11:00:00Z;41,32829;0;3
1966-04-02 11:00:00Z;39,66595;0;3
1966-04-03 11:00:00Z;39,12197;0;3
1966-04-04 11:00:00Z;38,04911;0;3
1966-04-05 11:00:00Z;36,99619;0;3
1966-04-06 11:00:00Z;36,99619;0;3
1966-04-07 11:00:00Z;36,47715;0;3
1966-04-08 11:00:00Z;36,47715;0;3
1966-04-09 11:00:00Z;35,96301;0;3
1966-04-10 11:00:00Z;35,96301;0;3
1966-04-11 11:00:00Z;34,94939;0;3
1966-04-12 11:00:00Z;34,44986;0;3
1966-04-13 11:00:00Z;33,95514;0;3
1966-04-14 11:00:00Z;33,95514;0;3
1966-04-15 11:00:00Z;33,46521;0;3
1966-04-16 11:00:00Z;32,98006;0;3
1966-04-17 11:00:00Z;32,98006;0;3
1966-04-18 11:00:00Z;32,49965;0;3
1966-04-19 11:00:00Z;32,02397;0;3
1966-04-20 11:00:00Z;32,49965;0;3
1966-04-21 11:00:00Z;32,49965;0;3
1966-04-22 11:00:00Z;32,98006;0;3
1966-04-23 11:00:00Z;32,98006;0;3
1966-04-24 11:00:00Z;32,98006;0;3
1966-04-25 11:00:00Z;32,98006;0;3
1966-04-26 11:00:00Z;36,99619;0;3
1966-04-27 11:00:00Z;42,46211;0;3
1966-04-28 11:00:00Z;58,44384;0;3
1966-04-29 11:00:00Z;91,67979;0;3
1966-04-30 11:00:00Z;410,1945;0;3
1966-05-01 11:00:00Z;280,2087;0;3
1966-05-02 11:00:00Z;204,9523;0;3
1966-05-03 11:00:00Z;320,6182;0;3
1966-05-04 11:00:00Z;211,6098;0;3
1966-05-05 11:00:00Z;155,307;0;3
1966-05-06 11:00:00Z;120,1164;0;3
1966-05-07 11:00:00Z;103,6833;0;3
1966-05-08 11:00:00Z;92,64243;0;3
1966-05-09 11:00:00Z;86,96721;0;3
1966-05-10 11:00:00Z;78,89957;0;3
1966-05-11 11:00:00Z;73,81033;0;3
1966-05-12 11:00:00Z;101,6135;0;3
1966-05-13 11:00:00Z;151,2432;0;3
1966-05-14 11:00:00Z;196,8302;0;3
1966-05-15 11:00:00Z;377,0276;0;3
1966-05-16 11:00:00Z;428,8391;0;3
1966-05-17 11:00:00Z;445,2663;0;3
1966-05-18 11:00:00Z;485,2286;0;3
1966-05-19 11:00:00Z;619,4301;0;3
1966-05-20 11:00:00Z;592,1584;0;3
1966-05-21 11:00:00Z;552,7812;0;3
1966-05-22 11:00:00Z;412,824;0;3
1966-05-23 11:00:00Z;282,2451;0;3
1966-05-24 11:00:00Z;280,2087;0;3
1966-05-25 11:00:00Z;248,9558;0;3
1966-05-26 11:00:00Z;234,2473;0;3
1966-05-27 11:00:00Z;208,2632;0;3
1966-05-28 11:00:00Z;190,4903;0;3
1966-05-29 11:00:00Z;198,437;0;3
1966-05-30 11:00:00Z;187,3724;0;3
1966-05-31 11:00:00Z;182,7602;0;3
1966-06-01 11:00:00Z;200,0526;0;3
1966-06-02 11:00:00Z;254,6275;0;3
1966-06-03 11:00:00Z;236,053;0;3
1966-06-04 11:00:00Z;228,8857;0;3
1966-06-05 11:00:00Z;236,053;0;3
1966-06-06 11:00:00Z;239,6925;0;3
1966-06-07 11:00:00Z;243,3695;0;3
1966-06-08 11:00:00Z;303,1577;0;3
1966-06-09 11:00:00Z;357,5406;0;3
1966-06-10 11:00:00Z;456,4493;0;3
1966-06-11 11:00:00Z;527,5313;0;3
1966-06-12 11:00:00Z;582,1432;0;3
1966-06-13 11:00:00Z;488,1718;0;3
1966-06-14 11:00:00Z;506,0831;0;3
1966-06-15 11:00:00Z;485,2286;0;3
1966-06-16 11:00:00Z;500,0645;0;3
1966-06-17 11:00:00Z;445,2663;0;3
1966-06-18 11:00:00Z;387,0333;0;3
1966-06-19 11:00:00Z;357,5406;0;3
1966-06-20 11:00:00Z;307,4614;0;3
1966-06-21 11:00:00Z;258,4564;0;3
1966-06-22 11:00:00Z;239,6925;0;3
1966-06-23 11:00:00Z;204,9523;0;3
1966-06-24 11:00:00Z;170,8348;0;3
1966-06-25 11:00:00Z;140,7566;0;3
1966-06-26 11:00:00Z;112,2455;0;3
1966-06-27 11:00:00Z;102,6449;0;3
1966-06-28 11:00:00Z;100,5891;0;3
1966-06-29 11:00:00Z;100,5891;0;3
1966-06-30 11:00:00Z;98,56119;0;3
1966-07-01 11:00:00Z;105,7812;0;3
1966-07-02 11:00:00Z;111,1502;0;3
1966-07-03 11:00:00Z;139,4811;0;3
1966-07-04 11:00:00Z;136,9536;0;3
1966-07-05 11:00:00Z;127,151;0;3
1966-07-06 11:00:00Z;117,831;0;3
1966-07-07 11:00:00Z;105,7812;0;3
1966-07-08 11:00:00Z;96,56087;0;3
1966-07-09 11:00:00Z;92,64243;0;3
1966-07-10 11:00:00Z;87,89639;0;3
1966-07-11 11:00:00Z;84,21928;0;3
1966-07-12 11:00:00Z;123,6001;0;3
1966-07-13 11:00:00Z;225,3575;0;3
1966-07-14 11:00:00Z;220,1339;0;3
1966-07-15 11:00:00Z;182,7602;0;3
1966-07-16 11:00:00Z;125,9598;0;3
1966-07-17 11:00:00Z;116,6993;0;3
1966-07-18 11:00:00Z;112,2455;0;3
1966-07-19 11:00:00Z;103,6833;0;3
1966-07-20 11:00:00Z;116,6993;0;3
1966-07-21 11:00:00Z;112,2455;0;3
1966-07-22 11:00:00Z;99,57169;0;3
1966-07-23 11:00:00Z;111,1502;0;3
1966-07-24 11:00:00Z;176,7299;0;3
1966-07-25 11:00:00Z;138,2135;0;3
1966-07-26 11:00:00Z;176,7299;0;3
1966-07-27 11:00:00Z;284,2913;0;3
1966-07-28 11:00:00Z;172,296;0;3
1966-07-29 11:00:00Z;165,0732;0;3
1966-07-30 11:00:00Z;125,9598;0;3
1966-07-31 11:00:00Z;122,4314;0;3
1966-08-01 11:00:00Z;173,7656;0;3
1966-08-02 11:00:00Z;170,8348;0;3
1966-08-03 11:00:00Z;147,2513;0;3
1966-08-04 11:00:00Z;129,5559;0;3
1966-08-05 11:00:00Z;127,151;0;3
1966-08-06 11:00:00Z;124,7762;0;3
1966-08-07 11:00:00Z;120,1164;0;3
1966-08-08 11:00:00Z;117,831;0;3
1966-08-09 11:00:00Z;116,6993;0;3
1966-08-10 11:00:00Z;113,3481;0;3
1966-08-11 11:00:00Z;101,6135;0;3
1966-08-12 11:00:00Z;98,56119;0;3
1966-08-13 11:00:00Z;110,0621;0;3
1966-08-14 11:00:00Z;124,7762;0;3
1966-08-15 11:00:00Z;100,5891;0;3
1966-08-16 11:00:00Z;118,97;0;3
1966-08-17 11:00:00Z;179,7281;0;3
1966-08-18 11:00:00Z;546,3943;0;3
1966-08-19 11:00:00Z;369,6385;0;3
1966-08-20 11:00:00Z;220,1339;0;3
1966-08-21 11:00:00Z;247,0842;0;3
1966-08-22 11:00:00Z;185,8264;0;3
1966-08-23 11:00:00Z;133,2203;0;3
1966-08-24 11:00:00Z;108,9812;0;3
1966-08-25 11:00:00Z;86,04465;0;3
1966-08-26 11:00:00Z;84,21928;0;3
1966-08-27 11:00:00Z;80,64693;0;3
1966-08-28 11:00:00Z;78,03549;0;3
1966-08-29 11:00:00Z;73,81033;0;3
1966-08-30 11:00:00Z;68,94634;0;3
1966-08-31 11:00:00Z;66,5972;0;3
1966-09-01 11:00:00Z;65,06135;0;3
1966-09-02 11:00:00Z;62,80245;0;3
1966-09-03 11:00:00Z;83,31644;0;3
1966-09-04 11:00:00Z;78,89957;0;3
1966-09-05 11:00:00Z;75,48145;0;3
1966-09-06 11:00:00Z;78,03549;0;3
1966-09-07 11:00:00Z;79,77004;0;3
1966-09-08 11:00:00Z;76,32646;0;3
1966-09-09 11:00:00Z;72,16423;0;3
1966-09-10 11:00:00Z;67,37418;0;3
1966-09-11 11:00:00Z;67,37418;0;3
1966-09-12 11:00:00Z;66,5972;0;3
1966-09-13 11:00:00Z;65,82626;0;3
1966-09-14 11:00:00Z;88,83221;0;3
1966-09-15 11:00:00Z;93,61183;0;3
1966-09-16 11:00:00Z;88,83221;0;3
1966-09-17 11:00:00Z;166,5012;0;3
1966-09-18 11:00:00Z;198,437;0;3
1966-09-19 11:00:00Z;491,127;0;3
1966-09-20 11:00:00Z;467,8193;0;3
1966-09-21 11:00:00Z;288,4136;0;3
1966-09-22 11:00:00Z;245,2222;0;3
1966-09-23 11:00:00Z;316,1914;0;3
1966-09-24 11:00:00Z;258,4564;0;3
1966-09-25 11:00:00Z;201,677;0;3
1966-09-26 11:00:00Z;155,307;0;3
1966-09-27 11:00:00Z;135,7014;0;3
1966-09-28 11:00:00Z;128,3496;0;3
1966-09-29 11:00:00Z;124,7762;0;3
1966-09-30 11:00:00Z;120,1164;0;3
1966-10-01 11:00:00Z;114,4579;0;3
1966-10-02 11:00:00Z;145,9366;0;3
1966-10-03 11:00:00Z;230,6636;0;3
1966-10-04 11:00:00Z;187,3724;0;3
1966-10-05 11:00:00Z;162,242;0;3
1966-10-06 11:00:00Z;170,8348;0;3
1966-10-07 11:00:00Z;204,9523;0;3
1966-10-08 11:00:00Z;241,5263;0;3
1966-10-09 11:00:00Z;228,8857;0;3
1966-10-10 11:00:00Z;192,0622;0;3
1966-10-11 11:00:00Z;125,9598;0;3
1966-10-12 11:00:00Z;113,3481;0;3
1966-10-13 11:00:00Z;118,97;0;3
1966-10-14 11:00:00Z;115,5749;0;3
1966-10-15 11:00:00Z;112,2455;0;3
1966-10-16 11:00:00Z;104,7287;0;3
1966-10-17 11:00:00Z;100,5891;0;3
1966-10-18 11:00:00Z;101,6135;0;3
1966-10-19 11:00:00Z;104,7287;0;3
1966-10-20 11:00:00Z;106,8407;0;3
1966-10-21 11:00:00Z;106,8407;0;3
1966-10-22 11:00:00Z;107,9074;0;3
1966-10-23 11:00:00Z;99,57169;0;3
1966-10-24 11:00:00Z;93,61183;0;3
1966-10-25 11:00:00Z;88,83221;0;3
1966-10-26 11:00:00Z;78,03549;0;3
1966-10-27 11:00:00Z;74,64275;0;3
1966-10-28 11:00:00Z;70,54296;0;3
1966-10-29 11:00:00Z;68,94634;0;3
1966-10-30 11:00:00Z;63,54947;0;3
1966-10-31 11:00:00Z;147,2513;0;3
1966-11-01 11:00:00Z;100,5891;0;3
1966-11-02 11:00:00Z;116,6993;0;3
1966-11-03 11:00:00Z;131,9912;0;3
1966-11-04 11:00:00Z;101,6135;0;3
1966-11-05 11:00:00Z;78,03549;0;3
1966-11-06 11:00:00Z;73,81033;0;3
1966-11-07 11:00:00Z;68,94634;0;3
1966-11-08 11:00:00Z;72,16423;0;3
1966-11-09 11:00:00Z;78,03549;0;3
1966-11-10 11:00:00Z;86,96721;0;3
1966-11-11 11:00:00Z;72,98416;0;3
1966-11-12 11:00:00Z;65,82626;0;3
1966-11-13 11:00:00Z;60,59683;0;3
1966-11-14 11:00:00Z;68,94634;0;3
1966-11-15 11:00:00Z;66,5972;0;3
1966-11-16 11:00:00Z;62,80245;0;3
1966-11-17 11:00:00Z;59,87335;0;3
1966-11-18 11:00:00Z;61,32616;0;3
1966-11-19 11:00:00Z;62,06135;0;3
1966-11-20 11:00:00Z;64,30242;0;3
1966-11-21 11:00:00Z;64,30242;0;3
1966-11-22 11:00:00Z;62,80245;0;3
1966-11-23 11:00:00Z;60,59683;0;3
1966-11-24 11:00:00Z;58,44384;0;3
1966-11-25 11:00:00Z;57,03743;0;3
1966-11-26 11:00:00Z;52,9549;0;3
1966-11-27 11:00:00Z;49,70656;0;3
1966-11-28 11:00:00Z;49,07338;0;3
1966-11-29 11:00:00Z;42,46211;0;3
1966-11-30 11:00:00Z;38,04911;0;3
1966-12-01 11:00:00Z;36,47715;0;3
1966-12-02 11:00:00Z;42,46211;0;3
1966-12-03 11:00:00Z;44,79207;0;3
1966-12-04 11:00:00Z;43,61664;0;3
1966-12-05 11:00:00Z;41,89262;0;3
1966-12-06 11:00:00Z;39,12197;0;3
1966-12-07 11:00:00Z;37,52017;0;3
1966-12-08 11:00:00Z;34,94939;0;3
1966-12-09 11:00:00Z;33,46521;0;3
1966-12-10 11:00:00Z;31,55298;0;3
1966-12-11 11:00:00Z;31,08667;0;3
1966-12-12 11:00:00Z;30,625;0;3
1966-12-13 11:00:00Z;30,16797;0;3
1966-12-14 11:00:00Z;30,16797;0;3
1966-12-15 11:00:00Z;29,71554;0;3
1966-12-16 11:00:00Z;29,71554;0;3
1966-12-17 11:00:00Z;29,26768;0;3
1966-12-18 11:00:00Z;29,26768;0;3
1966-12-19 11:00:00Z;29,26768;0;3
1966-12-20 11:00:00Z;29,26768;0;3
1966-12-21 11:00:00Z;29,26768;0;3
1966-12-22 11:00:00Z;29,26768;0;3
1966-12-23 11:00:00Z;29,26768;0;3
1966-12-24 11:00:00Z;29,26768;0;3
1966-12-25 11:00:00Z;29,26768;0;3
1966-12-26 11:00:00Z;29,26768;0;3
1966-12-27 11:00:00Z;29,26768;0;3
1966-12-28 11:00:00Z;29,26768;0;3
1966-12-29 11:00:00Z;29,26768;0;3
1966-12-30 11:00:00Z;29,26768;0;3
1966-12-31 11:00:00Z;29,26768;0;3
1967-01-01 11:00:00Z;29,26768;0;3
1967-01-02 11:00:00Z;29,26768;0;3
1967-01-03 11:00:00Z;29,26768;0;3
1967-01-04 11:00:00Z;29,26768;0;3
1967-01-05 11:00:00Z;29,26768;0;3
1967-01-06 11:00:00Z;29,26768;0;3
1967-01-07 11:00:00Z;29,26768;0;3
1967-01-08 11:00:00Z;29,26768;0;3
1967-01-09 11:00:00Z;29,26768;0;3
1967-01-10 11:00:00Z;29,26768;0;3
1967-01-11 11:00:00Z;29,26768;0;3
1967-01-12 11:00:00Z;29,26768;0;3
1967-01-13 11:00:00Z;29,26768;0;3
1967-01-14 11:00:00Z;29,26768;0;3
1967-01-15 11:00:00Z;29,26768;0;3
1967-01-16 11:00:00Z;29,26768;0;3
1967-01-17 11:00:00Z;29,26768;0;3
1967-01-18 11:00:00Z;29,26768;0;3
1967-01-19 11:00:00Z;29,26768;0;3
1967-01-20 11:00:00Z;29,26768;0;3
1967-01-21 11:00:00Z;29,71554;0;3
1967-01-22 11:00:00Z;29,71554;0;3
1967-01-23 11:00:00Z;29,71554;0;3
1967-01-24 11:00:00Z;29,71554;0;3
1967-01-25 11:00:00Z;29,71554;0;3
1967-01-26 11:00:00Z;29,71554;0;3
1967-01-27 11:00:00Z;29,71554;0;3
1967-01-28 11:00:00Z;29,71554;0;3
1967-01-29 11:00:00Z;29,71554;0;3
1967-01-30 11:00:00Z;30,16797;0;3
1967-01-31 11:00:00Z;30,16797;0;3
1967-02-01 11:00:00Z;30,16797;0;3
1967-02-02 11:00:00Z;30,625;0;3
1967-02-03 11:00:00Z;30,625;0;3
1967-02-04 11:00:00Z;31,08667;0;3
1967-02-05 11:00:00Z;31,08667;0;3
1967-02-06 11:00:00Z;31,55298;0;3
1967-02-07 11:00:00Z;31,55298;0;3
1967-02-08 11:00:00Z;32,02397;0;3
1967-02-09 11:00:00Z;32,49965;0;3
1967-02-10 11:00:00Z;32,98006;0;3
1967-02-11 11:00:00Z;33,95514;0;3
1967-02-12 11:00:00Z;34,94939;0;3
1967-02-13 11:00:00Z;36,47715;0;3
1967-02-14 11:00:00Z;35,45377;0;3
1967-02-15 11:00:00Z;34,44986;0;3
1967-02-16 11:00:00Z;33,95514;0;3
1967-02-17 11:00:00Z;33,46521;0;3
1967-02-18 11:00:00Z;33,46521;0;3
1967-02-19 11:00:00Z;32,98006;0;3
1967-02-20 11:00:00Z;32,49965;0;3
1967-02-21 11:00:00Z;32,49965;0;3
1967-02-22 11:00:00Z;32,49965;0;3
1967-02-23 11:00:00Z;32,49965;0;3
1967-02-24 11:00:00Z;32,02397;0;3
1967-02-25 11:00:00Z;32,02397;0;3
1967-02-26 11:00:00Z;32,49965;0;3
1967-02-27 11:00:00Z;32,49965;0;3
1967-02-28 11:00:00Z;32,98006;0;3
1967-03-01 11:00:00Z;33,95514;0;3
1967-03-02 11:00:00Z;34,94939;0;3
1967-03-03 11:00:00Z;36,47715;0;3
1967-03-04 11:00:00Z;37,52017;0;3
1967-03-05 11:00:00Z;38,04911;0;3
1967-03-06 11:00:00Z;46,59481;0;3
1967-03-07 11:00:00Z;54,97072;0;3
1967-03-08 11:00:00Z;63,54947;0;3
1967-03-09 11:00:00Z;60,59683;0;3
1967-03-10 11:00:00Z;54,29316;0;3
1967-03-11 11:00:00Z;52,29416;0;3
1967-03-12 11:00:00Z;50,98934;0;3
1967-03-13 11:00:00Z;46,59481;0;3
1967-03-14 11:00:00Z;44,20173;0;3
1967-03-15 11:00:00Z;43,03678;0;3
1967-03-16 11:00:00Z;42,46211;0;3
1967-03-17 11:00:00Z;41,89262;0;3
1967-03-18 11:00:00Z;41,32829;0;3
1967-03-19 11:00:00Z;41,32829;0;3
1967-03-20 11:00:00Z;40,76907;0;3
1967-03-21 11:00:00Z;40,76907;0;3
1967-03-22 11:00:00Z;40,76907;0;3
1967-03-23 11:00:00Z;40,76907;0;3
1967-03-24 11:00:00Z;40,76907;0;3
1967-03-25 11:00:00Z;41,32829;0;3
1967-03-26 11:00:00Z;40,76907;0;3
1967-03-27 11:00:00Z;41,32829;0;3
1967-03-28 11:00:00Z;41,32829;0;3
1967-03-29 11:00:00Z;41,89262;0;3
1967-03-30 11:00:00Z;42,46211;0;3
1967-03-31 11:00:00Z;42,46211;0;3
1967-04-01 11:00:00Z;40,76907;0;3
1967-04-02 11:00:00Z;38,58304;0;3
1967-04-03 11:00:00Z;38,58304;0;3
1967-04-04 11:00:00Z;38,58304;0;3
1967-04-05 11:00:00Z;38,58304;0;3
1967-04-06 11:00:00Z;38,04911;0;3
1967-04-07 11:00:00Z;38,04911;0;3
1967-04-08 11:00:00Z;36,99619;0;3
1967-04-09 11:00:00Z;36,99619;0;3
1967-04-10 11:00:00Z;38,58304;0;3
1967-04-11 11:00:00Z;39,12197;0;3
1967-04-12 11:00:00Z;39,66595;0;3
1967-04-13 11:00:00Z;41,32829;0;3
1967-04-14 11:00:00Z;46,59481;0;3
1967-04-15 11:00:00Z;95,57103;0;3
1967-04-16 11:00:00Z;89,7747;0;3
1967-04-17 11:00:00Z;78,03549;0;3
1967-04-18 11:00:00Z;65,06135;0;3
1967-04-19 11:00:00Z;57,03743;0;3
1967-04-20 11:00:00Z;53,62123;0;3
1967-04-21 11:00:00Z;49,70656;0;3
1967-04-22 11:00:00Z;48,44564;0;3
1967-04-23 11:00:00Z;46,59481;0;3
1967-04-24 11:00:00Z;45,98858;0;3
1967-04-25 11:00:00Z;44,20173;0;3
1967-04-26 11:00:00Z;43,03678;0;3
1967-04-27 11:00:00Z;57,73776;0;3
1967-04-28 11:00:00Z;144,6298;0;3
1967-04-29 11:00:00Z;107,9074;0;3
1967-04-30 11:00:00Z;93,61183;0;3
1967-05-01 11:00:00Z;76,32646;0;3
1967-05-02 11:00:00Z;70,54296;0;3
1967-05-03 11:00:00Z;62,80245;0;3
1967-05-04 11:00:00Z;58,44384;0;3
1967-05-05 11:00:00Z;60,59683;0;3
1967-05-06 11:00:00Z;65,06135;0;3
1967-05-07 11:00:00Z;66,5972;0;3
1967-05-08 11:00:00Z;69,74158;0;3
1967-05-09 11:00:00Z;76,32646;0;3
1967-05-10 11:00:00Z;103,6833;0;3
1967-05-11 11:00:00Z;123,6001;0;3
1967-05-12 11:00:00Z;156,6778;0;3
1967-05-13 11:00:00Z;200,0526;0;3
1967-05-14 11:00:00Z;172,296;0;3
1967-05-15 11:00:00Z;147,2513;0;3
1967-05-16 11:00:00Z;135,7014;0;3
1967-05-17 11:00:00Z;118,97;0;3
1967-05-18 11:00:00Z;112,2455;0;3
1967-05-19 11:00:00Z;305,3044;0;3
1967-05-20 11:00:00Z;208,2632;0;3
1967-05-21 11:00:00Z;192,0622;0;3
1967-05-22 11:00:00Z;187,3724;0;3
1967-05-23 11:00:00Z;193,6428;0;3
1967-05-24 11:00:00Z;282,2451;0;3
1967-05-25 11:00:00Z;524,4306;0;3
1967-05-26 11:00:00Z;506,0831;0;3
1967-05-27 11:00:00Z;453,6361;0;3
1967-05-28 11:00:00Z;530,6443;0;3
1967-05-29 11:00:00Z;864,2549;0;3
1967-05-30 11:00:00Z;805,0765;0;3
1967-05-31 11:00:00Z;752,62;0;3
1967-06-01 11:00:00Z;825,8885;0;3
1967-06-02 11:00:00Z;953,7614;0;3
1967-06-03 11:00:00Z;864,2549;0;3
1967-06-04 11:00:00Z;752,62;0;3
1967-06-05 11:00:00Z;695,0046;0;3
1967-06-06 11:00:00Z;578,8302;0;3
1967-06-07 11:00:00Z;512,1502;0;3
1967-06-08 11:00:00Z;426,1415;0;3
1967-06-09 11:00:00Z;348,0558;0;3
1967-06-10 11:00:00Z;292,5759;0;3
1967-06-11 11:00:00Z;258,4564;0;3
1967-06-12 11:00:00Z;208,2632;0;3
1967-06-13 11:00:00Z;221,866;0;3
1967-06-14 11:00:00Z;282,2451;0;3
1967-06-15 11:00:00Z;290,4898;0;3
1967-06-16 11:00:00Z;311,8059;0;3
1967-06-17 11:00:00Z;540,0571;0;3
1967-06-18 11:00:00Z;500,0645;0;3
1967-06-19 11:00:00Z;445,2663;0;3
1967-06-20 11:00:00Z;462,1108;0;3
1967-06-21 11:00:00Z;500,0645;0;3
1967-06-22 11:00:00Z;482,2974;0;3
1967-06-23 11:00:00Z;426,1415;0;3
1967-06-24 11:00:00Z;369,6385;0;3
1967-06-25 11:00:00Z;305,3044;0;3
1967-06-26 11:00:00Z;211,6098;0;3
1967-06-27 11:00:00Z;192,0622;0;3
1967-06-28 11:00:00Z;178,2248;0;3
1967-06-29 11:00:00Z;245,2222;0;3
1967-06-30 11:00:00Z;341,0543;0;3
1967-07-01 11:00:00Z;445,2663;0;3
1967-07-02 11:00:00Z;307,4614;0;3
1967-07-03 11:00:00Z;227,117;0;3
1967-07-04 11:00:00Z;286,3475;0;3
1967-07-05 11:00:00Z;536,9072;0;3
1967-07-06 11:00:00Z;379,5125;0;3
1967-07-07 11:00:00Z;352,7768;0;3
1967-07-08 11:00:00Z;445,2663;0;3
1967-07-09 11:00:00Z;428,8391;0;3
1967-07-10 11:00:00Z;412,824;0;3
1967-07-11 11:00:00Z;343,3775;0;3
1967-07-12 11:00:00Z;290,4898;0;3
1967-07-13 11:00:00Z;260,3853;0;3
1967-07-14 11:00:00Z;209,932;0;3
1967-07-15 11:00:00Z;182,7602;0;3
1967-07-16 11:00:00Z;165,0732;0;3
1967-07-17 11:00:00Z;165,0732;0;3
1967-07-18 11:00:00Z;165,0732;0;3
1967-07-19 11:00:00Z;165,0732;0;3
1967-07-20 11:00:00Z;165,0732;0;3
1967-07-21 11:00:00Z;165,0732;0;3
1967-07-22 11:00:00Z;165,0732;0;3
1967-07-23 11:00:00Z;165,0732;0;3
1967-07-24 11:00:00Z;170,8348;0;3
1967-07-25 11:00:00Z;143,3309;0;3
1967-07-26 11:00:00Z;172,296;0;3
1967-07-27 11:00:00Z;220,1339;0;3
1967-07-28 11:00:00Z;227,117;0;3
1967-07-29 11:00:00Z;239,6925;0;3
1967-07-30 11:00:00Z;204,9523;0;3
1967-07-31 11:00:00Z;172,296;0;3
1967-08-01 11:00:00Z;160,8387;0;3
1967-08-02 11:00:00Z;165,0732;0;3
1967-08-03 11:00:00Z;179,7281;0;3
1967-08-04 11:00:00Z;298,8947;0;3
1967-08-05 11:00:00Z;220,1339;0;3
1967-08-06 11:00:00Z;195,2321;0;3
1967-08-07 11:00:00Z;144,6298;0;3
1967-08-08 11:00:00Z;120,1164;0;3
1967-08-09 11:00:00Z;106,8407;0;3
1967-08-10 11:00:00Z;101,6135;0;3
1967-08-11 11:00:00Z;95,57103;0;3
1967-08-12 11:00:00Z;94,58802;0;3
1967-08-13 11:00:00Z;200,0526;0;3
1967-08-14 11:00:00Z;148,574;0;3
1967-08-15 11:00:00Z;144,6298;0;3
1967-08-16 11:00:00Z;123,6001;0;3
1967-08-17 11:00:00Z;123,6001;0;3
1967-08-18 11:00:00Z;118,97;0;3
1967-08-19 11:00:00Z;116,6993;0;3
1967-08-20 11:00:00Z;122,4314;0;3
1967-08-21 11:00:00Z;101,6135;0;3
1967-08-22 11:00:00Z;94,58802;0;3
1967-08-23 11:00:00Z;89,7747;0;3
1967-08-24 11:00:00Z;86,96721;0;3
1967-08-25 11:00:00Z;80,64693;0;3
1967-08-26 11:00:00Z;75,48145;0;3
1967-08-27 11:00:00Z;75,48145;0;3
1967-08-28 11:00:00Z;72,16423;0;3
1967-08-29 11:00:00Z;69,74158;0;3
1967-08-30 11:00:00Z;71,3505;0;3
1967-08-31 11:00:00Z;71,3505;0;3
1967-09-01 11:00:00Z;72,98416;0;3
1967-09-02 11:00:00Z;70,54296;0;3
1967-09-03 11:00:00Z;70,54296;0;3
1967-09-04 11:00:00Z;68,94634;0;3
1967-09-05 11:00:00Z;72,98416;0;3
1967-09-06 11:00:00Z;73,81033;0;3
1967-09-07 11:00:00Z;74,64275;0;3
1967-09-08 11:00:00Z;74,64275;0;3
1967-09-09 11:00:00Z;73,81033;0;3
1967-09-10 11:00:00Z;67,37418;0;3
1967-09-11 11:00:00Z;70,54296;0;3
1967-09-12 11:00:00Z;66,5972;0;3
1967-09-13 11:00:00Z;73,81033;0;3
1967-09-14 11:00:00Z;68,15722;0;3
1967-09-15 11:00:00Z;64,30242;0;3
1967-09-16 11:00:00Z;62,06135;0;3
1967-09-17 11:00:00Z;59,1557;0;3
1967-09-18 11:00:00Z;56,34283;0;3
1967-09-19 11:00:00Z;53,62123;0;3
1967-09-20 11:00:00Z;51,63898;0;3
1967-09-21 11:00:00Z;50,98934;0;3
1967-09-22 11:00:00Z;50,34521;0;3
1967-09-23 11:00:00Z;49,07338;0;3
1967-09-24 11:00:00Z;45,38768;0;3
1967-09-25 11:00:00Z;43,61664;0;3
1967-09-26 11:00:00Z;57,73776;0;3
1967-09-27 11:00:00Z;65,06135;0;3
1967-09-28 11:00:00Z;62,06135;0;3
1967-09-29 11:00:00Z;58,44384;0;3
1967-09-30 11:00:00Z;65,82626;0;3
1967-10-01 11:00:00Z;68,15722;0;3
1967-10-02 11:00:00Z;68,94634;0;3
1967-10-03 11:00:00Z;90,72388;0;3
1967-10-04 11:00:00Z;124,7762;0;3
1967-10-05 11:00:00Z;95,57103;0;3
1967-10-06 11:00:00Z;94,58802;0;3
1967-10-07 11:00:00Z;84,21928;0;3
1967-10-08 11:00:00Z;75,48145;0;3
1967-10-09 11:00:00Z;75,48145;0;3
1967-10-10 11:00:00Z;75,48145;0;3
1967-10-11 11:00:00Z;87,89639;0;3
1967-10-12 11:00:00Z;88,83221;0;3
1967-10-13 11:00:00Z;106,8407;0;3
1967-10-14 11:00:00Z;131,9912;0;3
1967-10-15 11:00:00Z;133,2203;0;3
1967-10-16 11:00:00Z;133,2203;0;3
1967-10-17 11:00:00Z;134,457;0;3
1967-10-18 11:00:00Z;107,9074;0;3
1967-10-19 11:00:00Z;89,7747;0;3
1967-10-20 11:00:00Z;86,96721;0;3
1967-10-21 11:00:00Z;81,53029;0;3
1967-10-22 11:00:00Z;78,03549;0;3
1967-10-23 11:00:00Z;74,64275;0;3
1967-10-24 11:00:00Z;78,89957;0;3
1967-10-25 11:00:00Z;68,15722;0;3
1967-10-26 11:00:00Z;68,15722;0;3
1967-10-27 11:00:00Z;85,12867;0;3
1967-10-28 11:00:00Z;182,7602;0;3
1967-10-29 11:00:00Z;116,6993;0;3
1967-10-30 11:00:00Z;97,55759;0;3
1967-10-31 11:00:00Z;87,89639;0;3
1967-11-01 11:00:00Z;82,42011;0;3
1967-11-02 11:00:00Z;78,03549;0;3
1967-11-03 11:00:00Z;77,1778;0;3
1967-11-04 11:00:00Z;70,54296;0;3
1967-11-05 11:00:00Z;68,15722;0;3
1967-11-06 11:00:00Z;77,1778;0;3
1967-11-07 11:00:00Z;94,58802;0;3
1967-11-08 11:00:00Z;86,04465;0;3
1967-11-09 11:00:00Z;81,53029;0;3
1967-11-10 11:00:00Z;71,3505;0;3
1967-11-11 11:00:00Z;69,74158;0;3
1967-11-12 11:00:00Z;66,5972;0;3
1967-11-13 11:00:00Z;62,80245;0;3
1967-11-14 11:00:00Z;59,87335;0;3
1967-11-15 11:00:00Z;59,1557;0;3
1967-11-16 11:00:00Z;57,03743;0;3
1967-11-17 11:00:00Z;57,03743;0;3
1967-11-18 11:00:00Z;57,73776;0;3
1967-11-19 11:00:00Z;57,73776;0;3
1967-11-20 11:00:00Z;61,32616;0;3
1967-11-21 11:00:00Z;70,54296;0;3
1967-11-22 11:00:00Z;118,97;0;3
1967-11-23 11:00:00Z;129,5559;0;3
1967-11-24 11:00:00Z;120,1164;0;3
1967-11-25 11:00:00Z;110,0621;0;3
1967-11-26 11:00:00Z;102,6449;0;3
1967-11-27 11:00:00Z;86,96721;0;3
1967-11-28 11:00:00Z;78,03549;0;3
1967-11-29 11:00:00Z;72,16423;0;3
1967-11-30 11:00:00Z;108,9812;0;3
1967-12-01 11:00:00Z;165,0732;0;3
1967-12-02 11:00:00Z;111,1502;0;3
1967-12-03 11:00:00Z;89,7747;0;3
1967-12-04 11:00:00Z;86,96721;0;3
1967-12-05 11:00:00Z;82,42011;0;3
1967-12-06 11:00:00Z;77,1778;0;3
1967-12-07 11:00:00Z;86,04465;0;3
1967-12-08 11:00:00Z;83,31644;0;3
1967-12-09 11:00:00Z;76,32646;0;3
1967-12-10 11:00:00Z;77,1778;0;3
1967-12-11 11:00:00Z;78,03549;0;3
1967-12-12 11:00:00Z;68,94634;0;3
1967-12-13 11:00:00Z;68,15722;0;3
1967-12-14 11:00:00Z;72,16423;0;3
1967-12-15 11:00:00Z;151,2432;0;3
1967-12-16 11:00:00Z;103,6833;0;3
1967-12-17 11:00:00Z;86,04465;0;3
1967-12-18 11:00:00Z;77,1778;0;3
1967-12-19 11:00:00Z;70,54296;0;3
1967-12-20 11:00:00Z;61,32616;0;3
1967-12-21 11:00:00Z;59,1557;0;3
1967-12-22 11:00:00Z;57,73776;0;3
1967-12-23 11:00:00Z;57,03743;0;3
1967-12-24 11:00:00Z;51,63898;0;3
1967-12-25 11:00:00Z;49,70656;0;3
1967-12-26 11:00:00Z;47,82331;0;3
1967-12-27 11:00:00Z;46,59481;0;3
1967-12-28 11:00:00Z;44,79207;0;3
1967-12-29 11:00:00Z;43,61664;0;3
1967-12-30 11:00:00Z;43,03678;0;3
1967-12-31 11:00:00Z;42,46211;0;3
1968-01-01 11:00:00Z;41,89262;0;3
1968-01-02 11:00:00Z;41,32829;0;3
1968-01-03 11:00:00Z;40,76907;0;3
1968-01-04 11:00:00Z;40,76907;0;3
1968-01-05 11:00:00Z;40,21497;0;3
1968-01-06 11:00:00Z;40,21497;0;3
1968-01-07 11:00:00Z;40,21497;0;3
1968-01-08 11:00:00Z;39,66595;0;3
1968-01-09 11:00:00Z;39,66595;0;3
1968-01-10 11:00:00Z;39,12197;0;3
1968-01-11 11:00:00Z;39,12197;0;3
1968-01-12 11:00:00Z;39,12197;0;3
1968-01-13 11:00:00Z;39,12197;0;3
1968-01-14 11:00:00Z;39,12197;0;3
1968-01-15 11:00:00Z;39,12197;0;3
1968-01-16 11:00:00Z;39,12197;0;3
1968-01-17 11:00:00Z;39,66595;0;3
1968-01-18 11:00:00Z;39,66595;0;3
1968-01-19 11:00:00Z;39,66595;0;3
1968-01-20 11:00:00Z;39,66595;0;3
1968-01-21 11:00:00Z;68,94634;0;3
1968-01-22 11:00:00Z;67,37418;0;3
1968-01-23 11:00:00Z;65,82626;0;3
1968-01-24 11:00:00Z;62,80245;0;3
1968-01-25 11:00:00Z;60,59683;0;3
1968-01-26 11:00:00Z;57,73776;0;3
1968-01-27 11:00:00Z;59,87335;0;3
1968-01-28 11:00:00Z;58,44384;0;3
1968-01-29 11:00:00Z;57,73776;0;3
1968-01-30 11:00:00Z;54,97072;0;3
1968-01-31 11:00:00Z;52,9549;0;3
1968-02-01 11:00:00Z;51,63898;0;3
1968-02-02 11:00:00Z;50,34521;0;3
1968-02-03 11:00:00Z;49,07338;0;3
1968-02-04 11:00:00Z;47,82331;0;3
1968-02-05 11:00:00Z;47,20638;0;3
1968-02-06 11:00:00Z;45,98858;0;3
1968-02-07 11:00:00Z;45,38768;0;3
1968-02-08 11:00:00Z;44,79207;0;3
1968-02-09 11:00:00Z;44,20173;0;3
1968-02-10 11:00:00Z;43,61664;0;3
1968-02-11 11:00:00Z;43,03678;0;3
1968-02-12 11:00:00Z;43,03678;0;3
1968-02-13 11:00:00Z;42,46211;0;3
1968-02-14 11:00:00Z;42,46211;0;3
1968-02-15 11:00:00Z;42,46211;0;3
1968-02-16 11:00:00Z;42,46211;0;3
1968-02-17 11:00:00Z;42,46211;0;3
1968-02-18 11:00:00Z;42,46211;0;3
1968-02-19 11:00:00Z;42,46211;0;3
1968-02-20 11:00:00Z;42,46211;0;3
1968-02-21 11:00:00Z;42,46211;0;3
1968-02-22 11:00:00Z;42,46211;0;3
1968-02-23 11:00:00Z;43,03678;0;3
1968-02-24 11:00:00Z;43,03678;0;3
1968-02-25 11:00:00Z;43,03678;0;3
1968-02-26 11:00:00Z;43,61664;0;3
1968-02-27 11:00:00Z;44,20173;0;3
1968-02-28 11:00:00Z;44,79207;0;3
1968-02-29 11:00:00Z;45,98858;0;3
1968-03-01 11:00:00Z;47,20638;0;3
1968-03-02 11:00:00Z;49,07338;0;3
1968-03-03 11:00:00Z;48,44564;0;3
1968-03-04 11:00:00Z;48,44564;0;3
1968-03-05 11:00:00Z;48,44564;0;3
1968-03-06 11:00:00Z;48,44564;0;3
1968-03-07 11:00:00Z;48,44564;0;3
1968-03-08 11:00:00Z;48,44564;0;3
1968-03-09 11:00:00Z;48,44564;0;3
1968-03-10 11:00:00Z;48,44564;0;3
1968-03-11 11:00:00Z;48,44564;0;3
1968-03-12 11:00:00Z;48,44564;0;3
1968-03-13 11:00:00Z;48,44564;0;3
1968-03-14 11:00:00Z;49,07338;0;3
1968-03-15 11:00:00Z;49,07338;0;3
1968-03-16 11:00:00Z;49,07338;0;3
1968-03-17 11:00:00Z;49,07338;0;3
1968-03-18 11:00:00Z;49,07338;0;3
1968-03-19 11:00:00Z;49,07338;0;3
1968-03-20 11:00:00Z;49,07338;0;3
1968-03-21 11:00:00Z;49,70656;0;3
1968-03-22 11:00:00Z;49,70656;0;3
1968-03-23 11:00:00Z;50,34521;0;3
1968-03-24 11:00:00Z;50,98934;0;3
1968-03-25 11:00:00Z;50,34521;0;3
1968-03-26 11:00:00Z;51,63898;0;3
1968-03-27 11:00:00Z;51,63898;0;3
1968-03-28 11:00:00Z;65,06135;0;3
1968-03-29 11:00:00Z;68,94634;0;3
1968-03-30 11:00:00Z;62,80245;0;3
1968-03-31 11:00:00Z;57,73776;0;3
1968-04-01 11:00:00Z;53,62123;0;3
1968-04-02 11:00:00Z;52,29416;0;3
1968-04-03 11:00:00Z;50,34521;0;3
1968-04-04 11:00:00Z;47,82331;0;3
1968-04-05 11:00:00Z;47,20638;0;3
1968-04-06 11:00:00Z;46,59481;0;3
1968-04-07 11:00:00Z;46,59481;0;3
1968-04-08 11:00:00Z;45,38768;0;3
1968-04-09 11:00:00Z;44,79207;0;3
1968-04-10 11:00:00Z;44,20173;0;3
1968-04-11 11:00:00Z;45,38768;0;3
1968-04-12 11:00:00Z;46,59481;0;3
1968-04-13 11:00:00Z;55,65394;0;3
1968-04-14 11:00:00Z;58,44384;0;3
1968-04-15 11:00:00Z;59,87335;0;3
1968-04-16 11:00:00Z;57,73776;0;3
1968-04-17 11:00:00Z;56,34283;0;3
1968-04-18 11:00:00Z;58,44384;0;3
1968-04-19 11:00:00Z;64,30242;0;3
1968-04-20 11:00:00Z;67,37418;0;3
1968-04-21 11:00:00Z;83,31644;0;3
1968-04-22 11:00:00Z;98,56119;0;3
1968-04-23 11:00:00Z;128,3496;0;3
1968-04-24 11:00:00Z;144,6298;0;3
1968-04-25 11:00:00Z;167,9374;0;3
1968-04-26 11:00:00Z;733,072;0;3
1968-04-27 11:00:00Z;334,1479;0;3
1968-04-28 11:00:00Z;206,6033;0;3
1968-04-29 11:00:00Z;192,0622;0;3
1968-04-30 11:00:00Z;208,2632;0;3
1968-05-01 11:00:00Z;230,6636;0;3
1968-05-02 11:00:00Z;204,9523;0;3
1968-05-03 11:00:00Z;173,7656;0;3
1968-05-04 11:00:00Z;144,6298;0;3
1968-05-05 11:00:00Z;131,9912;0;3
1968-05-06 11:00:00Z;125,9598;0;3
1968-05-07 11:00:00Z;124,7762;0;3
1968-05-08 11:00:00Z;122,4314;0;3
1968-05-09 11:00:00Z;114,4579;0;3
1968-05-10 11:00:00Z;113,3481;0;3
1968-05-11 11:00:00Z;111,1502;0;3
1968-05-12 11:00:00Z;190,4903;0;3
1968-05-13 11:00:00Z;223,6071;0;3
1968-05-14 11:00:00Z;211,6098;0;3
1968-05-15 11:00:00Z;193,6428;0;3
1968-05-16 11:00:00Z;182,7602;0;3
1968-05-17 11:00:00Z;173,7656;0;3
1968-05-18 11:00:00Z;165,0732;0;3
1968-05-19 11:00:00Z;172,296;0;3
1968-05-20 11:00:00Z;182,7602;0;3
1968-05-21 11:00:00Z;159,4436;0;3
1968-05-22 11:00:00Z;138,2135;0;3
1968-05-23 11:00:00Z;130,7697;0;3
1968-05-24 11:00:00Z;125,9598;0;3
1968-05-25 11:00:00Z;158,0566;0;3
1968-05-26 11:00:00Z;172,296;0;3
1968-05-27 11:00:00Z;208,2632;0;3
1968-05-28 11:00:00Z;298,8947;0;3
1968-05-29 11:00:00Z;327,3362;0;3
1968-05-30 11:00:00Z;407,5763;0;3
1968-05-31 11:00:00Z;462,1108;0;3
1968-06-01 11:00:00Z;485,2286;0;3
1968-06-02 11:00:00Z;546,3943;0;3
1968-06-03 11:00:00Z;691,2725;0;3
1968-06-04 11:00:00Z;748,6826;0;3
1968-06-05 11:00:00Z;825,8885;0;3
1968-06-06 11:00:00Z;830,0936;0;3
1968-06-07 11:00:00Z;912,7501;0;3
1968-06-08 11:00:00Z;825,8885;0;3
1968-06-09 11:00:00Z;733,072;0;3
1968-06-10 11:00:00Z;555,9933;0;3
1968-06-11 11:00:00Z;473,575;0;3
1968-06-12 11:00:00Z;615,976;0;3
1968-06-13 11:00:00Z;752,62;0;3
1968-06-14 11:00:00Z;756,571;0;3
1968-06-15 11:00:00Z;721,5084;0;3
1968-06-16 11:00:00Z;582,1432;0;3
1968-06-17 11:00:00Z;485,2286;0;3
1968-06-18 11:00:00Z;428,8391;0;3
1968-06-19 11:00:00Z;503,0678;0;3
1968-06-20 11:00:00Z;622,8972;0;3
1968-06-21 11:00:00Z;540,0571;0;3
1968-06-22 11:00:00Z;491,127;0;3
1968-06-23 11:00:00Z;459,2742;0;3
1968-06-24 11:00:00Z;470,6913;0;3
1968-06-25 11:00:00Z;748,6826;0;3
1968-06-26 11:00:00Z;540,0571;0;3
1968-06-27 11:00:00Z;552,7812;0;3
1968-06-28 11:00:00Z;476,4706;0;3
1968-06-29 11:00:00Z;377,0276;0;3
1968-06-30 11:00:00Z;282,2451;0;3
1968-07-01 11:00:00Z;243,3695;0;3
1968-07-02 11:00:00Z;320,6182;0;3
1968-07-03 11:00:00Z;420,7804;0;3
1968-07-04 11:00:00Z;456,4493;0;3
1968-07-05 11:00:00Z;352,7768;0;3
1968-07-06 11:00:00Z;254,6275;0;3
1968-07-07 11:00:00Z;198,437;0;3
1968-07-08 11:00:00Z;167,9374;0;3
1968-07-09 11:00:00Z;165,0732;0;3
1968-07-10 11:00:00Z;156,6778;0;3
1968-07-11 11:00:00Z;142,0398;0;3
1968-07-12 11:00:00Z;129,5559;0;3
1968-07-13 11:00:00Z;122,4314;0;3
1968-07-14 11:00:00Z;127,151;0;3
1968-07-15 11:00:00Z;138,2135;0;3
1968-07-16 11:00:00Z;142,0398;0;3
1968-07-17 11:00:00Z;145,9366;0;3
1968-07-18 11:00:00Z;156,6778;0;3
1968-07-19 11:00:00Z;142,0398;0;3
1968-07-20 11:00:00Z;127,151;0;3
1968-07-21 11:00:00Z;120,1164;0;3
1968-07-22 11:00:00Z;115,5749;0;3
1968-07-23 11:00:00Z;113,3481;0;3
1968-07-24 11:00:00Z;111,1502;0;3
1968-07-25 11:00:00Z;113,3481;0;3
1968-07-26 11:00:00Z;115,5749;0;3
1968-07-27 11:00:00Z;118,97;0;3
1968-07-28 11:00:00Z;129,5559;0;3
1968-07-29 11:00:00Z;167,9374;0;3
1968-07-30 11:00:00Z;159,4436;0;3
1968-07-31 11:00:00Z;152,5897;0;3
1968-08-01 11:00:00Z;206,6033;0;3
1968-08-02 11:00:00Z;167,9374;0;3
1968-08-03 11:00:00Z;138,2135;0;3
1968-08-04 11:00:00Z;133,2203;0;3
1968-08-05 11:00:00Z;128,3496;0;3
1968-08-06 11:00:00Z;111,1502;0;3
1968-08-07 11:00:00Z;93,61183;0;3
1968-08-08 11:00:00Z;93,61183;0;3
1968-08-09 11:00:00Z;88,83221;0;3
1968-08-10 11:00:00Z;86,96721;0;3
1968-08-11 11:00:00Z;84,21928;0;3
1968-08-12 11:00:00Z;82,42011;0;3
1968-08-13 11:00:00Z;77,1778;0;3
1968-08-14 11:00:00Z;68,15722;0;3
1968-08-15 11:00:00Z;64,30242;0;3
1968-08-16 11:00:00Z;59,87335;0;3
1968-08-17 11:00:00Z;65,06135;0;3
1968-08-18 11:00:00Z;65,06135;0;3
1968-08-19 11:00:00Z;63,54947;0;3
1968-08-20 11:00:00Z;59,1557;0;3
1968-08-21 11:00:00Z;50,98934;0;3
1968-08-22 11:00:00Z;57,73776;0;3
1968-08-23 11:00:00Z;74,64275;0;3
1968-08-24 11:00:00Z;78,89957;0;3
1968-08-25 11:00:00Z;75,48145;0;3
1968-08-26 11:00:00Z;68,15722;0;3
1968-08-27 11:00:00Z;64,30242;0;3
1968-08-28 11:00:00Z;62,06135;0;3
1968-08-29 11:00:00Z;59,1557;0;3
1968-08-30 11:00:00Z;59,1557;0;3
1968-08-31 11:00:00Z;58,44384;0;3
1968-09-01 11:00:00Z;56,34283;0;3
1968-09-02 11:00:00Z;73,81033;0;3
1968-09-03 11:00:00Z;81,53029;0;3
1968-09-04 11:00:00Z;79,77004;0;3
1968-09-05 11:00:00Z;80,64693;0;3
1968-09-06 11:00:00Z;82,42011;0;3
1968-09-07 11:00:00Z;86,04465;0;3
1968-09-08 11:00:00Z;46,59481;0;3
1968-09-09 11:00:00Z;66,5972;0;3
1968-09-10 11:00:00Z;58,44384;0;3
1968-09-11 11:00:00Z;55,65394;0;3
1968-09-12 11:00:00Z;53,62123;0;3
1968-09-13 11:00:00Z;51,63898;0;3
1968-09-14 11:00:00Z;47,82331;0;3
1968-09-15 11:00:00Z;44,79207;0;3
1968-09-16 11:00:00Z;43,03678;0;3
1968-09-17 11:00:00Z;45,38768;0;3
1968-09-18 11:00:00Z;44,20173;0;3
1968-09-19 11:00:00Z;45,98858;0;3
1968-09-20 11:00:00Z;61,32616;0;3
1968-09-21 11:00:00Z;55,65394;0;3
1968-09-22 11:00:00Z;47,82331;0;3
1968-09-23 11:00:00Z;44,79207;0;3
1968-09-24 11:00:00Z;43,03678;0;3
1968-09-25 11:00:00Z;40,76907;0;3
1968-09-26 11:00:00Z;39,12197;0;3
1968-09-27 11:00:00Z;39,12197;0;3
1968-09-28 11:00:00Z;41,89262;0;3
1968-09-29 11:00:00Z;45,98858;0;3
1968-09-30 11:00:00Z;50,98934;0;3
1968-10-01 11:00:00Z;56,34283;0;3
1968-10-02 11:00:00Z;62,80245;0;3
1968-10-03 11:00:00Z;65,06135;0;3
1968-10-04 11:00:00Z;69,74158;0;3
1968-10-05 11:00:00Z;70,54296;0;3
1968-10-06 11:00:00Z;65,06135;0;3
1968-10-07 11:00:00Z;57,73776;0;3
1968-10-08 11:00:00Z;57,03743;0;3
1968-10-09 11:00:00Z;59,1557;0;3
1968-10-10 11:00:00Z;54,97072;0;3
1968-10-11 11:00:00Z;50,98934;0;3
1968-10-12 11:00:00Z;50,34521;0;3
1968-10-13 11:00:00Z;54,29316;0;3
1968-10-14 11:00:00Z;51,63898;0;3
1968-10-15 11:00:00Z;48,44564;0;3
1968-10-16 11:00:00Z;44,20173;0;3
1968-10-17 11:00:00Z;43,61664;0;3
1968-10-18 11:00:00Z;42,46211;0;3
1968-10-19 11:00:00Z;41,89262;0;3
1968-10-20 11:00:00Z;41,89262;0;3
1968-10-21 11:00:00Z;228,8857;0;3
1968-10-22 11:00:00Z;262,3239;0;3
1968-10-23 11:00:00Z;185,8264;0;3
1968-10-24 11:00:00Z;101,6135;0;3
1968-10-25 11:00:00Z;88,83221;0;3
1968-10-26 11:00:00Z;84,21928;0;3
1968-10-27 11:00:00Z;80,64693;0;3
1968-10-28 11:00:00Z;71,3505;0;3
1968-10-29 11:00:00Z;75,48145;0;3
1968-10-30 11:00:00Z;72,16423;0;3
1968-10-31 11:00:00Z;69,74158;0;3
1968-11-01 11:00:00Z;65,06135;0;3
1968-11-02 11:00:00Z;61,32616;0;3
1968-11-03 11:00:00Z;59,1557;0;3
1968-11-04 11:00:00Z;55,65394;0;3
1968-11-05 11:00:00Z;52,29416;0;3
1968-11-06 11:00:00Z;50,34521;0;3
1968-11-07 11:00:00Z;49,07338;0;3
1968-11-08 11:00:00Z;48,44564;0;3
1968-11-09 11:00:00Z;46,59481;0;3
1968-11-10 11:00:00Z;44,20173;0;3
1968-11-11 11:00:00Z;40,76907;0;3
1968-11-12 11:00:00Z;40,21497;0;3
1968-11-13 11:00:00Z;39,12197;0;3
1968-11-14 11:00:00Z;38,58304;0;3
1968-11-15 11:00:00Z;43,61664;0;3
1968-11-16 11:00:00Z;45,98858;0;3
1968-11-17 11:00:00Z;45,38768;0;3
1968-11-18 11:00:00Z;44,20173;0;3
1968-11-19 11:00:00Z;43,03678;0;3
1968-11-20 11:00:00Z;41,32829;0;3
1968-11-21 11:00:00Z;40,21497;0;3
1968-11-22 11:00:00Z;37,52017;0;3
1968-11-23 11:00:00Z;39,12197;0;3
1968-11-24 11:00:00Z;44,20173;0;3
1968-11-25 11:00:00Z;44,79207;0;3
1968-11-26 11:00:00Z;45,98858;0;3
1968-11-27 11:00:00Z;53,62123;0;3
1968-11-28 11:00:00Z;118,97;0;3
1968-11-29 11:00:00Z;96,56087;0;3
1968-11-30 11:00:00Z;70,54296;0;3
1968-12-01 11:00:00Z;55,65394;0;3
1968-12-02 11:00:00Z;52,9549;0;3
1968-12-03 11:00:00Z;51,63898;0;3
1968-12-04 11:00:00Z;341,0543;0;3
1968-12-05 11:00:00Z;512,1502;0;3
1968-12-06 11:00:00Z;733,072;0;3
1968-12-07 11:00:00Z;211,6098;0;3
1968-12-08 11:00:00Z;130,7697;0;3
1968-12-09 11:00:00Z;121,2702;0;3
1968-12-10 11:00:00Z;101,6135;0;3
1968-12-11 11:00:00Z;92,64243;0;3
1968-12-12 11:00:00Z;86,96721;0;3
1968-12-13 11:00:00Z;106,8407;0;3
1968-12-14 11:00:00Z;155,307;0;3
1968-12-15 11:00:00Z;149,9046;0;3
1968-12-16 11:00:00Z;124,7762;0;3
1968-12-17 11:00:00Z;98,56119;0;3
1968-12-18 11:00:00Z;84,21928;0;3
1968-12-19 11:00:00Z;82,42011;0;3
1968-12-20 11:00:00Z;80,64693;0;3
1968-12-21 11:00:00Z;78,03549;0;3
1968-12-22 11:00:00Z;81,53029;0;3
1968-12-23 11:00:00Z;84,21928;0;3
1968-12-24 11:00:00Z;86,96721;0;3
1968-12-25 11:00:00Z;83,31644;0;3
1968-12-26 11:00:00Z;66,5972;0;3
1968-12-27 11:00:00Z;71,3505;0;3
1968-12-28 11:00:00Z;68,94634;0;3
1968-12-29 11:00:00Z;64,30242;0;3
1968-12-30 11:00:00Z;65,82626;0;3
1968-12-31 11:00:00Z;68,94634;0;3
1969-01-01 11:00:00Z;62,80245;0;3
1969-01-02 11:00:00Z;56,34283;0;3
1969-01-03 11:00:00Z;54,29316;0;3
1969-01-04 11:00:00Z;72,98416;0;3
1969-01-05 11:00:00Z;67,37418;0;3
1969-01-06 11:00:00Z;56,34283;0;3
1969-01-07 11:00:00Z;52,29416;0;3
1969-01-08 11:00:00Z;50,34521;0;3
1969-01-09 11:00:00Z;47,20638;0;3
1969-01-10 11:00:00Z;43,03678;0;3
1969-01-11 11:00:00Z;40,21497;0;3
1969-01-12 11:00:00Z;39,12197;0;3
1969-01-13 11:00:00Z;37,52017;0;3
1969-01-14 11:00:00Z;36,47715;0;3
1969-01-15 11:00:00Z;35,45377;0;3
1969-01-16 11:00:00Z;34,94939;0;3
1969-01-17 11:00:00Z;34,44986;0;3
1969-01-18 11:00:00Z;33,95514;0;3
1969-01-19 11:00:00Z;33,46521;0;3
1969-01-20 11:00:00Z;32,98006;0;3
1969-01-21 11:00:00Z;32,98006;0;3
1969-01-22 11:00:00Z;32,98006;0;3
1969-01-23 11:00:00Z;32,98006;0;3
1969-01-24 11:00:00Z;32,98006;0;3
1969-01-25 11:00:00Z;32,98006;0;3
1969-01-26 11:00:00Z;32,98006;0;3
1969-01-27 11:00:00Z;39,12197;0;3
1969-01-28 11:00:00Z;34,94939;0;3
1969-01-29 11:00:00Z;33,95514;0;3
1969-01-30 11:00:00Z;35,45377;0;3
1969-01-31 11:00:00Z;33,46521;0;3
1969-02-01 11:00:00Z;34,94939;0;3
1969-02-02 11:00:00Z;35,45377;0;3
1969-02-03 11:00:00Z;35,45377;0;3
1969-02-04 11:00:00Z;35,45377;0;3
1969-02-05 11:00:00Z;35,96301;0;3
1969-02-06 11:00:00Z;40,76907;0;3
1969-02-07 11:00:00Z;49,70656;0;3
1969-02-08 11:00:00Z;47,20638;0;3
1969-02-09 11:00:00Z;44,20173;0;3
1969-02-10 11:00:00Z;39,66595;0;3
1969-02-11 11:00:00Z;32,98006;0;3
1969-02-12 11:00:00Z;32,02397;0;3
1969-02-13 11:00:00Z;31,55298;0;3
1969-02-14 11:00:00Z;31,08667;0;3
1969-02-15 11:00:00Z;30,625;0;3
1969-02-16 11:00:00Z;30,625;0;3
1969-02-17 11:00:00Z;30,16797;0;3
1969-02-18 11:00:00Z;30,16797;0;3
1969-02-19 11:00:00Z;30,16797;0;3
1969-02-20 11:00:00Z;30,16797;0;3
1969-02-21 11:00:00Z;30,16797;0;3
1969-02-22 11:00:00Z;30,16797;0;3
1969-02-23 11:00:00Z;30,16797;0;3
1969-02-24 11:00:00Z;30,16797;0;3
1969-02-25 11:00:00Z;30,16797;0;3
1969-02-26 11:00:00Z;30,16797;0;3
1969-02-27 11:00:00Z;30,16797;0;3
1969-02-28 11:00:00Z;30,16797;0;3
1969-03-01 11:00:00Z;30,16797;0;3
1969-03-02 11:00:00Z;30,16797;0;3
1969-03-03 11:00:00Z;30,16797;0;3
1969-03-04 11:00:00Z;30,16797;0;3
1969-03-05 11:00:00Z;30,16797;0;3
1969-03-06 11:00:00Z;30,16797;0;3
1969-03-07 11:00:00Z;30,16797;0;3
1969-03-08 11:00:00Z;30,16797;0;3
1969-03-09 11:00:00Z;30,16797;0;3
1969-03-10 11:00:00Z;30,16797;0;3
1969-03-11 11:00:00Z;30,16797;0;3
1969-03-12 11:00:00Z;30,625;0;3
1969-03-13 11:00:00Z;30,625;0;3
1969-03-14 11:00:00Z;31,08667;0;3
1969-03-15 11:00:00Z;31,08667;0;3
1969-03-16 11:00:00Z;31,55298;0;3
1969-03-17 11:00:00Z;31,55298;0;3
1969-03-18 11:00:00Z;32,02397;0;3
1969-03-19 11:00:00Z;32,49965;0;3
1969-03-20 11:00:00Z;33,46521;0;3
1969-03-21 11:00:00Z;34,44986;0;3
1969-03-22 11:00:00Z;34,44986;0;3
1969-03-23 11:00:00Z;34,44986;0;3
1969-03-24 11:00:00Z;34,94939;0;3
1969-03-25 11:00:00Z;34,94939;0;3
1969-03-26 11:00:00Z;34,44986;0;3
1969-03-27 11:00:00Z;34,94939;0;3
1969-03-28 11:00:00Z;34,94939;0;3
1969-03-29 11:00:00Z;33,46521;0;3
1969-03-30 11:00:00Z;32,02397;0;3
1969-03-31 11:00:00Z;31,55298;0;3
1969-04-01 11:00:00Z;31,55298;0;3
1969-04-02 11:00:00Z;32,98006;0;3
1969-04-03 11:00:00Z;36,99619;0;3
1969-04-04 11:00:00Z;35,45377;0;3
1969-04-05 11:00:00Z;44,79207;0;3
1969-04-06 11:00:00Z;121,2702;0;3
1969-04-07 11:00:00Z;96,56087;0;3
1969-04-08 11:00:00Z;86,96721;0;3
1969-04-09 11:00:00Z;73,81033;0;3
1969-04-10 11:00:00Z;112,2455;0;3
1969-04-11 11:00:00Z;105,7812;0;3
1969-04-12 11:00:00Z;86,96721;0;3
1969-04-13 11:00:00Z;66,5972;0;3
1969-04-14 11:00:00Z;61,32616;0;3
1969-04-15 11:00:00Z;54,29316;0;3
1969-04-16 11:00:00Z;49,70656;0;3
1969-04-17 11:00:00Z;45,98858;0;3
1969-04-18 11:00:00Z;44,20173;0;3
1969-04-19 11:00:00Z;43,61664;0;3
1969-04-20 11:00:00Z;43,61664;0;3
1969-04-21 11:00:00Z;45,38768;0;3
1969-04-22 11:00:00Z;46,59481;0;3
1969-04-23 11:00:00Z;48,44564;0;3
1969-04-24 11:00:00Z;51,63898;0;3
1969-04-25 11:00:00Z;56,34283;0;3
1969-04-26 11:00:00Z;65,06135;0;3
1969-04-27 11:00:00Z;82,42011;0;3
1969-04-28 11:00:00Z;117,831;0;3
1969-04-29 11:00:00Z;125,9598;0;3
1969-04-30 11:00:00Z;106,8407;0;3
1969-05-01 11:00:00Z;86,04465;0;3
1969-05-02 11:00:00Z;79,77004;0;3
1969-05-03 11:00:00Z;77,1778;0;3
1969-05-04 11:00:00Z;76,32646;0;3
1969-05-05 11:00:00Z;84,21928;0;3
1969-05-06 11:00:00Z;93,61183;0;3
1969-05-07 11:00:00Z;102,6449;0;3
1969-05-08 11:00:00Z;142,0398;0;3
1969-05-09 11:00:00Z;158,0566;0;3
1969-05-10 11:00:00Z;172,296;0;3
1969-05-11 11:00:00Z;192,0622;0;3
1969-05-12 11:00:00Z;218,411;0;3
1969-05-13 11:00:00Z;192,0622;0;3
1969-05-14 11:00:00Z;152,5897;0;3
1969-05-15 11:00:00Z;152,5897;0;3
1969-05-16 11:00:00Z;152,5897;0;3
1969-05-17 11:00:00Z;152,5897;0;3
1969-05-18 11:00:00Z;153,9444;0;3
1969-05-19 11:00:00Z;162,242;0;3
1969-05-20 11:00:00Z;176,7299;0;3
1969-05-21 11:00:00Z;200,0526;0;3
1969-05-22 11:00:00Z;195,2321;0;3
1969-05-23 11:00:00Z;209,932;0;3
1969-05-24 11:00:00Z;248,9558;0;3
1969-05-25 11:00:00Z;272,1621;0;3
1969-05-26 11:00:00Z;286,3475;0;3
1969-05-27 11:00:00Z;327,3362;0;3
1969-05-28 11:00:00Z;372,0907;0;3
1969-05-29 11:00:00Z;362,3473;0;3
1969-05-30 11:00:00Z;313,9935;0;3
1969-05-31 11:00:00Z;282,2451;0;3
1969-06-01 11:00:00Z;307,4614;0;3
1969-06-02 11:00:00Z;264,272;0;3
1969-06-03 11:00:00Z;221,866;0;3
1969-06-04 11:00:00Z;203,3102;0;3
1969-06-05 11:00:00Z;179,7281;0;3
1969-06-06 11:00:00Z;176,7299;0;3
1969-06-07 11:00:00Z;218,411;0;3
1969-06-08 11:00:00Z;290,4898;0;3
1969-06-09 11:00:00Z;384,5154;0;3
1969-06-10 11:00:00Z;228,8857;0;3
1969-06-11 11:00:00Z;211,6098;0;3
1969-06-12 11:00:00Z;494,0941;0;3
1969-06-13 11:00:00Z;404,9693;0;3
1969-06-14 11:00:00Z;377,0276;0;3
1969-06-15 11:00:00Z;367,1973;0;3
1969-06-16 11:00:00Z;327,3362;0;3
1969-06-17 11:00:00Z;286,3475;0;3
1969-06-18 11:00:00Z;307,4614;0;3
1969-06-19 11:00:00Z;387,0333;0;3
1969-06-20 11:00:00Z;392,1022;0;3
1969-06-21 11:00:00Z;415,4648;0;3
1969-06-22 11:00:00Z;379,5125;0;3
1969-06-23 11:00:00Z;336,4395;0;3
1969-06-24 11:00:00Z;284,2913;0;3
1969-06-25 11:00:00Z;313,9935;0;3
1969-06-26 11:00:00Z;292,5759;0;3
1969-06-27 11:00:00Z;237,8681;0;3
1969-06-28 11:00:00Z;216,6972;0;3
1969-06-29 11:00:00Z;211,6098;0;3
1969-06-30 11:00:00Z;234,2473;0;3
1969-07-01 11:00:00Z;211,6098;0;3
1969-07-02 11:00:00Z;163,6535;0;3
1969-07-03 11:00:00Z;175,2436;0;3
1969-07-04 11:00:00Z;166,5012;0;3
1969-07-05 11:00:00Z;200,0526;0;3
1969-07-06 11:00:00Z;187,3724;0;3
1969-07-07 11:00:00Z;147,2513;0;3
1969-07-08 11:00:00Z;142,0398;0;3
1969-07-09 11:00:00Z;135,7014;0;3
1969-07-10 11:00:00Z;130,7697;0;3
1969-07-11 11:00:00Z;122,4314;0;3
1969-07-12 11:00:00Z;118,97;0;3
1969-07-13 11:00:00Z;125,9598;0;3
1969-07-14 11:00:00Z;294,6721;0;3
1969-07-15 11:00:00Z;245,2222;0;3
1969-07-16 11:00:00Z;192,0622;0;3
1969-07-17 11:00:00Z;152,5897;0;3
1969-07-18 11:00:00Z;415,4648;0;3
1969-07-19 11:00:00Z;236,053;0;3
1969-07-20 11:00:00Z;185,8264;0;3
1969-07-21 11:00:00Z;135,7014;0;3
1969-07-22 11:00:00Z;138,2135;0;3
1969-07-23 11:00:00Z;140,7566;0;3
1969-07-24 11:00:00Z;143,3309;0;3
1969-07-25 11:00:00Z;148,574;0;3
1969-07-26 11:00:00Z;114,4579;0;3
1969-07-27 11:00:00Z;99,57169;0;3
1969-07-28 11:00:00Z;98,56119;0;3
1969-07-29 11:00:00Z;145,9366;0;3
1969-07-30 11:00:00Z;133,2203;0;3
1969-07-31 11:00:00Z;113,3481;0;3
1969-08-01 11:00:00Z;98,56119;0;3
1969-08-02 11:00:00Z;88,83221;0;3
1969-08-03 11:00:00Z;88,83221;0;3
1969-08-04 11:00:00Z;88,83221;0;3
1969-08-05 11:00:00Z;84,21928;0;3
1969-08-06 11:00:00Z;78,89957;0;3
1969-08-07 11:00:00Z;76,32646;0;3
1969-08-08 11:00:00Z;70,54296;0;3
1969-08-09 11:00:00Z;68,94634;0;3
1969-08-10 11:00:00Z;67,37418;0;3
1969-08-11 11:00:00Z;65,06135;0;3
1969-08-12 11:00:00Z;63,54947;0;3
1969-08-13 11:00:00Z;62,06135;0;3
1969-08-14 11:00:00Z;60,59683;0;3
1969-08-15 11:00:00Z;60,59683;0;3
1969-08-16 11:00:00Z;59,1557;0;3
1969-08-17 11:00:00Z;56,34283;0;3
1969-08-18 11:00:00Z;54,97072;0;3
1969-08-19 11:00:00Z;52,29416;0;3
1969-08-20 11:00:00Z;52,9549;0;3
1969-08-21 11:00:00Z;54,29316;0;3
1969-08-22 11:00:00Z;52,29416;0;3
1969-08-23 11:00:00Z;50,34521;0;3
1969-08-24 11:00:00Z;49,70656;0;3
1969-08-25 11:00:00Z;48,44564;0;3
1969-08-26 11:00:00Z;47,82331;0;3
1969-08-27 11:00:00Z;47,82331;0;3
1969-08-28 11:00:00Z;49,07338;0;3
1969-08-29 11:00:00Z;49,07338;0;3
1969-08-30 11:00:00Z;52,29416;0;3
1969-08-31 11:00:00Z;57,03743;0;3
1969-09-01 11:00:00Z;106,8407;0;3
1969-09-02 11:00:00Z;94,58802;0;3
1969-09-03 11:00:00Z;77,1778;0;3
1969-09-04 11:00:00Z;70,54296;0;3
1969-09-05 11:00:00Z;62,06135;0;3
1969-09-06 11:00:00Z;79,77004;0;3
1969-09-07 11:00:00Z;138,2135;0;3
1969-09-08 11:00:00Z;181,2399;0;3
1969-09-09 11:00:00Z;170,8348;0;3
1969-09-10 11:00:00Z;165,0732;0;3
1969-09-11 11:00:00Z;148,574;0;3
1969-09-12 11:00:00Z;115,5749;0;3
1969-09-13 11:00:00Z;103,6833;0;3
1969-09-14 11:00:00Z;94,58802;0;3
1969-09-15 11:00:00Z;78,03549;0;3
1969-09-16 11:00:00Z;70,54296;0;3
1969-09-17 11:00:00Z;65,82626;0;3
1969-09-18 11:00:00Z;62,06135;0;3
1969-09-19 11:00:00Z;59,87335;0;3
1969-09-20 11:00:00Z;57,73776;0;3
1969-09-21 11:00:00Z;52,9549;0;3
1969-09-22 11:00:00Z;58,44384;0;3
1969-09-23 11:00:00Z;69,74158;0;3
1969-09-24 11:00:00Z;138,2135;0;3
1969-09-25 11:00:00Z;112,2455;0;3
1969-09-26 11:00:00Z;100,5891;0;3
1969-09-27 11:00:00Z;115,5749;0;3
1969-09-28 11:00:00Z;118,97;0;3
1969-09-29 11:00:00Z;112,2455;0;3
1969-09-30 11:00:00Z;165,0732;0;3
1969-10-01 11:00:00Z;156,6778;0;3
1969-10-02 11:00:00Z;143,3309;0;3
1969-10-03 11:00:00Z;122,4314;0;3
1969-10-04 11:00:00Z;106,8407;0;3
1969-10-05 11:00:00Z;129,5559;0;3
1969-10-06 11:00:00Z;120,1164;0;3
1969-10-07 11:00:00Z;138,2135;0;3
1969-10-08 11:00:00Z;188,927;0;3
1969-10-09 11:00:00Z;280,2087;0;3
1969-10-10 11:00:00Z;262,3239;0;3
1969-10-11 11:00:00Z;225,3575;0;3
1969-10-12 11:00:00Z;262,3239;0;3
1969-10-13 11:00:00Z;348,0558;0;3
1969-10-14 11:00:00Z;190,4903;0;3
1969-10-15 11:00:00Z;149,9046;0;3
1969-10-16 11:00:00Z;162,242;0;3
1969-10-17 11:00:00Z;169,382;0;3
1969-10-18 11:00:00Z;163,6535;0;3
1969-10-19 11:00:00Z;178,2248;0;3
1969-10-20 11:00:00Z;155,307;0;3
1969-10-21 11:00:00Z;140,7566;0;3
1969-10-22 11:00:00Z;134,457;0;3
1969-10-23 11:00:00Z;104,7287;0;3
1969-10-24 11:00:00Z;95,57103;0;3
1969-10-25 11:00:00Z;86,04465;0;3
1969-10-26 11:00:00Z;81,53029;0;3
1969-10-27 11:00:00Z;78,03549;0;3
1969-10-28 11:00:00Z;84,21928;0;3
1969-10-29 11:00:00Z;89,7747;0;3
1969-10-30 11:00:00Z;95,57103;0;3
1969-10-31 11:00:00Z;81,53029;0;3
1969-11-01 11:00:00Z;86,04465;0;3
1969-11-02 11:00:00Z;77,1778;0;3
1969-11-03 11:00:00Z;74,64275;0;3
1969-11-04 11:00:00Z;72,16423;0;3
1969-11-05 11:00:00Z;70,54296;0;3
1969-11-06 11:00:00Z;68,94634;0;3
1969-11-07 11:00:00Z;68,15722;0;3
1969-11-08 11:00:00Z;67,37418;0;3
1969-11-09 11:00:00Z;65,06135;0;3
1969-11-10 11:00:00Z;62,06135;0;3
1969-11-11 11:00:00Z;58,44384;0;3
1969-11-12 11:00:00Z;55,65394;0;3
1969-11-13 11:00:00Z;59,87335;0;3
1969-11-14 11:00:00Z;52,29416;0;3
1969-11-15 11:00:00Z;53,62123;0;3
1969-11-16 11:00:00Z;54,97072;0;3
1969-11-17 11:00:00Z;44,79207;0;3
1969-11-18 11:00:00Z;43,03678;0;3
1969-11-19 11:00:00Z;41,32829;0;3
1969-11-20 11:00:00Z;39,66595;0;3
1969-11-21 11:00:00Z;39,12197;0;3
1969-11-22 11:00:00Z;38,58304;0;3
1969-11-23 11:00:00Z;38,58304;0;3
1969-11-24 11:00:00Z;38,04911;0;3
1969-11-25 11:00:00Z;38,04911;0;3
1969-11-26 11:00:00Z;38,04911;0;3
1969-11-27 11:00:00Z;38,04911;0;3
1969-11-28 11:00:00Z;38,04911;0;3
1969-11-29 11:00:00Z;38,04911;0;3
1969-11-30 11:00:00Z;38,04911;0;3
1969-12-01 11:00:00Z;38,04911;0;3
1969-12-02 11:00:00Z;38,04911;0;3
1969-12-03 11:00:00Z;38,04911;0;3
1969-12-04 11:00:00Z;38,04911;0;3
1969-12-05 11:00:00Z;38,04911;0;3
1969-12-06 11:00:00Z;38,04911;0;3
1969-12-07 11:00:00Z;38,04911;0;3
1969-12-08 11:00:00Z;38,04911;0;3
1969-12-09 11:00:00Z;40,76907;0;3
1969-12-10 11:00:00Z;70,54296;0;3
1969-12-11 11:00:00Z;95,57103;0;3
1969-12-12 11:00:00Z;72,16423;0;3
1969-12-13 11:00:00Z;59,1557;0;3
1969-12-14 11:00:00Z;55,65394;0;3
1969-12-15 11:00:00Z;52,29416;0;3
1969-12-16 11:00:00Z;46,59481;0;3
1969-12-17 11:00:00Z;43,03678;0;3
1969-12-18 11:00:00Z;40,76907;0;3
1969-12-19 11:00:00Z;40,21497;0;3
1969-12-20 11:00:00Z;39,66595;0;3
1969-12-21 11:00:00Z;38,58304;0;3
1969-12-22 11:00:00Z;39,12197;0;3
1969-12-23 11:00:00Z;39,66595;0;3
1969-12-24 11:00:00Z;40,21497;0;3
1969-12-25 11:00:00Z;40,76907;0;3
1969-12-26 11:00:00Z;40,76907;0;3
1969-12-27 11:00:00Z;40,76907;0;3
1969-12-28 11:00:00Z;40,76907;0;3
1969-12-29 11:00:00Z;69,74158;0;3
1969-12-30 11:00:00Z;64,30242;0;3
1969-12-31 11:00:00Z;62,06135;0;3
1970-01-01 11:00:00Z;59,87335;0;3
1970-01-02 11:00:00Z;55,65394;0;3
1970-01-03 11:00:00Z;52,9549;0;3
1970-01-04 11:00:00Z;50,34521;0;3
1970-01-05 11:00:00Z;48,44564;0;3
1970-01-06 11:00:00Z;45,98858;0;3
1970-01-07 11:00:00Z;43,61664;0;3
1970-01-08 11:00:00Z;42,46211;0;3
1970-01-09 11:00:00Z;41,89262;0;3
1970-01-10 11:00:00Z;40,76907;0;3
1970-01-11 11:00:00Z;40,21497;0;3
1970-01-12 11:00:00Z;39,66595;0;3
1970-01-13 11:00:00Z;39,12197;0;3
1970-01-14 11:00:00Z;38,58304;0;3
1970-01-15 11:00:00Z;38,04911;0;3
1970-01-16 11:00:00Z;37,52017;0;3
1970-01-17 11:00:00Z;36,99619;0;3
1970-01-18 11:00:00Z;36,47715;0;3
1970-01-19 11:00:00Z;35,96301;0;3
1970-01-20 11:00:00Z;35,45377;0;3
1970-01-21 11:00:00Z;35,45377;0;3
1970-01-22 11:00:00Z;34,94939;0;3
1970-01-23 11:00:00Z;34,94939;0;3
1970-01-24 11:00:00Z;34,44986;0;3
1970-01-25 11:00:00Z;34,44986;0;3
1970-01-26 11:00:00Z;33,95514;0;3
1970-01-27 11:00:00Z;33,95514;0;3
1970-01-28 11:00:00Z;33,95514;0;3
1970-01-29 11:00:00Z;33,95514;0;3
1970-01-30 11:00:00Z;33,95514;0;3
1970-01-31 11:00:00Z;33,95514;0;3
1970-02-01 11:00:00Z;33,95514;0;3
1970-02-02 11:00:00Z;33,95514;0;3
1970-02-03 11:00:00Z;33,95514;0;3
1970-02-04 11:00:00Z;33,95514;0;3
1970-02-05 11:00:00Z;33,95514;0;3
1970-02-06 11:00:00Z;33,95514;0;3
1970-02-07 11:00:00Z;33,95514;0;3
1970-02-08 11:00:00Z;33,95514;0;3
1970-02-09 11:00:00Z;33,95514;0;3
1970-02-10 11:00:00Z;33,95514;0;3
1970-02-11 11:00:00Z;33,95514;0;3
1970-02-12 11:00:00Z;33,95514;0;3
1970-02-13 11:00:00Z;33,95514;0;3
1970-02-14 11:00:00Z;33,95514;0;3
1970-02-15 11:00:00Z;33,95514;0;3
1970-02-16 11:00:00Z;33,95514;0;3
1970-02-17 11:00:00Z;33,95514;0;3
1970-02-18 11:00:00Z;33,95514;0;3
1970-02-19 11:00:00Z;33,95514;0;3
1970-02-20 11:00:00Z;33,95514;0;3
1970-02-21 11:00:00Z;33,95514;0;3
1970-02-22 11:00:00Z;33,95514;0;3
1970-02-23 11:00:00Z;33,95514;0;3
1970-02-24 11:00:00Z;33,95514;0;3
1970-02-25 11:00:00Z;33,95514;0;3
1970-02-26 11:00:00Z;33,95514;0;3
1970-02-27 11:00:00Z;33,95514;0;3
1970-02-28 11:00:00Z;33,95514;0;3
1970-03-01 11:00:00Z;33,95514;0;3
1970-03-02 11:00:00Z;33,95514;0;3
1970-03-03 11:00:00Z;33,95514;0;3
1970-03-04 11:00:00Z;33,95514;0;3
1970-03-05 11:00:00Z;33,95514;0;3
1970-03-06 11:00:00Z;33,95514;0;3
1970-03-07 11:00:00Z;33,95514;0;3
1970-03-08 11:00:00Z;33,95514;0;3
1970-03-09 11:00:00Z;34,44986;0;3
1970-03-10 11:00:00Z;34,44986;0;3
1970-03-11 11:00:00Z;34,44986;0;3
1970-03-12 11:00:00Z;34,44986;0;3
1970-03-13 11:00:00Z;34,44986;0;3
1970-03-14 11:00:00Z;34,44986;0;3
1970-03-15 11:00:00Z;34,94939;0;3
1970-03-16 11:00:00Z;34,94939;0;3
1970-03-17 11:00:00Z;35,45377;0;3
1970-03-18 11:00:00Z;36,47715;0;3
1970-03-19 11:00:00Z;36,99619;0;3
1970-03-20 11:00:00Z;36,99619;0;3
1970-03-21 11:00:00Z;36,99619;0;3
1970-03-22 11:00:00Z;34,94939;0;3
1970-03-23 11:00:00Z;36,99619;0;3
1970-03-24 11:00:00Z;35,96301;0;3
1970-03-25 11:00:00Z;35,96301;0;3
1970-03-26 11:00:00Z;35,45377;0;3
1970-03-27 11:00:00Z;35,45377;0;3
1970-03-28 11:00:00Z;35,45377;0;3
1970-03-29 11:00:00Z;34,44986;0;3
1970-03-30 11:00:00Z;33,95514;0;3
1970-03-31 11:00:00Z;33,46521;0;3
1970-04-01 11:00:00Z;33,46521;0;3
1970-04-02 11:00:00Z;33,46521;0;3
1970-04-03 11:00:00Z;33,46521;0;3
1970-04-04 11:00:00Z;33,46521;0;3
1970-04-05 11:00:00Z;33,46521;0;3
1970-04-06 11:00:00Z;33,46521;0;3
1970-04-07 11:00:00Z;33,95514;0;3
1970-04-08 11:00:00Z;32,98006;0;3
1970-04-09 11:00:00Z;33,95514;0;3
1970-04-10 11:00:00Z;34,44986;0;3
1970-04-11 11:00:00Z;33,95514;0;3
1970-04-12 11:00:00Z;33,95514;0;3
1970-04-13 11:00:00Z;33,46521;0;3
1970-04-14 11:00:00Z;32,49965;0;3
1970-04-15 11:00:00Z;32,02397;0;3
1970-04-16 11:00:00Z;34,94939;0;3
1970-04-17 11:00:00Z;51,63898;0;3
1970-04-18 11:00:00Z;70,54296;0;3
1970-04-19 11:00:00Z;93,61183;0;3
1970-04-20 11:00:00Z;84,21928;0;3
1970-04-21 11:00:00Z;77,1778;0;3
1970-04-22 11:00:00Z;69,74158;0;3
1970-04-23 11:00:00Z;62,06135;0;3
1970-04-24 11:00:00Z;58,44384;0;3
1970-04-25 11:00:00Z;54,97072;0;3
1970-04-26 11:00:00Z;52,9549;0;3
1970-04-27 11:00:00Z;49,07338;0;3
1970-04-28 11:00:00Z;45,98858;0;3
1970-04-29 11:00:00Z;44,20173;0;3
1970-04-30 11:00:00Z;43,61664;0;3
1970-05-01 11:00:00Z;47,20638;0;3
1970-05-02 11:00:00Z;50,98934;0;3
1970-05-03 11:00:00Z;57,03743;0;3
1970-05-04 11:00:00Z;69,74158;0;3
1970-05-05 11:00:00Z;87,89639;0;3
1970-05-06 11:00:00Z;94,58802;0;3
1970-05-07 11:00:00Z;128,3496;0;3
1970-05-08 11:00:00Z;220,1339;0;3
1970-05-09 11:00:00Z;239,6925;0;3
1970-05-10 11:00:00Z;247,0842;0;3
1970-05-11 11:00:00Z;252,7274;0;3
1970-05-12 11:00:00Z;254,6275;0;3
1970-05-13 11:00:00Z;282,2451;0;3
1970-05-14 11:00:00Z;241,5263;0;3
1970-05-15 11:00:00Z;228,8857;0;3
1970-05-16 11:00:00Z;198,437;0;3
1970-05-17 11:00:00Z;198,437;0;3
1970-05-18 11:00:00Z;198,437;0;3
1970-05-19 11:00:00Z;428,8391;0;3
1970-05-20 11:00:00Z;552,7812;0;3
1970-05-21 11:00:00Z;236,053;0;3
1970-05-22 11:00:00Z;216,6972;0;3
1970-05-23 11:00:00Z;182,7602;0;3
1970-05-24 11:00:00Z;82,42011;0;3
1970-05-25 11:00:00Z;228,8857;0;3
1970-05-26 11:00:00Z;309,6285;0;3
1970-05-27 11:00:00Z;352,7768;0;3
1970-05-28 11:00:00Z;506,0831;0;3
1970-05-29 11:00:00Z;585,4689;0;3
1970-05-30 11:00:00Z;619,4301;0;3
1970-05-31 11:00:00Z;612,5348;0;3
1970-06-01 11:00:00Z;680,1572;0;3
1970-06-02 11:00:00Z;428,8391;0;3
1970-06-03 11:00:00Z;382,0084;0;3
1970-06-04 11:00:00Z;546,3943;0;3
1970-06-05 11:00:00Z;612,5348;0;3
1970-06-06 11:00:00Z;575,53;0;3
1970-06-07 11:00:00Z;588,8073;0;3
1970-06-08 11:00:00Z;543,2195;0;3
1970-06-09 11:00:00Z;506,0831;0;3
1970-06-10 11:00:00Z;456,4493;0;3
1970-06-11 11:00:00Z;387,0333;0;3
1970-06-12 11:00:00Z;320,6182;0;3
1970-06-13 11:00:00Z;296,7784;0;3
1970-06-14 11:00:00Z;232,4508;0;3
1970-06-15 11:00:00Z;159,4436;0;3
1970-06-16 11:00:00Z;124,7762;0;3
1970-06-17 11:00:00Z;203,3102;0;3
1970-06-18 11:00:00Z;179,7281;0;3
1970-06-19 11:00:00Z;181,2399;0;3
1970-06-20 11:00:00Z;184,289;0;3
1970-06-21 11:00:00Z;172,296;0;3
1970-06-22 11:00:00Z;163,6535;0;3
1970-06-23 11:00:00Z;136,9536;0;3
1970-06-24 11:00:00Z;167,9374;0;3
1970-06-25 11:00:00Z;185,8264;0;3
1970-06-26 11:00:00Z;204,9523;0;3
1970-06-27 11:00:00Z;176,7299;0;3
1970-06-28 11:00:00Z;165,0732;0;3
1970-06-29 11:00:00Z;149,9046;0;3
1970-06-30 11:00:00Z;156,6778;0;3
1970-07-01 11:00:00Z;167,9374;0;3
1970-07-02 11:00:00Z;151,2432;0;3
1970-07-03 11:00:00Z;136,9536;0;3
1970-07-04 11:00:00Z;123,6001;0;3
1970-07-05 11:00:00Z;102,6449;0;3
1970-07-06 11:00:00Z;97,55759;0;3
1970-07-07 11:00:00Z;93,61183;0;3
1970-07-08 11:00:00Z;91,67979;0;3
1970-07-09 11:00:00Z;90,72388;0;3
1970-07-10 11:00:00Z;296,7784;0;3
1970-07-11 11:00:00Z;286,3475;0;3
1970-07-12 11:00:00Z;169,382;0;3
1970-07-13 11:00:00Z;135,7014;0;3
1970-07-14 11:00:00Z;97,55759;0;3
1970-07-15 11:00:00Z;99,57169;0;3
1970-07-16 11:00:00Z;88,83221;0;3
1970-07-17 11:00:00Z;78,03549;0;3
1970-07-18 11:00:00Z;78,89957;0;3
1970-07-19 11:00:00Z;78,89957;0;3
1970-07-20 11:00:00Z;200,0526;0;3
1970-07-21 11:00:00Z;181,2399;0;3
1970-07-22 11:00:00Z;160,8387;0;3
1970-07-23 11:00:00Z;136,9536;0;3
1970-07-24 11:00:00Z;133,2203;0;3
1970-07-25 11:00:00Z;106,8407;0;3
1970-07-26 11:00:00Z;91,67979;0;3
1970-07-27 11:00:00Z;135,7014;0;3
1970-07-28 11:00:00Z;163,6535;0;3
1970-07-29 11:00:00Z;190,4903;0;3
1970-07-30 11:00:00Z;149,9046;0;3
1970-07-31 11:00:00Z;120,1164;0;3
1970-08-01 11:00:00Z;95,57103;0;3
1970-08-02 11:00:00Z;84,21928;0;3
1970-08-03 11:00:00Z;79,77004;0;3
1970-08-04 11:00:00Z;74,64275;0;3
1970-08-05 11:00:00Z;69,74158;0;3
1970-08-06 11:00:00Z;68,15722;0;3
1970-08-07 11:00:00Z;99,57169;0;3
1970-08-08 11:00:00Z;93,61183;0;3
1970-08-09 11:00:00Z;93,61183;0;3
1970-08-10 11:00:00Z;91,67979;0;3
1970-08-11 11:00:00Z;86,96721;0;3
1970-08-12 11:00:00Z;81,53029;0;3
1970-08-13 11:00:00Z;76,32646;0;3
1970-08-14 11:00:00Z;67,37418;0;3
1970-08-15 11:00:00Z;64,30242;0;3
1970-08-16 11:00:00Z;62,06135;0;3
1970-08-17 11:00:00Z;59,87335;0;3
1970-08-18 11:00:00Z;60,59683;0;3
1970-08-19 11:00:00Z;58,44384;0;3
1970-08-20 11:00:00Z;54,97072;0;3
1970-08-21 11:00:00Z;53,62123;0;3
1970-08-22 11:00:00Z;52,29416;0;3
1970-08-23 11:00:00Z;51,63898;0;3
1970-08-24 11:00:00Z;50,98934;0;3
1970-08-25 11:00:00Z;48,44564;0;3
1970-08-26 11:00:00Z;47,82331;0;3
1970-08-27 11:00:00Z;45,38768;0;3
1970-08-28 11:00:00Z;68,15722;0;3
1970-08-29 11:00:00Z;104,7287;0;3
1970-08-30 11:00:00Z;181,2399;0;3
1970-08-31 11:00:00Z;139,4811;0;3
1970-09-01 11:00:00Z;140,7566;0;3
1970-09-02 11:00:00Z;139,4811;0;3
1970-09-03 11:00:00Z;130,7697;0;3
1970-09-04 11:00:00Z;104,7287;0;3
1970-09-05 11:00:00Z;139,4811;0;3
1970-09-06 11:00:00Z;112,2455;0;3
1970-09-07 11:00:00Z;104,7287;0;3
1970-09-08 11:00:00Z;91,67979;0;3
1970-09-09 11:00:00Z;80,64693;0;3
1970-09-10 11:00:00Z;91,67979;0;3
1970-09-11 11:00:00Z;121,2702;0;3
1970-09-12 11:00:00Z;108,9812;0;3
1970-09-13 11:00:00Z;102,6449;0;3
1970-09-14 11:00:00Z;88,83221;0;3
1970-09-15 11:00:00Z;84,21928;0;3
1970-09-16 11:00:00Z;123,6001;0;3
1970-09-17 11:00:00Z;100,5891;0;3
1970-09-18 11:00:00Z;87,89639;0;3
1970-09-19 11:00:00Z;84,21928;0;3
1970-09-20 11:00:00Z;196,8302;0;3
1970-09-21 11:00:00Z;125,9598;0;3
1970-09-22 11:00:00Z;200,0526;0;3
1970-09-23 11:00:00Z;130,7697;0;3
1970-09-24 11:00:00Z;102,6449;0;3
1970-09-25 11:00:00Z;91,67979;0;3
1970-09-26 11:00:00Z;82,42011;0;3
1970-09-27 11:00:00Z;76,32646;0;3
1970-09-28 11:00:00Z;69,74158;0;3
1970-09-29 11:00:00Z;74,64275;0;3
1970-09-30 11:00:00Z;72,98416;0;3
1970-10-01 11:00:00Z;71,3505;0;3
1970-10-02 11:00:00Z;87,89639;0;3
1970-10-03 11:00:00Z;81,53029;0;3
1970-10-04 11:00:00Z;74,64275;0;3
1970-10-05 11:00:00Z;68,15722;0;3
1970-10-06 11:00:00Z;69,74158;0;3
1970-10-07 11:00:00Z;138,2135;0;3
1970-10-08 11:00:00Z;112,2455;0;3
1970-10-09 11:00:00Z;97,55759;0;3
1970-10-10 11:00:00Z;178,2248;0;3
1970-10-11 11:00:00Z;228,8857;0;3
1970-10-12 11:00:00Z;225,3575;0;3
1970-10-13 11:00:00Z;343,3775;0;3
1970-10-14 11:00:00Z;228,8857;0;3
1970-10-15 11:00:00Z;176,7299;0;3
1970-10-16 11:00:00Z;179,7281;0;3
1970-10-17 11:00:00Z;182,7602;0;3
1970-10-18 11:00:00Z;93,61183;0;3
1970-10-19 11:00:00Z;156,6778;0;3
1970-10-20 11:00:00Z;123,6001;0;3
1970-10-21 11:00:00Z;103,6833;0;3
1970-10-22 11:00:00Z;91,67979;0;3
1970-10-23 11:00:00Z;86,96721;0;3
1970-10-24 11:00:00Z;135,7014;0;3
1970-10-25 11:00:00Z;130,7697;0;3
1970-10-26 11:00:00Z;97,55759;0;3
1970-10-27 11:00:00Z;87,89639;0;3
1970-10-28 11:00:00Z;79,77004;0;3
1970-10-29 11:00:00Z;71,3505;0;3
1970-10-30 11:00:00Z;71,3505;0;3
1970-10-31 11:00:00Z;71,3505;0;3
1970-11-01 11:00:00Z;67,37418;0;3
1970-11-02 11:00:00Z;63,54947;0;3
1970-11-03 11:00:00Z;67,37418;0;3
1970-11-04 11:00:00Z;65,06135;0;3
1970-11-05 11:00:00Z;67,37418;0;3
1970-11-06 11:00:00Z;69,74158;0;3
1970-11-07 11:00:00Z;70,54296;0;3
1970-11-08 11:00:00Z;63,54947;0;3
1970-11-09 11:00:00Z;56,34283;0;3
1970-11-10 11:00:00Z;53,62123;0;3
1970-11-11 11:00:00Z;49,70656;0;3
1970-11-12 11:00:00Z;45,98858;0;3
1970-11-13 11:00:00Z;44,79207;0;3
1970-11-14 11:00:00Z;43,61664;0;3
1970-11-15 11:00:00Z;42,46211;0;3
1970-11-16 11:00:00Z;41,89262;0;3
1970-11-17 11:00:00Z;41,89262;0;3
1970-11-18 11:00:00Z;41,32829;0;3
1970-11-19 11:00:00Z;41,32829;0;3
1970-11-20 11:00:00Z;48,44564;0;3
1970-11-21 11:00:00Z;53,62123;0;3
1970-11-22 11:00:00Z;50,34521;0;3
1970-11-23 11:00:00Z;49,07338;0;3
1970-11-24 11:00:00Z;46,59481;0;3
1970-11-25 11:00:00Z;44,79207;0;3
1970-11-26 11:00:00Z;43,61664;0;3
1970-11-27 11:00:00Z;47,20638;0;3
1970-11-28 11:00:00Z;167,9374;0;3
1970-11-29 11:00:00Z;110,0621;0;3
1970-11-30 11:00:00Z;95,57103;0;3
1970-12-01 11:00:00Z;78,03549;0;3
1970-12-02 11:00:00Z;77,1778;0;3
1970-12-03 11:00:00Z;76,32646;0;3
1970-12-04 11:00:00Z;73,81033;0;3
1970-12-05 11:00:00Z;72,98416;0;3
1970-12-06 11:00:00Z;73,81033;0;3
1970-12-07 11:00:00Z;71,3505;0;3
1970-12-08 11:00:00Z;63,54947;0;3
1970-12-09 11:00:00Z;93,61183;0;3
1970-12-10 11:00:00Z;206,6033;0;3
1970-12-11 11:00:00Z;530,6443;0;3
1970-12-12 11:00:00Z;442,4996;0;3
1970-12-13 11:00:00Z;223,6071;0;3
1970-12-14 11:00:00Z;151,2432;0;3
1970-12-15 11:00:00Z;120,1164;0;3
1970-12-16 11:00:00Z;110,0621;0;3
1970-12-17 11:00:00Z;100,5891;0;3
1970-12-18 11:00:00Z;103,6833;0;3
1970-12-19 11:00:00Z;130,7697;0;3
1970-12-20 11:00:00Z;149,9046;0;3
1970-12-21 11:00:00Z;108,9812;0;3
1970-12-22 11:00:00Z;92,64243;0;3
1970-12-23 11:00:00Z;75,48145;0;3
1970-12-24 11:00:00Z;83,31644;0;3
1970-12-25 11:00:00Z;91,67979;0;3
1970-12-26 11:00:00Z;90,72388;0;3
1970-12-27 11:00:00Z;85,12867;0;3
1970-12-28 11:00:00Z;82,42011;0;3
1970-12-29 11:00:00Z;78,03549;0;3
1970-12-30 11:00:00Z;82,42011;0;3
1970-12-31 11:00:00Z;81,53029;0;3
1971-01-01 11:00:00Z;72,98416;0;3
1971-01-02 11:00:00Z;67,37418;0;3
1971-01-03 11:00:00Z;64,30242;0;3
1971-01-04 11:00:00Z;62,80245;0;3
1971-01-05 11:00:00Z;60,59683;0;3
1971-01-06 11:00:00Z;59,87335;0;3
1971-01-07 11:00:00Z;58,44384;0;3
1971-01-08 11:00:00Z;74,64275;0;3
1971-01-09 11:00:00Z;341,0543;0;3
1971-01-10 11:00:00Z;926,2862;0;3
1971-01-11 11:00:00Z;877,3047;0;3
1971-01-12 11:00:00Z;640,4284;0;3
1971-01-13 11:00:00Z;350,411;0;3
1971-01-14 11:00:00Z;182,7602;0;3
1971-01-15 11:00:00Z;162,242;0;3
1971-01-16 11:00:00Z;151,2432;0;3
1971-01-17 11:00:00Z;125,9598;0;3
1971-01-18 11:00:00Z;114,4579;0;3
1971-01-19 11:00:00Z;112,2455;0;3
1971-01-20 11:00:00Z;100,5891;0;3
1971-01-21 11:00:00Z;97,55759;0;3
1971-01-22 11:00:00Z;95,57103;0;3
1971-01-23 11:00:00Z;93,61183;0;3
1971-01-24 11:00:00Z;91,67979;0;3
1971-01-25 11:00:00Z;88,83221;0;3
1971-01-26 11:00:00Z;78,03549;0;3
1971-01-27 11:00:00Z;71,3505;0;3
1971-01-28 11:00:00Z;74,64275;0;3
1971-01-29 11:00:00Z;78,03549;0;3
1971-01-30 11:00:00Z;86,96721;0;3
1971-01-31 11:00:00Z;89,7747;0;3
1971-02-01 11:00:00Z;92,64243;0;3
1971-02-02 11:00:00Z;87,89639;0;3
1971-02-03 11:00:00Z;90,72388;0;3
1971-02-04 11:00:00Z;86,04465;0;3
1971-02-05 11:00:00Z;112,2455;0;3
1971-02-06 11:00:00Z;100,5891;0;3
1971-02-07 11:00:00Z;91,67979;0;3
1971-02-08 11:00:00Z;81,53029;0;3
1971-02-09 11:00:00Z;78,03549;0;3
1971-02-10 11:00:00Z;78,89957;0;3
1971-02-11 11:00:00Z;79,77004;0;3
1971-02-12 11:00:00Z;78,03549;0;3
1971-02-13 11:00:00Z;77,1778;0;3
1971-02-14 11:00:00Z;68,15722;0;3
1971-02-15 11:00:00Z;59,87335;0;3
1971-02-16 11:00:00Z;58,44384;0;3
1971-02-17 11:00:00Z;57,03743;0;3
1971-02-18 11:00:00Z;54,97072;0;3
1971-02-19 11:00:00Z;50,34521;0;3
1971-02-20 11:00:00Z;49,70656;0;3
1971-02-21 11:00:00Z;48,44564;0;3
1971-02-22 11:00:00Z;50,34521;0;3
1971-02-23 11:00:00Z;49,70656;0;3
1971-02-24 11:00:00Z;48,44564;0;3
1971-02-25 11:00:00Z;46,59481;0;3
1971-02-26 11:00:00Z;42,46211;0;3
1971-02-27 11:00:00Z;41,32829;0;3
1971-02-28 11:00:00Z;41,32829;0;3
1971-03-01 11:00:00Z;41,32829;0;3
1971-03-02 11:00:00Z;41,32829;0;3
1971-03-03 11:00:00Z;41,32829;0;3
1971-03-04 11:00:00Z;41,32829;0;3
1971-03-05 11:00:00Z;40,76907;0;3
1971-03-06 11:00:00Z;40,76907;0;3
1971-03-07 11:00:00Z;40,76907;0;3
1971-03-08 11:00:00Z;40,76907;0;3
1971-03-09 11:00:00Z;40,76907;0;3
1971-03-10 11:00:00Z;40,21497;0;3
1971-03-11 11:00:00Z;40,21497;0;3
1971-03-12 11:00:00Z;40,21497;0;3
1971-03-13 11:00:00Z;40,21497;0;3
1971-03-14 11:00:00Z;40,21497;0;3
1971-03-15 11:00:00Z;40,21497;0;3
1971-03-16 11:00:00Z;40,21497;0;3
1971-03-17 11:00:00Z;40,21497;0;3
1971-03-18 11:00:00Z;39,66595;0;3
1971-03-19 11:00:00Z;39,66595;0;3
1971-03-20 11:00:00Z;39,66595;0;3
1971-03-21 11:00:00Z;39,66595;0;3
1971-03-22 11:00:00Z;40,21497;0;3
1971-03-23 11:00:00Z;39,66595;0;3
1971-03-24 11:00:00Z;38,58304;0;3
1971-03-25 11:00:00Z;38,04911;0;3
1971-03-26 11:00:00Z;38,04911;0;3
1971-03-27 11:00:00Z;38,04911;0;3
1971-03-28 11:00:00Z;37,52017;0;3
1971-03-29 11:00:00Z;37,52017;0;3
1971-03-30 11:00:00Z;38,04911;0;3
1971-03-31 11:00:00Z;38,58304;0;3
1971-04-01 11:00:00Z;39,12197;0;3
1971-04-02 11:00:00Z;39,66595;0;3
1971-04-03 11:00:00Z;39,66595;0;3
1971-04-04 11:00:00Z;39,12197;0;3
1971-04-05 11:00:00Z;37,52017;0;3
1971-04-06 11:00:00Z;36,99619;0;3
1971-04-07 11:00:00Z;36,47715;0;3
1971-04-08 11:00:00Z;35,96301;0;3
1971-04-09 11:00:00Z;35,96301;0;3
1971-04-10 11:00:00Z;36,47715;0;3
1971-04-11 11:00:00Z;42,46211;0;3
1971-04-12 11:00:00Z;47,82331;0;3
1971-04-13 11:00:00Z;51,63898;0;3
1971-04-14 11:00:00Z;47,82331;0;3
1971-04-15 11:00:00Z;44,79207;0;3
1971-04-16 11:00:00Z;44,79207;0;3
1971-04-17 11:00:00Z;45,38768;0;3
1971-04-18 11:00:00Z;45,38768;0;3
1971-04-19 11:00:00Z;51,63898;0;3
1971-04-20 11:00:00Z;55,65394;0;3
1971-04-21 11:00:00Z;57,73776;0;3
1971-04-22 11:00:00Z;54,97072;0;3
1971-04-23 11:00:00Z;52,9549;0;3
1971-04-24 11:00:00Z;50,98934;0;3
1971-04-25 11:00:00Z;29,26768;0;3
1971-04-26 11:00:00Z;47,20638;0;3
1971-04-27 11:00:00Z;46,59481;0;3
1971-04-28 11:00:00Z;44,79207;0;3
1971-04-29 11:00:00Z;45,38768;0;3
1971-04-30 11:00:00Z;45,98858;0;3
1971-05-01 11:00:00Z;47,20638;0;3
1971-05-02 11:00:00Z;48,44564;0;3
1971-05-03 11:00:00Z;52,9549;0;3
1971-05-04 11:00:00Z;58,44384;0;3
1971-05-05 11:00:00Z;88,83221;0;3
1971-05-06 11:00:00Z;112,2455;0;3
1971-05-07 11:00:00Z;129,5559;0;3
1971-05-08 11:00:00Z;145,9366;0;3
1971-05-09 11:00:00Z;192,0622;0;3
1971-05-10 11:00:00Z;228,8857;0;3
1971-05-11 11:00:00Z;459,2742;0;3
1971-05-12 11:00:00Z;953,7614;0;3
1971-05-13 11:00:00Z;713,8679;0;3
1971-05-14 11:00:00Z;488,1718;0;3
1971-05-15 11:00:00Z;359,9385;0;3
1971-05-16 11:00:00Z;318,3996;0;3
1971-05-17 11:00:00Z;305,3044;0;3
1971-05-18 11:00:00Z;294,6721;0;3
1971-05-19 11:00:00Z;503,0678;0;3
1971-05-20 11:00:00Z;415,4648;0;3
1971-05-21 11:00:00Z;336,4395;0;3
1971-05-22 11:00:00Z;288,4136;0;3
1971-05-23 11:00:00Z;247,0842;0;3
1971-05-24 11:00:00Z;218,411;0;3
1971-05-25 11:00:00Z;196,8302;0;3
1971-05-26 11:00:00Z;166,5012;0;3
1971-05-27 11:00:00Z;179,7281;0;3
1971-05-28 11:00:00Z;268,1975;0;3
1971-05-29 11:00:00Z;512,1502;0;3
1971-05-30 11:00:00Z;683,8489;0;3
1971-05-31 11:00:00Z;740,8497;0;3
1971-06-01 11:00:00Z;864,2549;0;3
1971-06-02 11:00:00Z;842,7958;0;3
1971-06-03 11:00:00Z;740,8497;0;3
1971-06-04 11:00:00Z;612,5348;0;3
1971-06-05 11:00:00Z;524,4306;0;3
1971-06-06 11:00:00Z;456,4493;0;3
1971-06-07 11:00:00Z;415,4648;0;3
1971-06-08 11:00:00Z;313,9935;0;3
1971-06-09 11:00:00Z;245,2222;0;3
1971-06-10 11:00:00Z;203,3102;0;3
1971-06-11 11:00:00Z;227,117;0;3
1971-06-12 11:00:00Z;252,7274;0;3
1971-06-13 11:00:00Z;247,0842;0;3
1971-06-14 11:00:00Z;252,7274;0;3
1971-06-15 11:00:00Z;307,4614;0;3
1971-06-16 11:00:00Z;305,3044;0;3
1971-06-17 11:00:00Z;334,1479;0;3
1971-06-18 11:00:00Z;450,8345;0;3
1971-06-19 11:00:00Z;428,8391;0;3
1971-06-20 11:00:00Z;379,5125;0;3
1971-06-21 11:00:00Z;307,4614;0;3
1971-06-22 11:00:00Z;288,4136;0;3
1971-06-23 11:00:00Z;288,4136;0;3
1971-06-24 11:00:00Z;286,3475;0;3
1971-06-25 11:00:00Z;230,6636;0;3
1971-06-26 11:00:00Z;196,8302;0;3
1971-06-27 11:00:00Z;243,3695;0;3
1971-06-28 11:00:00Z;294,6721;0;3
1971-06-29 11:00:00Z;397,2156;0;3
1971-06-30 11:00:00Z;272,1621;0;3
1971-07-01 11:00:00Z;243,3695;0;3
1971-07-02 11:00:00Z;203,3102;0;3
1971-07-03 11:00:00Z;208,2632;0;3
1971-07-04 11:00:00Z;203,3102;0;3
1971-07-05 11:00:00Z;234,2473;0;3
1971-07-06 11:00:00Z;320,6182;0;3
1971-07-07 11:00:00Z;276,1657;0;3
1971-07-08 11:00:00Z;256,5371;0;3
1971-07-09 11:00:00Z;220,1339;0;3
1971-07-10 11:00:00Z;211,6098;0;3
1971-07-11 11:00:00Z;208,2632;0;3
1971-07-12 11:00:00Z;318,3996;0;3
1971-07-13 11:00:00Z;247,0842;0;3
1971-07-14 11:00:00Z;192,0622;0;3
1971-07-15 11:00:00Z;149,9046;0;3
1971-07-16 11:00:00Z;120,1164;0;3
1971-07-17 11:00:00Z;118,97;0;3
1971-07-18 11:00:00Z;117,831;0;3
1971-07-19 11:00:00Z;116,6993;0;3
1971-07-20 11:00:00Z;203,3102;0;3
1971-07-21 11:00:00Z;195,2321;0;3
1971-07-22 11:00:00Z;151,2432;0;3
1971-07-23 11:00:00Z;136,9536;0;3
1971-07-24 11:00:00Z;123,6001;0;3
1971-07-25 11:00:00Z;143,3309;0;3
1971-07-26 11:00:00Z;179,7281;0;3
1971-07-27 11:00:00Z;151,2432;0;3
1971-07-28 11:00:00Z;120,1164;0;3
1971-07-29 11:00:00Z;111,1502;0;3
1971-07-30 11:00:00Z;103,6833;0;3
1971-07-31 11:00:00Z;103,6833;0;3
1971-08-01 11:00:00Z;103,6833;0;3
1971-08-02 11:00:00Z;103,6833;0;3
1971-08-03 11:00:00Z;107,9074;0;3
1971-08-04 11:00:00Z;98,56119;0;3
1971-08-05 11:00:00Z;99,57169;0;3
1971-08-06 11:00:00Z;114,4579;0;3
1971-08-07 11:00:00Z;118,97;0;3
1971-08-08 11:00:00Z;125,9598;0;3
1971-08-09 11:00:00Z;130,7697;0;3
1971-08-10 11:00:00Z;139,4811;0;3
1971-08-11 11:00:00Z;151,2432;0;3
1971-08-12 11:00:00Z;145,9366;0;3
1971-08-13 11:00:00Z;138,2135;0;3
1971-08-14 11:00:00Z;121,2702;0;3
1971-08-15 11:00:00Z;102,6449;0;3
1971-08-16 11:00:00Z;102,6449;0;3
1971-08-17 11:00:00Z;101,6135;0;3
1971-08-18 11:00:00Z;165,0732;0;3
1971-08-19 11:00:00Z;173,7656;0;3
1971-08-20 11:00:00Z;254,6275;0;3
1971-08-21 11:00:00Z;192,0622;0;3
1971-08-22 11:00:00Z;107,9074;0;3
1971-08-23 11:00:00Z;106,8407;0;3
1971-08-24 11:00:00Z;108,9812;0;3
1971-08-25 11:00:00Z;294,6721;0;3
1971-08-26 11:00:00Z;329,5963;0;3
1971-08-27 11:00:00Z;165,0732;0;3
1971-08-28 11:00:00Z;125,9598;0;3
1971-08-29 11:00:00Z;114,4579;0;3
1971-08-30 11:00:00Z;110,0621;0;3
1971-08-31 11:00:00Z;92,64243;0;3
1971-09-01 11:00:00Z;86,96721;0;3
1971-09-02 11:00:00Z;80,64693;0;3
1971-09-03 11:00:00Z;108,9812;0;3
1971-09-04 11:00:00Z;280,2087;0;3
1971-09-05 11:00:00Z;145,9366;0;3
1971-09-06 11:00:00Z;116,6993;0;3
1971-09-07 11:00:00Z;106,8407;0;3
1971-09-08 11:00:00Z;111,1502;0;3
1971-09-09 11:00:00Z;93,61183;0;3
1971-09-10 11:00:00Z;86,04465;0;3
1971-09-11 11:00:00Z;78,03549;0;3
1971-09-12 11:00:00Z;69,74158;0;3
1971-09-13 11:00:00Z;67,37418;0;3
1971-09-14 11:00:00Z;62,80245;0;3
1971-09-15 11:00:00Z;59,1557;0;3
1971-09-16 11:00:00Z;57,73776;0;3
1971-09-17 11:00:00Z;102,6449;0;3
1971-09-18 11:00:00Z;142,0398;0;3
1971-09-19 11:00:00Z;123,6001;0;3
1971-09-20 11:00:00Z;129,5559;0;3
1971-09-21 11:00:00Z;152,5897;0;3
1971-09-22 11:00:00Z;374,5537;0;3
1971-09-23 11:00:00Z;221,866;0;3
1971-09-24 11:00:00Z;162,242;0;3
1971-09-25 11:00:00Z;148,574;0;3
1971-09-26 11:00:00Z;135,7014;0;3
1971-09-27 11:00:00Z;124,7762;0;3
1971-09-28 11:00:00Z;113,3481;0;3
1971-09-29 11:00:00Z;94,58802;0;3
1971-09-30 11:00:00Z;170,8348;0;3
1971-10-01 11:00:00Z;377,0276;0;3
1971-10-02 11:00:00Z;282,2451;0;3
1971-10-03 11:00:00Z;188,927;0;3
1971-10-04 11:00:00Z;148,574;0;3
1971-10-05 11:00:00Z;123,6001;0;3
1971-10-06 11:00:00Z;740,8497;0;3
1971-10-07 11:00:00Z;1344,689;0;3
1971-10-08 11:00:00Z;619,4301;0;3
1971-10-09 11:00:00Z;352,7768;0;3
1971-10-10 11:00:00Z;254,6275;0;3
1971-10-11 11:00:00Z;236,053;0;3
1971-10-12 11:00:00Z;184,289;0;3
1971-10-13 11:00:00Z;107,9074;0;3
1971-10-14 11:00:00Z;195,2321;0;3
1971-10-15 11:00:00Z;160,8387;0;3
1971-10-16 11:00:00Z;142,0398;0;3
1971-10-17 11:00:00Z;124,7762;0;3
1971-10-18 11:00:00Z;116,6993;0;3
1971-10-19 11:00:00Z;114,4579;0;3
1971-10-20 11:00:00Z;112,2455;0;3
1971-10-21 11:00:00Z;114,4579;0;3
1971-10-22 11:00:00Z;100,5891;0;3
1971-10-23 11:00:00Z;94,58802;0;3
1971-10-24 11:00:00Z;87,89639;0;3
1971-10-25 11:00:00Z;131,9912;0;3
1971-10-26 11:00:00Z;237,8681;0;3
1971-10-27 11:00:00Z;369,6385;0;3
1971-10-28 11:00:00Z;470,6913;0;3
1971-10-29 11:00:00Z;266,2299;0;3
1971-10-30 11:00:00Z;264,272;0;3
1971-10-31 11:00:00Z;282,2451;0;3
1971-11-01 11:00:00Z;192,0622;0;3
1971-11-02 11:00:00Z;410,1945;0;3
1971-11-03 11:00:00Z;821,6974;0;3
1971-11-04 11:00:00Z;382,0084;0;3
1971-11-05 11:00:00Z;241,5263;0;3
1971-11-06 11:00:00Z;211,6098;0;3
1971-11-07 11:00:00Z;176,7299;0;3
1971-11-08 11:00:00Z;138,2135;0;3
1971-11-09 11:00:00Z;120,1164;0;3
1971-11-10 11:00:00Z;111,1502;0;3
1971-11-11 11:00:00Z;221,866;0;3
1971-11-12 11:00:00Z;165,0732;0;3
1971-11-13 11:00:00Z;134,457;0;3
1971-11-14 11:00:00Z;113,3481;0;3
1971-11-15 11:00:00Z;110,0621;0;3
1971-11-16 11:00:00Z;100,5891;0;3
1971-11-17 11:00:00Z;88,83221;0;3
1971-11-18 11:00:00Z;86,96721;0;3
1971-11-19 11:00:00Z;79,77004;0;3
1971-11-20 11:00:00Z;88,83221;0;3
1971-11-21 11:00:00Z;95,57103;0;3
1971-11-22 11:00:00Z;98,56119;0;3
1971-11-23 11:00:00Z;116,6993;0;3
1971-11-24 11:00:00Z;135,7014;0;3
1971-11-25 11:00:00Z;101,6135;0;3
1971-11-26 11:00:00Z;83,31644;0;3
1971-11-27 11:00:00Z;81,53029;0;3
1971-11-28 11:00:00Z;81,53029;0;3
1971-11-29 11:00:00Z;79,77004;0;3
1971-11-30 11:00:00Z;79,77004;0;3
1971-12-01 11:00:00Z;80,64693;0;3
1971-12-02 11:00:00Z;67,37418;0;3
1971-12-03 11:00:00Z;65,06135;0;3
1971-12-04 11:00:00Z;63,54947;0;3
1971-12-05 11:00:00Z;80,64693;0;3
1971-12-06 11:00:00Z;93,61183;0;3
1971-12-07 11:00:00Z;228,8857;0;3
1971-12-08 11:00:00Z;129,5559;0;3
1971-12-09 11:00:00Z;116,6993;0;3
1971-12-10 11:00:00Z;97,55759;0;3
1971-12-11 11:00:00Z;91,67979;0;3
1971-12-12 11:00:00Z;84,21928;0;3
1971-12-13 11:00:00Z;79,77004;0;3
1971-12-14 11:00:00Z;78,89957;0;3
1971-12-15 11:00:00Z;71,3505;0;3
1971-12-16 11:00:00Z;79,77004;0;3
1971-12-17 11:00:00Z;108,9812;0;3
1971-12-18 11:00:00Z;99,57169;0;3
1971-12-19 11:00:00Z;92,64243;0;3
1971-12-20 11:00:00Z;91,67979;0;3
1971-12-21 11:00:00Z;88,83221;0;3
1971-12-22 11:00:00Z;75,48145;0;3
1971-12-23 11:00:00Z;72,98416;0;3
1971-12-24 11:00:00Z;68,94634;0;3
1971-12-25 11:00:00Z;65,82626;0;3
1971-12-26 11:00:00Z;120,1164;0;3
1971-12-27 11:00:00Z;125,9598;0;3
1971-12-28 11:00:00Z;96,56087;0;3
1971-12-29 11:00:00Z;82,42011;0;3
1971-12-30 11:00:00Z;86,04465;0;3
1971-12-31 11:00:00Z;93,61183;0;3
1972-01-01 11:00:00Z;134,457;0;3
1972-01-02 11:00:00Z;120,1164;0;3
1972-01-03 11:00:00Z;92,64243;0;3
1972-01-04 11:00:00Z;82,42011;0;3
1972-01-05 11:00:00Z;75,48145;0;3
1972-01-06 11:00:00Z;84,21928;0;3
1972-01-07 11:00:00Z;94,58802;0;3
1972-01-08 11:00:00Z;95,57103;0;3
1972-01-09 11:00:00Z;90,72388;0;3
1972-01-10 11:00:00Z;100,5891;0;3
1972-01-11 11:00:00Z;94,58802;0;3
1972-01-12 11:00:00Z;84,21928;0;3
1972-01-13 11:00:00Z;84,21928;0;3
1972-01-14 11:00:00Z;72,98416;0;3
1972-01-15 11:00:00Z;67,37418;0;3
1972-01-16 11:00:00Z;72,16423;0;3
1972-01-17 11:00:00Z;61,32616;0;3
1972-01-18 11:00:00Z;58,44384;0;3
1972-01-19 11:00:00Z;56,34283;0;3
1972-01-20 11:00:00Z;57,03743;0;3
1972-01-21 11:00:00Z;50,34521;0;3
1972-01-22 11:00:00Z;45,98858;0;3
1972-01-23 11:00:00Z;43,61664;0;3
1972-01-24 11:00:00Z;41,89262;0;3
1972-01-25 11:00:00Z;40,21497;0;3
1972-01-26 11:00:00Z;39,12197;0;3
1972-01-27 11:00:00Z;37,52017;0;3
1972-01-28 11:00:00Z;36,99619;0;3
1972-01-29 11:00:00Z;35,96301;0;3
1972-01-30 11:00:00Z;35,45377;0;3
1972-01-31 11:00:00Z;34,94939;0;3
1972-02-01 11:00:00Z;34,44986;0;3
1972-02-02 11:00:00Z;34,44986;0;3
1972-02-03 11:00:00Z;33,95514;0;3
1972-02-04 11:00:00Z;33,95514;0;3
1972-02-05 11:00:00Z;33,46521;0;3
1972-02-06 11:00:00Z;33,46521;0;3
1972-02-07 11:00:00Z;32,98006;0;3
1972-02-08 11:00:00Z;32,98006;0;3
1972-02-09 11:00:00Z;32,98006;0;3
1972-02-10 11:00:00Z;32,98006;0;3
1972-02-11 11:00:00Z;32,98006;0;3
1972-02-12 11:00:00Z;32,98006;0;3
1972-02-13 11:00:00Z;32,98006;0;3
1972-02-14 11:00:00Z;32,98006;0;3
1972-02-15 11:00:00Z;32,98006;0;3
1972-02-16 11:00:00Z;32,98006;0;3
1972-02-17 11:00:00Z;32,98006;0;3
1972-02-18 11:00:00Z;32,98006;0;3
1972-02-19 11:00:00Z;32,98006;0;3
1972-02-20 11:00:00Z;32,98006;0;3
1972-02-21 11:00:00Z;33,46521;0;3
1972-02-22 11:00:00Z;33,46521;0;3
1972-02-23 11:00:00Z;33,95514;0;3
1972-02-24 11:00:00Z;35,96301;0;3
1972-02-25 11:00:00Z;38,04911;0;3
1972-02-26 11:00:00Z;40,76907;0;3
1972-02-27 11:00:00Z;38,04911;0;3
1972-02-28 11:00:00Z;36,47715;0;3
1972-02-29 11:00:00Z;35,45377;0;3
1972-03-01 11:00:00Z;34,44986;0;3
1972-03-02 11:00:00Z;33,95514;0;3
1972-03-03 11:00:00Z;33,46521;0;3
1972-03-04 11:00:00Z;32,98006;0;3
1972-03-05 11:00:00Z;32,98006;0;3
1972-03-06 11:00:00Z;32,49965;0;3
1972-03-07 11:00:00Z;32,49965;0;3
1972-03-08 11:00:00Z;32,49965;0;3
1972-03-09 11:00:00Z;32,49965;0;3
1972-03-10 11:00:00Z;32,49965;0;3
1972-03-11 11:00:00Z;32,49965;0;3
1972-03-12 11:00:00Z;39,12197;0;3
1972-03-13 11:00:00Z;268,1975;0;3
1972-03-14 11:00:00Z;239,6925;0;3
1972-03-15 11:00:00Z;129,5559;0;3
1972-03-16 11:00:00Z;127,151;0;3
1972-03-17 11:00:00Z;113,3481;0;3
1972-03-18 11:00:00Z;88,83221;0;3
1972-03-19 11:00:00Z;100,5891;0;3
1972-03-20 11:00:00Z;99,57169;0;3
1972-03-21 11:00:00Z;111,1502;0;3
1972-03-22 11:00:00Z;117,831;0;3
1972-03-23 11:00:00Z;86,04465;0;3
1972-03-24 11:00:00Z;74,64275;0;3
1972-03-25 11:00:00Z;73,81033;0;3
1972-03-26 11:00:00Z;68,15722;0;3
1972-03-27 11:00:00Z;67,37418;0;3
1972-03-28 11:00:00Z;64,30242;0;3
1972-03-29 11:00:00Z;64,30242;0;3
1972-03-30 11:00:00Z;52,9549;0;3
1972-03-31 11:00:00Z;58,44384;0;3
1972-04-01 11:00:00Z;56,34283;0;3
1972-04-02 11:00:00Z;54,29316;0;3
1972-04-03 11:00:00Z;52,9549;0;3
1972-04-04 11:00:00Z;50,98934;0;3
1972-04-05 11:00:00Z;49,70656;0;3
1972-04-06 11:00:00Z;48,44564;0;3
1972-04-07 11:00:00Z;47,82331;0;3
1972-04-08 11:00:00Z;49,07338;0;3
1972-04-09 11:00:00Z;51,63898;0;3
1972-04-10 11:00:00Z;52,9549;0;3
1972-04-11 11:00:00Z;52,9549;0;3
1972-04-12 11:00:00Z;54,29316;0;3
1972-04-13 11:00:00Z;59,1557;0;3
1972-04-14 11:00:00Z;72,16423;0;3
1972-04-15 11:00:00Z;90,72388;0;3
1972-04-16 11:00:00Z;82,42011;0;3
1972-04-17 11:00:00Z;79,77004;0;3
1972-04-18 11:00:00Z;83,31644;0;3
1972-04-19 11:00:00Z;79,77004;0;3
1972-04-20 11:00:00Z;72,98416;0;3
1972-04-21 11:00:00Z;78,03549;0;3
1972-04-22 11:00:00Z;74,64275;0;3
1972-04-23 11:00:00Z;67,37418;0;3
1972-04-24 11:00:00Z;60,59683;0;3
1972-04-25 11:00:00Z;59,87335;0;3
1972-04-26 11:00:00Z;59,87335;0;3
1972-04-27 11:00:00Z;59,1557;0;3
1972-04-28 11:00:00Z;55,65394;0;3
1972-04-29 11:00:00Z;52,9549;0;3
1972-04-30 11:00:00Z;52,29416;0;3
1972-05-01 11:00:00Z;51,63898;0;3
1972-05-02 11:00:00Z;57,73776;0;3
1972-05-03 11:00:00Z;74,64275;0;3
1972-05-04 11:00:00Z;108,9812;0;3
1972-05-05 11:00:00Z;142,0398;0;3
1972-05-06 11:00:00Z;165,0732;0;3
1972-05-07 11:00:00Z;159,4436;0;3
1972-05-08 11:00:00Z;187,3724;0;3
1972-05-09 11:00:00Z;193,6428;0;3
1972-05-10 11:00:00Z;193,6428;0;3
1972-05-11 11:00:00Z;196,8302;0;3
1972-05-12 11:00:00Z;203,3102;0;3
1972-05-13 11:00:00Z;178,2248;0;3
1972-05-14 11:00:00Z;179,7281;0;3
1972-05-15 11:00:00Z;187,3724;0;3
1972-05-16 11:00:00Z;198,437;0;3
1972-05-17 11:00:00Z;211,6098;0;3
1972-05-18 11:00:00Z;258,4564;0;3
1972-05-19 11:00:00Z;316,1914;0;3
1972-05-20 11:00:00Z;313,9935;0;3
1972-05-21 11:00:00Z;301,0211;0;3
1972-05-22 11:00:00Z;479,378;0;3
1972-05-23 11:00:00Z;512,1502;0;3
1972-05-24 11:00:00Z;485,2286;0;3
1972-05-25 11:00:00Z;585,4689;0;3
1972-05-26 11:00:00Z;598,8991;0;3
1972-05-27 11:00:00Z;592,1584;0;3
1972-05-28 11:00:00Z;543,2195;0;3
1972-05-29 11:00:00Z;549,5815;0;3
1972-05-30 11:00:00Z;615,976;0;3
1972-05-31 11:00:00Z;643,974;0;3
1972-06-01 11:00:00Z;651,1046;0;3
1972-06-02 11:00:00Z;598,8991;0;3
1972-06-03 11:00:00Z;521,3422;0;3
1972-06-04 11:00:00Z;448,0446;0;3
1972-06-05 11:00:00Z;588,8073;0;3
1972-06-06 11:00:00Z;619,4301;0;3
1972-06-07 11:00:00Z;748,6826;0;3
1972-06-08 11:00:00Z;881,684;0;3
1972-06-09 11:00:00Z;683,8489;0;3
1972-06-10 11:00:00Z;572,2424;0;3
1972-06-11 11:00:00Z;476,4706;0;3
1972-06-12 11:00:00Z;448,0446;0;3
1972-06-13 11:00:00Z;456,4493;0;3
1972-06-14 11:00:00Z;506,0831;0;3
1972-06-15 11:00:00Z;512,1502;0;3
1972-06-16 11:00:00Z;415,4648;0;3
1972-06-17 11:00:00Z;377,0276;0;3
1972-06-18 11:00:00Z;387,0333;0;3
1972-06-19 11:00:00Z;524,4306;0;3
1972-06-20 11:00:00Z;636,896;0;3
1972-06-21 11:00:00Z;426,1415;0;3
1972-06-22 11:00:00Z;423,4553;0;3
1972-06-23 11:00:00Z;445,2663;0;3
1972-06-24 11:00:00Z;651,1046;0;3
1972-06-25 11:00:00Z;612,5348;0;3
1972-06-26 11:00:00Z;359,9385;0;3
1972-06-27 11:00:00Z;362,3473;0;3
1972-06-28 11:00:00Z;355,1533;0;3
1972-06-29 11:00:00Z;402,3735;0;3
1972-06-30 11:00:00Z;367,1973;0;3
1972-07-01 11:00:00Z;343,3775;0;3
1972-07-02 11:00:00Z;305,3044;0;3
1972-07-03 11:00:00Z;313,9935;0;3
1972-07-04 11:00:00Z;320,6182;0;3
1972-07-05 11:00:00Z;384,5154;0;3
1972-07-06 11:00:00Z;296,7784;0;3
1972-07-07 11:00:00Z;260,3853;0;3
1972-07-08 11:00:00Z;296,7784;0;3
1972-07-09 11:00:00Z;298,8947;0;3
1972-07-10 11:00:00Z;221,866;0;3
1972-07-11 11:00:00Z;221,866;0;3
1972-07-12 11:00:00Z;234,2473;0;3
1972-07-13 11:00:00Z;214,9924;0;3
1972-07-14 11:00:00Z;179,7281;0;3
1972-07-15 11:00:00Z;160,8387;0;3
1972-07-16 11:00:00Z;149,9046;0;3
1972-07-17 11:00:00Z;227,117;0;3
1972-07-18 11:00:00Z;213,2966;0;3
1972-07-19 11:00:00Z;153,9444;0;3
1972-07-20 11:00:00Z;148,574;0;3
1972-07-21 11:00:00Z;237,8681;0;3
1972-07-22 11:00:00Z;193,6428;0;3
1972-07-23 11:00:00Z;134,457;0;3
1972-07-24 11:00:00Z;108,9812;0;3
1972-07-25 11:00:00Z;96,56087;0;3
1972-07-26 11:00:00Z;86,96721;0;3
1972-07-27 11:00:00Z;79,77004;0;3
1972-07-28 11:00:00Z;75,48145;0;3
1972-07-29 11:00:00Z;72,98416;0;3
1972-07-30 11:00:00Z;73,81033;0;3
1972-07-31 11:00:00Z;77,1778;0;3
1972-08-01 11:00:00Z;86,04465;0;3
1972-08-02 11:00:00Z;86,96721;0;3
1972-08-03 11:00:00Z;89,7747;0;3
1972-08-04 11:00:00Z;144,6298;0;3
1972-08-05 11:00:00Z;124,7762;0;3
1972-08-06 11:00:00Z;98,56119;0;3
1972-08-07 11:00:00Z;94,58802;0;3
1972-08-08 11:00:00Z;134,457;0;3
1972-08-09 11:00:00Z;122,4314;0;3
1972-08-10 11:00:00Z;140,7566;0;3
1972-08-11 11:00:00Z;158,0566;0;3
1972-08-12 11:00:00Z;124,7762;0;3
1972-08-13 11:00:00Z;114,4579;0;3
1972-08-14 11:00:00Z;94,58802;0;3
1972-08-15 11:00:00Z;82,42011;0;3
1972-08-16 11:00:00Z;76,32646;0;3
1972-08-17 11:00:00Z;72,16423;0;3
1972-08-18 11:00:00Z;77,1778;0;3
1972-08-19 11:00:00Z;78,89957;0;3
1972-08-20 11:00:00Z;72,98416;0;3
1972-08-21 11:00:00Z;75,48145;0;3
1972-08-22 11:00:00Z;78,89957;0;3
1972-08-23 11:00:00Z;78,89957;0;3
1972-08-24 11:00:00Z;91,67979;0;3
1972-08-25 11:00:00Z;77,1778;0;3
1972-08-26 11:00:00Z;74,64275;0;3
1972-08-27 11:00:00Z;69,74158;0;3
1972-08-28 11:00:00Z;65,06135;0;3
1972-08-29 11:00:00Z;62,06135;0;3
1972-08-30 11:00:00Z;59,87335;0;3
1972-08-31 11:00:00Z;57,03743;0;3
1972-09-01 11:00:00Z;59,1557;0;3
1972-09-02 11:00:00Z;198,437;0;3
1972-09-03 11:00:00Z;397,2156;0;3
1972-09-04 11:00:00Z;305,3044;0;3
1972-09-05 11:00:00Z;188,927;0;3
1972-09-06 11:00:00Z;294,6721;0;3
1972-09-07 11:00:00Z;329,5963;0;3
1972-09-08 11:00:00Z;208,2632;0;3
1972-09-09 11:00:00Z;178,2248;0;3
1972-09-10 11:00:00Z;188,927;0;3
1972-09-11 11:00:00Z;193,6428;0;3
1972-09-12 11:00:00Z;184,289;0;3
1972-09-13 11:00:00Z;143,3309;0;3
1972-09-14 11:00:00Z;130,7697;0;3
1972-09-15 11:00:00Z;111,1502;0;3
1972-09-16 11:00:00Z;100,5891;0;3
1972-09-17 11:00:00Z;90,72388;0;3
1972-09-18 11:00:00Z;84,21928;0;3
1972-09-19 11:00:00Z;100,5891;0;3
1972-09-20 11:00:00Z;105,7812;0;3
1972-09-21 11:00:00Z;120,1164;0;3
1972-09-22 11:00:00Z;166,5012;0;3
1972-09-23 11:00:00Z;166,5012;0;3
1972-09-24 11:00:00Z;125,9598;0;3
1972-09-25 11:00:00Z;105,7812;0;3
1972-09-26 11:00:00Z;122,4314;0;3
1972-09-27 11:00:00Z;104,7287;0;3
1972-09-28 11:00:00Z;91,67979;0;3
1972-09-29 11:00:00Z;85,12867;0;3
1972-09-30 11:00:00Z;81,53029;0;3
1972-10-01 11:00:00Z;75,48145;0;3
1972-10-02 11:00:00Z;71,3505;0;3
1972-10-03 11:00:00Z;69,74158;0;3
1972-10-04 11:00:00Z;234,2473;0;3
1972-10-05 11:00:00Z;160,8387;0;3
1972-10-06 11:00:00Z;153,9444;0;3
1972-10-07 11:00:00Z;163,6535;0;3
1972-10-08 11:00:00Z;122,4314;0;3
1972-10-09 11:00:00Z;115,5749;0;3
1972-10-10 11:00:00Z;134,457;0;3
1972-10-11 11:00:00Z;201,677;0;3
1972-10-12 11:00:00Z;153,9444;0;3
1972-10-13 11:00:00Z;120,1164;0;3
1972-10-14 11:00:00Z;105,7812;0;3
1972-10-15 11:00:00Z;159,4436;0;3
1972-10-16 11:00:00Z;355,1533;0;3
1972-10-17 11:00:00Z;497,0733;0;3
1972-10-18 11:00:00Z;232,4508;0;3
1972-10-19 11:00:00Z;178,2248;0;3
1972-10-20 11:00:00Z;145,9366;0;3
1972-10-21 11:00:00Z;122,4314;0;3
1972-10-22 11:00:00Z;105,7812;0;3
1972-10-23 11:00:00Z;99,57169;0;3
1972-10-24 11:00:00Z;89,7747;0;3
1972-10-25 11:00:00Z;84,21928;0;3
1972-10-26 11:00:00Z;80,64693;0;3
1972-10-27 11:00:00Z;76,32646;0;3
1972-10-28 11:00:00Z;72,98416;0;3
1972-10-29 11:00:00Z;70,54296;0;3
1972-10-30 11:00:00Z;68,15722;0;3
1972-10-31 11:00:00Z;73,81033;0;3
1972-11-01 11:00:00Z;83,31644;0;3
1972-11-02 11:00:00Z;87,89639;0;3
1972-11-03 11:00:00Z;105,7812;0;3
1972-11-04 11:00:00Z;105,7812;0;3
1972-11-05 11:00:00Z;98,56119;0;3
1972-11-06 11:00:00Z;93,61183;0;3
1972-11-07 11:00:00Z;96,56087;0;3
1972-11-08 11:00:00Z;124,7762;0;3
1972-11-09 11:00:00Z;111,1502;0;3
1972-11-10 11:00:00Z;100,5891;0;3
1972-11-11 11:00:00Z;86,96721;0;3
1972-11-12 11:00:00Z;79,77004;0;3
1972-11-13 11:00:00Z;72,98416;0;3
1972-11-14 11:00:00Z;71,3505;0;3
1972-11-15 11:00:00Z;68,94634;0;3
1972-11-16 11:00:00Z;67,37418;0;3
1972-11-17 11:00:00Z;65,82626;0;3
1972-11-18 11:00:00Z;64,30242;0;3
1972-11-19 11:00:00Z;62,80245;0;3
1972-11-20 11:00:00Z;61,32616;0;3
1972-11-21 11:00:00Z;60,59683;0;3
1972-11-22 11:00:00Z;59,87335;0;3
1972-11-23 11:00:00Z;59,1557;0;3
1972-11-24 11:00:00Z;59,1557;0;3
1972-11-25 11:00:00Z;58,44384;0;3
1972-11-26 11:00:00Z;57,73776;0;3
1972-11-27 11:00:00Z;57,03743;0;3
1972-11-28 11:00:00Z;56,34283;0;3
1972-11-29 11:00:00Z;56,34283;0;3
1972-11-30 11:00:00Z;56,34283;0;3
1972-12-01 11:00:00Z;55,65394;0;3
1972-12-02 11:00:00Z;55,65394;0;3
1972-12-03 11:00:00Z;55,65394;0;3
1972-12-04 11:00:00Z;55,65394;0;3
1972-12-05 11:00:00Z;54,97072;0;3
1972-12-06 11:00:00Z;54,97072;0;3
1972-12-07 11:00:00Z;54,97072;0;3
1972-12-08 11:00:00Z;54,97072;0;3
1972-12-09 11:00:00Z;54,97072;0;3
1972-12-10 11:00:00Z;58,44384;0;3
1972-12-11 11:00:00Z;60,59683;0;3
1972-12-12 11:00:00Z;62,80245;0;3
1972-12-13 11:00:00Z;62,80245;0;3
1972-12-14 11:00:00Z;87,89639;0;3
1972-12-15 11:00:00Z;123,6001;0;3
1972-12-16 11:00:00Z;243,3695;0;3
1972-12-17 11:00:00Z;248,9558;0;3
1972-12-18 11:00:00Z;172,296;0;3
1972-12-19 11:00:00Z;140,7566;0;3
1972-12-20 11:00:00Z;190,4903;0;3
1972-12-21 11:00:00Z;278,1823;0;3
1972-12-22 11:00:00Z;218,411;0;3
1972-12-23 11:00:00Z;377,0276;0;3
1972-12-24 11:00:00Z;274,159;0;3
1972-12-25 11:00:00Z;167,9374;0;3
1972-12-26 11:00:00Z;125,9598;0;3
1972-12-27 11:00:00Z;117,831;0;3
1972-12-28 11:00:00Z;117,831;0;3
1972-12-29 11:00:00Z;108,9812;0;3
1972-12-30 11:00:00Z;124,7762;0;3
1972-12-31 11:00:00Z;509,1106;0;3
1973-01-01 11:00:00Z;497,0733;0;3
1973-01-02 11:00:00Z;274,159;0;3
1973-01-03 11:00:00Z;221,866;0;3
1973-01-04 11:00:00Z;170,8348;0;3
1973-01-05 11:00:00Z;254,6275;0;3
1973-01-06 11:00:00Z;415,4648;0;3
1973-01-07 11:00:00Z;329,5963;0;3
1973-01-08 11:00:00Z;367,1973;0;3
1973-01-09 11:00:00Z;232,4508;0;3
1973-01-10 11:00:00Z;437,0009;0;3
1973-01-11 11:00:00Z;316,1914;0;3
1973-01-12 11:00:00Z;237,8681;0;3
1973-01-13 11:00:00Z;198,437;0;3
1973-01-14 11:00:00Z;151,2432;0;3
1973-01-15 11:00:00Z;133,2203;0;3
1973-01-16 11:00:00Z;115,5749;0;3
1973-01-17 11:00:00Z;108,9812;0;3
1973-01-18 11:00:00Z;94,58802;0;3
1973-01-19 11:00:00Z;85,12867;0;3
1973-01-20 11:00:00Z;78,89957;0;3
1973-01-21 11:00:00Z;94,58802;0;3
1973-01-22 11:00:00Z;108,9812;0;3
1973-01-23 11:00:00Z;127,151;0;3
1973-01-24 11:00:00Z;131,9912;0;3
1973-01-25 11:00:00Z;90,72388;0;3
1973-01-26 11:00:00Z;106,8407;0;3
1973-01-27 11:00:00Z;89,7747;0;3
1973-01-28 11:00:00Z;78,03549;0;3
1973-01-29 11:00:00Z;77,1778;0;3
1973-01-30 11:00:00Z;78,03549;0;3
1973-01-31 11:00:00Z;76,32646;0;3
1973-02-01 11:00:00Z;77,1778;0;3
1973-02-02 11:00:00Z;76,32646;0;3
1973-02-03 11:00:00Z;68,94634;0;3
1973-02-04 11:00:00Z;67,37418;0;3
1973-02-05 11:00:00Z;83,31644;0;3
1973-02-06 11:00:00Z;87,89639;0;3
1973-02-07 11:00:00Z;77,1778;0;3
1973-02-08 11:00:00Z;74,64275;0;3
1973-02-09 11:00:00Z;68,94634;0;3
1973-02-10 11:00:00Z;68,94634;0;3
1973-02-11 11:00:00Z;71,3505;0;3
1973-02-12 11:00:00Z;73,81033;0;3
1973-02-13 11:00:00Z;76,32646;0;3
1973-02-14 11:00:00Z;72,16423;0;3
1973-02-15 11:00:00Z;68,15722;0;3
1973-02-16 11:00:00Z;64,30242;0;3
1973-02-17 11:00:00Z;62,06135;0;3
1973-02-18 11:00:00Z;61,32616;0;3
1973-02-19 11:00:00Z;62,80245;0;3
1973-02-20 11:00:00Z;60,59683;0;3
1973-02-21 11:00:00Z;56,34283;0;3
1973-02-22 11:00:00Z;52,29416;0;3
1973-02-23 11:00:00Z;49,07338;0;3
1973-02-24 11:00:00Z;48,44564;0;3
1973-02-25 11:00:00Z;47,82331;0;3
1973-02-26 11:00:00Z;47,20638;0;3
1973-02-27 11:00:00Z;47,20638;0;3
1973-02-28 11:00:00Z;46,59481;0;3
1973-03-01 11:00:00Z;45,98858;0;3
1973-03-02 11:00:00Z;45,98858;0;3
1973-03-03 11:00:00Z;45,38768;0;3
1973-03-04 11:00:00Z;45,38768;0;3
1973-03-05 11:00:00Z;44,79207;0;3
1973-03-06 11:00:00Z;44,79207;0;3
1973-03-07 11:00:00Z;44,79207;0;3
1973-03-08 11:00:00Z;44,79207;0;3
1973-03-09 11:00:00Z;45,38768;0;3
1973-03-10 11:00:00Z;98,56119;0;3
1973-03-11 11:00:00Z;141,8711;0;3
1973-03-12 11:00:00Z;109,4759;0;3
1973-03-13 11:00:00Z;143,1771;0;3
1973-03-14 11:00:00Z;108,3793;0;3
1973-03-15 11:00:00Z;92,77686;0;3
1973-03-16 11:00:00Z;182,9804;0;3
1973-03-17 11:00:00Z;124,3938;0;3
1973-03-18 11:00:00Z;89,84331;0;3
1973-03-19 11:00:00Z;79,60379;0;3
1973-03-20 11:00:00Z;73,50096;0;3
1973-03-21 11:00:00Z;66,9084;0;3
1973-03-22 11:00:00Z;67,71054;0;3
1973-03-23 11:00:00Z;76,07776;0;3
1973-03-24 11:00:00Z;76,07776;0;3
1973-03-25 11:00:00Z;86,9707;0;3
1973-03-26 11:00:00Z;96,78407;0;3
1973-03-27 11:00:00Z;104,0641;0;3
1973-03-28 11:00:00Z;109,4759;0;3
1973-03-29 11:00:00Z;109,4759;0;3
1973-03-30 11:00:00Z;113,9345;0;3
1973-03-31 11:00:00Z;122,0178;0;3
1973-04-01 11:00:00Z;106,2074;0;3
1973-04-02 11:00:00Z;93,76836;0;3
1973-04-03 11:00:00Z;84,15841;0;3
1973-04-04 11:00:00Z;78,71255;0;3
1973-04-05 11:00:00Z;71,815;0;3
1973-04-06 11:00:00Z;70,15438;0;3
1973-04-07 11:00:00Z;66,9084;0;3
1973-04-08 11:00:00Z;63,76161;0;3
1973-04-09 11:00:00Z;61,46575;0;3
1973-04-10 11:00:00Z;59,22428;0;3
1973-04-11 11:00:00Z;54,90212;0;3
1973-04-12 11:00:00Z;54,20234;0;3
1973-04-13 11:00:00Z;53,50838;0;3
1973-04-14 11:00:00Z;52,82022;0;3
1973-04-15 11:00:00Z;51,4612;0;3
1973-04-16 11:00:00Z;49,4656;0;3
1973-04-17 11:00:00Z;50,1251;0;3
1973-04-18 11:00:00Z;50,79029;0;3
1973-04-19 11:00:00Z;53,50838;0;3
1973-04-20 11:00:00Z;53,50838;0;3
1973-04-21 11:00:00Z;51,4612;0;3
1973-04-22 11:00:00Z;50,79029;0;3
1973-04-23 11:00:00Z;52,13783;0;3
1973-04-24 11:00:00Z;54,20234;0;3
1973-04-25 11:00:00Z;54,90212;0;3
1973-04-26 11:00:00Z;53,50838;0;3
1973-04-27 11:00:00Z;50,79029;0;3
1973-04-28 11:00:00Z;48,81174;0;3
1973-04-29 11:00:00Z;48,16354;0;3
1973-04-30 11:00:00Z;47,52096;0;3
1973-05-01 11:00:00Z;47,52096;0;3
1973-05-02 11:00:00Z;57,75989;0;3
1973-05-03 11:00:00Z;75,21242;0;3
1973-05-04 11:00:00Z;63,76161;0;3
1973-05-05 11:00:00Z;59,96543;0;3
1973-05-06 11:00:00Z;57,75989;0;3
1973-05-07 11:00:00Z;64,53909;0;3
1973-05-08 11:00:00Z;79,60379;0;3
1973-05-09 11:00:00Z;113,9345;0;3
1973-05-10 11:00:00Z;125,593;0;3
1973-05-11 11:00:00Z;175,4043;0;3
1973-05-12 11:00:00Z;187,6264;0;3
1973-05-13 11:00:00Z;159,4612;0;3
1973-05-14 11:00:00Z;178,4098;0;3
1973-05-15 11:00:00Z;192,3483;0;3
1973-05-16 11:00:00Z;155,283;0;3
1973-05-17 11:00:00Z;139,2826;0;3
1973-05-18 11:00:00Z;149,8238;0;3
1973-05-19 11:00:00Z;187,6264;0;3
1973-05-20 11:00:00Z;288,9044;0;3
1973-05-21 11:00:00Z;297,2481;0;3
1973-05-22 11:00:00Z;295,1477;0;3
1973-05-23 11:00:00Z;345,9434;0;3
1973-05-24 11:00:00Z;352,9589;0;3
1973-05-25 11:00:00Z;268,7148;0;3
1973-05-26 11:00:00Z;253,2407;0;3
1973-05-27 11:00:00Z;278,6909;0;3
1973-05-28 11:00:00Z;377,0099;0;3
1973-05-29 11:00:00Z;425,5888;0;3
1973-05-30 11:00:00Z;522,3266;0;3
1973-05-31 11:00:00Z;670,8717;0;3
1973-06-01 11:00:00Z;865,3478;0;3
1973-06-02 11:00:00Z;1078,509;0;3
1973-06-03 11:00:00Z;848,5952;0;3
1973-06-04 11:00:00Z;729,6253;0;3
1973-06-05 11:00:00Z;670,8717;0;3
1973-06-06 11:00:00Z;771,8953;0;3
1973-06-07 11:00:00Z;890,8774;0;3
1973-06-08 11:00:00Z;764,0947;0;3
1973-06-09 11:00:00Z;692,5292;0;3
1973-06-10 11:00:00Z;591,9354;0;3
1973-06-11 11:00:00Z;618,6651;0;3
1973-06-12 11:00:00Z;452,7115;0;3
1973-06-13 11:00:00Z;364,8557;0;3
1973-06-14 11:00:00Z;472,35;0;3
1973-06-15 11:00:00Z;466,6837;0;3
1973-06-16 11:00:00Z;377,0099;0;3
1973-06-17 11:00:00Z;327,6798;0;3
1973-06-18 11:00:00Z;391,9384;0;3
1973-06-19 11:00:00Z;472,35;0;3
1973-06-20 11:00:00Z;582,1088;0;3
1973-06-21 11:00:00Z;611,9107;0;3
1973-06-22 11:00:00Z;605,2043;0;3
1973-06-23 11:00:00Z;565,9677;0;3
1973-06-24 11:00:00Z;575,6169;0;3
1973-06-25 11:00:00Z;498,4014;0;3
1973-06-26 11:00:00Z;444,4603;0;3
1973-06-27 11:00:00Z;478,0608;0;3
1973-06-28 11:00:00Z;475,1998;0;3
1973-06-29 11:00:00Z;469,5113;0;3
1973-06-30 11:00:00Z;556,4241;0;3
1973-07-01 11:00:00Z;510,2729;0;3
1973-07-02 11:00:00Z;516,2769;0;3
1973-07-03 11:00:00Z;550,1202;0;3
1973-07-04 11:00:00Z;585,3724;0;3
1973-07-05 11:00:00Z;519,296;0;3
1973-07-06 11:00:00Z;441,7318;0;3
1973-07-07 11:00:00Z;510,2729;0;3
1973-07-08 11:00:00Z;628,8871;0;3
1973-07-09 11:00:00Z;625,4677;0;3
1973-07-10 11:00:00Z;519,296;0;3
1973-07-11 11:00:00Z;478,0608;0;3
1973-07-12 11:00:00Z;396,9986;0;3
1973-07-13 11:00:00Z;327,6798;0;3
1973-07-14 11:00:00Z;286,8426;0;3
1973-07-15 11:00:00Z;282,7477;0;3
1973-07-16 11:00:00Z;258,9736;0;3
1973-07-17 11:00:00Z;260,9032;0;3
1973-07-18 11:00:00Z;284,7903;0;3
1973-07-19 11:00:00Z;343,6252;0;3
1973-07-20 11:00:00Z;391,9384;0;3
1973-07-21 11:00:00Z;369,6863;0;3
1973-07-22 11:00:00Z;341,3171;0;3
1973-07-23 11:00:00Z;310,0545;0;3
1973-07-24 11:00:00Z;268,7148;0;3
1973-07-25 11:00:00Z;266,7478;0;3
1973-07-26 11:00:00Z;232,9264;0;3
1973-07-27 11:00:00Z;202,0224;0;3
1973-07-28 11:00:00Z;170,9581;0;3
1973-07-29 11:00:00Z;149,8238;0;3
1973-07-30 11:00:00Z;143,1771;0;3
1973-07-31 11:00:00Z;140,573;0;3
1973-08-01 11:00:00Z;155,283;0;3
1973-08-02 11:00:00Z;149,8238;0;3
1973-08-03 11:00:00Z;130,4648;0;3
1973-08-04 11:00:00Z;136,7249;0;3
1973-08-05 11:00:00Z;181,4485;0;3
1973-08-06 11:00:00Z;184,5206;0;3
1973-08-07 11:00:00Z;200,3886;0;3
1973-08-08 11:00:00Z;391,9384;0;3
1973-08-09 11:00:00Z;336,7312;0;3
1973-08-10 11:00:00Z;232,9264;0;3
1973-08-11 11:00:00Z;212,007;0;3
1973-08-12 11:00:00Z;220,5682;0;3
1973-08-13 11:00:00Z;357,6869;0;3
1973-08-14 11:00:00Z;318,788;0;3
1973-08-15 11:00:00Z;396,9986;0;3
1973-08-16 11:00:00Z;288,9044;0;3
1973-08-17 11:00:00Z;213,7017;0;3
1973-08-18 11:00:00Z;197,1468;0;3
1973-08-19 11:00:00Z;213,7017;0;3
1973-08-20 11:00:00Z;449,9502;0;3
1973-08-21 11:00:00Z;310,0545;0;3
1973-08-22 11:00:00Z;215,4051;0;3
1973-08-23 11:00:00Z;327,6798;0;3
1973-08-24 11:00:00Z;305,7467;0;3
1973-08-25 11:00:00Z;213,7017;0;3
1973-08-26 11:00:00Z;163,7116;0;3
1973-08-27 11:00:00Z;153,9063;0;3
1973-08-28 11:00:00Z;152,5375;0;3
1973-08-29 11:00:00Z;128,0138;0;3
1973-08-30 11:00:00Z;115,0673;0;3
1973-08-31 11:00:00Z;106,2074;0;3
1973-09-01 11:00:00Z;100,9021;0;3
1973-09-02 11:00:00Z;116,2074;0;3
1973-09-03 11:00:00Z;141,8711;0;3
1973-09-04 11:00:00Z;120,841;0;3
1973-09-05 11:00:00Z;125,593;0;3
1973-09-06 11:00:00Z;305,7467;0;3
1973-09-07 11:00:00Z;210,3212;0;3
1973-09-08 11:00:00Z;212,007;0;3
1973-09-09 11:00:00Z;206,9756;0;3
1973-09-10 11:00:00Z;179,925;0;3
1973-09-11 11:00:00Z;162,2867;0;3
1973-09-12 11:00:00Z;159,4612;0;3
1973-09-13 11:00:00Z;141,8711;0;3
1973-09-14 11:00:00Z;141,8711;0;3
1973-09-15 11:00:00Z;240,1859;0;3
1973-09-16 11:00:00Z;205,3159;0;3
1973-09-17 11:00:00Z;166,5858;0;3
1973-09-18 11:00:00Z;135,4576;0;3
1973-09-19 11:00:00Z;117,3548;0;3
1973-09-20 11:00:00Z;105,1322;0;3
1973-09-21 11:00:00Z;95,77194;0;3
1973-09-22 11:00:00Z;88,87903;0;3
1973-09-23 11:00:00Z;80,50157;0;3
1973-09-24 11:00:00Z;73,50096;0;3
1973-09-25 11:00:00Z;69,33351;0;3
1973-09-26 11:00:00Z;66,11246;0;3
1973-09-27 11:00:00Z;62,99024;0;3
1973-09-28 11:00:00Z;59,96543;0;3
1973-09-29 11:00:00Z;58,48911;0;3
1973-09-30 11:00:00Z;60,71258;0;3
1973-10-01 11:00:00Z;62,99024;0;3
1973-10-02 11:00:00Z;162,2867;0;3
1973-10-03 11:00:00Z;173,914;0;3
1973-10-04 11:00:00Z;357,6869;0;3
1973-10-05 11:00:00Z;242,0234;0;3
1973-10-06 11:00:00Z;162,2867;0;3
1973-10-07 11:00:00Z;125,593;0;3
1973-10-08 11:00:00Z;109,4759;0;3
1973-10-09 11:00:00Z;98,82915;0;3
1973-10-10 11:00:00Z;85,08916;0;3
1973-10-11 11:00:00Z;76,94955;0;3
1973-10-12 11:00:00Z;76,94955;0;3
1973-10-13 11:00:00Z;73,50096;0;3
1973-10-14 11:00:00Z;70,98154;0;3
1973-10-15 11:00:00Z;67,71054;0;3
1973-10-16 11:00:00Z;65,32269;0;3
1973-10-17 11:00:00Z;62,99024;0;3
1973-10-18 11:00:00Z;60,71258;0;3
1973-10-19 11:00:00Z;57,75989;0;3
1973-10-20 11:00:00Z;57,03661;0;3
1973-10-21 11:00:00Z;52,82022;0;3
1973-10-22 11:00:00Z;50,79029;0;3
1973-10-23 11:00:00Z;50,79029;0;3
1973-10-24 11:00:00Z;54,90212;0;3
1973-10-25 11:00:00Z;115,0673;0;3
1973-10-26 11:00:00Z;210,3212;0;3
1973-10-27 11:00:00Z;156,6677;0;3
1973-10-28 11:00:00Z;225,811;0;3
1973-10-29 11:00:00Z;181,4485;0;3
1973-10-30 11:00:00Z;128,0138;0;3
1973-10-31 11:00:00Z;103,003;0;3
1973-11-01 11:00:00Z;110,5797;0;3
1973-11-02 11:00:00Z;389,4242;0;3
1973-11-03 11:00:00Z;310,0545;0;3
1973-11-04 11:00:00Z;227,5764;0;3
1973-11-05 11:00:00Z;377,0099;0;3
1973-11-06 11:00:00Z;329,9277;0;3
1973-11-07 11:00:00Z;217,1173;0;3
1973-11-08 11:00:00Z;212,007;0;3
1973-11-09 11:00:00Z;362,4558;0;3
1973-11-10 11:00:00Z;198,7634;0;3
1973-11-11 11:00:00Z;145,8122;0;3
1973-11-12 11:00:00Z;123,2021;0;3
1973-11-13 11:00:00Z;109,4759;0;3
1973-11-14 11:00:00Z;93,76836;0;3
1973-11-15 11:00:00Z;86,9707;0;3
1973-11-16 11:00:00Z;79,60379;0;3
1973-11-17 11:00:00Z;74,35349;0;3
1973-11-18 11:00:00Z;70,15438;0;3
1973-11-19 11:00:00Z;68,51891;0;3
1973-11-20 11:00:00Z;66,9084;0;3
1973-11-21 11:00:00Z;65,32269;0;3
1973-11-22 11:00:00Z;63,76161;0;3
1973-11-23 11:00:00Z;62,22496;0;3
1973-11-24 11:00:00Z;60,71258;0;3
1973-11-25 11:00:00Z;59,22428;0;3
1973-11-26 11:00:00Z;57,75989;0;3
1973-11-27 11:00:00Z;57,03661;0;3
1973-11-28 11:00:00Z;55,60774;0;3
1973-11-29 11:00:00Z;54,20234;0;3
1973-11-30 11:00:00Z;53,50838;0;3
1973-12-01 11:00:00Z;52,82022;0;3
1973-12-02 11:00:00Z;51,4612;0;3
1973-12-03 11:00:00Z;50,79029;0;3
1973-12-04 11:00:00Z;50,1251;0;3
1973-12-05 11:00:00Z;50,1251;0;3
1973-12-06 11:00:00Z;49,4656;0;3
1973-12-07 11:00:00Z;48,81174;0;3
1973-12-08 11:00:00Z;48,81174;0;3
1973-12-09 11:00:00Z;48,16354;0;3
1973-12-10 11:00:00Z;48,16354;0;3
1973-12-11 11:00:00Z;48,16354;0;3
1973-12-12 11:00:00Z;47,52096;0;3
1973-12-13 11:00:00Z;47,52096;0;3
1973-12-14 11:00:00Z;46,88397;0;3
1973-12-15 11:00:00Z;46,88397;0;3
1973-12-16 11:00:00Z;46,88397;0;3
1973-12-17 11:00:00Z;46,25255;0;3
1973-12-18 11:00:00Z;46,25255;0;3
1973-12-19 11:00:00Z;45,62668;0;3
1973-12-20 11:00:00Z;45,62668;0;3
1973-12-21 11:00:00Z;45,62668;0;3
1973-12-22 11:00:00Z;45,62668;0;3
1973-12-23 11:00:00Z;45,62668;0;3
1973-12-24 11:00:00Z;45,62668;0;3
1973-12-25 11:00:00Z;45,62668;0;3
1973-12-26 11:00:00Z;45,62668;0;3
1973-12-27 11:00:00Z;49,4656;0;3
1973-12-28 11:00:00Z;103,003;0;3
1973-12-29 11:00:00Z;117,3548;0;3
1973-12-30 11:00:00Z;124,3938;0;3
1973-12-31 11:00:00Z;112,809;0;3
1974-01-01 11:00:00Z;87,9215;0;3
1974-01-02 11:00:00Z;76,94955;0;3
1974-01-03 11:00:00Z;68,51891;0;3
1974-01-04 11:00:00Z;64,53909;0;3
1974-01-05 11:00:00Z;61,46575;0;3
1974-01-06 11:00:00Z;59,22428;0;3
1974-01-07 11:00:00Z;56,31923;0;3
1974-01-08 11:00:00Z;54,90212;0;3
1974-01-09 11:00:00Z;53,50838;0;3
1974-01-10 11:00:00Z;52,13783;0;3
1974-01-11 11:00:00Z;51,4612;0;3
1974-01-12 11:00:00Z;50,1251;0;3
1974-01-13 11:00:00Z;49,4656;0;3
1974-01-14 11:00:00Z;49,4656;0;3
1974-01-15 11:00:00Z;49,4656;0;3
1974-01-16 11:00:00Z;49,4656;0;3
1974-01-17 11:00:00Z;49,4656;0;3
1974-01-18 11:00:00Z;48,81174;0;3
1974-01-19 11:00:00Z;50,79029;0;3
1974-01-20 11:00:00Z;50,79029;0;3
1974-01-21 11:00:00Z;61,46575;0;3
1974-01-22 11:00:00Z;94,76671;0;3
1974-01-23 11:00:00Z;85,08916;0;3
1974-01-24 11:00:00Z;74,35349;0;3
1974-01-25 11:00:00Z;66,9084;0;3
1974-01-26 11:00:00Z;63,76161;0;3
1974-01-27 11:00:00Z;59,22428;0;3
1974-01-28 11:00:00Z;56,31923;0;3
1974-01-29 11:00:00Z;54,90212;0;3
1974-01-30 11:00:00Z;52,82022;0;3
1974-01-31 11:00:00Z;51,4612;0;3
1974-02-01 11:00:00Z;50,1251;0;3
1974-02-02 11:00:00Z;48,81174;0;3
1974-02-03 11:00:00Z;47,52096;0;3
1974-02-04 11:00:00Z;46,25255;0;3
1974-02-05 11:00:00Z;45,00634;0;3
1974-02-06 11:00:00Z;44,39151;0;3
1974-02-07 11:00:00Z;43,78216;0;3
1974-02-08 11:00:00Z;43,17827;0;3
1974-02-09 11:00:00Z;42,57982;0;3
1974-02-10 11:00:00Z;41,98678;0;3
1974-02-11 11:00:00Z;41,39913;0;3
1974-02-12 11:00:00Z;41,39913;0;3
1974-02-13 11:00:00Z;40,81686;0;3
1974-02-14 11:00:00Z;40,81686;0;3
1974-02-15 11:00:00Z;40,23993;0;3
1974-02-16 11:00:00Z;40,23993;0;3
1974-02-17 11:00:00Z;39,66832;0;3
1974-02-18 11:00:00Z;39,66832;0;3
1974-02-19 11:00:00Z;39,66832;0;3
1974-02-20 11:00:00Z;39,66832;0;3
1974-02-21 11:00:00Z;40,23993;0;3
1974-02-22 11:00:00Z;62,22496;0;3
1974-02-23 11:00:00Z;100,9021;0;3
1974-02-24 11:00:00Z;86,02658;0;3
1974-02-25 11:00:00Z;78,71255;0;3
1974-02-26 11:00:00Z;80,50157;0;3
1974-02-27 11:00:00Z;75,21242;0;3
1974-02-28 11:00:00Z;68,51891;0;3
1974-03-01 11:00:00Z;62,22496;0;3
1974-03-02 11:00:00Z;56,31923;0;3
1974-03-03 11:00:00Z;51,4612;0;3
1974-03-04 11:00:00Z;48,81174;0;3
1974-03-05 11:00:00Z;46,88397;0;3
1974-03-06 11:00:00Z;45,62668;0;3
1974-03-07 11:00:00Z;44,39151;0;3
1974-03-08 11:00:00Z;43,17827;0;3
1974-03-09 11:00:00Z;42,57982;0;3
1974-03-10 11:00:00Z;41,98678;0;3
1974-03-11 11:00:00Z;41,39913;0;3
1974-03-12 11:00:00Z;40,81686;0;3
1974-03-13 11:00:00Z;40,23993;0;3
1974-03-14 11:00:00Z;40,23993;0;3
1974-03-15 11:00:00Z;39,66832;0;3
1974-03-16 11:00:00Z;39,66832;0;3
1974-03-17 11:00:00Z;39,10202;0;3
1974-03-18 11:00:00Z;39,10202;0;3
1974-03-19 11:00:00Z;39,10202;0;3
1974-03-20 11:00:00Z;38,54099;0;3
1974-03-21 11:00:00Z;38,54099;0;3
1974-03-22 11:00:00Z;38,54099;0;3
1974-03-23 11:00:00Z;38,54099;0;3
1974-03-24 11:00:00Z;38,54099;0;3
1974-03-25 11:00:00Z;41,98678;0;3
1974-03-26 11:00:00Z;44,39151;0;3
1974-03-27 11:00:00Z;44,39151;0;3
1974-03-28 11:00:00Z;44,39151;0;3
1974-03-29 11:00:00Z;43,17827;0;3
1974-03-30 11:00:00Z;41,98678;0;3
1974-03-31 11:00:00Z;41,98678;0;3
1974-04-01 11:00:00Z;42,57982;0;3
1974-04-02 11:00:00Z;43,78216;0;3
1974-04-03 11:00:00Z;44,39151;0;3
1974-04-04 11:00:00Z;51,4612;0;3
1974-04-05 11:00:00Z;78,71255;0;3
1974-04-06 11:00:00Z;135,4576;0;3
1974-04-07 11:00:00Z;166,5858;0;3
1974-04-08 11:00:00Z;323,2141;0;3
1974-04-09 11:00:00Z;220,5682;0;3
1974-04-10 11:00:00Z;134,198;0;3
1974-04-11 11:00:00Z;104,0641;0;3
1974-04-12 11:00:00Z;93,76836;0;3
1974-04-13 11:00:00Z;81,4059;0;3
1974-04-14 11:00:00Z;79,60379;0;3
1974-04-15 11:00:00Z;74,35349;0;3
1974-04-16 11:00:00Z;71,815;0;3
1974-04-17 11:00:00Z;71,815;0;3
1974-04-18 11:00:00Z;90,81436;0;3
1974-04-19 11:00:00Z;105,1322;0;3
1974-04-20 11:00:00Z;144,4907;0;3
1974-04-21 11:00:00Z;148,4787;0;3
1974-04-22 11:00:00Z;156,6677;0;3
1974-04-23 11:00:00Z;168,035;0;3
1974-04-24 11:00:00Z;130,4648;0;3
1974-04-25 11:00:00Z;112,809;0;3
1974-04-26 11:00:00Z;106,2074;0;3
1974-04-27 11:00:00Z;120,841;0;3
1974-04-28 11:00:00Z;120,841;0;3
1974-04-29 11:00:00Z;126,7997;0;3
1974-04-30 11:00:00Z;131,7016;0;3
1974-05-01 11:00:00Z;135,4576;0;3
1974-05-02 11:00:00Z;141,8711;0;3
1974-05-03 11:00:00Z;130,4648;0;3
1974-05-04 11:00:00Z;117,3548;0;3
1974-05-05 11:00:00Z;105,1322;0;3
1974-05-06 11:00:00Z;99,86211;0;3
1974-05-07 11:00:00Z;97,80313;0;3
1974-05-08 11:00:00Z;103,003;0;3
1974-05-09 11:00:00Z;111,6908;0;3
1974-05-10 11:00:00Z;122,0178;0;3
1974-05-11 11:00:00Z;155,283;0;3
1974-05-12 11:00:00Z;197,1468;0;3
1974-05-13 11:00:00Z;251,3482;0;3
1974-05-14 11:00:00Z;320,9961;0;3
1974-05-15 11:00:00Z;345,9434;0;3
1974-05-16 11:00:00Z;343,6252;0;3
1974-05-17 11:00:00Z;352,9589;0;3
1974-05-18 11:00:00Z;389,4242;0;3
1974-05-19 11:00:00Z;433,6115;0;3
1974-05-20 11:00:00Z;483,8163;0;3
1974-05-21 11:00:00Z;562,7748;0;3
1974-05-22 11:00:00Z;562,7748;0;3
1974-05-23 11:00:00Z;565,9677;0;3
1974-05-24 11:00:00Z;578,8569;0;3
1974-05-25 11:00:00Z;507,288;0;3
1974-05-26 11:00:00Z;562,7748;0;3
1974-05-27 11:00:00Z;444,4603;0;3
1974-05-28 11:00:00Z;339,0191;0;3
1974-05-29 11:00:00Z;288,9044;0;3
1974-05-30 11:00:00Z;276,6767;0;3
1974-05-31 11:00:00Z;270,6911;0;3
1974-06-01 11:00:00Z;236,5381;0;3
1974-06-02 11:00:00Z;231,1341;0;3
1974-06-03 11:00:00Z;270,6911;0;3
1974-06-04 11:00:00Z;299,3581;0;3
1974-06-05 11:00:00Z;251,3482;0;3
1974-06-06 11:00:00Z;220,5682;0;3
1974-06-07 11:00:00Z;247,5908;0;3
1974-06-08 11:00:00Z;336,7312;0;3
1974-06-09 11:00:00Z;345,9434;0;3
1974-06-10 11:00:00Z;314,4016;0;3
1974-06-11 11:00:00Z;350,6103;0;3
1974-06-12 11:00:00Z;357,6869;0;3
1974-06-13 11:00:00Z;379,4719;0;3
1974-06-14 11:00:00Z;422,9362;0;3
1974-06-15 11:00:00Z;525,3687;0;3
1974-06-16 11:00:00Z;598,546;0;3
1974-06-17 11:00:00Z;628,8871;0;3
1974-06-18 11:00:00Z;646,1667;0;3
1974-06-19 11:00:00Z;649,6591;0;3
1974-06-20 11:00:00Z;559,5936;0;3
1974-06-21 11:00:00Z;519,296;0;3
1974-06-22 11:00:00Z;492,5336;0;3
1974-06-23 11:00:00Z;412,4331;0;3
1974-06-24 11:00:00Z;320,9961;0;3
1974-06-25 11:00:00Z;325,4419;0;3
1974-06-26 11:00:00Z;270,6911;0;3
1974-06-27 11:00:00Z;206,9756;0;3
1974-06-28 11:00:00Z;198,7634;0;3
1974-06-29 11:00:00Z;192,3483;0;3
1974-06-30 11:00:00Z;175,4043;0;3
1974-07-01 11:00:00Z;186,0693;0;3
1974-07-02 11:00:00Z;229,3508;0;3
1974-07-03 11:00:00Z;282,7477;0;3
1974-07-04 11:00:00Z;249,4649;0;3
1974-07-05 11:00:00Z;202,0224;0;3
1974-07-06 11:00:00Z;184,5206;0;3
1974-07-07 11:00:00Z;163,7116;0;3
1974-07-08 11:00:00Z;152,5375;0;3
1974-07-09 11:00:00Z;158,0604;0;3
1974-07-10 11:00:00Z;179,925;0;3
1974-07-11 11:00:00Z;238,3575;0;3
1974-07-12 11:00:00Z;305,7467;0;3
1974-07-13 11:00:00Z;257,0534;0;3
1974-07-14 11:00:00Z;242,0234;0;3
1974-07-15 11:00:00Z;242,0234;0;3
1974-07-16 11:00:00Z;231,1341;0;3
1974-07-17 11:00:00Z;206,9756;0;3
1974-07-18 11:00:00Z;272,6768;0;3
1974-07-19 11:00:00Z;245,7259;0;3
1974-07-20 11:00:00Z;203,6648;0;3
1974-07-21 11:00:00Z;179,925;0;3
1974-07-22 11:00:00Z;182,9804;0;3
1974-07-23 11:00:00Z;276,6767;0;3
1974-07-24 11:00:00Z;260,9032;0;3
1974-07-25 11:00:00Z;187,6264;0;3
1974-07-26 11:00:00Z;158,0604;0;3
1974-07-27 11:00:00Z;212,007;0;3
1974-07-28 11:00:00Z;234,7277;0;3
1974-07-29 11:00:00Z;215,4051;0;3
1974-07-30 11:00:00Z;190,7658;0;3
1974-07-31 11:00:00Z;159,4612;0;3
1974-08-01 11:00:00Z;149,8238;0;3
1974-08-02 11:00:00Z;182,9804;0;3
1974-08-03 11:00:00Z;160,8699;0;3
1974-08-04 11:00:00Z;140,573;0;3
1974-08-05 11:00:00Z;134,198;0;3
1974-08-06 11:00:00Z;148,4787;0;3
1974-08-07 11:00:00Z;143,1771;0;3
1974-08-08 11:00:00Z;123,2021;0;3
1974-08-09 11:00:00Z;106,2074;0;3
1974-08-10 11:00:00Z;95,77194;0;3
1974-08-11 11:00:00Z;91,79221;0;3
1974-08-12 11:00:00Z;97,80313;0;3
1974-08-13 11:00:00Z;108,3793;0;3
1974-08-14 11:00:00Z;120,841;0;3
1974-08-15 11:00:00Z;128,0138;0;3
1974-08-16 11:00:00Z;128,0138;0;3
1974-08-17 11:00:00Z;176,9029;0;3
1974-08-18 11:00:00Z;149,8238;0;3
1974-08-19 11:00:00Z;124,3938;0;3
1974-08-20 11:00:00Z;108,3793;0;3
1974-08-21 11:00:00Z;97,80313;0;3
1974-08-22 11:00:00Z;96,78407;0;3
1974-08-23 11:00:00Z;135,4576;0;3
1974-08-24 11:00:00Z;124,3938;0;3
1974-08-25 11:00:00Z;116,2074;0;3
1974-08-26 11:00:00Z;120,841;0;3
1974-08-27 11:00:00Z;116,2074;0;3
1974-08-28 11:00:00Z;158,0604;0;3
1974-08-29 11:00:00Z;126,7997;0;3
1974-08-30 11:00:00Z;105,1322;0;3
1974-08-31 11:00:00Z;91,79221;0;3
1974-09-01 11:00:00Z;83,2343;0;3
1974-09-02 11:00:00Z;81,4059;0;3
1974-09-03 11:00:00Z;83,2343;0;3
1974-09-04 11:00:00Z;85,08916;0;3
1974-09-05 11:00:00Z;82,3168;0;3
1974-09-06 11:00:00Z;93,76836;0;3
1974-09-07 11:00:00Z;109,4759;0;3
1974-09-08 11:00:00Z;90,81436;0;3
1974-09-09 11:00:00Z;117,3548;0;3
1974-09-10 11:00:00Z;224,0545;0;3
1974-09-11 11:00:00Z;134,198;0;3
1974-09-12 11:00:00Z;106,2074;0;3
1974-09-13 11:00:00Z;96,78407;0;3
1974-09-14 11:00:00Z;86,02658;0;3
1974-09-15 11:00:00Z;80,50157;0;3
1974-09-16 11:00:00Z;80,50157;0;3
1974-09-17 11:00:00Z;98,82915;0;3
1974-09-18 11:00:00Z;282,7477;0;3
1974-09-19 11:00:00Z;575,6169;0;3
1974-09-20 11:00:00Z;381,9442;0;3
1974-09-21 11:00:00Z;232,9264;0;3
1974-09-22 11:00:00Z;172,4319;0;3
1974-09-23 11:00:00Z;192,3483;0;3
1974-09-24 11:00:00Z;193,9393;0;3
1974-09-25 11:00:00Z;151,1767;0;3
1974-09-26 11:00:00Z;152,5375;0;3
1974-09-27 11:00:00Z;139,2826;0;3
1974-09-28 11:00:00Z;118,5095;0;3
1974-09-29 11:00:00Z;126,7997;0;3
1974-09-30 11:00:00Z;125,593;0;3
1974-10-01 11:00:00Z;225,811;0;3
1974-10-02 11:00:00Z;163,7116;0;3
1974-10-03 11:00:00Z;130,4648;0;3
1974-10-04 11:00:00Z;110,5797;0;3
1974-10-05 11:00:00Z;99,86211;0;3
1974-10-06 11:00:00Z;93,76836;0;3
1974-10-07 11:00:00Z;87,9215;0;3
1974-10-08 11:00:00Z;82,3168;0;3
1974-10-09 11:00:00Z;77,82781;0;3
1974-10-10 11:00:00Z;74,35349;0;3
1974-10-11 11:00:00Z;70,15438;0;3
1974-10-12 11:00:00Z;67,71054;0;3
1974-10-13 11:00:00Z;66,11246;0;3
1974-10-14 11:00:00Z;64,53909;0;3
1974-10-15 11:00:00Z;65,32269;0;3
1974-10-16 11:00:00Z;74,35349;0;3
1974-10-17 11:00:00Z;74,35349;0;3
1974-10-18 11:00:00Z;71,815;0;3
1974-10-19 11:00:00Z;66,9084;0;3
1974-10-20 11:00:00Z;60,71258;0;3
1974-10-21 11:00:00Z;55,60774;0;3
1974-10-22 11:00:00Z;52,82022;0;3
1974-10-23 11:00:00Z;50,1251;0;3
1974-10-24 11:00:00Z;49,4656;0;3
1974-10-25 11:00:00Z;49,4656;0;3
1974-10-26 11:00:00Z;51,4612;0;3
1974-10-27 11:00:00Z;50,79029;0;3
1974-10-28 11:00:00Z;50,1251;0;3
1974-10-29 11:00:00Z;46,25255;0;3
1974-10-30 11:00:00Z;44,39151;0;3
1974-10-31 11:00:00Z;43,17827;0;3
1974-11-01 11:00:00Z;43,78216;0;3
1974-11-02 11:00:00Z;40,81686;0;3
1974-11-03 11:00:00Z;40,23993;0;3
1974-11-04 11:00:00Z;39,66832;0;3
1974-11-05 11:00:00Z;40,81686;0;3
1974-11-06 11:00:00Z;40,81686;0;3
1974-11-07 11:00:00Z;42,57982;0;3
1974-11-08 11:00:00Z;41,98678;0;3
1974-11-09 11:00:00Z;39,66832;0;3
1974-11-10 11:00:00Z;40,23993;0;3
1974-11-11 11:00:00Z;40,23993;0;3
1974-11-12 11:00:00Z;39,10202;0;3
1974-11-13 11:00:00Z;37,43468;0;3
1974-11-14 11:00:00Z;33,72552;0;3
1974-11-15 11:00:00Z;33,72552;0;3
1974-11-16 11:00:00Z;34,75969;0;3
1974-11-17 11:00:00Z;34,75969;0;3
1974-11-18 11:00:00Z;34,24007;0;3
1974-11-19 11:00:00Z;34,75969;0;3
1974-11-20 11:00:00Z;34,24007;0;3
1974-11-21 11:00:00Z;35,81424;0;3
1974-11-22 11:00:00Z;34,24007;0;3
1974-11-23 11:00:00Z;34,75969;0;3
1974-11-24 11:00:00Z;32,21209;0;3
1974-11-25 11:00:00Z;30,26381;0;3
1974-11-26 11:00:00Z;32,71156;0;3
1974-11-27 11:00:00Z;33,72552;0;3
1974-11-28 11:00:00Z;35,2844;0;3
1974-11-29 11:00:00Z;35,2844;0;3
1974-11-30 11:00:00Z;34,24007;0;3
1974-12-01 11:00:00Z;32,71156;0;3
1974-12-02 11:00:00Z;30,74349;0;3
1974-12-03 11:00:00Z;32,21209;0;3
1974-12-04 11:00:00Z;34,24007;0;3
1974-12-05 11:00:00Z;34,24007;0;3
1974-12-06 11:00:00Z;34,24007;0;3
1974-12-07 11:00:00Z;34,24007;0;3
1974-12-08 11:00:00Z;34,75969;0;3
1974-12-09 11:00:00Z;35,2844;0;3
1974-12-10 11:00:00Z;36,34922;0;3
1974-12-11 11:00:00Z;35,81424;0;3
1974-12-12 11:00:00Z;34,24007;0;3
1974-12-13 11:00:00Z;33,21603;0;3
1974-12-14 11:00:00Z;31,22808;0;3
1974-12-15 11:00:00Z;33,21603;0;3
1974-12-16 11:00:00Z;34,75969;0;3
1974-12-17 11:00:00Z;34,24007;0;3
1974-12-18 11:00:00Z;34,24007;0;3
1974-12-19 11:00:00Z;33,72552;0;3
1974-12-20 11:00:00Z;33,72552;0;3
1974-12-21 11:00:00Z;35,2844;0;3
1974-12-22 11:00:00Z;45,00634;0;3
1974-12-23 11:00:00Z;58,48911;0;3
1974-12-24 11:00:00Z;59,22428;0;3
1974-12-25 11:00:00Z;56,31923;0;3
1974-12-26 11:00:00Z;51,4612;0;3
1974-12-27 11:00:00Z;47,52096;0;3
1974-12-28 11:00:00Z;43,17827;0;3
1974-12-29 11:00:00Z;39,66832;0;3
1974-12-30 11:00:00Z;39,10202;0;3
1974-12-31 11:00:00Z;38,54099;0;3
1975-01-01 11:00:00Z;39,66832;0;3
1975-01-02 11:00:00Z;88,87903;0;3
1975-01-03 11:00:00Z;386,9203;0;3
1975-01-04 11:00:00Z;148,4787;0;3
1975-01-05 11:00:00Z;104,0641;0;3
1975-01-06 11:00:00Z;87,9215;0;3
1975-01-07 11:00:00Z;84,15841;0;3
1975-01-08 11:00:00Z;76,94955;0;3
1975-01-09 11:00:00Z;72,65481;0;3
1975-01-10 11:00:00Z;69,33351;0;3
1975-01-11 11:00:00Z;66,11246;0;3
1975-01-12 11:00:00Z;64,53909;0;3
1975-01-13 11:00:00Z;62,22496;0;3
1975-01-14 11:00:00Z;60,71258;0;3
1975-01-15 11:00:00Z;60,71258;0;3
1975-01-16 11:00:00Z;83,2343;0;3
1975-01-17 11:00:00Z;79,60379;0;3
1975-01-18 11:00:00Z;70,15438;0;3
1975-01-19 11:00:00Z;62,99024;0;3
1975-01-20 11:00:00Z;59,22428;0;3
1975-01-21 11:00:00Z;56,31923;0;3
1975-01-22 11:00:00Z;53,50838;0;3
1975-01-23 11:00:00Z;50,79029;0;3
1975-01-24 11:00:00Z;48,81174;0;3
1975-01-25 11:00:00Z;46,88397;0;3
1975-01-26 11:00:00Z;45,00634;0;3
1975-01-27 11:00:00Z;43,78216;0;3
1975-01-28 11:00:00Z;42,57982;0;3
1975-01-29 11:00:00Z;41,98678;0;3
1975-01-30 11:00:00Z;40,81686;0;3
1975-01-31 11:00:00Z;40,81686;0;3
1975-02-01 11:00:00Z;40,81686;0;3
1975-02-02 11:00:00Z;40,23993;0;3
1975-02-03 11:00:00Z;40,81686;0;3
1975-02-04 11:00:00Z;40,81686;0;3
1975-02-05 11:00:00Z;43,17827;0;3
1975-02-06 11:00:00Z;52,82022;0;3
1975-02-07 11:00:00Z;94,76671;0;3
1975-02-08 11:00:00Z;81,4059;0;3
1975-02-09 11:00:00Z;75,21242;0;3
1975-02-10 11:00:00Z;67,71054;0;3
1975-02-11 11:00:00Z;59,96543;0;3
1975-02-12 11:00:00Z;58,48911;0;3
1975-02-13 11:00:00Z;54,90212;0;3
1975-02-14 11:00:00Z;49,4656;0;3
1975-02-15 11:00:00Z;46,88397;0;3
1975-02-16 11:00:00Z;45,62668;0;3
1975-02-17 11:00:00Z;45,00634;0;3
1975-02-18 11:00:00Z;44,39151;0;3
1975-02-19 11:00:00Z;43,78216;0;3
1975-02-20 11:00:00Z;43,17827;0;3
1975-02-21 11:00:00Z;43,17827;0;3
1975-02-22 11:00:00Z;63,76161;0;3
1975-02-23 11:00:00Z;116,2074;0;3
1975-02-24 11:00:00Z;93,76836;0;3
1975-02-25 11:00:00Z;75,21242;0;3
1975-02-26 11:00:00Z;74,35349;0;3
1975-02-27 11:00:00Z;131,7016;0;3
1975-02-28 11:00:00Z;124,3938;0;3
1975-03-01 11:00:00Z;86,9707;0;3
1975-03-02 11:00:00Z;74,35349;0;3
1975-03-03 11:00:00Z;67,71054;0;3
1975-03-04 11:00:00Z;68,51891;0;3
1975-03-05 11:00:00Z;70,98154;0;3
1975-03-06 11:00:00Z;65,32269;0;3
1975-03-07 11:00:00Z;59,96543;0;3
1975-03-08 11:00:00Z;57,03661;0;3
1975-03-09 11:00:00Z;53,50838;0;3
1975-03-10 11:00:00Z;51,4612;0;3
1975-03-11 11:00:00Z;49,4656;0;3
1975-03-12 11:00:00Z;47,52096;0;3
1975-03-13 11:00:00Z;45,62668;0;3
1975-03-14 11:00:00Z;44,39151;0;3
1975-03-15 11:00:00Z;42,57982;0;3
1975-03-16 11:00:00Z;41,98678;0;3
1975-03-17 11:00:00Z;40,81686;0;3
1975-03-18 11:00:00Z;40,23993;0;3
1975-03-19 11:00:00Z;39,66832;0;3
1975-03-20 11:00:00Z;38,54099;0;3
1975-03-21 11:00:00Z;37,98522;0;3
1975-03-22 11:00:00Z;37,43468;0;3
1975-03-23 11:00:00Z;36,88935;0;3
1975-03-24 11:00:00Z;36,34922;0;3
1975-03-25 11:00:00Z;36,34922;0;3
1975-03-26 11:00:00Z;35,81424;0;3
1975-03-27 11:00:00Z;35,81424;0;3
1975-03-28 11:00:00Z;35,2844;0;3
1975-03-29 11:00:00Z;35,2844;0;3
1975-03-30 11:00:00Z;34,75969;0;3
1975-03-31 11:00:00Z;34,75969;0;3
1975-04-01 11:00:00Z;34,24007;0;3
1975-04-02 11:00:00Z;34,24007;0;3
1975-04-03 11:00:00Z;34,24007;0;3
1975-04-04 11:00:00Z;33,72552;0;3
1975-04-05 11:00:00Z;33,72552;0;3
1975-04-06 11:00:00Z;33,72552;0;3
1975-04-07 11:00:00Z;33,72552;0;3
1975-04-08 11:00:00Z;33,21603;0;3
1975-04-09 11:00:00Z;33,21603;0;3
1975-04-10 11:00:00Z;33,21603;0;3
1975-04-11 11:00:00Z;33,21603;0;3
1975-04-12 11:00:00Z;33,21603;0;3
1975-04-13 11:00:00Z;33,21603;0;3
1975-04-14 11:00:00Z;33,21603;0;3
1975-04-15 11:00:00Z;33,21603;0;3
1975-04-16 11:00:00Z;33,21603;0;3
1975-04-17 11:00:00Z;33,21603;0;3
1975-04-18 11:00:00Z;33,72552;0;3
1975-04-19 11:00:00Z;33,72552;0;3
1975-04-20 11:00:00Z;35,2844;0;3
1975-04-21 11:00:00Z;37,43468;0;3
1975-04-22 11:00:00Z;38,54099;0;3
1975-04-23 11:00:00Z;45,62668;0;3
1975-04-24 11:00:00Z;65,32269;0;3
1975-04-25 11:00:00Z;75,21242;0;3
1975-04-26 11:00:00Z;70,98154;0;3
1975-04-27 11:00:00Z;69,33351;0;3
1975-04-28 11:00:00Z;74,35349;0;3
1975-04-29 11:00:00Z;61,46575;0;3
1975-04-30 11:00:00Z;68,51891;0;3
1975-05-01 11:00:00Z;89,84331;0;3
1975-05-02 11:00:00Z;97,80313;0;3
1975-05-03 11:00:00Z;98,82915;0;3
1975-05-04 11:00:00Z;84,15841;0;3
1975-05-05 11:00:00Z;83,2343;0;3
1975-05-06 11:00:00Z;120,841;0;3
1975-05-07 11:00:00Z;151,1767;0;3
1975-05-08 11:00:00Z;175,4043;0;3
1975-05-09 11:00:00Z;208,644;0;3
1975-05-10 11:00:00Z;293,057;0;3
1975-05-11 11:00:00Z;483,8163;0;3
1975-05-12 11:00:00Z;543,8628;0;3
1975-05-13 11:00:00Z;428,2522;0;3
1975-05-14 11:00:00Z;341,3171;0;3
1975-05-15 11:00:00Z;290,9759;0;3
1975-05-16 11:00:00Z;258,9736;0;3
1975-05-17 11:00:00Z;350,6103;0;3
1975-05-18 11:00:00Z;377,0099;0;3
1975-05-19 11:00:00Z;402,101;0;3
1975-05-20 11:00:00Z;433,6115;0;3
1975-05-21 11:00:00Z;540,7516;0;3
1975-05-22 11:00:00Z;618,6651;0;3
1975-05-23 11:00:00Z;553,2663;0;3
1975-05-24 11:00:00Z;475,1998;0;3
1975-05-25 11:00:00Z;428,2522;0;3
1975-05-26 11:00:00Z;381,9442;0;3
1975-05-27 11:00:00Z;374,5583;0;3
1975-05-28 11:00:00Z;352,9589;0;3
1975-05-29 11:00:00Z;270,6911;0;3
1975-05-30 11:00:00Z;220,5682;0;3
1975-05-31 11:00:00Z;189,1919;0;3
1975-06-01 11:00:00Z;173,914;0;3
1975-06-02 11:00:00Z;166,5858;0;3
1975-06-03 11:00:00Z;158,0604;0;3
1975-06-04 11:00:00Z;159,4612;0;3
1975-06-05 11:00:00Z;186,0693;0;3
1975-06-06 11:00:00Z;200,3886;0;3
1975-06-07 11:00:00Z;212,007;0;3
1975-06-08 11:00:00Z;381,9442;0;3
1975-06-09 11:00:00Z;569,1723;0;3
1975-06-10 11:00:00Z;486,7108;0;3
1975-06-11 11:00:00Z;389,4242;0;3
1975-06-12 11:00:00Z;386,9203;0;3
1975-06-13 11:00:00Z;433,6115;0;3
1975-06-14 11:00:00Z;360,0662;0;3
1975-06-15 11:00:00Z;310,0545;0;3
1975-06-16 11:00:00Z;278,6909;0;3
1975-06-17 11:00:00Z;238,3575;0;3
1975-06-18 11:00:00Z;215,4051;0;3
1975-06-19 11:00:00Z;227,5764;0;3
1975-06-20 11:00:00Z;430,9264;0;3
1975-06-21 11:00:00Z;507,288;0;3
1975-06-22 11:00:00Z;386,9203;0;3
1975-06-23 11:00:00Z;303,6074;0;3
1975-06-24 11:00:00Z;360,0662;0;3
1975-06-25 11:00:00Z;343,6252;0;3
1975-06-26 11:00:00Z;323,2141;0;3
1975-06-27 11:00:00Z;297,2481;0;3
1975-06-28 11:00:00Z;222,3069;0;3
1975-06-29 11:00:00Z;187,6264;0;3
1975-06-30 11:00:00Z;172,4319;0;3
1975-07-01 11:00:00Z;224,0545;0;3
1975-07-02 11:00:00Z;391,9384;0;3
1975-07-03 11:00:00Z;595,2347;0;3
1975-07-04 11:00:00Z;372,1172;0;3
1975-07-05 11:00:00Z;253,2407;0;3
1975-07-06 11:00:00Z;270,6911;0;3
1975-07-07 11:00:00Z;274,672;0;3
1975-07-08 11:00:00Z;229,3508;0;3
1975-07-09 11:00:00Z;186,0693;0;3
1975-07-10 11:00:00Z;212,007;0;3
1975-07-11 11:00:00Z;238,3575;0;3
1975-07-12 11:00:00Z;220,5682;0;3
1975-07-13 11:00:00Z;258,9736;0;3
1975-07-14 11:00:00Z;187,6264;0;3
1975-07-15 11:00:00Z;148,4787;0;3
1975-07-16 11:00:00Z;126,7997;0;3
1975-07-17 11:00:00Z;111,6908;0;3
1975-07-18 11:00:00Z;100,9021;0;3
1975-07-19 11:00:00Z;100,9021;0;3
1975-07-20 11:00:00Z;103,003;0;3
1975-07-21 11:00:00Z;104,0641;0;3
1975-07-22 11:00:00Z;117,3548;0;3
1975-07-23 11:00:00Z;135,4576;0;3
1975-07-24 11:00:00Z;189,1919;0;3
1975-07-25 11:00:00Z;301,4779;0;3
1975-07-26 11:00:00Z;234,7277;0;3
1975-07-27 11:00:00Z;165,1446;0;3
1975-07-28 11:00:00Z;141,8711;0;3
1975-07-29 11:00:00Z;128,0138;0;3
1975-07-30 11:00:00Z;125,593;0;3
1975-07-31 11:00:00Z;136,7249;0;3
1975-08-01 11:00:00Z;145,8122;0;3
1975-08-02 11:00:00Z;116,2074;0;3
1975-08-03 11:00:00Z;128,0138;0;3
1975-08-04 11:00:00Z;278,6909;0;3
1975-08-05 11:00:00Z;290,9759;0;3
1975-08-06 11:00:00Z;205,3159;0;3
1975-08-07 11:00:00Z;156,6677;0;3
1975-08-08 11:00:00Z;147,1416;0;3
1975-08-09 11:00:00Z;136,7249;0;3
1975-08-10 11:00:00Z;128,0138;0;3
1975-08-11 11:00:00Z;132,946;0;3
1975-08-12 11:00:00Z;107,2898;0;3
1975-08-13 11:00:00Z;90,81436;0;3
1975-08-14 11:00:00Z;79,60379;0;3
1975-08-15 11:00:00Z;83,2343;0;3
1975-08-16 11:00:00Z;125,593;0;3
1975-08-17 11:00:00Z;108,3793;0;3
1975-08-18 11:00:00Z;96,78407;0;3
1975-08-19 11:00:00Z;87,9215;0;3
1975-08-20 11:00:00Z;83,2343;0;3
1975-08-21 11:00:00Z;89,84331;0;3
1975-08-22 11:00:00Z;104,0641;0;3
1975-08-23 11:00:00Z;91,79221;0;3
1975-08-24 11:00:00Z;84,15841;0;3
1975-08-25 11:00:00Z;78,71255;0;3
1975-08-26 11:00:00Z;71,815;0;3
1975-08-27 11:00:00Z;78,71255;0;3
1975-08-28 11:00:00Z;122,0178;0;3
1975-08-29 11:00:00Z;145,8122;0;3
1975-08-30 11:00:00Z;151,1767;0;3
1975-08-31 11:00:00Z;116,2074;0;3
1975-09-01 11:00:00Z;136,7249;0;3
1975-09-02 11:00:00Z;189,1919;0;3
1975-09-03 11:00:00Z;290,9759;0;3
1975-09-04 11:00:00Z;240,1859;0;3
1975-09-05 11:00:00Z;242,0234;0;3
1975-09-06 11:00:00Z;253,2407;0;3
1975-09-07 11:00:00Z;229,3508;0;3
1975-09-08 11:00:00Z;288,9044;0;3
1975-09-09 11:00:00Z;391,9384;0;3
1975-09-10 11:00:00Z;272,6768;0;3
1975-09-11 11:00:00Z;323,2141;0;3
1975-09-12 11:00:00Z;224,0545;0;3
1975-09-13 11:00:00Z;212,007;0;3
1975-09-14 11:00:00Z;212,007;0;3
1975-09-15 11:00:00Z;227,5764;0;3
1975-09-16 11:00:00Z;391,9384;0;3
1975-09-17 11:00:00Z;274,672;0;3
1975-09-18 11:00:00Z;316,5898;0;3
1975-09-19 11:00:00Z;381,9442;0;3
1975-09-20 11:00:00Z;253,2407;0;3
1975-09-21 11:00:00Z;218,8383;0;3
1975-09-22 11:00:00Z;240,1859;0;3
1975-09-23 11:00:00Z;412,4331;0;3
1975-09-24 11:00:00Z;516,2769;0;3
1975-09-25 11:00:00Z;402,101;0;3
1975-09-26 11:00:00Z;436,3073;0;3
1975-09-27 11:00:00Z;537,6519;0;3
1975-09-28 11:00:00Z;369,6863;0;3
1975-09-29 11:00:00Z;266,7478;0;3
1975-09-30 11:00:00Z;217,1173;0;3
1975-10-01 11:00:00Z;182,9804;0;3
1975-10-02 11:00:00Z;220,5682;0;3
1975-10-03 11:00:00Z;217,1173;0;3
1975-10-04 11:00:00Z;172,4319;0;3
1975-10-05 11:00:00Z;176,9029;0;3
1975-10-06 11:00:00Z;280,7145;0;3
1975-10-07 11:00:00Z;218,8383;0;3
1975-10-08 11:00:00Z;173,914;0;3
1975-10-09 11:00:00Z;141,8711;0;3
1975-10-10 11:00:00Z;119,6716;0;3
1975-10-11 11:00:00Z;109,4759;0;3
1975-10-12 11:00:00Z;155,283;0;3
1975-10-13 11:00:00Z;206,9756;0;3
1975-10-14 11:00:00Z;148,4787;0;3
1975-10-15 11:00:00Z;117,3548;0;3
1975-10-16 11:00:00Z;103,003;0;3
1975-10-17 11:00:00Z;107,2898;0;3
1975-10-18 11:00:00Z;103,003;0;3
1975-10-19 11:00:00Z;92,77686;0;3
1975-10-20 11:00:00Z;92,77686;0;3
1975-10-21 11:00:00Z;86,9707;0;3
1975-10-22 11:00:00Z;78,71255;0;3
1975-10-23 11:00:00Z;73,50096;0;3
1975-10-24 11:00:00Z;69,33351;0;3
1975-10-25 11:00:00Z;113,9345;0;3
1975-10-26 11:00:00Z;357,6869;0;3
1975-10-27 11:00:00Z;578,8569;0;3
1975-10-28 11:00:00Z;348,2718;0;3
1975-10-29 11:00:00Z;284,7903;0;3
1975-10-30 11:00:00Z;206,9756;0;3
1975-10-31 11:00:00Z;159,4612;0;3
1975-11-01 11:00:00Z;124,3938;0;3
1975-11-02 11:00:00Z;110,5797;0;3
1975-11-03 11:00:00Z;106,2074;0;3
1975-11-04 11:00:00Z;156,6677;0;3
1975-11-05 11:00:00Z;206,9756;0;3
1975-11-06 11:00:00Z;193,9393;0;3
1975-11-07 11:00:00Z;141,8711;0;3
1975-11-08 11:00:00Z;372,1172;0;3
1975-11-09 11:00:00Z;452,7115;0;3
1975-11-10 11:00:00Z;444,4603;0;3
1975-11-11 11:00:00Z;247,5908;0;3
1975-11-12 11:00:00Z;170,9581;0;3
1975-11-13 11:00:00Z;137,9999;0;3
1975-11-14 11:00:00Z;122,0178;0;3
1975-11-15 11:00:00Z;128,0138;0;3
1975-11-16 11:00:00Z;122,0178;0;3
1975-11-17 11:00:00Z;103,003;0;3
1975-11-18 11:00:00Z;89,84331;0;3
1975-11-19 11:00:00Z;83,2343;0;3
1975-11-20 11:00:00Z;76,94955;0;3
1975-11-21 11:00:00Z;75,21242;0;3
1975-11-22 11:00:00Z;72,65481;0;3
1975-11-23 11:00:00Z;70,15438;0;3
1975-11-24 11:00:00Z;68,51891;0;3
1975-11-25 11:00:00Z;66,9084;0;3
1975-11-26 11:00:00Z;66,11246;0;3
1975-11-27 11:00:00Z;64,53909;0;3
1975-11-28 11:00:00Z;62,99024;0;3
1975-11-29 11:00:00Z;62,22496;0;3
1975-11-30 11:00:00Z;61,46575;0;3
1975-12-01 11:00:00Z;60,71258;0;3
1975-12-02 11:00:00Z;60,71258;0;3
1975-12-03 11:00:00Z;59,96543;0;3
1975-12-04 11:00:00Z;59,22428;0;3
1975-12-05 11:00:00Z;59,22428;0;3
1975-12-06 11:00:00Z;59,22428;0;3
1975-12-07 11:00:00Z;59,22428;0;3
1975-12-08 11:00:00Z;59,22428;0;3
1975-12-09 11:00:00Z;59,22428;0;3
1975-12-10 11:00:00Z;59,22428;0;3
1975-12-11 11:00:00Z;63,76161;0;3
1975-12-12 11:00:00Z;110,5797;0;3
1975-12-13 11:00:00Z;89,84331;0;3
1975-12-14 11:00:00Z;94,76671;0;3
1975-12-15 11:00:00Z;178,4098;0;3
1975-12-16 11:00:00Z;112,809;0;3
1975-12-17 11:00:00Z;89,84331;0;3
1975-12-18 11:00:00Z;81,4059;0;3
1975-12-19 11:00:00Z;76,94955;0;3
1975-12-20 11:00:00Z;75,21242;0;3
1975-12-21 11:00:00Z;72,65481;0;3
1975-12-22 11:00:00Z;70,15438;0;3
1975-12-23 11:00:00Z;68,51891;0;3
1975-12-24 11:00:00Z;66,9084;0;3
1975-12-25 11:00:00Z;66,11246;0;3
1975-12-26 11:00:00Z;65,32269;0;3
1975-12-27 11:00:00Z;64,53909;0;3
1975-12-28 11:00:00Z;64,53909;0;3
1975-12-29 11:00:00Z;63,76161;0;3
1975-12-30 11:00:00Z;63,76161;0;3
1975-12-31 11:00:00Z;63,76161;0;3
1976-01-01 11:00:00Z;62,99024;0;3
1976-01-02 11:00:00Z;61,46575;0;3
1976-01-03 11:00:00Z;59,96543;0;3
1976-01-04 11:00:00Z;58,48911;0;3
1976-01-05 11:00:00Z;57,03661;0;3
1976-01-06 11:00:00Z;55,60774;0;3
1976-01-07 11:00:00Z;54,20234;0;3
1976-01-08 11:00:00Z;52,82022;0;3
1976-01-09 11:00:00Z;52,13783;0;3
1976-01-10 11:00:00Z;50,79029;0;3
1976-01-11 11:00:00Z;50,1251;0;3
1976-01-12 11:00:00Z;48,81174;0;3
1976-01-13 11:00:00Z;48,16354;0;3
1976-01-14 11:00:00Z;47,52096;0;3
1976-01-15 11:00:00Z;46,88397;0;3
1976-01-16 11:00:00Z;46,25255;0;3
1976-01-17 11:00:00Z;45,62668;0;3
1976-01-18 11:00:00Z;45,00634;0;3
1976-01-19 11:00:00Z;44,39151;0;3
1976-01-20 11:00:00Z;43,78216;0;3
1976-01-21 11:00:00Z;43,17827;0;3
1976-01-22 11:00:00Z;42,57982;0;3
1976-01-23 11:00:00Z;41,98678;0;3
1976-01-24 11:00:00Z;41,39913;0;3
1976-01-25 11:00:00Z;40,81686;0;3
1976-01-26 11:00:00Z;40,81686;0;3
1976-01-27 11:00:00Z;40,23993;0;3
1976-01-28 11:00:00Z;39,66832;0;3
1976-01-29 11:00:00Z;39,66832;0;3
1976-01-30 11:00:00Z;39,10202;0;3
1976-01-31 11:00:00Z;39,10202;0;3
1976-02-01 11:00:00Z;38,54099;0;3
1976-02-02 11:00:00Z;38,54099;0;3
1976-02-03 11:00:00Z;38,54099;0;3
1976-02-04 11:00:00Z;37,98522;0;3
1976-02-05 11:00:00Z;37,98522;0;3
1976-02-06 11:00:00Z;37,98522;0;3
1976-02-07 11:00:00Z;37,43468;0;3
1976-02-08 11:00:00Z;37,43468;0;3
1976-02-09 11:00:00Z;37,43468;0;3
1976-02-10 11:00:00Z;36,88935;0;3
1976-02-11 11:00:00Z;36,88935;0;3
1976-02-12 11:00:00Z;36,88935;0;3
1976-02-13 11:00:00Z;36,34922;0;3
1976-02-14 11:00:00Z;36,34922;0;3
1976-02-15 11:00:00Z;36,34922;0;3
1976-02-16 11:00:00Z;42,57982;0;3
1976-02-17 11:00:00Z;147,1416;0;3
1976-02-18 11:00:00Z;134,198;0;3
1976-02-19 11:00:00Z;107,2898;0;3
1976-02-20 11:00:00Z;91,79221;0;3
1976-02-21 11:00:00Z;83,2343;0;3
1976-02-22 11:00:00Z;75,21242;0;3
1976-02-23 11:00:00Z;70,15438;0;3
1976-02-24 11:00:00Z;66,11246;0;3
1976-02-25 11:00:00Z;62,99024;0;3
1976-02-26 11:00:00Z;59,96543;0;3
1976-02-27 11:00:00Z;57,03661;0;3
1976-02-28 11:00:00Z;54,90212;0;3
1976-02-29 11:00:00Z;54,20234;0;3
1976-03-01 11:00:00Z;53,50838;0;3
1976-03-02 11:00:00Z;51,4612;0;3
1976-03-03 11:00:00Z;49,4656;0;3
1976-03-04 11:00:00Z;47,52096;0;3
1976-03-05 11:00:00Z;46,25255;0;3
1976-03-06 11:00:00Z;44,39151;0;3
1976-03-07 11:00:00Z;43,17827;0;3
1976-03-08 11:00:00Z;42,57982;0;3
1976-03-09 11:00:00Z;41,39913;0;3
1976-03-10 11:00:00Z;40,23993;0;3
1976-03-11 11:00:00Z;39,66832;0;3
1976-03-12 11:00:00Z;39,10202;0;3
1976-03-13 11:00:00Z;38,54099;0;3
1976-03-14 11:00:00Z;37,98522;0;3
1976-03-15 11:00:00Z;37,43468;0;3
1976-03-16 11:00:00Z;36,88935;0;3
1976-03-17 11:00:00Z;36,88935;0;3
1976-03-18 11:00:00Z;36,34922;0;3
1976-03-19 11:00:00Z;35,81424;0;3
1976-03-20 11:00:00Z;35,81424;0;3
1976-03-21 11:00:00Z;35,2844;0;3
1976-03-22 11:00:00Z;35,2844;0;3
1976-03-23 11:00:00Z;35,2844;0;3
1976-03-24 11:00:00Z;34,75969;0;3
1976-03-25 11:00:00Z;34,75969;0;3
1976-03-26 11:00:00Z;34,75969;0;3
1976-03-27 11:00:00Z;34,24007;0;3
1976-03-28 11:00:00Z;34,24007;0;3
1976-03-29 11:00:00Z;34,24007;0;3
1976-03-30 11:00:00Z;34,24007;0;3
1976-03-31 11:00:00Z;33,72552;0;3
1976-04-01 11:00:00Z;33,72552;0;3
1976-04-02 11:00:00Z;33,72552;0;3
1976-04-03 11:00:00Z;33,72552;0;3
1976-04-04 11:00:00Z;33,21603;0;3
1976-04-05 11:00:00Z;33,21603;0;3
1976-04-06 11:00:00Z;33,21603;0;3
1976-04-07 11:00:00Z;33,21603;0;3
1976-04-08 11:00:00Z;33,72552;0;3
1976-04-09 11:00:00Z;33,72552;0;3
1976-04-10 11:00:00Z;34,75969;0;3
1976-04-11 11:00:00Z;41,98678;0;3
1976-04-12 11:00:00Z;71,815;0;3
1976-04-13 11:00:00Z;60,71258;0;3
1976-04-14 11:00:00Z;54,20234;0;3
1976-04-15 11:00:00Z;57,75989;0;3
1976-04-16 11:00:00Z;67,71054;0;3
1976-04-17 11:00:00Z;62,99024;0;3
1976-04-18 11:00:00Z;59,96543;0;3
1976-04-19 11:00:00Z;56,31923;0;3
1976-04-20 11:00:00Z;53,50838;0;3
1976-04-21 11:00:00Z;51,4612;0;3
1976-04-22 11:00:00Z;49,4656;0;3
1976-04-23 11:00:00Z;48,16354;0;3
1976-04-24 11:00:00Z;47,52096;0;3
1976-04-25 11:00:00Z;46,25255;0;3
1976-04-26 11:00:00Z;45,00634;0;3
1976-04-27 11:00:00Z;43,78216;0;3
1976-04-28 11:00:00Z;43,78216;0;3
1976-04-29 11:00:00Z;43,17827;0;3
1976-04-30 11:00:00Z;43,17827;0;3
1976-05-01 11:00:00Z;42,57982;0;3
1976-05-02 11:00:00Z;42,57982;0;3
1976-05-03 11:00:00Z;42,57982;0;3
1976-05-04 11:00:00Z;42,57982;0;3
1976-05-05 11:00:00Z;43,17827;0;3
1976-05-06 11:00:00Z;45,62668;0;3
1976-05-07 11:00:00Z;52,13783;0;3
1976-05-08 11:00:00Z;71,815;0;3
1976-05-09 11:00:00Z;92,77686;0;3
1976-05-10 11:00:00Z;120,841;0;3
1976-05-11 11:00:00Z;200,3886;0;3
1976-05-12 11:00:00Z;284,7903;0;3
1976-05-13 11:00:00Z;274,672;0;3
1976-05-14 11:00:00Z;316,5898;0;3
1976-05-15 11:00:00Z;327,6798;0;3
1976-05-16 11:00:00Z;364,8557;0;3
1976-05-17 11:00:00Z;537,6519;0;3
1976-05-18 11:00:00Z;565,9677;0;3
1976-05-19 11:00:00Z;635,7625;0;3
1976-05-20 11:00:00Z;760,2137;0;3
1976-05-21 11:00:00Z;934,505;0;3
1976-05-22 11:00:00Z;861,1398;0;3
1976-05-23 11:00:00Z;815,7249;0;3
1976-05-24 11:00:00Z;764,0947;0;3
1976-05-25 11:00:00Z;803,6151;0;3
1976-05-26 11:00:00Z;865,3478;0;3
1976-05-27 11:00:00Z;823,8634;0;3
1976-05-28 11:00:00Z;707,2169;0;3
1976-05-29 11:00:00Z;670,8717;0;3
1976-05-30 11:00:00Z;674,4503;0;3
1976-05-31 11:00:00Z;578,8569;0;3
1976-06-01 11:00:00Z;537,6519;0;3
1976-06-02 11:00:00Z;516,2769;0;3
1976-06-03 11:00:00Z;489,6166;0;3
1976-06-04 11:00:00Z;436,3073;0;3
1976-06-05 11:00:00Z;377,0099;0;3
1976-06-06 11:00:00Z;341,3171;0;3
1976-06-07 11:00:00Z;305,7467;0;3
1976-06-08 11:00:00Z;327,6798;0;3
1976-06-09 11:00:00Z;336,7312;0;3
1976-06-10 11:00:00Z;394,4632;0;3
1976-06-11 11:00:00Z;537,6519;0;3
1976-06-12 11:00:00Z;546,9857;0;3
1976-06-13 11:00:00Z;546,9857;0;3
1976-06-14 11:00:00Z;656,6808;0;3
1976-06-15 11:00:00Z;795,6073;0;3
1976-06-16 11:00:00Z;775,8151;0;3
1976-06-17 11:00:00Z;737,1959;0;3
1976-06-18 11:00:00Z;656,6808;0;3
1976-06-19 11:00:00Z;588,648;0;3
1976-06-20 11:00:00Z;565,9677;0;3
1976-06-21 11:00:00Z;522,3266;0;3
1976-06-22 11:00:00Z;513,2692;0;3
1976-06-23 11:00:00Z;458,2674;0;3
1976-06-24 11:00:00Z;422,9362;0;3
1976-06-25 11:00:00Z;572,3887;0;3
1976-06-26 11:00:00Z;656,6808;0;3
1976-06-27 11:00:00Z;588,648;0;3
1976-06-28 11:00:00Z;783,6932;0;3
1976-06-29 11:00:00Z;674,4503;0;3
1976-06-30 11:00:00Z;598,546;0;3
1976-07-01 11:00:00Z;507,288;0;3
1976-07-02 11:00:00Z;396,9986;0;3
1976-07-03 11:00:00Z;332,1855;0;3
1976-07-04 11:00:00Z;316,5898;0;3
1976-07-05 11:00:00Z;284,7903;0;3
1976-07-06 11:00:00Z;272,6768;0;3
1976-07-07 11:00:00Z;293,057;0;3
1976-07-08 11:00:00Z;320,9961;0;3
1976-07-09 11:00:00Z;339,0191;0;3
1976-07-10 11:00:00Z;343,6252;0;3
1976-07-11 11:00:00Z;293,057;0;3
1976-07-12 11:00:00Z;280,7145;0;3
1976-07-13 11:00:00Z;264,7903;0;3
1976-07-14 11:00:00Z;253,2407;0;3
1976-07-15 11:00:00Z;234,7277;0;3
1976-07-16 11:00:00Z;272,6768;0;3
1976-07-17 11:00:00Z;374,5583;0;3
1976-07-18 11:00:00Z;367,2658;0;3
1976-07-19 11:00:00Z;262,842;0;3
1976-07-20 11:00:00Z;290,9759;0;3
1976-07-21 11:00:00Z;253,2407;0;3
1976-07-22 11:00:00Z;251,3482;0;3
1976-07-23 11:00:00Z;210,3212;0;3
1976-07-24 11:00:00Z;166,5858;0;3
1976-07-25 11:00:00Z;159,4612;0;3
1976-07-26 11:00:00Z;190,7658;0;3
1976-07-27 11:00:00Z;184,5206;0;3
1976-07-28 11:00:00Z;278,6909;0;3
1976-07-29 11:00:00Z;290,9759;0;3
1976-07-30 11:00:00Z;206,9756;0;3
1976-07-31 11:00:00Z;156,6677;0;3
1976-08-01 11:00:00Z;147,1416;0;3
1976-08-02 11:00:00Z;178,4098;0;3
1976-08-03 11:00:00Z;189,1919;0;3
1976-08-04 11:00:00Z;144,4907;0;3
1976-08-05 11:00:00Z;120,841;0;3
1976-08-06 11:00:00Z;124,3938;0;3
1976-08-07 11:00:00Z;130,4648;0;3
1976-08-08 11:00:00Z;131,7016;0;3
1976-08-09 11:00:00Z;140,573;0;3
1976-08-10 11:00:00Z;126,7997;0;3
1976-08-11 11:00:00Z;118,5095;0;3
1976-08-12 11:00:00Z;122,0178;0;3
1976-08-13 11:00:00Z;124,3938;0;3
1976-08-14 11:00:00Z;125,593;0;3
1976-08-15 11:00:00Z;120,841;0;3
1976-08-16 11:00:00Z;104,0641;0;3
1976-08-17 11:00:00Z;99,86211;0;3
1976-08-18 11:00:00Z;108,3793;0;3
1976-08-19 11:00:00Z;131,7016;0;3
1976-08-20 11:00:00Z;140,573;0;3
1976-08-21 11:00:00Z;99,86211;0;3
1976-08-22 11:00:00Z;86,9707;0;3
1976-08-23 11:00:00Z;82,3168;0;3
1976-08-24 11:00:00Z;82,3168;0;3
1976-08-25 11:00:00Z;85,08916;0;3
1976-08-26 11:00:00Z;88,87903;0;3
1976-08-27 11:00:00Z;78,71255;0;3
1976-08-28 11:00:00Z;75,21242;0;3
1976-08-29 11:00:00Z;85,08916;0;3
1976-08-30 11:00:00Z;97,80313;0;3
1976-08-31 11:00:00Z;173,914;0;3
1976-09-01 11:00:00Z;189,1919;0;3
1976-09-02 11:00:00Z;234,7277;0;3
1976-09-03 11:00:00Z;175,4043;0;3
1976-09-04 11:00:00Z;132,946;0;3
1976-09-05 11:00:00Z;115,0673;0;3
1976-09-06 11:00:00Z;367,2658;0;3
1976-09-07 11:00:00Z;458,2674;0;3
1976-09-08 11:00:00Z;295,1477;0;3
1976-09-09 11:00:00Z;212,007;0;3
1976-09-10 11:00:00Z;166,5858;0;3
1976-09-11 11:00:00Z;169,4925;0;3
1976-09-12 11:00:00Z;182,9804;0;3
1976-09-13 11:00:00Z;152,5375;0;3
1976-09-14 11:00:00Z;129,2355;0;3
1976-09-15 11:00:00Z;115,0673;0;3
1976-09-16 11:00:00Z;103,003;0;3
1976-09-17 11:00:00Z;93,76836;0;3
1976-09-18 11:00:00Z;86,9707;0;3
1976-09-19 11:00:00Z;81,4059;0;3
1976-09-20 11:00:00Z;79,60379;0;3
1976-09-21 11:00:00Z;79,60379;0;3
1976-09-22 11:00:00Z;79,60379;0;3
1976-09-23 11:00:00Z;78,71255;0;3
1976-09-24 11:00:00Z;85,08916;0;3
1976-09-25 11:00:00Z;94,76671;0;3
1976-09-26 11:00:00Z;99,86211;0;3
1976-09-27 11:00:00Z;89,84331;0;3
1976-09-28 11:00:00Z;80,50157;0;3
1976-09-29 11:00:00Z;74,35349;0;3
1976-09-30 11:00:00Z;66,9084;0;3
1976-10-01 11:00:00Z;63,76161;0;3
1976-10-02 11:00:00Z;63,76161;0;3
1976-10-03 11:00:00Z;59,96543;0;3
1976-10-04 11:00:00Z;57,03661;0;3
1976-10-05 11:00:00Z;56,31923;0;3
1976-10-06 11:00:00Z;55,60774;0;3
1976-10-07 11:00:00Z;57,03661;0;3
1976-10-08 11:00:00Z;68,51891;0;3
1976-10-09 11:00:00Z;117,3548;0;3
1976-10-10 11:00:00Z;113,9345;0;3
1976-10-11 11:00:00Z;126,7997;0;3
1976-10-12 11:00:00Z;96,78407;0;3
1976-10-13 11:00:00Z;74,35349;0;3
1976-10-14 11:00:00Z;63,76161;0;3
1976-10-15 11:00:00Z;61,46575;0;3
1976-10-16 11:00:00Z;57,03661;0;3
1976-10-17 11:00:00Z;54,20234;0;3
1976-10-18 11:00:00Z;52,13783;0;3
1976-10-19 11:00:00Z;50,1251;0;3
1976-10-20 11:00:00Z;50,1251;0;3
1976-10-21 11:00:00Z;49,4656;0;3
1976-10-22 11:00:00Z;48,81174;0;3
1976-10-23 11:00:00Z;50,79029;0;3
1976-10-24 11:00:00Z;57,75989;0;3
1976-10-25 11:00:00Z;50,79029;0;3
1976-10-26 11:00:00Z;57,03661;0;3
1976-10-27 11:00:00Z;50,1251;0;3
1976-10-28 11:00:00Z;44,39151;0;3
1976-10-29 11:00:00Z;46,88397;0;3
1976-10-30 11:00:00Z;46,88397;0;3
1976-10-31 11:00:00Z;45,62668;0;3
1976-11-01 11:00:00Z;43,78216;0;3
1976-11-02 11:00:00Z;39,66832;0;3
1976-11-03 11:00:00Z;40,81686;0;3
1976-11-04 11:00:00Z;39,10202;0;3
1976-11-05 11:00:00Z;40,81686;0;3
1976-11-06 11:00:00Z;38,54099;0;3
1976-11-07 11:00:00Z;38,54099;0;3
1976-11-08 11:00:00Z;40,81686;0;3
1976-11-09 11:00:00Z;48,16354;0;3
1976-11-10 11:00:00Z;56,31923;0;3
1976-11-11 11:00:00Z;51,4612;0;3
1976-11-12 11:00:00Z;46,25255;0;3
1976-11-13 11:00:00Z;35,81424;0;3
1976-11-14 11:00:00Z;37,98522;0;3
1976-11-15 11:00:00Z;33,21603;0;3
1976-11-16 11:00:00Z;30,74349;0;3
1976-11-17 11:00:00Z;39,66832;0;3
1976-11-18 11:00:00Z;75,21242;0;3
1976-11-19 11:00:00Z;54,90212;0;3
1976-11-20 11:00:00Z;192,3483;0;3
1976-11-21 11:00:00Z;307,8957;0;3
1976-11-22 11:00:00Z;122,0178;0;3
1976-11-23 11:00:00Z;93,76836;0;3
1976-11-24 11:00:00Z;75,21242;0;3
1976-11-25 11:00:00Z;65,32269;0;3
1976-11-26 11:00:00Z;74,35349;0;3
1976-11-27 11:00:00Z;74,35349;0;3
1976-11-28 11:00:00Z;68,51891;0;3
1976-11-29 11:00:00Z;62,22496;0;3
1976-11-30 11:00:00Z;57,03661;0;3
1976-12-01 11:00:00Z;52,13783;0;3
1976-12-02 11:00:00Z;48,16354;0;3
1976-12-03 11:00:00Z;45,62668;0;3
1976-12-04 11:00:00Z;43,17827;0;3
1976-12-05 11:00:00Z;41,39913;0;3
1976-12-06 11:00:00Z;40,23993;0;3
1976-12-07 11:00:00Z;38,54099;0;3
1976-12-08 11:00:00Z;37,43468;0;3
1976-12-09 11:00:00Z;36,34922;0;3
1976-12-10 11:00:00Z;35,81424;0;3
1976-12-11 11:00:00Z;35,2844;0;3
1976-12-12 11:00:00Z;34,75969;0;3
1976-12-13 11:00:00Z;34,24007;0;3
1976-12-14 11:00:00Z;33,72552;0;3
1976-12-15 11:00:00Z;33,72552;0;3
1976-12-16 11:00:00Z;33,21603;0;3
1976-12-17 11:00:00Z;33,21603;0;3
1976-12-18 11:00:00Z;33,21603;0;3
1976-12-19 11:00:00Z;33,21603;0;3
1976-12-20 11:00:00Z;33,21603;0;3
1976-12-21 11:00:00Z;32,71156;0;3
1976-12-22 11:00:00Z;32,71156;0;3
1976-12-23 11:00:00Z;32,71156;0;3
1976-12-24 11:00:00Z;32,71156;0;3
1976-12-25 11:00:00Z;32,71156;0;3
1976-12-26 11:00:00Z;32,71156;0;3
1976-12-27 11:00:00Z;32,21209;0;3
1976-12-28 11:00:00Z;32,21209;0;3
1976-12-29 11:00:00Z;32,21209;0;3
1976-12-30 11:00:00Z;32,21209;0;3
1976-12-31 11:00:00Z;32,21209;0;3
1977-01-01 11:00:00Z;32,21209;0;3
1977-01-02 11:00:00Z;32,21209;0;3
1977-01-03 11:00:00Z;32,21209;0;3
1977-01-04 11:00:00Z;32,21209;0;3
1977-01-05 11:00:00Z;33,21603;0;3
1977-01-06 11:00:00Z;38,54099;0;3
1977-01-07 11:00:00Z;56,31923;0;3
1977-01-08 11:00:00Z;52,13783;0;3
1977-01-09 11:00:00Z;49,4656;0;3
1977-01-10 11:00:00Z;46,88397;0;3
1977-01-11 11:00:00Z;45,00634;0;3
1977-01-12 11:00:00Z;43,78216;0;3
1977-01-13 11:00:00Z;42,57982;0;3
1977-01-14 11:00:00Z;41,39913;0;3
1977-01-15 11:00:00Z;40,23993;0;3
1977-01-16 11:00:00Z;39,10202;0;3
1977-01-17 11:00:00Z;38,54099;0;3
1977-01-18 11:00:00Z;37,98522;0;3
1977-01-19 11:00:00Z;37,43468;0;3
1977-01-20 11:00:00Z;36,88935;0;3
1977-01-21 11:00:00Z;36,34922;0;3
1977-01-22 11:00:00Z;35,81424;0;3
1977-01-23 11:00:00Z;35,2844;0;3
1977-01-24 11:00:00Z;34,75969;0;3
1977-01-25 11:00:00Z;34,24007;0;3
1977-01-26 11:00:00Z;33,72552;0;3
1977-01-27 11:00:00Z;33,21603;0;3
1977-01-28 11:00:00Z;32,71156;0;3
1977-01-29 11:00:00Z;32,21209;0;3
1977-01-30 11:00:00Z;31,71761;0;3
1977-01-31 11:00:00Z;31,71761;0;3
1977-02-01 11:00:00Z;31,22808;0;3
1977-02-02 11:00:00Z;31,22808;0;3
1977-02-03 11:00:00Z;31,22808;0;3
1977-02-04 11:00:00Z;30,74349;0;3
1977-02-05 11:00:00Z;30,74349;0;3
1977-02-06 11:00:00Z;30,74349;0;3
1977-02-07 11:00:00Z;30,26381;0;3
1977-02-08 11:00:00Z;30,26381;0;3
1977-02-09 11:00:00Z;30,26381;0;3
1977-02-10 11:00:00Z;30,26381;0;3
1977-02-11 11:00:00Z;29,78901;0;3
1977-02-12 11:00:00Z;29,78901;0;3
1977-02-13 11:00:00Z;29,78901;0;3
1977-02-14 11:00:00Z;29,78901;0;3
1977-02-15 11:00:00Z;29,78901;0;3
1977-02-16 11:00:00Z;29,78901;0;3
1977-02-17 11:00:00Z;29,78901;0;3
1977-02-18 11:00:00Z;29,78901;0;3
1977-02-19 11:00:00Z;29,31909;0;3
1977-02-20 11:00:00Z;29,31909;0;3
1977-02-21 11:00:00Z;29,31909;0;3
1977-02-22 11:00:00Z;29,31909;0;3
1977-02-23 11:00:00Z;29,31909;0;3
1977-02-24 11:00:00Z;29,31909;0;3
1977-02-25 11:00:00Z;29,31909;0;3
1977-02-26 11:00:00Z;29,31909;0;3
1977-02-27 11:00:00Z;29,31909;0;3
1977-02-28 11:00:00Z;29,31909;0;3
1977-03-01 11:00:00Z;29,31909;0;3
1977-03-02 11:00:00Z;29,31909;0;3
1977-03-03 11:00:00Z;29,31909;0;3
1977-03-04 11:00:00Z;29,31909;0;3
1977-03-05 11:00:00Z;29,78901;0;3
1977-03-06 11:00:00Z;30,26381;0;3
1977-03-07 11:00:00Z;31,71761;0;3
1977-03-08 11:00:00Z;35,2844;0;3
1977-03-09 11:00:00Z;43,17827;0;3
1977-03-10 11:00:00Z;65,32269;0;3
1977-03-11 11:00:00Z;122,0178;0;3
1977-03-12 11:00:00Z;95,77194;0;3
1977-03-13 11:00:00Z;82,3168;0;3
1977-03-14 11:00:00Z;71,815;0;3
1977-03-15 11:00:00Z;64,53909;0;3
1977-03-16 11:00:00Z;59,96543;0;3
1977-03-17 11:00:00Z;56,31923;0;3
1977-03-18 11:00:00Z;62,22496;0;3
1977-03-19 11:00:00Z;62,22496;0;3
1977-03-20 11:00:00Z;55,60774;0;3
1977-03-21 11:00:00Z;52,82022;0;3
1977-03-22 11:00:00Z;50,1251;0;3
1977-03-23 11:00:00Z;48,16354;0;3
1977-03-24 11:00:00Z;46,25255;0;3
1977-03-25 11:00:00Z;44,39151;0;3
1977-03-26 11:00:00Z;43,17827;0;3
1977-03-27 11:00:00Z;41,39913;0;3
1977-03-28 11:00:00Z;40,23993;0;3
1977-03-29 11:00:00Z;39,10202;0;3
1977-03-30 11:00:00Z;37,98522;0;3
1977-03-31 11:00:00Z;36,88935;0;3
1977-04-01 11:00:00Z;35,81424;0;3
1977-04-02 11:00:00Z;35,2844;0;3
1977-04-03 11:00:00Z;34,75969;0;3
1977-04-04 11:00:00Z;34,24007;0;3
1977-04-05 11:00:00Z;33,72552;0;3
1977-04-06 11:00:00Z;33,72552;0;3
1977-04-07 11:00:00Z;33,21603;0;3
1977-04-08 11:00:00Z;32,71156;0;3
1977-04-09 11:00:00Z;32,21209;0;3
1977-04-10 11:00:00Z;32,21209;0;3
1977-04-11 11:00:00Z;31,71761;0;3
1977-04-12 11:00:00Z;31,71761;0;3
1977-04-13 11:00:00Z;31,22808;0;3
1977-04-14 11:00:00Z;31,22808;0;3
1977-04-15 11:00:00Z;30,74349;0;3
1977-04-16 11:00:00Z;30,74349;0;3
1977-04-17 11:00:00Z;30,74349;0;3
1977-04-18 11:00:00Z;30,26381;0;3
1977-04-19 11:00:00Z;30,26381;0;3
1977-04-20 11:00:00Z;30,26381;0;3
1977-04-21 11:00:00Z;30,26381;0;3
1977-04-22 11:00:00Z;29,78901;0;3
1977-04-23 11:00:00Z;29,78901;0;3
1977-04-24 11:00:00Z;29,78901;0;3
1977-04-25 11:00:00Z;29,78901;0;3
1977-04-26 11:00:00Z;29,78901;0;3
1977-04-27 11:00:00Z;30,74349;0;3
1977-04-28 11:00:00Z;31,22808;0;3
1977-04-29 11:00:00Z;32,21209;0;3
1977-04-30 11:00:00Z;34,75969;0;3
1977-05-01 11:00:00Z;39,10202;0;3
1977-05-02 11:00:00Z;45,62668;0;3
1977-05-03 11:00:00Z;55,60774;0;3
1977-05-04 11:00:00Z;65,32269;0;3
1977-05-05 11:00:00Z;85,08916;0;3
1977-05-06 11:00:00Z;123,2021;0;3
1977-05-07 11:00:00Z;155,283;0;3
1977-05-08 11:00:00Z;119,6716;0;3
1977-05-09 11:00:00Z;104,0641;0;3
1977-05-10 11:00:00Z;96,78407;0;3
1977-05-11 11:00:00Z;98,82915;0;3
1977-05-12 11:00:00Z;86,02658;0;3
1977-05-13 11:00:00Z;77,82781;0;3
1977-05-14 11:00:00Z;78,71255;0;3
1977-05-15 11:00:00Z;105,1322;0;3
1977-05-16 11:00:00Z;128,0138;0;3
1977-05-17 11:00:00Z;126,7997;0;3
1977-05-18 11:00:00Z;123,2021;0;3
1977-05-19 11:00:00Z;134,198;0;3
1977-05-20 11:00:00Z;145,8122;0;3
1977-05-21 11:00:00Z;149,8238;0;3
1977-05-22 11:00:00Z;202,0224;0;3
1977-05-23 11:00:00Z;227,5764;0;3
1977-05-24 11:00:00Z;260,9032;0;3
1977-05-25 11:00:00Z;210,3212;0;3
1977-05-26 11:00:00Z;212,007;0;3
1977-05-27 11:00:00Z;332,1855;0;3
1977-05-28 11:00:00Z;329,9277;0;3
1977-05-29 11:00:00Z;232,9264;0;3
1977-05-30 11:00:00Z;192,3483;0;3
1977-05-31 11:00:00Z;170,9581;0;3
1977-06-01 11:00:00Z;202,0224;0;3
1977-06-02 11:00:00Z;257,0534;0;3
1977-06-03 11:00:00Z;329,9277;0;3
1977-06-04 11:00:00Z;402,101;0;3
1977-06-05 11:00:00Z;394,4632;0;3
1977-06-06 11:00:00Z;310,0545;0;3
1977-06-07 11:00:00Z;320,9961;0;3
1977-06-08 11:00:00Z;430,9264;0;3
1977-06-09 11:00:00Z;510,2729;0;3
1977-06-10 11:00:00Z;528,4222;0;3
1977-06-11 11:00:00Z;611,9107;0;3
1977-06-12 11:00:00Z;556,4241;0;3
1977-06-13 11:00:00Z;534,5638;0;3
1977-06-14 11:00:00Z;649,6591;0;3
1977-06-15 11:00:00Z;714,6359;0;3
1977-06-16 11:00:00Z;632,3187;0;3
1977-06-17 11:00:00Z;550,1202;0;3
1977-06-18 11:00:00Z;516,2769;0;3
1977-06-19 11:00:00Z;492,5336;0;3
1977-06-20 11:00:00Z;402,101;0;3
1977-06-21 11:00:00Z;310,0545;0;3
1977-06-22 11:00:00Z;262,842;0;3
1977-06-23 11:00:00Z;224,0545;0;3
1977-06-24 11:00:00Z;276,6767;0;3
1977-06-25 11:00:00Z;280,7145;0;3
1977-06-26 11:00:00Z;266,7478;0;3
1977-06-27 11:00:00Z;270,6911;0;3
1977-06-28 11:00:00Z;257,0534;0;3
1977-06-29 11:00:00Z;234,7277;0;3
1977-06-30 11:00:00Z;255,1424;0;3
1977-07-01 11:00:00Z;318,788;0;3
1977-07-02 11:00:00Z;310,0545;0;3
1977-07-03 11:00:00Z;310,0545;0;3
1977-07-04 11:00:00Z;301,4779;0;3
1977-07-05 11:00:00Z;303,6074;0;3
1977-07-06 11:00:00Z;316,5898;0;3
1977-07-07 11:00:00Z;323,2141;0;3
1977-07-08 11:00:00Z;297,2481;0;3
1977-07-09 11:00:00Z;272,6768;0;3
1977-07-10 11:00:00Z;257,0534;0;3
1977-07-11 11:00:00Z;234,7277;0;3
1977-07-12 11:00:00Z;232,9264;0;3
1977-07-13 11:00:00Z;190,7658;0;3
1977-07-14 11:00:00Z;152,5375;0;3
1977-07-15 11:00:00Z;125,593;0;3
1977-07-16 11:00:00Z;116,2074;0;3
1977-07-17 11:00:00Z;148,4787;0;3
1977-07-18 11:00:00Z;172,4319;0;3
1977-07-19 11:00:00Z;187,6264;0;3
1977-07-20 11:00:00Z;163,7116;0;3
1977-07-21 11:00:00Z;195,5387;0;3
1977-07-22 11:00:00Z;243,8701;0;3
1977-07-23 11:00:00Z;192,3483;0;3
1977-07-24 11:00:00Z;165,1446;0;3
1977-07-25 11:00:00Z;156,6677;0;3
1977-07-26 11:00:00Z;148,4787;0;3
1977-07-27 11:00:00Z;140,573;0;3
1977-07-28 11:00:00Z;182,9804;0;3
1977-07-29 11:00:00Z;173,914;0;3
1977-07-30 11:00:00Z;153,9063;0;3
1977-07-31 11:00:00Z;141,8711;0;3
1977-08-01 11:00:00Z;123,2021;0;3
1977-08-02 11:00:00Z;115,0673;0;3
1977-08-03 11:00:00Z;128,0138;0;3
1977-08-04 11:00:00Z;147,1416;0;3
1977-08-05 11:00:00Z;168,035;0;3
1977-08-06 11:00:00Z;389,4242;0;3
1977-08-07 11:00:00Z;415,0428;0;3
1977-08-08 11:00:00Z;212,007;0;3
1977-08-09 11:00:00Z;158,0604;0;3
1977-08-10 11:00:00Z;130,4648;0;3
1977-08-11 11:00:00Z;115,0673;0;3
1977-08-12 11:00:00Z;108,3793;0;3
1977-08-13 11:00:00Z;103,003;0;3
1977-08-14 11:00:00Z;96,78407;0;3
1977-08-15 11:00:00Z;80,50157;0;3
1977-08-16 11:00:00Z;86,02658;0;3
1977-08-17 11:00:00Z;85,08916;0;3
1977-08-18 11:00:00Z;83,2343;0;3
1977-08-19 11:00:00Z;75,21242;0;3
1977-08-20 11:00:00Z;69,33351;0;3
1977-08-21 11:00:00Z;65,32269;0;3
1977-08-22 11:00:00Z;65,32269;0;3
1977-08-23 11:00:00Z;65,32269;0;3
1977-08-24 11:00:00Z;65,32269;0;3
1977-08-25 11:00:00Z;65,32269;0;3
1977-08-26 11:00:00Z;64,53909;0;3
1977-08-27 11:00:00Z;162,2867;0;3
1977-08-28 11:00:00Z;110,5797;0;3
1977-08-29 11:00:00Z;88,87903;0;3
1977-08-30 11:00:00Z;149,8238;0;3
1977-08-31 11:00:00Z;215,4051;0;3
1977-09-01 11:00:00Z;222,3069;0;3
1977-09-02 11:00:00Z;160,8699;0;3
1977-09-03 11:00:00Z;210,3212;0;3
1977-09-04 11:00:00Z;182,9804;0;3
1977-09-05 11:00:00Z;140,573;0;3
1977-09-06 11:00:00Z;245,7259;0;3
1977-09-07 11:00:00Z;343,6252;0;3
1977-09-08 11:00:00Z;320,9961;0;3
1977-09-09 11:00:00Z;208,644;0;3
1977-09-10 11:00:00Z;169,4925;0;3
1977-09-11 11:00:00Z;148,4787;0;3
1977-09-12 11:00:00Z;139,2826;0;3
1977-09-13 11:00:00Z;125,593;0;3
1977-09-14 11:00:00Z;141,8711;0;3
1977-09-15 11:00:00Z;151,1767;0;3
1977-09-16 11:00:00Z;120,841;0;3
1977-09-17 11:00:00Z;107,2898;0;3
1977-09-18 11:00:00Z;104,0641;0;3
1977-09-19 11:00:00Z;139,2826;0;3
1977-09-20 11:00:00Z;166,5858;0;3
1977-09-21 11:00:00Z;176,9029;0;3
1977-09-22 11:00:00Z;155,283;0;3
1977-09-23 11:00:00Z;118,5095;0;3
1977-09-24 11:00:00Z;104,0641;0;3
1977-09-25 11:00:00Z;92,77686;0;3
1977-09-26 11:00:00Z;83,2343;0;3
1977-09-27 11:00:00Z;76,94955;0;3
1977-09-28 11:00:00Z;71,815;0;3
1977-09-29 11:00:00Z;99,86211;0;3
1977-09-30 11:00:00Z;160,8699;0;3
1977-10-01 11:00:00Z;116,2074;0;3
1977-10-02 11:00:00Z;106,2074;0;3
1977-10-03 11:00:00Z;83,2343;0;3
1977-10-04 11:00:00Z;76,07776;0;3
1977-10-05 11:00:00Z;70,15438;0;3
1977-10-06 11:00:00Z;66,11246;0;3
1977-10-07 11:00:00Z;62,99024;0;3
1977-10-08 11:00:00Z;59,22428;0;3
1977-10-09 11:00:00Z;57,75989;0;3
1977-10-10 11:00:00Z;57,75989;0;3
1977-10-11 11:00:00Z;59,96543;0;3
1977-10-12 11:00:00Z;65,32269;0;3
1977-10-13 11:00:00Z;65,32269;0;3
1977-10-14 11:00:00Z;61,46575;0;3
1977-10-15 11:00:00Z;65,32269;0;3
1977-10-16 11:00:00Z;130,4648;0;3
1977-10-17 11:00:00Z;236,5381;0;3
1977-10-18 11:00:00Z;461,0617;0;3
1977-10-19 11:00:00Z;232,9264;0;3
1977-10-20 11:00:00Z;162,2867;0;3
1977-10-21 11:00:00Z;205,3159;0;3
1977-10-22 11:00:00Z;240,1859;0;3
1977-10-23 11:00:00Z;175,4043;0;3
1977-10-24 11:00:00Z;181,4485;0;3
1977-10-25 11:00:00Z;175,4043;0;3
1977-10-26 11:00:00Z;492,5336;0;3
1977-10-27 11:00:00Z;348,2718;0;3
1977-10-28 11:00:00Z;314,4016;0;3
1977-10-29 11:00:00Z;187,6264;0;3
1977-10-30 11:00:00Z;195,5387;0;3
1977-10-31 11:00:00Z;175,4043;0;3
1977-11-01 11:00:00Z;170,9581;0;3
1977-11-02 11:00:00Z;179,925;0;3
1977-11-03 11:00:00Z;140,573;0;3
1977-11-04 11:00:00Z;115,0673;0;3
1977-11-05 11:00:00Z;99,86211;0;3
1977-11-06 11:00:00Z;95,77194;0;3
1977-11-07 11:00:00Z;110,5797;0;3
1977-11-08 11:00:00Z;178,4098;0;3
1977-11-09 11:00:00Z;151,1767;0;3
1977-11-10 11:00:00Z;165,1446;0;3
1977-11-11 11:00:00Z;147,1416;0;3
1977-11-12 11:00:00Z;158,0604;0;3
1977-11-13 11:00:00Z;112,809;0;3
1977-11-14 11:00:00Z;96,78407;0;3
1977-11-15 11:00:00Z;82,3168;0;3
1977-11-16 11:00:00Z;77,82781;0;3
1977-11-17 11:00:00Z;69,33351;0;3
1977-11-18 11:00:00Z;63,76161;0;3
1977-11-19 11:00:00Z;60,71258;0;3
1977-11-20 11:00:00Z;57,75989;0;3
1977-11-21 11:00:00Z;54,90212;0;3
1977-11-22 11:00:00Z;52,82022;0;3
1977-11-23 11:00:00Z;51,4612;0;3
1977-11-24 11:00:00Z;50,1251;0;3
1977-11-25 11:00:00Z;48,81174;0;3
1977-11-26 11:00:00Z;48,16354;0;3
1977-11-27 11:00:00Z;47,52096;0;3
1977-11-28 11:00:00Z;46,88397;0;3
1977-11-29 11:00:00Z;46,25255;0;3
1977-11-30 11:00:00Z;47,52096;0;3
1977-12-01 11:00:00Z;56,31923;0;3
1977-12-02 11:00:00Z;89,84331;0;3
1977-12-03 11:00:00Z;71,815;0;3
1977-12-04 11:00:00Z;57,03661;0;3
1977-12-05 11:00:00Z;48,81174;0;3
1977-12-06 11:00:00Z;43,78216;0;3
1977-12-07 11:00:00Z;40,23993;0;3
1977-12-08 11:00:00Z;38,54099;0;3
1977-12-09 11:00:00Z;36,88935;0;3
1977-12-10 11:00:00Z;35,81424;0;3
1977-12-11 11:00:00Z;35,2844;0;3
1977-12-12 11:00:00Z;34,75969;0;3
1977-12-13 11:00:00Z;34,24007;0;3
1977-12-14 11:00:00Z;34,75969;0;3
1977-12-15 11:00:00Z;37,98522;0;3
1977-12-16 11:00:00Z;44,39151;0;3
1977-12-17 11:00:00Z;58,48911;0;3
1977-12-18 11:00:00Z;54,20234;0;3
1977-12-19 11:00:00Z;50,79029;0;3
1977-12-20 11:00:00Z;48,81174;0;3
1977-12-21 11:00:00Z;46,88397;0;3
1977-12-22 11:00:00Z;45,62668;0;3
1977-12-23 11:00:00Z;44,39151;0;3
1977-12-24 11:00:00Z;43,17827;0;3
1977-12-25 11:00:00Z;41,98678;0;3
1977-12-26 11:00:00Z;41,39913;0;3
1977-12-27 11:00:00Z;40,81686;0;3
1977-12-28 11:00:00Z;40,23993;0;3
1977-12-29 11:00:00Z;39,66832;0;3
1977-12-30 11:00:00Z;39,10202;0;3
1977-12-31 11:00:00Z;38,54099;0;3
1978-01-01 11:00:00Z;37,98522;0;3
1978-01-02 11:00:00Z;37,43468;0;3
1978-01-03 11:00:00Z;37,43468;0;3
1978-01-04 11:00:00Z;37,43468;0;3
1978-01-05 11:00:00Z;37,43468;0;3
1978-01-06 11:00:00Z;37,98522;0;3
1978-01-07 11:00:00Z;40,81686;0;3
1978-01-08 11:00:00Z;110,5797;0;3
1978-01-09 11:00:00Z;79,60379;0;3
1978-01-10 11:00:00Z;68,51891;0;3
1978-01-11 11:00:00Z;62,99024;0;3
1978-01-12 11:00:00Z;58,48911;0;3
1978-01-13 11:00:00Z;54,90212;0;3
1978-01-14 11:00:00Z;57,75989;0;3
1978-01-15 11:00:00Z;65,32269;0;3
1978-01-16 11:00:00Z;79,60379;0;3
1978-01-17 11:00:00Z;68,51891;0;3
1978-01-18 11:00:00Z;61,46575;0;3
1978-01-19 11:00:00Z;53,50838;0;3
1978-01-20 11:00:00Z;49,4656;0;3
1978-01-21 11:00:00Z;46,25255;0;3
1978-01-22 11:00:00Z;43,17827;0;3
1978-01-23 11:00:00Z;41,39913;0;3
1978-01-24 11:00:00Z;39,66832;0;3
1978-01-25 11:00:00Z;37,98522;0;3
1978-01-26 11:00:00Z;36,88935;0;3
1978-01-27 11:00:00Z;35,81424;0;3
1978-01-28 11:00:00Z;35,2844;0;3
1978-01-29 11:00:00Z;34,75969;0;3
1978-01-30 11:00:00Z;34,24007;0;3
1978-01-31 11:00:00Z;33,72552;0;3
1978-02-01 11:00:00Z;33,72552;0;3
1978-02-02 11:00:00Z;33,21603;0;3
1978-02-03 11:00:00Z;33,21603;0;3
1978-02-04 11:00:00Z;33,21603;0;3
1978-02-05 11:00:00Z;32,71156;0;3
1978-02-06 11:00:00Z;32,71156;0;3
1978-02-07 11:00:00Z;32,71156;0;3
1978-02-08 11:00:00Z;32,21209;0;3
1978-02-09 11:00:00Z;32,21209;0;3
1978-02-10 11:00:00Z;32,21209;0;3
1978-02-11 11:00:00Z;32,21209;0;3
1978-02-12 11:00:00Z;31,71761;0;3
1978-02-13 11:00:00Z;31,71761;0;3
1978-02-14 11:00:00Z;31,71761;0;3
1978-02-15 11:00:00Z;31,71761;0;3
1978-02-16 11:00:00Z;31,71761;0;3
1978-02-17 11:00:00Z;31,22808;0;3
1978-02-18 11:00:00Z;31,22808;0;3
1978-02-19 11:00:00Z;31,22808;0;3
1978-02-20 11:00:00Z;31,22808;0;3
1978-02-21 11:00:00Z;31,22808;0;3
1978-02-22 11:00:00Z;31,22808;0;3
1978-02-23 11:00:00Z;31,22808;0;3
1978-02-24 11:00:00Z;31,22808;0;3
1978-02-25 11:00:00Z;31,22808;0;3
1978-02-26 11:00:00Z;31,22808;0;3
1978-02-27 11:00:00Z;31,22808;0;3
1978-02-28 11:00:00Z;31,22808;0;3
1978-03-01 11:00:00Z;31,22808;0;3
1978-03-02 11:00:00Z;31,22808;0;3
1978-03-03 11:00:00Z;31,22808;0;3
1978-03-04 11:00:00Z;31,22808;0;3
1978-03-05 11:00:00Z;31,22808;0;3
1978-03-06 11:00:00Z;31,22808;0;3
1978-03-07 11:00:00Z;31,22808;0;3
1978-03-08 11:00:00Z;31,22808;0;3
1978-03-09 11:00:00Z;31,71761;0;3
1978-03-10 11:00:00Z;32,71156;0;3
1978-03-11 11:00:00Z;34,75969;0;3
1978-03-12 11:00:00Z;33,72552;0;3
1978-03-13 11:00:00Z;33,21603;0;3
1978-03-14 11:00:00Z;32,71156;0;3
1978-03-15 11:00:00Z;32,21209;0;3
1978-03-16 11:00:00Z;31,71761;0;3
1978-03-17 11:00:00Z;31,71761;0;3
1978-03-18 11:00:00Z;31,22808;0;3
1978-03-19 11:00:00Z;31,22808;0;3
1978-03-20 11:00:00Z;30,74349;0;3
1978-03-21 11:00:00Z;30,74349;0;3
1978-03-22 11:00:00Z;30,74349;0;3
1978-03-23 11:00:00Z;30,26381;0;3
1978-03-24 11:00:00Z;30,26381;0;3
1978-03-25 11:00:00Z;30,26381;0;3
1978-03-26 11:00:00Z;30,26381;0;3
1978-03-27 11:00:00Z;30,26381;0;3
1978-03-28 11:00:00Z;30,26381;0;3
1978-03-29 11:00:00Z;30,26381;0;3
1978-03-30 11:00:00Z;30,26381;0;3
1978-03-31 11:00:00Z;30,26381;0;3
1978-04-01 11:00:00Z;34,24007;0;3
1978-04-02 11:00:00Z;33,21603;0;3
1978-04-03 11:00:00Z;32,21209;0;3
1978-04-04 11:00:00Z;31,22808;0;3
1978-04-05 11:00:00Z;30,74349;0;3
1978-04-06 11:00:00Z;31,71761;0;3
1978-04-07 11:00:00Z;34,24007;0;3
1978-04-08 11:00:00Z;45,62668;0;3
1978-04-09 11:00:00Z;46,88397;0;3
1978-04-10 11:00:00Z;44,39151;0;3
1978-04-11 11:00:00Z;40,23993;0;3
1978-04-12 11:00:00Z;37,98522;0;3
1978-04-13 11:00:00Z;35,81424;0;3
1978-04-14 11:00:00Z;34,75969;0;3
1978-04-15 11:00:00Z;33,72552;0;3
1978-04-16 11:00:00Z;33,21603;0;3
1978-04-17 11:00:00Z;32,21209;0;3
1978-04-18 11:00:00Z;31,71761;0;3
1978-04-19 11:00:00Z;31,22808;0;3
1978-04-20 11:00:00Z;31,71761;0;3
1978-04-21 11:00:00Z;32,71156;0;3
1978-04-22 11:00:00Z;34,75969;0;3
1978-04-23 11:00:00Z;37,98522;0;3
1978-04-24 11:00:00Z;46,88397;0;3
1978-04-25 11:00:00Z;43,17827;0;3
1978-04-26 11:00:00Z;41,39913;0;3
1978-04-27 11:00:00Z;40,23993;0;3
1978-04-28 11:00:00Z;39,66832;0;3
1978-04-29 11:00:00Z;39,66832;0;3
1978-04-30 11:00:00Z;39,66832;0;3
1978-05-01 11:00:00Z;39,66832;0;3
1978-05-02 11:00:00Z;39,66832;0;3
1978-05-03 11:00:00Z;39,66832;0;3
1978-05-04 11:00:00Z;39,66832;0;3
1978-05-05 11:00:00Z;39,66832;0;3
1978-05-06 11:00:00Z;39,66832;0;3
1978-05-07 11:00:00Z;39,66832;0;3
1978-05-08 11:00:00Z;40,23993;0;3
1978-05-09 11:00:00Z;40,23993;0;3
1978-05-10 11:00:00Z;41,39913;0;3
1978-05-11 11:00:00Z;45,00634;0;3
1978-05-12 11:00:00Z;50,79029;0;3
1978-05-13 11:00:00Z;58,48911;0;3
1978-05-14 11:00:00Z;68,51891;0;3
1978-05-15 11:00:00Z;77,82781;0;3
1978-05-16 11:00:00Z;100,9021;0;3
1978-05-17 11:00:00Z;122,0178;0;3
1978-05-18 11:00:00Z;172,4319;0;3
1978-05-19 11:00:00Z;251,3482;0;3
1978-05-20 11:00:00Z;274,672;0;3
1978-05-21 11:00:00Z;297,2481;0;3
1978-05-22 11:00:00Z;318,788;0;3
1978-05-23 11:00:00Z;472,35;0;3
1978-05-24 11:00:00Z;678,0413;0;3
1978-05-25 11:00:00Z;764,0947;0;3
1978-05-26 11:00:00Z;722,1053;0;3
1978-05-27 11:00:00Z;639,2183;0;3
1978-05-28 11:00:00Z;632,3187;0;3
1978-05-29 11:00:00Z;710,9201;0;3
1978-05-30 11:00:00Z;974,9362;0;3
1978-05-31 11:00:00Z;895,1794;0;3
1978-06-01 11:00:00Z;737,1959;0;3
1978-06-02 11:00:00Z;656,6808;0;3
1978-06-03 11:00:00Z;714,6359;0;3
1978-06-04 11:00:00Z;656,6808;0;3
1978-06-05 11:00:00Z;618,6651;0;3
1978-06-06 11:00:00Z;611,9107;0;3
1978-06-07 11:00:00Z;601,8692;0;3
1978-06-08 11:00:00Z;550,1202;0;3
1978-06-09 11:00:00Z;605,2043;0;3
1978-06-10 11:00:00Z;522,3266;0;3
1978-06-11 11:00:00Z;447,1998;0;3
1978-06-12 11:00:00Z;407,2457;0;3
1978-06-13 11:00:00Z;377,0099;0;3
1978-06-14 11:00:00Z;290,9759;0;3
1978-06-15 11:00:00Z;262,842;0;3
1978-06-16 11:00:00Z;276,6767;0;3
1978-06-17 11:00:00Z;262,842;0;3
1978-06-18 11:00:00Z;232,9264;0;3
1978-06-19 11:00:00Z;197,1468;0;3
1978-06-20 11:00:00Z;210,3212;0;3
1978-06-21 11:00:00Z;215,4051;0;3
1978-06-22 11:00:00Z;301,4779;0;3
1978-06-23 11:00:00Z;272,6768;0;3
1978-06-24 11:00:00Z;345,9434;0;3
1978-06-25 11:00:00Z;348,2718;0;3
1978-06-26 11:00:00Z;320,9961;0;3
1978-06-27 11:00:00Z;386,9203;0;3
1978-06-28 11:00:00Z;290,9759;0;3
1978-06-29 11:00:00Z;245,7259;0;3
1978-06-30 11:00:00Z;238,3575;0;3
1978-07-01 11:00:00Z;213,7017;0;3
1978-07-02 11:00:00Z;193,9393;0;3
1978-07-03 11:00:00Z;175,4043;0;3
1978-07-04 11:00:00Z;163,7116;0;3
1978-07-05 11:00:00Z;145,8122;0;3
1978-07-06 11:00:00Z;149,8238;0;3
1978-07-07 11:00:00Z;205,3159;0;3
1978-07-08 11:00:00Z;218,8383;0;3
1978-07-09 11:00:00Z;163,7116;0;3
1978-07-10 11:00:00Z;139,2826;0;3
1978-07-11 11:00:00Z;124,3938;0;3
1978-07-12 11:00:00Z;116,2074;0;3
1978-07-13 11:00:00Z;103,003;0;3
1978-07-14 11:00:00Z;103,003;0;3
1978-07-15 11:00:00Z;113,9345;0;3
1978-07-16 11:00:00Z;101,949;0;3
1978-07-17 11:00:00Z;99,86211;0;3
1978-07-18 11:00:00Z;86,9707;0;3
1978-07-19 11:00:00Z;80,50157;0;3
1978-07-20 11:00:00Z;82,3168;0;3
1978-07-21 11:00:00Z;86,9707;0;3
1978-07-22 11:00:00Z;85,08916;0;3
1978-07-23 11:00:00Z;86,02658;0;3
1978-07-24 11:00:00Z;86,02658;0;3
1978-07-25 11:00:00Z;89,84331;0;3
1978-07-26 11:00:00Z;89,84331;0;3
1978-07-27 11:00:00Z;84,15841;0;3
1978-07-28 11:00:00Z;85,08916;0;3
1978-07-29 11:00:00Z;82,3168;0;3
1978-07-30 11:00:00Z;77,82781;0;3
1978-07-31 11:00:00Z;76,07776;0;3
1978-08-01 11:00:00Z;81,4059;0;3
1978-08-02 11:00:00Z;74,35349;0;3
1978-08-03 11:00:00Z;68,51891;0;3
1978-08-04 11:00:00Z;77,82781;0;3
1978-08-05 11:00:00Z;83,2343;0;3
1978-08-06 11:00:00Z;74,35349;0;3
1978-08-07 11:00:00Z;67,71054;0;3
1978-08-08 11:00:00Z;62,99024;0;3
1978-08-09 11:00:00Z;59,96543;0;3
1978-08-10 11:00:00Z;56,31923;0;3
1978-08-11 11:00:00Z;55,60774;0;3
1978-08-12 11:00:00Z;56,31923;0;3
1978-08-13 11:00:00Z;53,50838;0;3
1978-08-14 11:00:00Z;50,1251;0;3
1978-08-15 11:00:00Z;48,16354;0;3
1978-08-16 11:00:00Z;48,81174;0;3
1978-08-17 11:00:00Z;52,13783;0;3
1978-08-18 11:00:00Z;57,03661;0;3
1978-08-19 11:00:00Z;59,22428;0;3
1978-08-20 11:00:00Z;55,60774;0;3
1978-08-21 11:00:00Z;54,90212;0;3
1978-08-22 11:00:00Z;58,48911;0;3
1978-08-23 11:00:00Z;74,35349;0;3
1978-08-24 11:00:00Z;72,65481;0;3
1978-08-25 11:00:00Z;76,94955;0;3
1978-08-26 11:00:00Z;76,07776;0;3
1978-08-27 11:00:00Z;71,815;0;3
1978-08-28 11:00:00Z;95,77194;0;3
1978-08-29 11:00:00Z;148,4787;0;3
1978-08-30 11:00:00Z;113,9345;0;3
1978-08-31 11:00:00Z;104,0641;0;3
1978-09-01 11:00:00Z;93,76836;0;3
1978-09-02 11:00:00Z;84,15841;0;3
1978-09-03 11:00:00Z;98,82915;0;3
1978-09-04 11:00:00Z;104,0641;0;3
1978-09-05 11:00:00Z;93,76836;0;3
1978-09-06 11:00:00Z;84,15841;0;3
1978-09-07 11:00:00Z;77,82781;0;3
1978-09-08 11:00:00Z;73,50096;0;3
1978-09-09 11:00:00Z;69,33351;0;3
1978-09-10 11:00:00Z;68,51891;0;3
1978-09-11 11:00:00Z;75,21242;0;3
1978-09-12 11:00:00Z;143,1771;0;3
1978-09-13 11:00:00Z;120,841;0;3
1978-09-14 11:00:00Z;98,82915;0;3
1978-09-15 11:00:00Z;101,949;0;3
1978-09-16 11:00:00Z;122,0178;0;3
1978-09-17 11:00:00Z;134,198;0;3
1978-09-18 11:00:00Z;238,3575;0;3
1978-09-19 11:00:00Z;232,9264;0;3
1978-09-20 11:00:00Z;156,6677;0;3
1978-09-21 11:00:00Z;220,5682;0;3
1978-09-22 11:00:00Z;163,7116;0;3
1978-09-23 11:00:00Z;128,0138;0;3
1978-09-24 11:00:00Z;108,3793;0;3
1978-09-25 11:00:00Z;98,82915;0;3
1978-09-26 11:00:00Z;109,4759;0;3
1978-09-27 11:00:00Z;104,0641;0;3
1978-09-28 11:00:00Z;90,81436;0;3
1978-09-29 11:00:00Z;84,15841;0;3
1978-09-30 11:00:00Z;77,82781;0;3
1978-10-01 11:00:00Z;74,35349;0;3
1978-10-02 11:00:00Z;85,08916;0;3
1978-10-03 11:00:00Z;118,5095;0;3
1978-10-04 11:00:00Z;111,6908;0;3
1978-10-05 11:00:00Z;95,77194;0;3
1978-10-06 11:00:00Z;86,02658;0;3
1978-10-07 11:00:00Z;79,60379;0;3
1978-10-08 11:00:00Z;76,94955;0;3
1978-10-09 11:00:00Z;130,4648;0;3
1978-10-10 11:00:00Z;208,644;0;3
1978-10-11 11:00:00Z;132,946;0;3
1978-10-12 11:00:00Z;134,198;0;3
1978-10-13 11:00:00Z;513,2692;0;3
1978-10-14 11:00:00Z;441,7318;0;3
1978-10-15 11:00:00Z;327,6798;0;3
1978-10-16 11:00:00Z;200,3886;0;3
1978-10-17 11:00:00Z;155,283;0;3
1978-10-18 11:00:00Z;155,283;0;3
1978-10-19 11:00:00Z;202,0224;0;3
1978-10-20 11:00:00Z;543,8628;0;3
1978-10-21 11:00:00Z;282,7477;0;3
1978-10-22 11:00:00Z;184,5206;0;3
1978-10-23 11:00:00Z;144,4907;0;3
1978-10-24 11:00:00Z;130,4648;0;3
1978-10-25 11:00:00Z;119,6716;0;3
1978-10-26 11:00:00Z;107,2898;0;3
1978-10-27 11:00:00Z;198,7634;0;3
1978-10-28 11:00:00Z;516,2769;0;3
1978-10-29 11:00:00Z;253,2407;0;3
1978-10-30 11:00:00Z;178,4098;0;3
1978-10-31 11:00:00Z;147,1416;0;3
1978-11-01 11:00:00Z;227,5764;0;3
1978-11-02 11:00:00Z;389,4242;0;3
1978-11-03 11:00:00Z;286,8426;0;3
1978-11-04 11:00:00Z;198,7634;0;3
1978-11-05 11:00:00Z;160,8699;0;3
1978-11-06 11:00:00Z;148,4787;0;3
1978-11-07 11:00:00Z;220,5682;0;3
1978-11-08 11:00:00Z;303,6074;0;3
1978-11-09 11:00:00Z;350,6103;0;3
1978-11-10 11:00:00Z;1312,058;0;3
1978-11-11 11:00:00Z;598,546;0;3
1978-11-12 11:00:00Z;402,101;0;3
1978-11-13 11:00:00Z;367,2658;0;3
1978-11-14 11:00:00Z;274,672;0;3
1978-11-15 11:00:00Z;210,3212;0;3
1978-11-16 11:00:00Z;168,035;0;3
1978-11-17 11:00:00Z;141,8711;0;3
1978-11-18 11:00:00Z;137,9999;0;3
1978-11-19 11:00:00Z;134,198;0;3
1978-11-20 11:00:00Z;112,809;0;3
1978-11-21 11:00:00Z;107,2898;0;3
1978-11-22 11:00:00Z;109,4759;0;3
1978-11-23 11:00:00Z;98,82915;0;3
1978-11-24 11:00:00Z;90,81436;0;3
1978-11-25 11:00:00Z;85,08916;0;3
1978-11-26 11:00:00Z;77,82781;0;3
1978-11-27 11:00:00Z;76,07776;0;3
1978-11-28 11:00:00Z;72,65481;0;3
1978-11-29 11:00:00Z;70,98154;0;3
1978-11-30 11:00:00Z;68,51891;0;3
1978-12-01 11:00:00Z;66,11246;0;3
1978-12-02 11:00:00Z;64,53909;0;3
1978-12-03 11:00:00Z;62,99024;0;3
1978-12-04 11:00:00Z;61,46575;0;3
1978-12-05 11:00:00Z;59,96543;0;3
1978-12-06 11:00:00Z;58,48911;0;3
1978-12-07 11:00:00Z;56,31923;0;3
1978-12-08 11:00:00Z;54,90212;0;3
1978-12-09 11:00:00Z;53,50838;0;3
1978-12-10 11:00:00Z;52,13783;0;3
1978-12-11 11:00:00Z;50,79029;0;3
1978-12-12 11:00:00Z;50,1251;0;3
1978-12-13 11:00:00Z;48,81174;0;3
1978-12-14 11:00:00Z;48,16354;0;3
1978-12-15 11:00:00Z;46,88397;0;3
1978-12-16 11:00:00Z;46,25255;0;3
1978-12-17 11:00:00Z;45,62668;0;3
1978-12-18 11:00:00Z;45,00634;0;3
1978-12-19 11:00:00Z;44,39151;0;3
1978-12-20 11:00:00Z;43,78216;0;3
1978-12-21 11:00:00Z;42,57982;0;3
1978-12-22 11:00:00Z;41,98678;0;3
1978-12-23 11:00:00Z;41,98678;0;3
1978-12-24 11:00:00Z;41,39913;0;3
1978-12-25 11:00:00Z;40,81686;0;3
1978-12-26 11:00:00Z;40,23993;0;3
1978-12-27 11:00:00Z;39,66832;0;3
1978-12-28 11:00:00Z;39,10202;0;3
1978-12-29 11:00:00Z;38,54099;0;3
1978-12-30 11:00:00Z;38,54099;0;3
1978-12-31 11:00:00Z;37,98522;0;3
1979-01-01 11:00:00Z;37,98522;0;3
1979-01-02 11:00:00Z;37,43468;0;3
1979-01-03 11:00:00Z;36,88935;0;3
1979-01-04 11:00:00Z;36,34922;0;3
1979-01-05 11:00:00Z;36,34922;0;3
1979-01-06 11:00:00Z;35,81424;0;3
1979-01-07 11:00:00Z;35,81424;0;3
1979-01-08 11:00:00Z;35,2844;0;3
1979-01-09 11:00:00Z;35,2844;0;3
1979-01-10 11:00:00Z;34,75969;0;3
1979-01-11 11:00:00Z;34,75969;0;3
1979-01-12 11:00:00Z;34,75969;0;3
1979-01-13 11:00:00Z;34,24007;0;3
1979-01-14 11:00:00Z;34,24007;0;3
1979-01-15 11:00:00Z;34,24007;0;3
1979-01-16 11:00:00Z;33,72552;0;3
1979-01-17 11:00:00Z;33,72552;0;3
1979-01-18 11:00:00Z;33,72552;0;3
1979-01-19 11:00:00Z;33,21603;0;3
1979-01-20 11:00:00Z;33,21603;0;3
1979-01-21 11:00:00Z;33,21603;0;3
1979-01-22 11:00:00Z;33,21603;0;3
1979-01-23 11:00:00Z;32,71156;0;3
1979-01-24 11:00:00Z;32,71156;0;3
1979-01-25 11:00:00Z;32,71156;0;3
1979-01-26 11:00:00Z;32,71156;0;3
1979-01-27 11:00:00Z;32,71156;0;3
1979-01-28 11:00:00Z;32,21209;0;3
1979-01-29 11:00:00Z;32,21209;0;3
1979-01-30 11:00:00Z;32,21209;0;3
1979-01-31 11:00:00Z;32,21209;0;3
1979-02-01 11:00:00Z;32,21209;0;3
1979-02-02 11:00:00Z;32,21209;0;3
1979-02-03 11:00:00Z;32,21209;0;3
1979-02-04 11:00:00Z;32,21209;0;3
1979-02-05 11:00:00Z;32,21209;0;3
1979-02-06 11:00:00Z;32,21209;0;3
1979-02-07 11:00:00Z;32,21209;0;3
1979-02-08 11:00:00Z;32,21209;0;3
1979-02-09 11:00:00Z;32,21209;0;3
1979-02-10 11:00:00Z;32,21209;0;3
1979-02-11 11:00:00Z;32,21209;0;3
1979-02-12 11:00:00Z;32,21209;0;3
1979-02-13 11:00:00Z;32,21209;0;3
1979-02-14 11:00:00Z;31,71761;0;3
1979-02-15 11:00:00Z;31,71761;0;3
1979-02-16 11:00:00Z;31,71761;0;3
1979-02-17 11:00:00Z;31,71761;0;3
1979-02-18 11:00:00Z;31,71761;0;3
1979-02-19 11:00:00Z;31,71761;0;3
1979-02-20 11:00:00Z;31,71761;0;3
1979-02-21 11:00:00Z;31,71761;0;3
1979-02-22 11:00:00Z;32,21209;0;3
1979-02-23 11:00:00Z;32,21209;0;3
1979-02-24 11:00:00Z;32,71156;0;3
1979-02-25 11:00:00Z;33,21603;0;3
1979-02-26 11:00:00Z;34,75969;0;3
1979-02-27 11:00:00Z;110,5797;0;3
1979-02-28 11:00:00Z;85,08916;0;3
1979-03-01 11:00:00Z;75,21242;0;3
1979-03-02 11:00:00Z;66,9084;0;3
1979-03-03 11:00:00Z;45,00634;0;3
1979-03-04 11:00:00Z;41,39913;0;3
1979-03-05 11:00:00Z;37,98522;0;3
1979-03-06 11:00:00Z;37,43468;0;3
1979-03-07 11:00:00Z;38,54099;0;3
1979-03-08 11:00:00Z;37,98522;0;3
1979-03-09 11:00:00Z;36,88935;0;3
1979-03-10 11:00:00Z;35,2844;0;3
1979-03-11 11:00:00Z;34,24007;0;3
1979-03-12 11:00:00Z;33,72552;0;3
1979-03-13 11:00:00Z;32,71156;0;3
1979-03-14 11:00:00Z;31,71761;0;3
1979-03-15 11:00:00Z;30,74349;0;3
1979-03-16 11:00:00Z;30,26381;0;3
1979-03-17 11:00:00Z;29,31909;0;3
1979-03-18 11:00:00Z;28,85401;0;3
1979-03-19 11:00:00Z;27,93828;0;3
1979-03-20 11:00:00Z;27,48758;0;3
1979-03-21 11:00:00Z;27,04164;0;3
1979-03-22 11:00:00Z;26,16391;0;3
1979-03-23 11:00:00Z;25,73208;0;3
1979-03-24 11:00:00Z;25,3049;0;3
1979-03-25 11:00:00Z;24,88236;0;3
1979-03-26 11:00:00Z;24,88236;0;3
1979-03-27 11:00:00Z;24,88236;0;3
1979-03-28 11:00:00Z;25,73208;0;3
1979-03-29 11:00:00Z;27,48758;0;3
1979-03-30 11:00:00Z;27,04164;0;3
1979-03-31 11:00:00Z;26,16391;0;3
1979-04-01 11:00:00Z;25,3049;0;3
1979-04-02 11:00:00Z;24,88236;0;3
1979-04-03 11:00:00Z;24,05109;0;3
1979-04-04 11:00:00Z;23,23807;0;3
1979-04-05 11:00:00Z;22,83835;0;3
1979-04-06 11:00:00Z;22,05236;0;3
1979-04-07 11:00:00Z;21,66605;0;3
1979-04-08 11:00:00Z;21,28416;0;3
1979-04-09 11:00:00Z;20,90668;0;3
1979-04-10 11:00:00Z;20,53357;0;3
1979-04-11 11:00:00Z;20,16481;0;3
1979-04-12 11:00:00Z;20,16481;0;3
1979-04-13 11:00:00Z;19,80038;0;3
1979-04-14 11:00:00Z;19,80038;0;3
1979-04-15 11:00:00Z;19,44026;0;3
1979-04-16 11:00:00Z;19,44026;0;3
1979-04-17 11:00:00Z;19,44026;0;3
1979-04-18 11:00:00Z;19,44026;0;3
1979-04-19 11:00:00Z;19,80038;0;3
1979-04-20 11:00:00Z;22,83835;0;3
1979-04-21 11:00:00Z;27,93828;0;3
1979-04-22 11:00:00Z;34,24007;0;3
1979-04-23 11:00:00Z;42,57982;0;3
1979-04-24 11:00:00Z;48,81174;0;3
1979-04-25 11:00:00Z;54,90212;0;3
1979-04-26 11:00:00Z;64,53909;0;3
1979-04-27 11:00:00Z;72,65481;0;3
1979-04-28 11:00:00Z;67,71054;0;3
1979-04-29 11:00:00Z;64,53909;0;3
1979-04-30 11:00:00Z;62,99024;0;3
1979-05-01 11:00:00Z;61,46575;0;3
1979-05-02 11:00:00Z;59,96543;0;3
1979-05-03 11:00:00Z;59,22428;0;3
1979-05-04 11:00:00Z;58,48911;0;3
1979-05-05 11:00:00Z;62,99024;0;3
1979-05-06 11:00:00Z;66,11246;0;3
1979-05-07 11:00:00Z;66,11246;0;3
1979-05-08 11:00:00Z;70,15438;0;3
1979-05-09 11:00:00Z;75,21242;0;3
1979-05-10 11:00:00Z;78,71255;0;3
1979-05-11 11:00:00Z;78,71255;0;3
1979-05-12 11:00:00Z;76,07776;0;3
1979-05-13 11:00:00Z;72,65481;0;3
1979-05-14 11:00:00Z;320,9961;0;3
1979-05-15 11:00:00Z;692,5292;0;3
1979-05-16 11:00:00Z;550,1202;0;3
1979-05-17 11:00:00Z;436,3073;0;3
1979-05-18 11:00:00Z;525,3687;0;3
1979-05-19 11:00:00Z;495,4619;0;3
1979-05-20 11:00:00Z;389,4242;0;3
1979-05-21 11:00:00Z;323,2141;0;3
1979-05-22 11:00:00Z;389,4242;0;3
1979-05-23 11:00:00Z;478,0608;0;3
1979-05-24 11:00:00Z;501,3523;0;3
1979-05-25 11:00:00Z;562,7748;0;3
1979-05-26 11:00:00Z;783,6932;0;3
1979-05-27 11:00:00Z;703,5262;0;3
1979-05-28 11:00:00Z;660,2101;0;3
1979-05-29 11:00:00Z;663,7516;0;3
1979-05-30 11:00:00Z;795,6073;0;3
1979-05-31 11:00:00Z;819,7875;0;3
1979-06-01 11:00:00Z;764,0947;0;3
1979-06-02 11:00:00Z;1007,156;0;3
1979-06-03 11:00:00Z;807,6387;0;3
1979-06-04 11:00:00Z;670,8717;0;3
1979-06-05 11:00:00Z;618,6651;0;3
1979-06-06 11:00:00Z;598,546;0;3
1979-06-07 11:00:00Z;649,6591;0;3
1979-06-08 11:00:00Z;663,7516;0;3
1979-06-09 11:00:00Z;537,6519;0;3
1979-06-10 11:00:00Z;425,5888;0;3
1979-06-11 11:00:00Z;417,6632;0;3
1979-06-12 11:00:00Z;402,101;0;3
1979-06-13 11:00:00Z;360,0662;0;3
1979-06-14 11:00:00Z;369,6863;0;3
1979-06-15 11:00:00Z;466,6837;0;3
1979-06-16 11:00:00Z;466,6837;0;3
1979-06-17 11:00:00Z;452,7115;0;3
1979-06-18 11:00:00Z;381,9442;0;3
1979-06-19 11:00:00Z;278,6909;0;3
1979-06-20 11:00:00Z;260,9032;0;3
1979-06-21 11:00:00Z;295,1477;0;3
1979-06-22 11:00:00Z;402,101;0;3
1979-06-23 11:00:00Z;458,2674;0;3
1979-06-24 11:00:00Z;425,5888;0;3
1979-06-25 11:00:00Z;466,6837;0;3
1979-06-26 11:00:00Z;492,5336;0;3
1979-06-27 11:00:00Z;357,6869;0;3
1979-06-28 11:00:00Z;293,057;0;3
1979-06-29 11:00:00Z;257,0534;0;3
1979-06-30 11:00:00Z;262,842;0;3
1979-07-01 11:00:00Z;369,6863;0;3
1979-07-02 11:00:00Z;295,1477;0;3
1979-07-03 11:00:00Z;225,811;0;3
1979-07-04 11:00:00Z;205,3159;0;3
1979-07-05 11:00:00Z;195,5387;0;3
1979-07-06 11:00:00Z;178,4098;0;3
1979-07-07 11:00:00Z;163,7116;0;3
1979-07-08 11:00:00Z;200,3886;0;3
1979-07-09 11:00:00Z;257,0534;0;3
1979-07-10 11:00:00Z;286,8426;0;3
1979-07-11 11:00:00Z;245,7259;0;3
1979-07-12 11:00:00Z;192,3483;0;3
1979-07-13 11:00:00Z;166,5858;0;3
1979-07-14 11:00:00Z;163,7116;0;3
1979-07-15 11:00:00Z;310,0545;0;3
1979-07-16 11:00:00Z;528,4222;0;3
1979-07-17 11:00:00Z;332,1855;0;3
1979-07-18 11:00:00Z;243,8701;0;3
1979-07-19 11:00:00Z;210,3212;0;3
1979-07-20 11:00:00Z;195,5387;0;3
1979-07-21 11:00:00Z;186,0693;0;3
1979-07-22 11:00:00Z;190,7658;0;3
1979-07-23 11:00:00Z;197,1468;0;3
1979-07-24 11:00:00Z;195,5387;0;3
1979-07-25 11:00:00Z;215,4051;0;3
1979-07-26 11:00:00Z;197,1468;0;3
1979-07-27 11:00:00Z;158,0604;0;3
1979-07-28 11:00:00Z;136,7249;0;3
1979-07-29 11:00:00Z;122,0178;0;3
1979-07-30 11:00:00Z;118,5095;0;3
1979-07-31 11:00:00Z;115,0673;0;3
1979-08-01 11:00:00Z;113,9345;0;3
1979-08-02 11:00:00Z;128,0138;0;3
1979-08-03 11:00:00Z;123,2021;0;3
1979-08-04 11:00:00Z;108,3793;0;3
1979-08-05 11:00:00Z;94,76671;0;3
1979-08-06 11:00:00Z;86,02658;0;3
1979-08-07 11:00:00Z;80,50157;0;3
1979-08-08 11:00:00Z;80,50157;0;3
1979-08-09 11:00:00Z;86,02658;0;3
1979-08-10 11:00:00Z;89,84331;0;3
1979-08-11 11:00:00Z;85,08916;0;3
1979-08-12 11:00:00Z;80,50157;0;3
1979-08-13 11:00:00Z;85,08916;0;3
1979-08-14 11:00:00Z;85,08916;0;3
1979-08-15 11:00:00Z;87,9215;0;3
1979-08-16 11:00:00Z;94,76671;0;3
1979-08-17 11:00:00Z;86,02658;0;3
1979-08-18 11:00:00Z;80,50157;0;3
1979-08-19 11:00:00Z;81,4059;0;3
1979-08-20 11:00:00Z;78,71255;0;3
1979-08-21 11:00:00Z;72,65481;0;3
1979-08-22 11:00:00Z;74,35349;0;3
1979-08-23 11:00:00Z;212,007;0;3
1979-08-24 11:00:00Z;232,9264;0;3
1979-08-25 11:00:00Z;169,4925;0;3
1979-08-26 11:00:00Z;126,7997;0;3
1979-08-27 11:00:00Z;104,0641;0;3
1979-08-28 11:00:00Z;97,80313;0;3
1979-08-29 11:00:00Z;95,77194;0;3
1979-08-30 11:00:00Z;118,5095;0;3
1979-08-31 11:00:00Z;276,6767;0;3
1979-09-01 11:00:00Z;332,1855;0;3
1979-09-02 11:00:00Z;202,0224;0;3
1979-09-03 11:00:00Z;143,1771;0;3
1979-09-04 11:00:00Z;149,8238;0;3
1979-09-05 11:00:00Z;151,1767;0;3
1979-09-06 11:00:00Z;129,2355;0;3
1979-09-07 11:00:00Z;112,809;0;3
1979-09-08 11:00:00Z;112,809;0;3
1979-09-09 11:00:00Z;175,4043;0;3
1979-09-10 11:00:00Z;162,2867;0;3
1979-09-11 11:00:00Z;195,5387;0;3
1979-09-12 11:00:00Z;268,7148;0;3
1979-09-13 11:00:00Z;242,0234;0;3
1979-09-14 11:00:00Z;172,4319;0;3
1979-09-15 11:00:00Z;158,0604;0;3
1979-09-16 11:00:00Z;147,1416;0;3
1979-09-17 11:00:00Z;126,7997;0;3
1979-09-18 11:00:00Z;181,4485;0;3
1979-09-19 11:00:00Z;295,1477;0;3
1979-09-20 11:00:00Z;284,7903;0;3
1979-09-21 11:00:00Z;182,9804;0;3
1979-09-22 11:00:00Z;158,0604;0;3
1979-09-23 11:00:00Z;151,1767;0;3
1979-09-24 11:00:00Z;125,593;0;3
1979-09-25 11:00:00Z;115,0673;0;3
1979-09-26 11:00:00Z;242,0234;0;3
1979-09-27 11:00:00Z;374,5583;0;3
1979-09-28 11:00:00Z;260,9032;0;3
1979-09-29 11:00:00Z;232,9264;0;3
1979-09-30 11:00:00Z;220,5682;0;3
1979-10-01 11:00:00Z;162,2867;0;3
1979-10-02 11:00:00Z;130,4648;0;3
1979-10-03 11:00:00Z;120,841;0;3
1979-10-04 11:00:00Z;141,8711;0;3
1979-10-05 11:00:00Z;115,0673;0;3
1979-10-06 11:00:00Z;96,78407;0;3
1979-10-07 11:00:00Z;91,79221;0;3
1979-10-08 11:00:00Z;87,9215;0;3
1979-10-09 11:00:00Z;186,0693;0;3
1979-10-10 11:00:00Z;179,925;0;3
1979-10-11 11:00:00Z;155,283;0;3
1979-10-12 11:00:00Z;132,946;0;3
1979-10-13 11:00:00Z;120,841;0;3
1979-10-14 11:00:00Z;136,7249;0;3
1979-10-15 11:00:00Z;125,593;0;3
1979-10-16 11:00:00Z;106,2074;0;3
1979-10-17 11:00:00Z;94,76671;0;3
1979-10-18 11:00:00Z;86,9707;0;3
1979-10-19 11:00:00Z;93,76836;0;3
1979-10-20 11:00:00Z;172,4319;0;3
1979-10-21 11:00:00Z;218,8383;0;3
1979-10-22 11:00:00Z;129,2355;0;3
1979-10-23 11:00:00Z;109,4759;0;3
1979-10-24 11:00:00Z;97,80313;0;3
1979-10-25 11:00:00Z;84,15841;0;3
1979-10-26 11:00:00Z;76,94955;0;3
1979-10-27 11:00:00Z;72,65481;0;3
1979-10-28 11:00:00Z;68,51891;0;3
1979-10-29 11:00:00Z;65,32269;0;3
1979-10-30 11:00:00Z;61,46575;0;3
1979-10-31 11:00:00Z;58,48911;0;3
1979-11-01 11:00:00Z;56,31923;0;3
1979-11-02 11:00:00Z;53,50838;0;3
1979-11-03 11:00:00Z;51,4612;0;3
1979-11-04 11:00:00Z;48,81174;0;3
1979-11-05 11:00:00Z;46,88397;0;3
1979-11-06 11:00:00Z;45,62668;0;3
1979-11-07 11:00:00Z;43,78216;0;3
1979-11-08 11:00:00Z;42,57982;0;3
1979-11-09 11:00:00Z;41,39913;0;3
1979-11-10 11:00:00Z;40,23993;0;3
1979-11-11 11:00:00Z;39,10202;0;3
1979-11-12 11:00:00Z;38,54099;0;3
1979-11-13 11:00:00Z;37,43468;0;3
1979-11-14 11:00:00Z;36,88935;0;3
1979-11-15 11:00:00Z;36,34922;0;3
1979-11-16 11:00:00Z;35,2844;0;3
1979-11-17 11:00:00Z;34,75969;0;3
1979-11-18 11:00:00Z;34,24007;0;3
1979-11-19 11:00:00Z;33,72552;0;3
1979-11-20 11:00:00Z;33,21603;0;3
1979-11-21 11:00:00Z;32,71156;0;3
1979-11-22 11:00:00Z;34,75969;0;3
1979-11-23 11:00:00Z;40,81686;0;3
1979-11-24 11:00:00Z;38,54099;0;3
1979-11-25 11:00:00Z;37,98522;0;3
1979-11-26 11:00:00Z;36,88935;0;3
1979-11-27 11:00:00Z;36,34922;0;3
1979-11-28 11:00:00Z;36,34922;0;3
1979-11-29 11:00:00Z;36,88935;0;3
1979-11-30 11:00:00Z;38,54099;0;3
1979-12-01 11:00:00Z;40,23993;0;3
1979-12-02 11:00:00Z;45,00634;0;3
1979-12-03 11:00:00Z;54,90212;0;3
1979-12-04 11:00:00Z;51,4612;0;3
1979-12-05 11:00:00Z;48,16354;0;3
1979-12-06 11:00:00Z;47,52096;0;3
1979-12-07 11:00:00Z;45,00634;0;3
1979-12-08 11:00:00Z;42,57982;0;3
1979-12-09 11:00:00Z;40,23993;0;3
1979-12-10 11:00:00Z;38,54099;0;3
1979-12-11 11:00:00Z;36,34922;0;3
1979-12-12 11:00:00Z;34,75969;0;3
1979-12-13 11:00:00Z;33,21603;0;3
1979-12-14 11:00:00Z;31,71761;0;3
1979-12-15 11:00:00Z;30,74349;0;3
1979-12-16 11:00:00Z;29,31909;0;3
1979-12-17 11:00:00Z;27,93828;0;3
1979-12-18 11:00:00Z;27,04164;0;3
1979-12-19 11:00:00Z;26,16391;0;3
1979-12-20 11:00:00Z;25,3049;0;3
1979-12-21 11:00:00Z;24,88236;0;3
1979-12-22 11:00:00Z;24,46443;0;3
1979-12-23 11:00:00Z;24,05109;0;3
1979-12-24 11:00:00Z;23,64231;0;3
1979-12-25 11:00:00Z;23,23807;0;3
1979-12-26 11:00:00Z;23,23807;0;3
1979-12-27 11:00:00Z;22,83835;0;3
1979-12-28 11:00:00Z;22,83835;0;3
1979-12-29 11:00:00Z;22,44312;0;3
1979-12-30 11:00:00Z;22,44312;0;3
1979-12-31 11:00:00Z;22,05236;0;3
1980-01-01 11:00:00Z;22,05236;0;3
1980-01-02 11:00:00Z;22,05236;0;3
1980-01-03 11:00:00Z;22,05236;0;3
1980-01-04 11:00:00Z;22,05236;0;3
1980-01-05 11:00:00Z;22,05236;0;3
1980-01-06 11:00:00Z;21,66605;0;3
1980-01-07 11:00:00Z;21,66605;0;3
1980-01-08 11:00:00Z;21,28416;0;3
1980-01-09 11:00:00Z;21,28416;0;3
1980-01-10 11:00:00Z;20,90668;0;3
1980-01-11 11:00:00Z;21,28416;0;3
1980-01-12 11:00:00Z;27,48758;0;3
1980-01-13 11:00:00Z;41,39913;0;3
1980-01-14 11:00:00Z;48,81174;0;3
1980-01-15 11:00:00Z;48,16354;0;3
1980-01-16 11:00:00Z;44,39151;0;3
1980-01-17 11:00:00Z;40,23993;0;3
1980-01-18 11:00:00Z;37,43468;0;3
1980-01-19 11:00:00Z;35,2844;0;3
1980-01-20 11:00:00Z;33,21603;0;3
1980-01-21 11:00:00Z;31,22808;0;3
1980-01-22 11:00:00Z;29,31909;0;3
1980-01-23 11:00:00Z;28,39374;0;3
1980-01-24 11:00:00Z;27,04164;0;3
1980-01-25 11:00:00Z;26,16391;0;3
1980-01-26 11:00:00Z;25,3049;0;3
1980-01-27 11:00:00Z;24,88236;0;3
1980-01-28 11:00:00Z;24,46443;0;3
1980-01-29 11:00:00Z;24,05109;0;3
1980-01-30 11:00:00Z;23,64231;0;3
1980-01-31 11:00:00Z;22,83835;0;3
1980-02-01 11:00:00Z;22,44312;0;3
1980-02-02 11:00:00Z;22,05236;0;3
1980-02-03 11:00:00Z;21,66605;0;3
1980-02-04 11:00:00Z;21,28416;0;3
1980-02-05 11:00:00Z;20,90668;0;3
1980-02-06 11:00:00Z;20,90668;0;3
1980-02-07 11:00:00Z;20,53357;0;3
1980-02-08 11:00:00Z;20,53357;0;3
1980-02-09 11:00:00Z;20,16481;0;3
1980-02-10 11:00:00Z;20,16481;0;3
1980-02-11 11:00:00Z;19,80038;0;3
1980-02-12 11:00:00Z;19,80038;0;3
1980-02-13 11:00:00Z;19,80038;0;3
1980-02-14 11:00:00Z;20,16481;0;3
1980-02-15 11:00:00Z;20,53357;0;3
1980-02-16 11:00:00Z;21,66605;0;3
1980-02-17 11:00:00Z;21,66605;0;3
1980-02-18 11:00:00Z;23,23807;0;3
1980-02-19 11:00:00Z;25,3049;0;3
1980-02-20 11:00:00Z;22,05236;0;3
1980-02-21 11:00:00Z;21,66605;0;3
1980-02-22 11:00:00Z;21,28416;0;3
1980-02-23 11:00:00Z;20,90668;0;3
1980-02-24 11:00:00Z;20,53357;0;3
1980-02-25 11:00:00Z;20,16481;0;3
1980-02-26 11:00:00Z;20,16481;0;3
1980-02-27 11:00:00Z;20,53357;0;3
1980-02-28 11:00:00Z;23,23807;0;3
1980-02-29 11:00:00Z;26,60042;0;3
1980-03-01 11:00:00Z;24,05109;0;3
1980-03-02 11:00:00Z;23,23807;0;3
1980-03-03 11:00:00Z;22,83835;0;3
1980-03-04 11:00:00Z;21,66605;0;3
1980-03-05 11:00:00Z;20,90668;0;3
1980-03-06 11:00:00Z;20,53357;0;3
1980-03-07 11:00:00Z;31,71761;0;3
1980-03-08 11:00:00Z;47,52096;0;3
1980-03-09 11:00:00Z;39,66832;0;3
1980-03-10 11:00:00Z;34,24007;0;3
1980-03-11 11:00:00Z;31,22808;0;3
1980-03-12 11:00:00Z;29,31909;0;3
1980-03-13 11:00:00Z;28,39374;0;3
1980-03-14 11:00:00Z;27,93828;0;3
1980-03-15 11:00:00Z;26,60042;0;3
1980-03-16 11:00:00Z;25,3049;0;3
1980-03-17 11:00:00Z;24,88236;0;3
1980-03-18 11:00:00Z;23,64231;0;3
1980-03-19 11:00:00Z;22,83835;0;3
1980-03-20 11:00:00Z;22,05236;0;3
1980-03-21 11:00:00Z;21,66605;0;3
1980-03-22 11:00:00Z;20,90668;0;3
1980-03-23 11:00:00Z;20,53357;0;3
1980-03-24 11:00:00Z;19,80038;0;3
1980-03-25 11:00:00Z;19,44026;0;3
1980-03-26 11:00:00Z;19,44026;0;3
1980-03-27 11:00:00Z;19,08442;0;3
1980-03-28 11:00:00Z;18,73284;0;3
1980-03-29 11:00:00Z;18,3855;0;3
1980-03-30 11:00:00Z;18,3855;0;3
1980-03-31 11:00:00Z;18,04236;0;3
1980-04-01 11:00:00Z;18,04236;0;3
1980-04-02 11:00:00Z;18,04236;0;3
1980-04-03 11:00:00Z;19,44026;0;3
1980-04-04 11:00:00Z;26,16391;0;3
1980-04-05 11:00:00Z;33,72552;0;3
1980-04-06 11:00:00Z;49,4656;0;3
1980-04-07 11:00:00Z;83,2343;0;3
1980-04-08 11:00:00Z;78,71255;0;3
1980-04-09 11:00:00Z;68,51891;0;3
1980-04-10 11:00:00Z;56,31923;0;3
1980-04-11 11:00:00Z;52,82022;0;3
1980-04-12 11:00:00Z;50,79029;0;3
1980-04-13 11:00:00Z;62,99024;0;3
1980-04-14 11:00:00Z;76,94955;0;3
1980-04-15 11:00:00Z;83,2343;0;3
1980-04-16 11:00:00Z;86,9707;0;3
1980-04-17 11:00:00Z;104,0641;0;3
1980-04-18 11:00:00Z;107,2898;0;3
1980-04-19 11:00:00Z;84,15841;0;3
1980-04-20 11:00:00Z;69,33351;0;3
1980-04-21 11:00:00Z;66,11246;0;3
1980-04-22 11:00:00Z;65,32269;0;3
1980-04-23 11:00:00Z;71,815;0;3
1980-04-24 11:00:00Z;86,02658;0;3
1980-04-25 11:00:00Z;72,65481;0;3
1980-04-26 11:00:00Z;65,32269;0;3
1980-04-27 11:00:00Z;66,9084;0;3
1980-04-28 11:00:00Z;79,60379;0;3
1980-04-29 11:00:00Z;101,949;0;3
1980-04-30 11:00:00Z;118,5095;0;3
1980-05-01 11:00:00Z;130,4648;0;3
1980-05-02 11:00:00Z;126,7997;0;3
1980-05-03 11:00:00Z;135,4576;0;3
1980-05-04 11:00:00Z;151,1767;0;3
1980-05-05 11:00:00Z;149,8238;0;3
1980-05-06 11:00:00Z;136,7249;0;3
1980-05-07 11:00:00Z;130,4648;0;3
1980-05-08 11:00:00Z;129,2355;0;3
1980-05-09 11:00:00Z;119,6716;0;3
1980-05-10 11:00:00Z;109,4759;0;3
1980-05-11 11:00:00Z;98,82915;0;3
1980-05-12 11:00:00Z;90,81436;0;3
1980-05-13 11:00:00Z;89,84331;0;3
1980-05-14 11:00:00Z;117,3548;0;3
1980-05-15 11:00:00Z;181,4485;0;3
1980-05-16 11:00:00Z;220,5682;0;3
1980-05-17 11:00:00Z;227,5764;0;3
1980-05-18 11:00:00Z;257,0534;0;3
1980-05-19 11:00:00Z;290,9759;0;3
1980-05-20 11:00:00Z;243,8701;0;3
1980-05-21 11:00:00Z;238,3575;0;3
1980-05-22 11:00:00Z;236,5381;0;3
1980-05-23 11:00:00Z;218,8383;0;3
1980-05-24 11:00:00Z;189,1919;0;3
1980-05-25 11:00:00Z;193,9393;0;3
1980-05-26 11:00:00Z;225,811;0;3
1980-05-27 11:00:00Z;253,2407;0;3
1980-05-28 11:00:00Z;234,7277;0;3
1980-05-29 11:00:00Z;352,9589;0;3
1980-05-30 11:00:00Z;489,6166;0;3
1980-05-31 11:00:00Z;685,2604;0;3
1980-06-01 11:00:00Z;764,0947;0;3
1980-06-02 11:00:00Z;748,6473;0;3
1980-06-03 11:00:00Z;748,6473;0;3
1980-06-04 11:00:00Z;696,1824;0;3
1980-06-05 11:00:00Z;685,2604;0;3
1980-06-06 11:00:00Z;632,3187;0;3
1980-06-07 11:00:00Z;632,3187;0;3
1980-06-08 11:00:00Z;710,9201;0;3
1980-06-09 11:00:00Z;628,8871;0;3
1980-06-10 11:00:00Z;513,2692;0;3
1980-06-11 11:00:00Z;396,9986;0;3
1980-06-12 11:00:00Z;272,6768;0;3
1980-06-13 11:00:00Z;232,9264;0;3
1980-06-14 11:00:00Z;227,5764;0;3
1980-06-15 11:00:00Z;222,3069;0;3
1980-06-16 11:00:00Z;282,7477;0;3
1980-06-17 11:00:00Z;345,9434;0;3
1980-06-18 11:00:00Z;369,6863;0;3
1980-06-19 11:00:00Z;341,3171;0;3
1980-06-20 11:00:00Z;355,3178;0;3
1980-06-21 11:00:00Z;357,6869;0;3
1980-06-22 11:00:00Z;282,7477;0;3
1980-06-23 11:00:00Z;234,7277;0;3
1980-06-24 11:00:00Z;232,9264;0;3
1980-06-25 11:00:00Z;240,1859;0;3
1980-06-26 11:00:00Z;195,5387;0;3
1980-06-27 11:00:00Z;165,1446;0;3
1980-06-28 11:00:00Z;153,9063;0;3
1980-06-29 11:00:00Z;170,9581;0;3
1980-06-30 11:00:00Z;172,4319;0;3
1980-07-01 11:00:00Z;160,8699;0;3
1980-07-02 11:00:00Z;141,8711;0;3
1980-07-03 11:00:00Z;139,2826;0;3
1980-07-04 11:00:00Z;129,2355;0;3
1980-07-05 11:00:00Z;122,0178;0;3
1980-07-06 11:00:00Z;117,3548;0;3
1980-07-07 11:00:00Z;106,2074;0;3
1980-07-08 11:00:00Z;99,86211;0;3
1980-07-09 11:00:00Z;93,76836;0;3
1980-07-10 11:00:00Z;98,82915;0;3
1980-07-11 11:00:00Z;95,77194;0;3
1980-07-12 11:00:00Z;104,0641;0;3
1980-07-13 11:00:00Z;94,76671;0;3
1980-07-14 11:00:00Z;87,9215;0;3
1980-07-15 11:00:00Z;78,71255;0;3
1980-07-16 11:00:00Z;77,82781;0;3
1980-07-17 11:00:00Z;81,4059;0;3
1980-07-18 11:00:00Z;86,9707;0;3
1980-07-19 11:00:00Z;85,08916;0;3
1980-07-20 11:00:00Z;81,4059;0;3
1980-07-21 11:00:00Z;76,94955;0;3
1980-07-22 11:00:00Z;74,35349;0;3
1980-07-23 11:00:00Z;73,50096;0;3
1980-07-24 11:00:00Z;70,98154;0;3
1980-07-25 11:00:00Z;76,94955;0;3
1980-07-26 11:00:00Z;75,21242;0;3
1980-07-27 11:00:00Z;78,71255;0;3
1980-07-28 11:00:00Z;76,94955;0;3
1980-07-29 11:00:00Z;72,65481;0;3
1980-07-30 11:00:00Z;68,51891;0;3
1980-07-31 11:00:00Z;69,33351;0;3
1980-08-01 11:00:00Z;66,9084;0;3
1980-08-02 11:00:00Z;71,815;0;3
1980-08-03 11:00:00Z;70,15438;0;3
1980-08-04 11:00:00Z;66,11246;0;3
1980-08-05 11:00:00Z;62,99024;0;3
1980-08-06 11:00:00Z;63,76161;0;3
1980-08-07 11:00:00Z;62,22496;0;3
1980-08-08 11:00:00Z;58,48911;0;3
1980-08-09 11:00:00Z;53,50838;0;3
1980-08-10 11:00:00Z;49,4656;0;3
1980-08-11 11:00:00Z;48,16354;0;3
1980-08-12 11:00:00Z;46,88397;0;3
1980-08-13 11:00:00Z;48,16354;0;3
1980-08-14 11:00:00Z;50,1251;0;3
1980-08-15 11:00:00Z;51,4612;0;3
1980-08-16 11:00:00Z;53,50838;0;3
1980-08-17 11:00:00Z;55,60774;0;3
1980-08-18 11:00:00Z;56,31923;0;3
1980-08-19 11:00:00Z;54,90212;0;3
1980-08-20 11:00:00Z;56,31923;0;3
1980-08-21 11:00:00Z;61,46575;0;3
1980-08-22 11:00:00Z;73,50096;0;3
1980-08-23 11:00:00Z;68,51891;0;3
1980-08-24 11:00:00Z;66,11246;0;3
1980-08-25 11:00:00Z;66,9084;0;3
1980-08-26 11:00:00Z;62,99024;0;3
1980-08-27 11:00:00Z;57,75989;0;3
1980-08-28 11:00:00Z;60,71258;0;3
1980-08-29 11:00:00Z;70,15438;0;3
1980-08-30 11:00:00Z;62,99024;0;3
1980-08-31 11:00:00Z;57,03661;0;3
1980-09-01 11:00:00Z;54,20234;0;3
1980-09-02 11:00:00Z;50,79029;0;3
1980-09-03 11:00:00Z;91,79221;0;3
1980-09-04 11:00:00Z;122,0178;0;3
1980-09-05 11:00:00Z;97,80313;0;3
1980-09-06 11:00:00Z;84,15841;0;3
1980-09-07 11:00:00Z;92,77686;0;3
1980-09-08 11:00:00Z;187,6264;0;3
1980-09-09 11:00:00Z;206,9756;0;3
1980-09-10 11:00:00Z;184,5206;0;3
1980-09-11 11:00:00Z;253,2407;0;3
1980-09-12 11:00:00Z;158,0604;0;3
1980-09-13 11:00:00Z;126,7997;0;3
1980-09-14 11:00:00Z;122,0178;0;3
1980-09-15 11:00:00Z;125,593;0;3
1980-09-16 11:00:00Z;119,6716;0;3
1980-09-17 11:00:00Z;94,76671;0;3
1980-09-18 11:00:00Z;89,84331;0;3
1980-09-19 11:00:00Z;104,0641;0;3
1980-09-20 11:00:00Z;99,86211;0;3
1980-09-21 11:00:00Z;84,15841;0;3
1980-09-22 11:00:00Z;78,71255;0;3
1980-09-23 11:00:00Z;75,21242;0;3
1980-09-24 11:00:00Z;68,51891;0;3
1980-09-25 11:00:00Z;68,51891;0;3
1980-09-26 11:00:00Z;67,71054;0;3
1980-09-27 11:00:00Z;62,99024;0;3
1980-09-28 11:00:00Z;62,99024;0;3
1980-09-29 11:00:00Z;85,08916;0;3
1980-09-30 11:00:00Z;101,949;0;3
1980-10-01 11:00:00Z;128,0138;0;3
1980-10-02 11:00:00Z;104,0641;0;3
1980-10-03 11:00:00Z;101,949;0;3
1980-10-04 11:00:00Z;96,78407;0;3
1980-10-05 11:00:00Z;113,9345;0;3
1980-10-06 11:00:00Z;99,86211;0;3
1980-10-07 11:00:00Z;110,5797;0;3
1980-10-08 11:00:00Z;129,2355;0;3
1980-10-09 11:00:00Z;147,1416;0;3
1980-10-10 11:00:00Z;120,841;0;3
1980-10-11 11:00:00Z;99,86211;0;3
1980-10-12 11:00:00Z;90,81436;0;3
1980-10-13 11:00:00Z;86,9707;0;3
1980-10-14 11:00:00Z;79,60379;0;3
1980-10-15 11:00:00Z;66,11246;0;3
1980-10-16 11:00:00Z;70,15438;0;3
1980-10-17 11:00:00Z;65,32269;0;3
1980-10-18 11:00:00Z;60,71258;0;3
1980-10-19 11:00:00Z;58,48911;0;3
1980-10-20 11:00:00Z;57,75989;0;3
1980-10-21 11:00:00Z;61,46575;0;3
1980-10-22 11:00:00Z;60,71258;0;3
1980-10-23 11:00:00Z;57,75989;0;3
1980-10-24 11:00:00Z;54,20234;0;3
1980-10-25 11:00:00Z;51,4612;0;3
1980-10-26 11:00:00Z;47,52096;0;3
1980-10-27 11:00:00Z;45,00634;0;3
1980-10-28 11:00:00Z;42,57982;0;3
1980-10-29 11:00:00Z;41,39913;0;3
1980-10-30 11:00:00Z;40,81686;0;3
1980-10-31 11:00:00Z;40,81686;0;3
1980-11-01 11:00:00Z;41,39913;0;3
1980-11-02 11:00:00Z;41,98678;0;3
1980-11-03 11:00:00Z;51,4612;0;3
1980-11-04 11:00:00Z;65,32269;0;3
1980-11-05 11:00:00Z;70,98154;0;3
1980-11-06 11:00:00Z;99,86211;0;3
1980-11-07 11:00:00Z;93,76836;0;3
1980-11-08 11:00:00Z;75,21242;0;3
1980-11-09 11:00:00Z;66,11246;0;3
1980-11-10 11:00:00Z;57,75989;0;3
1980-11-11 11:00:00Z;52,13783;0;3
1980-11-12 11:00:00Z;48,16354;0;3
1980-11-13 11:00:00Z;45,62668;0;3
1980-11-14 11:00:00Z;43,17827;0;3
1980-11-15 11:00:00Z;41,39913;0;3
1980-11-16 11:00:00Z;39,10202;0;3
1980-11-17 11:00:00Z;37,43468;0;3
1980-11-18 11:00:00Z;35,2844;0;3
1980-11-19 11:00:00Z;33,72552;0;3
1980-11-20 11:00:00Z;32,21209;0;3
1980-11-21 11:00:00Z;30,74349;0;3
1980-11-22 11:00:00Z;29,31909;0;3
1980-11-23 11:00:00Z;27,93828;0;3
1980-11-24 11:00:00Z;27,04164;0;3
1980-11-25 11:00:00Z;26,60042;0;3
1980-11-26 11:00:00Z;25,73208;0;3
1980-11-27 11:00:00Z;25,73208;0;3
1980-11-28 11:00:00Z;28,39374;0;3
1980-11-29 11:00:00Z;38,54099;0;3
1980-11-30 11:00:00Z;42,57982;0;3
1980-12-01 11:00:00Z;52,13783;0;3
1980-12-02 11:00:00Z;66,11246;0;3
1980-12-03 11:00:00Z;54,90212;0;3
1980-12-04 11:00:00Z;48,16354;0;3
1980-12-05 11:00:00Z;45,62668;0;3
1980-12-06 11:00:00Z;43,17827;0;3
1980-12-07 11:00:00Z;40,81686;0;3
1980-12-08 11:00:00Z;39,10202;0;3
1980-12-09 11:00:00Z;37,43468;0;3
1980-12-10 11:00:00Z;36,34922;0;3
1980-12-11 11:00:00Z;34,75969;0;3
1980-12-12 11:00:00Z;33,72552;0;3
1980-12-13 11:00:00Z;32,71156;0;3
1980-12-14 11:00:00Z;31,71761;0;3
1980-12-15 11:00:00Z;30,74349;0;3
1980-12-16 11:00:00Z;29,78901;0;3
1980-12-17 11:00:00Z;28,85401;0;3
1980-12-18 11:00:00Z;27,93828;0;3
1980-12-19 11:00:00Z;27,48758;0;3
1980-12-20 11:00:00Z;27,04164;0;3
1980-12-21 11:00:00Z;26,60042;0;3
1980-12-22 11:00:00Z;26,16391;0;3
1980-12-23 11:00:00Z;25,73208;0;3
1980-12-24 11:00:00Z;25,73208;0;3
1980-12-25 11:00:00Z;25,3049;0;3
1980-12-26 11:00:00Z;25,3049;0;3
1980-12-27 11:00:00Z;25,3049;0;3
1980-12-28 11:00:00Z;24,88236;0;3
1980-12-29 11:00:00Z;24,88236;0;3
1980-12-30 11:00:00Z;24,88236;0;3
1980-12-31 11:00:00Z;24,88236;0;3
1981-01-01 11:00:00Z;24,46443;0;3
1981-01-02 11:00:00Z;24,46443;0;3
1981-01-03 11:00:00Z;24,46443;0;3
1981-01-04 11:00:00Z;24,46443;0;3
1981-01-05 11:00:00Z;24,46443;0;3
1981-01-06 11:00:00Z;24,46443;0;3
1981-01-07 11:00:00Z;24,88236;0;3
1981-01-08 11:00:00Z;25,3049;0;3
1981-01-09 11:00:00Z;31,22808;0;3
1981-01-10 11:00:00Z;83,2343;0;3
1981-01-11 11:00:00Z;76,94955;0;3
1981-01-12 11:00:00Z;69,33351;0;3
1981-01-13 11:00:00Z;60,71258;0;3
1981-01-14 11:00:00Z;53,50838;0;3
1981-01-15 11:00:00Z;49,4656;0;3
1981-01-16 11:00:00Z;45,62668;0;3
1981-01-17 11:00:00Z;43,17827;0;3
1981-01-18 11:00:00Z;41,39913;0;3
1981-01-19 11:00:00Z;39,66832;0;3
1981-01-20 11:00:00Z;38,54099;0;3
1981-01-21 11:00:00Z;36,88935;0;3
1981-01-22 11:00:00Z;36,34922;0;3
1981-01-23 11:00:00Z;36,34922;0;3
1981-01-24 11:00:00Z;118,5095;0;3
1981-01-25 11:00:00Z;151,1767;0;3
1981-01-26 11:00:00Z;125,593;0;3
1981-01-27 11:00:00Z;108,3793;0;3
1981-01-28 11:00:00Z;362,4558;0;3
1981-01-29 11:00:00Z;660,2101;0;3
1981-01-30 11:00:00Z;352,9589;0;3
1981-01-31 11:00:00Z;218,8383;0;3
1981-02-01 11:00:00Z;257,0534;0;3
1981-02-02 11:00:00Z;206,9756;0;3
1981-02-03 11:00:00Z;159,4612;0;3
1981-02-04 11:00:00Z;130,4648;0;3
1981-02-05 11:00:00Z;112,809;0;3
1981-02-06 11:00:00Z;104,0641;0;3
1981-02-07 11:00:00Z;97,80313;0;3
1981-02-08 11:00:00Z;92,77686;0;3
1981-02-09 11:00:00Z;87,9215;0;3
1981-02-10 11:00:00Z;84,15841;0;3
1981-02-11 11:00:00Z;79,60379;0;3
1981-02-12 11:00:00Z;76,07776;0;3
1981-02-13 11:00:00Z;72,65481;0;3
1981-02-14 11:00:00Z;70,15438;0;3
1981-02-15 11:00:00Z;67,71054;0;3
1981-02-16 11:00:00Z;65,32269;0;3
1981-02-17 11:00:00Z;62,99024;0;3
1981-02-18 11:00:00Z;60,71258;0;3
1981-02-19 11:00:00Z;58,48911;0;3
1981-02-20 11:00:00Z;56,31923;0;3
1981-02-21 11:00:00Z;54,20234;0;3
1981-02-22 11:00:00Z;52,82022;0;3
1981-02-23 11:00:00Z;50,79029;0;3
1981-02-24 11:00:00Z;49,4656;0;3
1981-02-25 11:00:00Z;48,16354;0;3
1981-02-26 11:00:00Z;46,25255;0;3
1981-02-27 11:00:00Z;44,39151;0;3
1981-02-28 11:00:00Z;42,57982;0;3
1981-03-01 11:00:00Z;39,66832;0;3
1981-03-02 11:00:00Z;38,54099;0;3
1981-03-03 11:00:00Z;37,43468;0;3
1981-03-04 11:00:00Z;36,34922;0;3
1981-03-05 11:00:00Z;35,2844;0;3
1981-03-06 11:00:00Z;34,24007;0;3
1981-03-07 11:00:00Z;33,21603;0;3
1981-03-08 11:00:00Z;32,21209;0;3
1981-03-09 11:00:00Z;31,22808;0;3
1981-03-10 11:00:00Z;30,74349;0;3
1981-03-11 11:00:00Z;29,78901;0;3
1981-03-12 11:00:00Z;29,31909;0;3
1981-03-13 11:00:00Z;28,85401;0;3
1981-03-14 11:00:00Z;28,39374;0;3
1981-03-15 11:00:00Z;28,39374;0;3
1981-03-16 11:00:00Z;27,93828;0;3
1981-03-17 11:00:00Z;27,48758;0;3
1981-03-18 11:00:00Z;27,48758;0;3
1981-03-19 11:00:00Z;27,04164;0;3
1981-03-20 11:00:00Z;27,04164;0;3
1981-03-21 11:00:00Z;27,04164;0;3
1981-03-22 11:00:00Z;27,04164;0;3
1981-03-23 11:00:00Z;27,04164;0;3
1981-03-24 11:00:00Z;27,04164;0;3
1981-03-25 11:00:00Z;27,04164;0;3
1981-03-26 11:00:00Z;27,04164;0;3
1981-03-27 11:00:00Z;27,48758;0;3
1981-03-28 11:00:00Z;27,48758;0;3
1981-03-29 11:00:00Z;27,93828;0;3
1981-03-30 11:00:00Z;28,39374;0;3
1981-03-31 11:00:00Z;28,85401;0;3
1981-04-01 11:00:00Z;29,31909;0;3
1981-04-02 11:00:00Z;30,26381;0;3
1981-04-03 11:00:00Z;32,21209;0;3
1981-04-04 11:00:00Z;34,75969;0;3
1981-04-05 11:00:00Z;39,66832;0;3
1981-04-06 11:00:00Z;52,13783;0;3
1981-04-07 11:00:00Z;59,22428;0;3
1981-04-08 11:00:00Z;62,99024;0;3
1981-04-09 11:00:00Z;69,33351;0;3
1981-04-10 11:00:00Z;172,4319;0;3
1981-04-11 11:00:00Z;305,7467;0;3
1981-04-12 11:00:00Z;182,9804;0;3
1981-04-13 11:00:00Z;148,4787;0;3
1981-04-14 11:00:00Z;117,3548;0;3
1981-04-15 11:00:00Z;106,2074;0;3
1981-04-16 11:00:00Z;93,76836;0;3
1981-04-17 11:00:00Z;84,15841;0;3
1981-04-18 11:00:00Z;80,50157;0;3
1981-04-19 11:00:00Z;75,21242;0;3
1981-04-20 11:00:00Z;73,50096;0;3
1981-04-21 11:00:00Z;69,33351;0;3
1981-04-22 11:00:00Z;60,71258;0;3
1981-04-23 11:00:00Z;60,71258;0;3
1981-04-24 11:00:00Z;60,71258;0;3
1981-04-25 11:00:00Z;57,75989;0;3
1981-04-26 11:00:00Z;55,60774;0;3
1981-04-27 11:00:00Z;54,20234;0;3
1981-04-28 11:00:00Z;52,13783;0;3
1981-04-29 11:00:00Z;50,79029;0;3
1981-04-30 11:00:00Z;50,79029;0;3
1981-05-01 11:00:00Z;48,16354;0;3
1981-05-02 11:00:00Z;47,52096;0;3
1981-05-03 11:00:00Z;46,88397;0;3
1981-05-04 11:00:00Z;46,25255;0;3
1981-05-05 11:00:00Z;46,25255;0;3
1981-05-06 11:00:00Z;45,62668;0;3
1981-05-07 11:00:00Z;46,25255;0;3
1981-05-08 11:00:00Z;48,81174;0;3
1981-05-09 11:00:00Z;51,4612;0;3
1981-05-10 11:00:00Z;84,15841;0;3
1981-05-11 11:00:00Z;119,6716;0;3
1981-05-12 11:00:00Z;218,8383;0;3
1981-05-13 11:00:00Z;362,4558;0;3
1981-05-14 11:00:00Z;404,668;0;3
1981-05-15 11:00:00Z;417,6632;0;3
1981-05-16 11:00:00Z;439,0141;0;3
1981-05-17 11:00:00Z;486,7108;0;3
1981-05-18 11:00:00Z;540,7516;0;3
1981-05-19 11:00:00Z;598,546;0;3
1981-05-20 11:00:00Z;646,1667;0;3
1981-05-21 11:00:00Z;639,2183;0;3
1981-05-22 11:00:00Z;699,8481;0;3
1981-05-23 11:00:00Z;856,9449;0;3
1981-05-24 11:00:00Z;943,3937;0;3
1981-05-25 11:00:00Z;952,3373;0;3
1981-05-26 11:00:00Z;988,6614;0;3
1981-05-27 11:00:00Z;925,6709;0;3
1981-05-28 11:00:00Z;823,8634;0;3
1981-05-29 11:00:00Z;779,7476;0;3
1981-05-30 11:00:00Z;873,8042;0;3
1981-05-31 11:00:00Z;681,6446;0;3
1981-06-01 11:00:00Z;674,4503;0;3
1981-06-02 11:00:00Z;744,8175;0;3
1981-06-03 11:00:00Z;591,9354;0;3
1981-06-04 11:00:00Z;531,4872;0;3
1981-06-05 11:00:00Z;585,3724;0;3
1981-06-06 11:00:00Z;519,296;0;3
1981-06-07 11:00:00Z;396,9986;0;3
1981-06-08 11:00:00Z;360,0662;0;3
1981-06-09 11:00:00Z;357,6869;0;3
1981-06-10 11:00:00Z;352,9589;0;3
1981-06-11 11:00:00Z;498,4014;0;3
1981-06-12 11:00:00Z;420,2943;0;3
1981-06-13 11:00:00Z;288,9044;0;3
1981-06-14 11:00:00Z;243,8701;0;3
1981-06-15 11:00:00Z;231,1341;0;3
1981-06-16 11:00:00Z;225,811;0;3
1981-06-17 11:00:00Z;227,5764;0;3
1981-06-18 11:00:00Z;187,6264;0;3
1981-06-19 11:00:00Z;163,7116;0;3
1981-06-20 11:00:00Z;152,5375;0;3
1981-06-21 11:00:00Z;158,0604;0;3
1981-06-22 11:00:00Z;160,8699;0;3
1981-06-23 11:00:00Z;193,9393;0;3
1981-06-24 11:00:00Z;245,7259;0;3
1981-06-25 11:00:00Z;260,9032;0;3
1981-06-26 11:00:00Z;249,4649;0;3
1981-06-27 11:00:00Z;212,007;0;3
1981-06-28 11:00:00Z;184,5206;0;3
1981-06-29 11:00:00Z;166,5858;0;3
1981-06-30 11:00:00Z;169,4925;0;3
1981-07-01 11:00:00Z;206,9756;0;3
1981-07-02 11:00:00Z;249,4649;0;3
1981-07-03 11:00:00Z;290,9759;0;3
1981-07-04 11:00:00Z;295,1477;0;3
1981-07-05 11:00:00Z;272,6768;0;3
1981-07-06 11:00:00Z;266,7478;0;3
1981-07-07 11:00:00Z;288,9044;0;3
1981-07-08 11:00:00Z;325,4419;0;3
1981-07-09 11:00:00Z;312,2231;0;3
1981-07-10 11:00:00Z;312,2231;0;3
1981-07-11 11:00:00Z;384,4271;0;3
1981-07-12 11:00:00Z;305,7467;0;3
1981-07-13 11:00:00Z;255,1424;0;3
1981-07-14 11:00:00Z;266,7478;0;3
1981-07-15 11:00:00Z;379,4719;0;3
1981-07-16 11:00:00Z;293,057;0;3
1981-07-17 11:00:00Z;225,811;0;3
1981-07-18 11:00:00Z;195,5387;0;3
1981-07-19 11:00:00Z;198,7634;0;3
1981-07-20 11:00:00Z;172,4319;0;3
1981-07-21 11:00:00Z;158,0604;0;3
1981-07-22 11:00:00Z;152,5375;0;3
1981-07-23 11:00:00Z;280,7145;0;3
1981-07-24 11:00:00Z;348,2718;0;3
1981-07-25 11:00:00Z;236,5381;0;3
1981-07-26 11:00:00Z;224,0545;0;3
1981-07-27 11:00:00Z;360,0662;0;3
1981-07-28 11:00:00Z;339,0191;0;3
1981-07-29 11:00:00Z;220,5682;0;3
1981-07-30 11:00:00Z;190,7658;0;3
1981-07-31 11:00:00Z;162,2867;0;3
1981-08-01 11:00:00Z;143,1771;0;3
1981-08-02 11:00:00Z;134,198;0;3
1981-08-03 11:00:00Z;134,198;0;3
1981-08-04 11:00:00Z;210,3212;0;3
1981-08-05 11:00:00Z;242,0234;0;3
1981-08-06 11:00:00Z;234,7277;0;3
1981-08-07 11:00:00Z;325,4419;0;3
1981-08-08 11:00:00Z;224,0545;0;3
1981-08-09 11:00:00Z;163,7116;0;3
1981-08-10 11:00:00Z;139,2826;0;3
1981-08-11 11:00:00Z;122,0178;0;3
1981-08-12 11:00:00Z;110,5797;0;3
1981-08-13 11:00:00Z;107,2898;0;3
1981-08-14 11:00:00Z;104,0641;0;3
1981-08-15 11:00:00Z;107,2898;0;3
1981-08-16 11:00:00Z;131,7016;0;3
1981-08-17 11:00:00Z;141,8711;0;3
1981-08-18 11:00:00Z;134,198;0;3
1981-08-19 11:00:00Z;108,3793;0;3
1981-08-20 11:00:00Z;95,77194;0;3
1981-08-21 11:00:00Z;86,02658;0;3
1981-08-22 11:00:00Z;81,4059;0;3
1981-08-23 11:00:00Z;78,71255;0;3
1981-08-24 11:00:00Z;72,65481;0;3
1981-08-25 11:00:00Z;70,98154;0;3
1981-08-26 11:00:00Z;125,593;0;3
1981-08-27 11:00:00Z;145,8122;0;3
1981-08-28 11:00:00Z;101,949;0;3
1981-08-29 11:00:00Z;85,08916;0;3
1981-08-30 11:00:00Z;75,21242;0;3
1981-08-31 11:00:00Z;69,33351;0;3
1981-09-01 11:00:00Z;65,32269;0;3
1981-09-02 11:00:00Z;62,22496;0;3
1981-09-03 11:00:00Z;60,71258;0;3
1981-09-04 11:00:00Z;66,9084;0;3
1981-09-05 11:00:00Z;66,11246;0;3
1981-09-06 11:00:00Z;165,1446;0;3
1981-09-07 11:00:00Z;242,0234;0;3
1981-09-08 11:00:00Z;386,9203;0;3
1981-09-09 11:00:00Z;229,3508;0;3
1981-09-10 11:00:00Z;159,4612;0;3
1981-09-11 11:00:00Z;123,2021;0;3
1981-09-12 11:00:00Z;106,2074;0;3
1981-09-13 11:00:00Z;95,77194;0;3
1981-09-14 11:00:00Z;86,02658;0;3
1981-09-15 11:00:00Z;78,71255;0;3
1981-09-16 11:00:00Z;72,65481;0;3
1981-09-17 11:00:00Z;66,9084;0;3
1981-09-18 11:00:00Z;62,99024;0;3
1981-09-19 11:00:00Z;60,71258;0;3
1981-09-20 11:00:00Z;58,48911;0;3
1981-09-21 11:00:00Z;56,31923;0;3
1981-09-22 11:00:00Z;54,20234;0;3
1981-09-23 11:00:00Z;52,82022;0;3
1981-09-24 11:00:00Z;54,90212;0;3
1981-09-25 11:00:00Z;57,03661;0;3
1981-09-26 11:00:00Z;62,99024;0;3
1981-09-27 11:00:00Z;76,94955;0;3
1981-09-28 11:00:00Z;70,98154;0;3
1981-09-29 11:00:00Z;72,65481;0;3
1981-09-30 11:00:00Z;78,71255;0;3
1981-10-01 11:00:00Z;105,1322;0;3
1981-10-02 11:00:00Z;141,8711;0;3
1981-10-03 11:00:00Z;116,2074;0;3
1981-10-04 11:00:00Z;97,80313;0;3
1981-10-05 11:00:00Z;99,86211;0;3
1981-10-06 11:00:00Z;135,4576;0;3
1981-10-07 11:00:00Z;139,2826;0;3
1981-10-08 11:00:00Z;103,003;0;3
1981-10-09 11:00:00Z;88,87903;0;3
1981-10-10 11:00:00Z;83,2343;0;3
1981-10-11 11:00:00Z;83,2343;0;3
1981-10-12 11:00:00Z;87,9215;0;3
1981-10-13 11:00:00Z;83,2343;0;3
1981-10-14 11:00:00Z;83,2343;0;3
1981-10-15 11:00:00Z;83,2343;0;3
1981-10-16 11:00:00Z;76,07776;0;3
1981-10-17 11:00:00Z;70,15438;0;3
1981-10-18 11:00:00Z;63,76161;0;3
1981-10-19 11:00:00Z;58,48911;0;3
1981-10-20 11:00:00Z;58,48911;0;3
1981-10-21 11:00:00Z;56,31923;0;3
1981-10-22 11:00:00Z;54,20234;0;3
1981-10-23 11:00:00Z;52,82022;0;3
1981-10-24 11:00:00Z;51,4612;0;3
1981-10-25 11:00:00Z;47,52096;0;3
1981-10-26 11:00:00Z;47,52096;0;3
1981-10-27 11:00:00Z;41,98678;0;3
1981-10-28 11:00:00Z;41,98678;0;3
1981-10-29 11:00:00Z;46,88397;0;3
1981-10-30 11:00:00Z;44,39151;0;3
1981-10-31 11:00:00Z;40,23993;0;3
1981-11-01 11:00:00Z;39,66832;0;3
1981-11-02 11:00:00Z;35,81424;0;3
1981-11-03 11:00:00Z;32,71156;0;3
1981-11-04 11:00:00Z;35,81424;0;3
1981-11-05 11:00:00Z;45,62668;0;3
1981-11-06 11:00:00Z;45,00634;0;3
1981-11-07 11:00:00Z;39,66832;0;3
1981-11-08 11:00:00Z;40,23993;0;3
1981-11-09 11:00:00Z;39,66832;0;3
1981-11-10 11:00:00Z;46,25255;0;3
1981-11-11 11:00:00Z;57,75989;0;3
1981-11-12 11:00:00Z;54,90212;0;3
1981-11-13 11:00:00Z;45,62668;0;3
1981-11-14 11:00:00Z;40,23993;0;3
1981-11-15 11:00:00Z;39,10202;0;3
1981-11-16 11:00:00Z;41,39913;0;3
1981-11-17 11:00:00Z;41,39913;0;3
1981-11-18 11:00:00Z;39,10202;0;3
1981-11-19 11:00:00Z;40,23993;0;3
1981-11-20 11:00:00Z;39,10202;0;3
1981-11-21 11:00:00Z;37,98522;0;3
1981-11-22 11:00:00Z;38,54099;0;3
1981-11-23 11:00:00Z;37,43468;0;3
1981-11-24 11:00:00Z;36,34922;0;3
1981-11-25 11:00:00Z;35,2844;0;3
1981-11-26 11:00:00Z;33,21603;0;3
1981-11-27 11:00:00Z;33,21603;0;3
1981-11-28 11:00:00Z;35,2844;0;3
1981-11-29 11:00:00Z;37,98522;0;3
1981-11-30 11:00:00Z;37,43468;0;3
1981-12-01 11:00:00Z;35,2844;0;3
1981-12-02 11:00:00Z;35,81424;0;3
1981-12-03 11:00:00Z;125,593;0;3
1981-12-04 11:00:00Z;173,914;0;3
1981-12-05 11:00:00Z;94,76671;0;3
1981-12-06 11:00:00Z;73,50096;0;3
1981-12-07 11:00:00Z;56,31923;0;3
1981-12-08 11:00:00Z;46,25255;0;3
1981-12-09 11:00:00Z;41,39913;0;3
1981-12-10 11:00:00Z;38,54099;0;3
1981-12-11 11:00:00Z;35,81424;0;3
1981-12-12 11:00:00Z;33,72552;0;3
1981-12-13 11:00:00Z;31,71761;0;3
1981-12-14 11:00:00Z;30,26381;0;3
1981-12-15 11:00:00Z;28,85401;0;3
1981-12-16 11:00:00Z;27,48758;0;3
1981-12-17 11:00:00Z;26,60042;0;3
1981-12-18 11:00:00Z;25,73208;0;3
1981-12-19 11:00:00Z;24,88236;0;3
1981-12-20 11:00:00Z;24,46443;0;3
1981-12-21 11:00:00Z;23,64231;0;3
1981-12-22 11:00:00Z;22,83835;0;3
1981-12-23 11:00:00Z;22,44312;0;3
1981-12-24 11:00:00Z;22,05236;0;3
1981-12-25 11:00:00Z;21,66605;0;3
1981-12-26 11:00:00Z;21,28416;0;3
1981-12-27 11:00:00Z;21,28416;0;3
1981-12-28 11:00:00Z;20,90668;0;3
1981-12-29 11:00:00Z;20,90668;0;3
1981-12-30 11:00:00Z;20,53357;0;3
1981-12-31 11:00:00Z;20,53357;0;3
1982-01-01 11:00:00Z;20,53357;0;3
1982-01-02 11:00:00Z;20,53357;0;3
1982-01-03 11:00:00Z;20,53357;0;3
1982-01-04 11:00:00Z;20,16481;0;3
1982-01-05 11:00:00Z;20,16481;0;3
1982-01-06 11:00:00Z;20,16481;0;3
1982-01-07 11:00:00Z;20,16481;0;3
1982-01-08 11:00:00Z;20,16481;0;3
1982-01-09 11:00:00Z;20,16481;0;3
1982-01-10 11:00:00Z;19,80038;0;3
1982-01-11 11:00:00Z;19,80038;0;3
1982-01-12 11:00:00Z;19,80038;0;3
1982-01-13 11:00:00Z;19,80038;0;3
1982-01-14 11:00:00Z;52,13783;0;3
1982-01-15 11:00:00Z;97,80313;0;3
1982-01-16 11:00:00Z;76,94955;0;3
1982-01-17 11:00:00Z;70,98154;0;3
1982-01-18 11:00:00Z;71,815;0;3
1982-01-19 11:00:00Z;74,35349;0;3
1982-01-20 11:00:00Z;79,60379;0;3
1982-01-21 11:00:00Z;83,2343;0;3
1982-01-22 11:00:00Z;76,07776;0;3
1982-01-23 11:00:00Z;64,53909;0;3
1982-01-24 11:00:00Z;57,75989;0;3
1982-01-25 11:00:00Z;50,79029;0;3
1982-01-26 11:00:00Z;44,39151;0;3
1982-01-27 11:00:00Z;40,23993;0;3
1982-01-28 11:00:00Z;37,43468;0;3
1982-01-29 11:00:00Z;34,75969;0;3
1982-01-30 11:00:00Z;32,71156;0;3
1982-01-31 11:00:00Z;31,71761;0;3
1982-02-01 11:00:00Z;29,31909;0;3
1982-02-02 11:00:00Z;27,93828;0;3
1982-02-03 11:00:00Z;26,60042;0;3
1982-02-04 11:00:00Z;25,73208;0;3
1982-02-05 11:00:00Z;24,88236;0;3
1982-02-06 11:00:00Z;24,05109;0;3
1982-02-07 11:00:00Z;23,23807;0;3
1982-02-08 11:00:00Z;22,83835;0;3
1982-02-09 11:00:00Z;22,44312;0;3
1982-02-10 11:00:00Z;22,05236;0;3
1982-02-11 11:00:00Z;21,66605;0;3
1982-02-12 11:00:00Z;20,90668;0;3
1982-02-13 11:00:00Z;20,53357;0;3
1982-02-14 11:00:00Z;20,16481;0;3
1982-02-15 11:00:00Z;19,80038;0;3
1982-02-16 11:00:00Z;19,80038;0;3
1982-02-17 11:00:00Z;19,44026;0;3
1982-02-18 11:00:00Z;19,44026;0;3
1982-02-19 11:00:00Z;19,08442;0;3
1982-02-20 11:00:00Z;18,73284;0;3
1982-02-21 11:00:00Z;18,3855;0;3
1982-02-22 11:00:00Z;20,16481;0;3
1982-02-23 11:00:00Z;22,05236;0;3
1982-02-24 11:00:00Z;22,83835;0;3
1982-02-25 11:00:00Z;23,64231;0;3
1982-02-26 11:00:00Z;22,44312;0;3
1982-02-27 11:00:00Z;20,53357;0;3
1982-02-28 11:00:00Z;20,16481;0;3
1982-03-01 11:00:00Z;19,44026;0;3
1982-03-02 11:00:00Z;19,08442;0;3
1982-03-03 11:00:00Z;19,08442;0;3
1982-03-04 11:00:00Z;18,73284;0;3
1982-03-05 11:00:00Z;18,73284;0;3
1982-03-06 11:00:00Z;18,3855;0;3
1982-03-07 11:00:00Z;18,3855;0;3
1982-03-08 11:00:00Z;18,04236;0;3
1982-03-09 11:00:00Z;18,04236;0;3
1982-03-10 11:00:00Z;17,70341;0;3
1982-03-11 11:00:00Z;17,70341;0;3
1982-03-12 11:00:00Z;17,70341;0;3
1982-03-13 11:00:00Z;17,36863;0;3
1982-03-14 11:00:00Z;17,36863;0;3
1982-03-15 11:00:00Z;17,36863;0;3
1982-03-16 11:00:00Z;17,36863;0;3
1982-03-17 11:00:00Z;17,03799;0;3
1982-03-18 11:00:00Z;17,03799;0;3
1982-03-19 11:00:00Z;17,03799;0;3
1982-03-20 11:00:00Z;17,03799;0;3
1982-03-21 11:00:00Z;17,03799;0;3
1982-03-22 11:00:00Z;17,03799;0;3
1982-03-23 11:00:00Z;17,03799;0;3
1982-03-24 11:00:00Z;37,98522;0;3
1982-03-25 11:00:00Z;103,003;0;3
1982-03-26 11:00:00Z;783,6932;0;3
1982-03-27 11:00:00Z;498,4014;0;3
1982-03-28 11:00:00Z;227,5764;0;3
1982-03-29 11:00:00Z;156,6677;0;3
1982-03-30 11:00:00Z;120,841;0;3
1982-03-31 11:00:00Z;113,9345;0;3
1982-04-01 11:00:00Z;128,0138;0;3
1982-04-02 11:00:00Z;126,7997;0;3
1982-04-03 11:00:00Z;112,809;0;3
1982-04-04 11:00:00Z;116,2074;0;3
1982-04-05 11:00:00Z;92,77686;0;3
1982-04-06 11:00:00Z;79,60379;0;3
1982-04-07 11:00:00Z;74,35349;0;3
1982-04-08 11:00:00Z;66,9084;0;3
1982-04-09 11:00:00Z;62,99024;0;3
1982-04-10 11:00:00Z;58,48911;0;3
1982-04-11 11:00:00Z;55,60774;0;3
1982-04-12 11:00:00Z;52,82022;0;3
1982-04-13 11:00:00Z;50,79029;0;3
1982-04-14 11:00:00Z;49,4656;0;3
1982-04-15 11:00:00Z;48,81174;0;3
1982-04-16 11:00:00Z;86,02658;0;3
1982-04-17 11:00:00Z;105,1322;0;3
1982-04-18 11:00:00Z;80,50157;0;3
1982-04-19 11:00:00Z;74,35349;0;3
1982-04-20 11:00:00Z;80,50157;0;3
1982-04-21 11:00:00Z;85,08916;0;3
1982-04-22 11:00:00Z;111,6908;0;3
1982-04-23 11:00:00Z;148,4787;0;3
1982-04-24 11:00:00Z;140,573;0;3
1982-04-25 11:00:00Z;202,0224;0;3
1982-04-26 11:00:00Z;203,6648;0;3
1982-04-27 11:00:00Z;123,2021;0;3
1982-04-28 11:00:00Z;144,4907;0;3
1982-04-29 11:00:00Z;113,9345;0;3
1982-04-30 11:00:00Z;103,003;0;3
1982-05-01 11:00:00Z;96,78407;0;3
1982-05-02 11:00:00Z;89,84331;0;3
1982-05-03 11:00:00Z;88,87903;0;3
1982-05-04 11:00:00Z;94,76671;0;3
1982-05-05 11:00:00Z;98,82915;0;3
1982-05-06 11:00:00Z;104,0641;0;3
1982-05-07 11:00:00Z;113,9345;0;3
1982-05-08 11:00:00Z;118,5095;0;3
1982-05-09 11:00:00Z;140,573;0;3
1982-05-10 11:00:00Z;166,5858;0;3
1982-05-11 11:00:00Z;158,0604;0;3
1982-05-12 11:00:00Z;184,5206;0;3
1982-05-13 11:00:00Z;172,4319;0;3
1982-05-14 11:00:00Z;139,2826;0;3
1982-05-15 11:00:00Z;130,4648;0;3
1982-05-16 11:00:00Z;126,7997;0;3
1982-05-17 11:00:00Z;128,0138;0;3
1982-05-18 11:00:00Z;139,2826;0;3
1982-05-19 11:00:00Z;145,8122;0;3
1982-05-20 11:00:00Z;168,035;0;3
1982-05-21 11:00:00Z;186,0693;0;3
1982-05-22 11:00:00Z;206,9756;0;3
1982-05-23 11:00:00Z;243,8701;0;3
1982-05-24 11:00:00Z;278,6909;0;3
1982-05-25 11:00:00Z;320,9961;0;3
1982-05-26 11:00:00Z;447,1998;0;3
1982-05-27 11:00:00Z;696,1824;0;3
1982-05-28 11:00:00Z;656,6808;0;3
1982-05-29 11:00:00Z;516,2769;0;3
1982-05-30 11:00:00Z;565,9677;0;3
1982-05-31 11:00:00Z;1168,37;0;3
1982-06-01 11:00:00Z;961,3356;0;3
1982-06-02 11:00:00Z;856,9449;0;3
1982-06-03 11:00:00Z;832,0546;0;3
1982-06-04 11:00:00Z;827,9523;0;3
1982-06-05 11:00:00Z;903,8237;0;3
1982-06-06 11:00:00Z;733,4043;0;3
1982-06-07 11:00:00Z;525,3687;0;3
1982-06-08 11:00:00Z;409,8341;0;3
1982-06-09 11:00:00Z;318,788;0;3
1982-06-10 11:00:00Z;243,8701;0;3
1982-06-11 11:00:00Z;200,3886;0;3
1982-06-12 11:00:00Z;165,1446;0;3
1982-06-13 11:00:00Z;149,8238;0;3
1982-06-14 11:00:00Z;139,2826;0;3
1982-06-15 11:00:00Z;137,9999;0;3
1982-06-16 11:00:00Z;144,4907;0;3
1982-06-17 11:00:00Z;151,1767;0;3
1982-06-18 11:00:00Z;155,283;0;3
1982-06-19 11:00:00Z;158,0604;0;3
1982-06-20 11:00:00Z;149,8238;0;3
1982-06-21 11:00:00Z;135,4576;0;3
1982-06-22 11:00:00Z;130,4648;0;3
1982-06-23 11:00:00Z;124,3938;0;3
1982-06-24 11:00:00Z;124,3938;0;3
1982-06-25 11:00:00Z;126,7997;0;3
1982-06-26 11:00:00Z;137,9999;0;3
1982-06-27 11:00:00Z;162,2867;0;3
1982-06-28 11:00:00Z;258,9736;0;3
1982-06-29 11:00:00Z;280,7145;0;3
1982-06-30 11:00:00Z;329,9277;0;3
1982-07-01 11:00:00Z;372,1172;0;3
1982-07-02 11:00:00Z;384,4271;0;3
1982-07-03 11:00:00Z;402,101;0;3
1982-07-04 11:00:00Z;452,7115;0;3
1982-07-05 11:00:00Z;433,6115;0;3
1982-07-06 11:00:00Z;486,7108;0;3
1982-07-07 11:00:00Z;402,101;0;3
1982-07-08 11:00:00Z;297,2481;0;3
1982-07-09 11:00:00Z;266,7478;0;3
1982-07-10 11:00:00Z;260,9032;0;3
1982-07-11 11:00:00Z;307,8957;0;3
1982-07-12 11:00:00Z;345,9434;0;3
1982-07-13 11:00:00Z;290,9759;0;3
1982-07-14 11:00:00Z;231,1341;0;3
1982-07-15 11:00:00Z;220,5682;0;3
1982-07-16 11:00:00Z;303,6074;0;3
1982-07-17 11:00:00Z;369,6863;0;3
1982-07-18 11:00:00Z;339,0191;0;3
1982-07-19 11:00:00Z;329,9277;0;3
1982-07-20 11:00:00Z;605,2043;0;3
1982-07-21 11:00:00Z;504,3145;0;3
1982-07-22 11:00:00Z;320,9961;0;3
1982-07-23 11:00:00Z;329,9277;0;3
1982-07-24 11:00:00Z;332,1855;0;3
1982-07-25 11:00:00Z;264,7903;0;3
1982-07-26 11:00:00Z;238,3575;0;3
1982-07-27 11:00:00Z;186,0693;0;3
1982-07-28 11:00:00Z;159,4612;0;3
1982-07-29 11:00:00Z;151,1767;0;3
1982-07-30 11:00:00Z;141,8711;0;3
1982-07-31 11:00:00Z;141,8711;0;3
1982-08-01 11:00:00Z;128,0138;0;3
1982-08-02 11:00:00Z;118,5095;0;3
1982-08-03 11:00:00Z;103,003;0;3
1982-08-04 11:00:00Z;92,77686;0;3
1982-08-05 11:00:00Z;86,9707;0;3
1982-08-06 11:00:00Z;83,2343;0;3
1982-08-07 11:00:00Z;83,2343;0;3
1982-08-08 11:00:00Z;85,08916;0;3
1982-08-09 11:00:00Z;89,84331;0;3
1982-08-10 11:00:00Z;106,2074;0;3
1982-08-11 11:00:00Z;93,76836;0;3
1982-08-12 11:00:00Z;97,80313;0;3
1982-08-13 11:00:00Z;141,8711;0;3
1982-08-14 11:00:00Z;149,8238;0;3
1982-08-15 11:00:00Z;122,0178;0;3
1982-08-16 11:00:00Z;99,86211;0;3
1982-08-17 11:00:00Z;91,79221;0;3
1982-08-18 11:00:00Z;98,82915;0;3
1982-08-19 11:00:00Z;98,82915;0;3
1982-08-20 11:00:00Z;107,2898;0;3
1982-08-21 11:00:00Z;116,2074;0;3
1982-08-22 11:00:00Z;128,0138;0;3
1982-08-23 11:00:00Z;112,809;0;3
1982-08-24 11:00:00Z;96,78407;0;3
1982-08-25 11:00:00Z;86,9707;0;3
1982-08-26 11:00:00Z;89,84331;0;3
1982-08-27 11:00:00Z;132,946;0;3
1982-08-28 11:00:00Z;108,3793;0;3
1982-08-29 11:00:00Z;115,0673;0;3
1982-08-30 11:00:00Z;109,4759;0;3
1982-08-31 11:00:00Z;151,1767;0;3
1982-09-01 11:00:00Z;215,4051;0;3
1982-09-02 11:00:00Z;213,7017;0;3
1982-09-03 11:00:00Z;168,035;0;3
1982-09-04 11:00:00Z;147,1416;0;3
1982-09-05 11:00:00Z;135,4576;0;3
1982-09-06 11:00:00Z;132,946;0;3
1982-09-07 11:00:00Z;117,3548;0;3
1982-09-08 11:00:00Z;103,003;0;3
1982-09-09 11:00:00Z;96,78407;0;3
1982-09-10 11:00:00Z;90,81436;0;3
1982-09-11 11:00:00Z;179,925;0;3
1982-09-12 11:00:00Z;372,1172;0;3
1982-09-13 11:00:00Z;229,3508;0;3
1982-09-14 11:00:00Z;162,2867;0;3
1982-09-15 11:00:00Z;472,35;0;3
1982-09-16 11:00:00Z;688,8885;0;3
1982-09-17 11:00:00Z;480,933;0;3
1982-09-18 11:00:00Z;430,9264;0;3
1982-09-19 11:00:00Z;329,9277;0;3
1982-09-20 11:00:00Z;224,0545;0;3
1982-09-21 11:00:00Z;178,4098;0;3
1982-09-22 11:00:00Z;192,3483;0;3
1982-09-23 11:00:00Z;295,1477;0;3
1982-09-24 11:00:00Z;190,7658;0;3
1982-09-25 11:00:00Z;148,4787;0;3
1982-09-26 11:00:00Z;124,3938;0;3
1982-09-27 11:00:00Z;125,593;0;3
1982-09-28 11:00:00Z;120,841;0;3
1982-09-29 11:00:00Z;110,5797;0;3
1982-09-30 11:00:00Z;100,9021;0;3
1982-10-01 11:00:00Z;95,77194;0;3
1982-10-02 11:00:00Z;92,77686;0;3
1982-10-03 11:00:00Z;87,9215;0;3
1982-10-04 11:00:00Z;83,2343;0;3
1982-10-05 11:00:00Z;77,82781;0;3
1982-10-06 11:00:00Z;73,50096;0;3
1982-10-07 11:00:00Z;69,33351;0;3
1982-10-08 11:00:00Z;65,32269;0;3
1982-10-09 11:00:00Z;62,22496;0;3
1982-10-10 11:00:00Z;59,22428;0;3
1982-10-11 11:00:00Z;57,03661;0;3
1982-10-12 11:00:00Z;55,60774;0;3
1982-10-13 11:00:00Z;54,20234;0;3
1982-10-14 11:00:00Z;52,82022;0;3
1982-10-15 11:00:00Z;50,79029;0;3
1982-10-16 11:00:00Z;48,16354;0;3
1982-10-17 11:00:00Z;45,62668;0;3
1982-10-18 11:00:00Z;47,52096;0;3
1982-10-19 11:00:00Z;46,25255;0;3
1982-10-20 11:00:00Z;43,78216;0;3
1982-10-21 11:00:00Z;44,39151;0;3
1982-10-22 11:00:00Z;53,50838;0;3
1982-10-23 11:00:00Z;54,90212;0;3
1982-10-24 11:00:00Z;65,32269;0;3
1982-10-25 11:00:00Z;69,33351;0;3
1982-10-26 11:00:00Z;73,50096;0;3
1982-10-27 11:00:00Z;72,65481;0;3
1982-10-28 11:00:00Z;299,3581;0;3
1982-10-29 11:00:00Z;310,0545;0;3
1982-10-30 11:00:00Z;399,5445;0;3
1982-10-31 11:00:00Z;253,2407;0;3
1982-11-01 11:00:00Z;155,283;0;3
1982-11-02 11:00:00Z;314,4016;0;3
1982-11-03 11:00:00Z;251,3482;0;3
1982-11-04 11:00:00Z;153,9063;0;3
1982-11-05 11:00:00Z;118,5095;0;3
1982-11-06 11:00:00Z;100,9021;0;3
1982-11-07 11:00:00Z;92,77686;0;3
1982-11-08 11:00:00Z;87,9215;0;3
1982-11-09 11:00:00Z;83,2343;0;3
1982-11-10 11:00:00Z;100,9021;0;3
1982-11-11 11:00:00Z;151,1767;0;3
1982-11-12 11:00:00Z;173,914;0;3
1982-11-13 11:00:00Z;178,4098;0;3
1982-11-14 11:00:00Z;172,4319;0;3
1982-11-15 11:00:00Z;118,5095;0;3
1982-11-16 11:00:00Z;103,003;0;3
1982-11-17 11:00:00Z;91,79221;0;3
1982-11-18 11:00:00Z;79,60379;0;3
1982-11-19 11:00:00Z;78,71255;0;3
1982-11-20 11:00:00Z;66,9084;0;3
1982-11-21 11:00:00Z;63,76161;0;3
1982-11-22 11:00:00Z;62,22496;0;3
1982-11-23 11:00:00Z;59,22428;0;3
1982-11-24 11:00:00Z;54,20234;0;3
1982-11-25 11:00:00Z;48,16354;0;3
1982-11-26 11:00:00Z;46,25255;0;3
1982-11-27 11:00:00Z;43,78216;0;3
1982-11-28 11:00:00Z;40,81686;0;3
1982-11-29 11:00:00Z;39,10202;0;3
1982-11-30 11:00:00Z;57,75989;0;3
1982-12-01 11:00:00Z;89,84331;0;3
1982-12-02 11:00:00Z;107,2898;0;3
1982-12-03 11:00:00Z;130,4648;0;3
1982-12-04 11:00:00Z;156,6677;0;3
1982-12-05 11:00:00Z;113,9345;0;3
1982-12-06 11:00:00Z;86,02658;0;3
1982-12-07 11:00:00Z;75,21242;0;3
1982-12-08 11:00:00Z;70,15438;0;3
1982-12-09 11:00:00Z;59,22428;0;3
1982-12-10 11:00:00Z;52,13783;0;3
1982-12-11 11:00:00Z;48,16354;0;3
1982-12-12 11:00:00Z;44,39151;0;3
1982-12-13 11:00:00Z;40,23993;0;3
1982-12-14 11:00:00Z;38,54099;0;3
1982-12-15 11:00:00Z;36,88935;0;3
1982-12-16 11:00:00Z;35,2844;0;3
1982-12-17 11:00:00Z;34,75969;0;3
1982-12-18 11:00:00Z;34,24007;0;3
1982-12-19 11:00:00Z;33,72552;0;3
1982-12-20 11:00:00Z;33,21603;0;3
1982-12-21 11:00:00Z;32,71156;0;3
1982-12-22 11:00:00Z;32,21209;0;3
1982-12-23 11:00:00Z;32,21209;0;3
1982-12-24 11:00:00Z;33,21603;0;3
1982-12-25 11:00:00Z;41,98678;0;3
1982-12-26 11:00:00Z;54,20234;0;3
1982-12-27 11:00:00Z;55,60774;0;3
1982-12-28 11:00:00Z;53,50838;0;3
1982-12-29 11:00:00Z;50,1251;0;3
1982-12-30 11:00:00Z;50,1251;0;3
1982-12-31 11:00:00Z;50,79029;0;3
1983-01-01 11:00:00Z;50,1251;0;3
1983-01-02 11:00:00Z;48,81174;0;3
1983-01-03 11:00:00Z;46,88397;0;3
1983-01-04 11:00:00Z;45,62668;0;3
1983-01-05 11:00:00Z;43,17827;0;3
1983-01-06 11:00:00Z;41,39913;0;3
1983-01-07 11:00:00Z;41,39913;0;3
1983-01-08 11:00:00Z;41,39913;0;3
1983-01-09 11:00:00Z;40,81686;0;3
1983-01-10 11:00:00Z;40,81686;0;3
1983-01-11 11:00:00Z;40,81686;0;3
1983-01-12 11:00:00Z;85,08916;0;3
1983-01-13 11:00:00Z;104,0641;0;3
1983-01-14 11:00:00Z;83,2343;0;3
1983-01-15 11:00:00Z;71,815;0;3
1983-01-16 11:00:00Z;65,32269;0;3
1983-01-17 11:00:00Z;60,71258;0;3
1983-01-18 11:00:00Z;55,60774;0;3
1983-01-19 11:00:00Z;52,13783;0;3
1983-01-20 11:00:00Z;50,1251;0;3
1983-01-21 11:00:00Z;49,4656;0;3
1983-01-22 11:00:00Z;48,81174;0;3
1983-01-23 11:00:00Z;48,16354;0;3
1983-01-24 11:00:00Z;50,1251;0;3
1983-01-25 11:00:00Z;52,82022;0;3
1983-01-26 11:00:00Z;55,60774;0;3
1983-01-27 11:00:00Z;57,03661;0;3
1983-01-28 11:00:00Z;52,13783;0;3
1983-01-29 11:00:00Z;47,52096;0;3
1983-01-30 11:00:00Z;45,00634;0;3
1983-01-31 11:00:00Z;41,39913;0;3
1983-02-01 11:00:00Z;39,10202;0;3
1983-02-02 11:00:00Z;36,88935;0;3
1983-02-03 11:00:00Z;35,2844;0;3
1983-02-04 11:00:00Z;33,72552;0;3
1983-02-05 11:00:00Z;31,71761;0;3
1983-02-06 11:00:00Z;30,26381;0;3
1983-02-07 11:00:00Z;28,85401;0;3
1983-02-08 11:00:00Z;27,93828;0;3
1983-02-09 11:00:00Z;27,48758;0;3
1983-02-10 11:00:00Z;26,60042;0;3
1983-02-11 11:00:00Z;26,16391;0;3
1983-02-12 11:00:00Z;25,73208;0;3
1983-02-13 11:00:00Z;25,3049;0;3
1983-02-14 11:00:00Z;24,88236;0;3
1983-02-15 11:00:00Z;24,88236;0;3
1983-02-16 11:00:00Z;25,3049;0;3
1983-02-17 11:00:00Z;26,60042;0;3
1983-02-18 11:00:00Z;28,39374;0;3
1983-02-19 11:00:00Z;52,82022;0;3
1983-02-20 11:00:00Z;71,815;0;3
1983-02-21 11:00:00Z;62,99024;0;3
1983-02-22 11:00:00Z;58,48911;0;3
1983-02-23 11:00:00Z;55,60774;0;3
1983-02-24 11:00:00Z;54,90212;0;3
1983-02-25 11:00:00Z;90,81436;0;3
1983-02-26 11:00:00Z;136,7249;0;3
1983-02-27 11:00:00Z;103,003;0;3
1983-02-28 11:00:00Z;75,21242;0;3
1983-03-01 11:00:00Z;62,99024;0;3
1983-03-02 11:00:00Z;58,48911;0;3
1983-03-03 11:00:00Z;54,20234;0;3
1983-03-04 11:00:00Z;50,79029;0;3
1983-03-05 11:00:00Z;47,52096;0;3
1983-03-06 11:00:00Z;44,39151;0;3
1983-03-07 11:00:00Z;42,57982;0;3
1983-03-08 11:00:00Z;41,39913;0;3
1983-03-09 11:00:00Z;40,23993;0;3
1983-03-10 11:00:00Z;39,66832;0;3
1983-03-11 11:00:00Z;39,10202;0;3
1983-03-12 11:00:00Z;39,10202;0;3
1983-03-13 11:00:00Z;40,23993;0;3
1983-03-14 11:00:00Z;63,76161;0;3
1983-03-15 11:00:00Z;67,71054;0;3
1983-03-16 11:00:00Z;59,96543;0;3
1983-03-17 11:00:00Z;54,90212;0;3
1983-03-18 11:00:00Z;52,82022;0;3
1983-03-19 11:00:00Z;57,03661;0;3
1983-03-20 11:00:00Z;54,20234;0;3
1983-03-21 11:00:00Z;53,50838;0;3
1983-03-22 11:00:00Z;50,79029;0;3
1983-03-23 11:00:00Z;46,25255;0;3
1983-03-24 11:00:00Z;44,39151;0;3
1983-03-25 11:00:00Z;41,98678;0;3
1983-03-26 11:00:00Z;41,39913;0;3
1983-03-27 11:00:00Z;40,23993;0;3
1983-03-28 11:00:00Z;39,10202;0;3
1983-03-29 11:00:00Z;39,10202;0;3
1983-03-30 11:00:00Z;38,54099;0;3
1983-03-31 11:00:00Z;37,98522;0;3
1983-04-01 11:00:00Z;37,43468;0;3
1983-04-02 11:00:00Z;36,34922;0;3
1983-04-03 11:00:00Z;35,81424;0;3
1983-04-04 11:00:00Z;35,2844;0;3
1983-04-05 11:00:00Z;34,75969;0;3
1983-04-06 11:00:00Z;34,75969;0;3
1983-04-07 11:00:00Z;34,24007;0;3
1983-04-08 11:00:00Z;34,75969;0;3
1983-04-09 11:00:00Z;34,75969;0;3
1983-04-10 11:00:00Z;35,2844;0;3
1983-04-11 11:00:00Z;33,21603;0;3
1983-04-12 11:00:00Z;31,71761;0;3
1983-04-13 11:00:00Z;28,85401;0;3
1983-04-14 11:00:00Z;27,93828;0;3
1983-04-15 11:00:00Z;28,39374;0;3
1983-04-16 11:00:00Z;28,85401;0;3
1983-04-17 11:00:00Z;35,2844;0;3
1983-04-18 11:00:00Z;53,50838;0;3
1983-04-19 11:00:00Z;59,22428;0;3
1983-04-20 11:00:00Z;60,71258;0;3
1983-04-21 11:00:00Z;79,60379;0;3
1983-04-22 11:00:00Z;108,3793;0;3
1983-04-23 11:00:00Z;172,4319;0;3
1983-04-24 11:00:00Z;186,0693;0;3
1983-04-25 11:00:00Z;189,1919;0;3
1983-04-26 11:00:00Z;198,7634;0;3
1983-04-27 11:00:00Z;187,6264;0;3
1983-04-28 11:00:00Z;187,6264;0;3
1983-04-29 11:00:00Z;205,3159;0;3
1983-04-30 11:00:00Z;205,3159;0;3
1983-05-01 11:00:00Z;206,9756;0;3
1983-05-02 11:00:00Z;202,0224;0;3
1983-05-03 11:00:00Z;187,6264;0;3
1983-05-04 11:00:00Z;165,1446;0;3
1983-05-05 11:00:00Z;152,5375;0;3
1983-05-06 11:00:00Z;156,6677;0;3
1983-05-07 11:00:00Z;172,4319;0;3
1983-05-08 11:00:00Z;232,9264;0;3
1983-05-09 11:00:00Z;310,0545;0;3
1983-05-10 11:00:00Z;386,9203;0;3
1983-05-11 11:00:00Z;480,933;0;3
1983-05-12 11:00:00Z;534,5638;0;3
1983-05-13 11:00:00Z;598,546;0;3
1983-05-14 11:00:00Z;611,9107;0;3
1983-05-15 11:00:00Z;556,4241;0;3
1983-05-16 11:00:00Z;501,3523;0;3
1983-05-17 11:00:00Z;537,6519;0;3
1983-05-18 11:00:00Z;660,2101;0;3
1983-05-19 11:00:00Z;760,2137;0;3
1983-05-20 11:00:00Z;787,6515;0;3
1983-05-21 11:00:00Z;707,2169;0;3
1983-05-22 11:00:00Z;598,546;0;3
1983-05-23 11:00:00Z;729,6253;0;3
1983-05-24 11:00:00Z;807,6387;0;3
1983-05-25 11:00:00Z;615,2819;0;3
1983-05-26 11:00:00Z;486,7108;0;3
1983-05-27 11:00:00Z;417,6632;0;3
1983-05-28 11:00:00Z;402,101;0;3
1983-05-29 11:00:00Z;420,2943;0;3
1983-05-30 11:00:00Z;422,9362;0;3
1983-05-31 11:00:00Z;433,6115;0;3
1983-06-01 11:00:00Z;447,1998;0;3
1983-06-02 11:00:00Z;417,6632;0;3
1983-06-03 11:00:00Z;345,9434;0;3
1983-06-04 11:00:00Z;280,7145;0;3
1983-06-05 11:00:00Z;232,9264;0;3
1983-06-06 11:00:00Z;236,5381;0;3
1983-06-07 11:00:00Z;327,6798;0;3
1983-06-08 11:00:00Z;327,6798;0;3
1983-06-09 11:00:00Z;314,4016;0;3
1983-06-10 11:00:00Z;433,6115;0;3
1983-06-11 11:00:00Z;352,9589;0;3
1983-06-12 11:00:00Z;343,6252;0;3
1983-06-13 11:00:00Z;343,6252;0;3
1983-06-14 11:00:00Z;314,4016;0;3
1983-06-15 11:00:00Z;312,2231;0;3
1983-06-16 11:00:00Z;334,4533;0;3
1983-06-17 11:00:00Z;288,9044;0;3
1983-06-18 11:00:00Z;243,8701;0;3
1983-06-19 11:00:00Z;312,2231;0;3
1983-06-20 11:00:00Z;276,6767;0;3
1983-06-21 11:00:00Z;205,3159;0;3
1983-06-22 11:00:00Z;169,4925;0;3
1983-06-23 11:00:00Z;159,4612;0;3
1983-06-24 11:00:00Z;192,3483;0;3
1983-06-25 11:00:00Z;189,1919;0;3
1983-06-26 11:00:00Z;172,4319;0;3
1983-06-27 11:00:00Z;184,5206;0;3
1983-06-28 11:00:00Z;229,3508;0;3
1983-06-29 11:00:00Z;258,9736;0;3
1983-06-30 11:00:00Z;297,2481;0;3
1983-07-01 11:00:00Z;297,2481;0;3
1983-07-02 11:00:00Z;299,3581;0;3
1983-07-03 11:00:00Z;314,4016;0;3
1983-07-04 11:00:00Z;288,9044;0;3
1983-07-05 11:00:00Z;218,8383;0;3
1983-07-06 11:00:00Z;202,0224;0;3
1983-07-07 11:00:00Z;210,3212;0;3
1983-07-08 11:00:00Z;238,3575;0;3
1983-07-09 11:00:00Z;240,1859;0;3
1983-07-10 11:00:00Z;264,7903;0;3
1983-07-11 11:00:00Z;242,0234;0;3
1983-07-12 11:00:00Z;197,1468;0;3
1983-07-13 11:00:00Z;178,4098;0;3
1983-07-14 11:00:00Z;160,8699;0;3
1983-07-15 11:00:00Z;173,914;0;3
1983-07-16 11:00:00Z;187,6264;0;3
1983-07-17 11:00:00Z;168,035;0;3
1983-07-18 11:00:00Z;134,198;0;3
1983-07-19 11:00:00Z;131,7016;0;3
1983-07-20 11:00:00Z;218,8383;0;3
1983-07-21 11:00:00Z;282,7477;0;3
1983-07-22 11:00:00Z;189,1919;0;3
1983-07-23 11:00:00Z;159,4612;0;3
1983-07-24 11:00:00Z;147,1416;0;3
1983-07-25 11:00:00Z;126,7997;0;3
1983-07-26 11:00:00Z;122,0178;0;3
1983-07-27 11:00:00Z;123,2021;0;3
1983-07-28 11:00:00Z;141,8711;0;3
1983-07-29 11:00:00Z;139,2826;0;3
1983-07-30 11:00:00Z;129,2355;0;3
1983-07-31 11:00:00Z;118,5095;0;3
1983-08-01 11:00:00Z;111,6908;0;3
1983-08-02 11:00:00Z;179,925;0;3
1983-08-03 11:00:00Z;190,7658;0;3
1983-08-04 11:00:00Z;162,2867;0;3
1983-08-05 11:00:00Z;129,2355;0;3
1983-08-06 11:00:00Z;126,7997;0;3
1983-08-07 11:00:00Z;118,5095;0;3
1983-08-08 11:00:00Z;117,3548;0;3
1983-08-09 11:00:00Z;140,573;0;3
1983-08-10 11:00:00Z;257,0534;0;3
1983-08-11 11:00:00Z;504,3145;0;3
1983-08-12 11:00:00Z;262,842;0;3
1983-08-13 11:00:00Z;168,035;0;3
1983-08-14 11:00:00Z;137,9999;0;3
1983-08-15 11:00:00Z;187,6264;0;3
1983-08-16 11:00:00Z;234,7277;0;3
1983-08-17 11:00:00Z;198,7634;0;3
1983-08-18 11:00:00Z;159,4612;0;3
1983-08-19 11:00:00Z;126,7997;0;3
1983-08-20 11:00:00Z;119,6716;0;3
1983-08-21 11:00:00Z;111,6908;0;3
1983-08-22 11:00:00Z;118,5095;0;3
1983-08-23 11:00:00Z;141,8711;0;3
1983-08-24 11:00:00Z;122,0178;0;3
1983-08-25 11:00:00Z;103,003;0;3
1983-08-26 11:00:00Z;109,4759;0;3
1983-08-27 11:00:00Z;131,7016;0;3
1983-08-28 11:00:00Z;409,8341;0;3
1983-08-29 11:00:00Z;525,3687;0;3
1983-08-30 11:00:00Z;605,2043;0;3
1983-08-31 11:00:00Z;447,1998;0;3
1983-09-01 11:00:00Z;262,842;0;3
1983-09-02 11:00:00Z;187,6264;0;3
1983-09-03 11:00:00Z;155,283;0;3
1983-09-04 11:00:00Z;148,4787;0;3
1983-09-05 11:00:00Z;156,6677;0;3
1983-09-06 11:00:00Z;224,0545;0;3
1983-09-07 11:00:00Z;240,1859;0;3
1983-09-08 11:00:00Z;224,0545;0;3
1983-09-09 11:00:00Z;192,3483;0;3
1983-09-10 11:00:00Z;149,8238;0;3
1983-09-11 11:00:00Z;130,4648;0;3
1983-09-12 11:00:00Z;118,5095;0;3
1983-09-13 11:00:00Z;109,4759;0;3
1983-09-14 11:00:00Z;105,1322;0;3
1983-09-15 11:00:00Z;111,6908;0;3
1983-09-16 11:00:00Z;106,2074;0;3
1983-09-17 11:00:00Z;130,4648;0;3
1983-09-18 11:00:00Z;270,6911;0;3
1983-09-19 11:00:00Z;341,3171;0;3
1983-09-20 11:00:00Z;231,1341;0;3
1983-09-21 11:00:00Z;184,5206;0;3
1983-09-22 11:00:00Z;175,4043;0;3
1983-09-23 11:00:00Z;186,0693;0;3
1983-09-24 11:00:00Z;189,1919;0;3
1983-09-25 11:00:00Z;208,644;0;3
1983-09-26 11:00:00Z;402,101;0;3
1983-09-27 11:00:00Z;268,7148;0;3
1983-09-28 11:00:00Z;249,4649;0;3
1983-09-29 11:00:00Z;197,1468;0;3
1983-09-30 11:00:00Z;166,5858;0;3
1983-10-01 11:00:00Z;144,4907;0;3
1983-10-02 11:00:00Z;129,2355;0;3
1983-10-03 11:00:00Z;120,841;0;3
1983-10-04 11:00:00Z;111,6908;0;3
1983-10-05 11:00:00Z;113,9345;0;3
1983-10-06 11:00:00Z;120,841;0;3
1983-10-07 11:00:00Z;116,2074;0;3
1983-10-08 11:00:00Z;108,3793;0;3
1983-10-09 11:00:00Z;97,80313;0;3
1983-10-10 11:00:00Z;89,84331;0;3
1983-10-11 11:00:00Z;85,08916;0;3
1983-10-12 11:00:00Z;82,3168;0;3
1983-10-13 11:00:00Z;78,71255;0;3
1983-10-14 11:00:00Z;76,94955;0;3
1983-10-15 11:00:00Z;92,77686;0;3
1983-10-16 11:00:00Z;106,2074;0;3
1983-10-17 11:00:00Z;189,1919;0;3
1983-10-18 11:00:00Z;236,5381;0;3
1983-10-19 11:00:00Z;234,7277;0;3
1983-10-20 11:00:00Z;160,8699;0;3
1983-10-21 11:00:00Z;147,1416;0;3
1983-10-22 11:00:00Z;232,9264;0;3
1983-10-23 11:00:00Z;565,9677;0;3
1983-10-24 11:00:00Z;420,2943;0;3
1983-10-25 11:00:00Z;232,9264;0;3
1983-10-26 11:00:00Z;190,7658;0;3
1983-10-27 11:00:00Z;168,035;0;3
1983-10-28 11:00:00Z;147,1416;0;3
1983-10-29 11:00:00Z;132,946;0;3
1983-10-30 11:00:00Z;238,3575;0;3
1983-10-31 11:00:00Z;288,9044;0;3
1983-11-01 11:00:00Z;215,4051;0;3
1983-11-02 11:00:00Z;184,5206;0;3
1983-11-03 11:00:00Z;149,8238;0;3
1983-11-04 11:00:00Z;134,198;0;3
1983-11-05 11:00:00Z;124,3938;0;3
1983-11-06 11:00:00Z;129,2355;0;3
1983-11-07 11:00:00Z;334,4533;0;3
1983-11-08 11:00:00Z;1035,317;0;3
1983-11-09 11:00:00Z;646,1667;0;3
1983-11-10 11:00:00Z;399,5445;0;3
1983-11-11 11:00:00Z;280,7145;0;3
1983-11-12 11:00:00Z;222,3069;0;3
1983-11-13 11:00:00Z;169,4925;0;3
1983-11-14 11:00:00Z;166,5858;0;3
1983-11-15 11:00:00Z;173,914;0;3
1983-11-16 11:00:00Z;137,9999;0;3
1983-11-17 11:00:00Z;119,6716;0;3
1983-11-18 11:00:00Z;111,6908;0;3
1983-11-19 11:00:00Z;100,9021;0;3
1983-11-20 11:00:00Z;97,80313;0;3
1983-11-21 11:00:00Z;88,87903;0;3
1983-11-22 11:00:00Z;81,4059;0;3
1983-11-23 11:00:00Z;76,07776;0;3
1983-11-24 11:00:00Z;72,65481;0;3
1983-11-25 11:00:00Z;98,82915;0;3
1983-11-26 11:00:00Z;99,86211;0;3
1983-11-27 11:00:00Z;90,81436;0;3
1983-11-28 11:00:00Z;84,15841;0;3
1983-11-29 11:00:00Z;79,60379;0;3
1983-11-30 11:00:00Z;75,21242;0;3
1983-12-01 11:00:00Z;73,50096;0;3
1983-12-02 11:00:00Z;99,86211;0;3
1983-12-03 11:00:00Z;245,7259;0;3
1983-12-04 11:00:00Z;229,3508;0;3
1983-12-05 11:00:00Z;153,9063;0;3
1983-12-06 11:00:00Z;123,2021;0;3
1983-12-07 11:00:00Z;106,2074;0;3
1983-12-08 11:00:00Z;94,76671;0;3
1983-12-09 11:00:00Z;83,2343;0;3
1983-12-10 11:00:00Z;76,07776;0;3
1983-12-11 11:00:00Z;70,15438;0;3
1983-12-12 11:00:00Z;66,11246;0;3
1983-12-13 11:00:00Z;62,22496;0;3
1983-12-14 11:00:00Z;60,71258;0;3
1983-12-15 11:00:00Z;59,22428;0;3
1983-12-16 11:00:00Z;56,31923;0;3
1983-12-17 11:00:00Z;54,20234;0;3
1983-12-18 11:00:00Z;52,13783;0;3
1983-12-19 11:00:00Z;50,79029;0;3
1983-12-20 11:00:00Z;49,4656;0;3
1983-12-21 11:00:00Z;48,16354;0;3
1983-12-22 11:00:00Z;46,88397;0;3
1983-12-23 11:00:00Z;46,25255;0;3
1983-12-24 11:00:00Z;45,00634;0;3
1983-12-25 11:00:00Z;44,39151;0;3
1983-12-26 11:00:00Z;43,78216;0;3
1983-12-27 11:00:00Z;43,17827;0;3
1983-12-28 11:00:00Z;43,17827;0;3
1983-12-29 11:00:00Z;43,78216;0;3
1983-12-30 11:00:00Z;44,39151;0;3
1983-12-31 11:00:00Z;45,00634;0;3
1984-01-01 11:00:00Z;44,39151;0;3
1984-01-02 11:00:00Z;43,78216;0;3
1984-01-03 11:00:00Z;43,17827;0;3
1984-01-04 11:00:00Z;41,98678;0;3
1984-01-05 11:00:00Z;41,98678;0;3
1984-01-06 11:00:00Z;41,98678;0;3
1984-01-07 11:00:00Z;41,39913;0;3
1984-01-08 11:00:00Z;41,39913;0;3
1984-01-09 11:00:00Z;41,39913;0;3
1984-01-10 11:00:00Z;40,81686;0;3
1984-01-11 11:00:00Z;40,81686;0;3
1984-01-12 11:00:00Z;40,81686;0;3
1984-01-13 11:00:00Z;40,23993;0;3
1984-01-14 11:00:00Z;40,23993;0;3
1984-01-15 11:00:00Z;39,66832;0;3
1984-01-16 11:00:00Z;39,66832;0;3
1984-01-17 11:00:00Z;39,66832;0;3
1984-01-18 11:00:00Z;39,66832;0;3
1984-01-19 11:00:00Z;39,66832;0;3
1984-01-20 11:00:00Z;39,66832;0;3
1984-01-21 11:00:00Z;39,10202;0;3
1984-01-22 11:00:00Z;39,10202;0;3
1984-01-23 11:00:00Z;38,54099;0;3
1984-01-24 11:00:00Z;37,98522;0;3
1984-01-25 11:00:00Z;37,43468;0;3
1984-01-26 11:00:00Z;37,43468;0;3
1984-01-27 11:00:00Z;36,88935;0;3
1984-01-28 11:00:00Z;36,88935;0;3
1984-01-29 11:00:00Z;36,34922;0;3
1984-01-30 11:00:00Z;36,34922;0;3
1984-01-31 11:00:00Z;35,2844;0;3
1984-02-01 11:00:00Z;35,2844;0;3
1984-02-02 11:00:00Z;35,2844;0;3
1984-02-03 11:00:00Z;35,2844;0;3
1984-02-04 11:00:00Z;35,2844;0;3
1984-02-05 11:00:00Z;35,2844;0;3
1984-02-06 11:00:00Z;35,2844;0;3
1984-02-07 11:00:00Z;35,2844;0;3
1984-02-08 11:00:00Z;35,81424;0;3
1984-02-09 11:00:00Z;35,81424;0;3
1984-02-10 11:00:00Z;36,34922;0;3
1984-02-11 11:00:00Z;38,54099;0;3
1984-02-12 11:00:00Z;41,39913;0;3
1984-02-13 11:00:00Z;51,4612;0;3
1984-02-14 11:00:00Z;70,15438;0;3
1984-02-15 11:00:00Z;65,32269;0;3
1984-02-16 11:00:00Z;57,75989;0;3
1984-02-17 11:00:00Z;52,13783;0;3
1984-02-18 11:00:00Z;49,4656;0;3
1984-02-19 11:00:00Z;48,16354;0;3
1984-02-20 11:00:00Z;46,88397;0;3
1984-02-21 11:00:00Z;45,62668;0;3
1984-02-22 11:00:00Z;45,00634;0;3
1984-02-23 11:00:00Z;43,78216;0;3
1984-02-24 11:00:00Z;43,17827;0;3
1984-02-25 11:00:00Z;43,17827;0;3
1984-02-26 11:00:00Z;44,39151;0;3
1984-02-27 11:00:00Z;48,16354;0;3
1984-02-28 11:00:00Z;52,13783;0;3
1984-02-29 11:00:00Z;51,4612;0;3
1984-03-01 11:00:00Z;50,1251;0;3
1984-03-02 11:00:00Z;48,16354;0;3
1984-03-03 11:00:00Z;45,62668;0;3
1984-03-04 11:00:00Z;44,39151;0;3
1984-03-05 11:00:00Z;45,00634;0;3
1984-03-06 11:00:00Z;46,25255;0;3
1984-03-07 11:00:00Z;46,25255;0;3
1984-03-08 11:00:00Z;45,62668;0;3
1984-03-09 11:00:00Z;45,00634;0;3
1984-03-10 11:00:00Z;44,39151;0;3
1984-03-11 11:00:00Z;43,17827;0;3
1984-03-12 11:00:00Z;43,17827;0;3
1984-03-13 11:00:00Z;43,17827;0;3
1984-03-14 11:00:00Z;43,17827;0;3
1984-03-15 11:00:00Z;41,98678;0;3
1984-03-16 11:00:00Z;41,39913;0;3
1984-03-17 11:00:00Z;40,81686;0;3
1984-03-18 11:00:00Z;40,81686;0;3
1984-03-19 11:00:00Z;40,81686;0;3
1984-03-20 11:00:00Z;40,23993;0;3
1984-03-21 11:00:00Z;39,66832;0;3
1984-03-22 11:00:00Z;39,10202;0;3
1984-03-23 11:00:00Z;38,54099;0;3
1984-03-24 11:00:00Z;38,54099;0;3
1984-03-25 11:00:00Z;37,98522;0;3
1984-03-26 11:00:00Z;37,98522;0;3
1984-03-27 11:00:00Z;37,43468;0;3
1984-03-28 11:00:00Z;37,43468;0;3
1984-03-29 11:00:00Z;36,88935;0;3
1984-03-30 11:00:00Z;35,81424;0;3
1984-03-31 11:00:00Z;35,2844;0;3
1984-04-01 11:00:00Z;35,2844;0;3
1984-04-02 11:00:00Z;35,2844;0;3
1984-04-03 11:00:00Z;35,2844;0;3
1984-04-04 11:00:00Z;35,2844;0;3
1984-04-05 11:00:00Z;35,2844;0;3
1984-04-06 11:00:00Z;34,75969;0;3
1984-04-07 11:00:00Z;34,75969;0;3
1984-04-08 11:00:00Z;34,75969;0;3
1984-04-09 11:00:00Z;34,75969;0;3
1984-04-10 11:00:00Z;35,2844;0;3
1984-04-11 11:00:00Z;36,34922;0;3
1984-04-12 11:00:00Z;36,88935;0;3
1984-04-13 11:00:00Z;37,43468;0;3
1984-04-14 11:00:00Z;39,66832;0;3
1984-04-15 11:00:00Z;41,98678;0;3
1984-04-16 11:00:00Z;43,78216;0;3
1984-04-17 11:00:00Z;45,62668;0;3
1984-04-18 11:00:00Z;45,62668;0;3
1984-04-19 11:00:00Z;44,39151;0;3
1984-04-20 11:00:00Z;43,17827;0;3
1984-04-21 11:00:00Z;44,39151;0;3
1984-04-22 11:00:00Z;57,03661;0;3
1984-04-23 11:00:00Z;75,21242;0;3
1984-04-24 11:00:00Z;90,81436;0;3
1984-04-25 11:00:00Z;125,593;0;3
1984-04-26 11:00:00Z;130,4648;0;3
1984-04-27 11:00:00Z;115,0673;0;3
1984-04-28 11:00:00Z;106,2074;0;3
1984-04-29 11:00:00Z;123,2021;0;3
1984-04-30 11:00:00Z;155,283;0;3
1984-05-01 11:00:00Z;162,2867;0;3
1984-05-02 11:00:00Z;166,5858;0;3
1984-05-03 11:00:00Z;198,7634;0;3
1984-05-04 11:00:00Z;249,4649;0;3
1984-05-05 11:00:00Z;245,7259;0;3
1984-05-06 11:00:00Z;218,8383;0;3
1984-05-07 11:00:00Z;190,7658;0;3
1984-05-08 11:00:00Z;168,035;0;3
1984-05-09 11:00:00Z;147,1416;0;3
1984-05-10 11:00:00Z;130,4648;0;3
1984-05-11 11:00:00Z;118,5095;0;3
1984-05-12 11:00:00Z;110,5797;0;3
1984-05-13 11:00:00Z;111,6908;0;3
1984-05-14 11:00:00Z;144,4907;0;3
1984-05-15 11:00:00Z;169,4925;0;3
1984-05-16 11:00:00Z;198,7634;0;3
1984-05-17 11:00:00Z;260,9032;0;3
1984-05-18 11:00:00Z;286,8426;0;3
1984-05-19 11:00:00Z;475,1998;0;3
1984-05-20 11:00:00Z;819,7875;0;3
1984-05-21 11:00:00Z;787,6515;0;3
1984-05-22 11:00:00Z;756,3453;0;3
1984-05-23 11:00:00Z;725,859;0;3
1984-05-24 11:00:00Z;710,9201;0;3
1984-05-25 11:00:00Z;710,9201;0;3
1984-05-26 11:00:00Z;756,3453;0;3
1984-05-27 11:00:00Z;938,9426;0;3
1984-05-28 11:00:00Z;1526,925;0;3
1984-05-29 11:00:00Z;1385,146;0;3
1984-05-30 11:00:00Z;1230,896;0;3
1984-05-31 11:00:00Z;1030,588;0;3
1984-06-01 11:00:00Z;779,7476;0;3
1984-06-02 11:00:00Z;912,522;0;3
1984-06-03 11:00:00Z;934,505;0;3
1984-06-04 11:00:00Z;767,9886;0;3
1984-06-05 11:00:00Z;642,6864;0;3
1984-06-06 11:00:00Z;582,1088;0;3
1984-06-07 11:00:00Z;501,3523;0;3
1984-06-08 11:00:00Z;394,4632;0;3
1984-06-09 11:00:00Z;288,9044;0;3
1984-06-10 11:00:00Z;222,3069;0;3
1984-06-11 11:00:00Z;184,5206;0;3
1984-06-12 11:00:00Z;184,5206;0;3
1984-06-13 11:00:00Z;192,3483;0;3
1984-06-14 11:00:00Z;202,0224;0;3
1984-06-15 11:00:00Z;220,5682;0;3
1984-06-16 11:00:00Z;234,7277;0;3
1984-06-17 11:00:00Z;232,9264;0;3
1984-06-18 11:00:00Z;293,057;0;3
1984-06-19 11:00:00Z;367,2658;0;3
1984-06-20 11:00:00Z;343,6252;0;3
1984-06-21 11:00:00Z;272,6768;0;3
1984-06-22 11:00:00Z;455,484;0;3
1984-06-23 11:00:00Z;364,8557;0;3
1984-06-24 11:00:00Z;276,6767;0;3
1984-06-25 11:00:00Z;276,6767;0;3
1984-06-26 11:00:00Z;348,2718;0;3
1984-06-27 11:00:00Z;295,1477;0;3
1984-06-28 11:00:00Z;232,9264;0;3
1984-06-29 11:00:00Z;206,9756;0;3
1984-06-30 11:00:00Z;203,6648;0;3
1984-07-01 11:00:00Z;197,1468;0;3
1984-07-02 11:00:00Z;173,914;0;3
1984-07-03 11:00:00Z;163,7116;0;3
1984-07-04 11:00:00Z;158,0604;0;3
1984-07-05 11:00:00Z;158,0604;0;3
1984-07-06 11:00:00Z;145,8122;0;3
1984-07-07 11:00:00Z;169,4925;0;3
1984-07-08 11:00:00Z;288,9044;0;3
1984-07-09 11:00:00Z;433,6115;0;3
1984-07-10 11:00:00Z;312,2231;0;3
1984-07-11 11:00:00Z;238,3575;0;3
1984-07-12 11:00:00Z;231,1341;0;3
1984-07-13 11:00:00Z;206,9756;0;3
1984-07-14 11:00:00Z;186,0693;0;3
1984-07-15 11:00:00Z;173,914;0;3
1984-07-16 11:00:00Z;158,0604;0;3
1984-07-17 11:00:00Z;143,1771;0;3
1984-07-18 11:00:00Z;135,4576;0;3
1984-07-19 11:00:00Z;131,7016;0;3
1984-07-20 11:00:00Z;123,2021;0;3
1984-07-21 11:00:00Z;115,0673;0;3
1984-07-22 11:00:00Z;136,7249;0;3
1984-07-23 11:00:00Z;137,9999;0;3
1984-07-24 11:00:00Z;129,2355;0;3
1984-07-25 11:00:00Z;123,2021;0;3
1984-07-26 11:00:00Z;124,3938;0;3
1984-07-27 11:00:00Z;158,0604;0;3
1984-07-28 11:00:00Z;134,198;0;3
1984-07-29 11:00:00Z;124,3938;0;3
1984-07-30 11:00:00Z;141,8711;0;3
1984-07-31 11:00:00Z;129,2355;0;3
1984-08-01 11:00:00Z;144,4907;0;3
1984-08-02 11:00:00Z;158,0604;0;3
1984-08-03 11:00:00Z;137,9999;0;3
1984-08-04 11:00:00Z;143,1771;0;3
1984-08-05 11:00:00Z;139,2826;0;3
1984-08-06 11:00:00Z;141,8711;0;3
1984-08-07 11:00:00Z;190,7658;0;3
1984-08-08 11:00:00Z;152,5375;0;3
1984-08-09 11:00:00Z;120,841;0;3
1984-08-10 11:00:00Z;104,0641;0;3
1984-08-11 11:00:00Z;96,78407;0;3
1984-08-12 11:00:00Z;104,0641;0;3
1984-08-13 11:00:00Z;96,78407;0;3
1984-08-14 11:00:00Z;84,15841;0;3
1984-08-15 11:00:00Z;77,82781;0;3
1984-08-16 11:00:00Z;82,3168;0;3
1984-08-17 11:00:00Z;87,9215;0;3
1984-08-18 11:00:00Z;111,6908;0;3
1984-08-19 11:00:00Z;323,2141;0;3
1984-08-20 11:00:00Z;258,9736;0;3
1984-08-21 11:00:00Z;206,9756;0;3
1984-08-22 11:00:00Z;257,0534;0;3
1984-08-23 11:00:00Z;345,9434;0;3
1984-08-24 11:00:00Z;268,7148;0;3
1984-08-25 11:00:00Z;192,3483;0;3
1984-08-26 11:00:00Z;143,1771;0;3
1984-08-27 11:00:00Z;126,7997;0;3
1984-08-28 11:00:00Z;107,2898;0;3
1984-08-29 11:00:00Z;113,9345;0;3
1984-08-30 11:00:00Z;136,7249;0;3
1984-08-31 11:00:00Z;169,4925;0;3
1984-09-01 11:00:00Z;131,7016;0;3
1984-09-02 11:00:00Z;112,809;0;3
1984-09-03 11:00:00Z;98,82915;0;3
1984-09-04 11:00:00Z;87,9215;0;3
1984-09-05 11:00:00Z;78,71255;0;3
1984-09-06 11:00:00Z;88,87903;0;3
1984-09-07 11:00:00Z;148,4787;0;3
1984-09-08 11:00:00Z;175,4043;0;3
1984-09-09 11:00:00Z;139,2826;0;3
1984-09-10 11:00:00Z;117,3548;0;3
1984-09-11 11:00:00Z;111,6908;0;3
1984-09-12 11:00:00Z;97,80313;0;3
1984-09-13 11:00:00Z;93,76836;0;3
1984-09-14 11:00:00Z;99,86211;0;3
1984-09-15 11:00:00Z;90,81436;0;3
1984-09-16 11:00:00Z;84,15841;0;3
1984-09-17 11:00:00Z;79,60379;0;3
1984-09-18 11:00:00Z;75,21242;0;3
1984-09-19 11:00:00Z;70,98154;0;3
1984-09-20 11:00:00Z;66,9084;0;3
1984-09-21 11:00:00Z;62,99024;0;3
1984-09-22 11:00:00Z;60,71258;0;3
1984-09-23 11:00:00Z;57,75989;0;3
1984-09-24 11:00:00Z;58,48911;0;3
1984-09-25 11:00:00Z;59,96543;0;3
1984-09-26 11:00:00Z;57,75989;0;3
1984-09-27 11:00:00Z;57,03661;0;3
1984-09-28 11:00:00Z;54,90212;0;3
1984-09-29 11:00:00Z;53,50838;0;3
1984-09-30 11:00:00Z;52,13783;0;3
1984-10-01 11:00:00Z;50,1251;0;3
1984-10-02 11:00:00Z;52,13783;0;3
1984-10-03 11:00:00Z;56,31923;0;3
1984-10-04 11:00:00Z;109,4759;0;3
1984-10-05 11:00:00Z;134,198;0;3
1984-10-06 11:00:00Z;110,5797;0;3
1984-10-07 11:00:00Z;134,198;0;3
1984-10-08 11:00:00Z;126,7997;0;3
1984-10-09 11:00:00Z;126,7997;0;3
1984-10-10 11:00:00Z;172,4319;0;3
1984-10-11 11:00:00Z;210,3212;0;3
1984-10-12 11:00:00Z;160,8699;0;3
1984-10-13 11:00:00Z;122,0178;0;3
1984-10-14 11:00:00Z;104,0641;0;3
1984-10-15 11:00:00Z;94,76671;0;3
1984-10-16 11:00:00Z;143,1771;0;3
1984-10-17 11:00:00Z;667,3055;0;3
1984-10-18 11:00:00Z;396,9986;0;3
1984-10-19 11:00:00Z;224,0545;0;3
1984-10-20 11:00:00Z;166,5858;0;3
1984-10-21 11:00:00Z;140,573;0;3
1984-10-22 11:00:00Z;123,2021;0;3
1984-10-23 11:00:00Z;109,4759;0;3
1984-10-24 11:00:00Z;96,78407;0;3
1984-10-25 11:00:00Z;88,87903;0;3
1984-10-26 11:00:00Z;80,50157;0;3
1984-10-27 11:00:00Z;76,07776;0;3
1984-10-28 11:00:00Z;73,50096;0;3
1984-10-29 11:00:00Z;70,15438;0;3
1984-10-30 11:00:00Z;118,5095;0;3
1984-10-31 11:00:00Z;389,4242;0;3
1984-11-01 11:00:00Z;334,4533;0;3
1984-11-02 11:00:00Z;703,5262;0;3
1984-11-03 11:00:00Z;439,0141;0;3
1984-11-04 11:00:00Z;272,6768;0;3
1984-11-05 11:00:00Z;192,3483;0;3
1984-11-06 11:00:00Z;152,5375;0;3
1984-11-07 11:00:00Z;130,4648;0;3
1984-11-08 11:00:00Z;110,5797;0;3
1984-11-09 11:00:00Z;95,77194;0;3
1984-11-10 11:00:00Z;86,02658;0;3
1984-11-11 11:00:00Z;86,02658;0;3
1984-11-12 11:00:00Z;77,82781;0;3
1984-11-13 11:00:00Z;73,50096;0;3
1984-11-14 11:00:00Z;69,33351;0;3
1984-11-15 11:00:00Z;73,50096;0;3
1984-11-16 11:00:00Z;91,79221;0;3
1984-11-17 11:00:00Z;99,86211;0;3
1984-11-18 11:00:00Z;85,08916;0;3
1984-11-19 11:00:00Z;65,32269;0;3
1984-11-20 11:00:00Z;56,31923;0;3
1984-11-21 11:00:00Z;54,20234;0;3
1984-11-22 11:00:00Z;48,16354;0;3
1984-11-23 11:00:00Z;52,13783;0;3
1984-11-24 11:00:00Z;50,79029;0;3
1984-11-25 11:00:00Z;45,00634;0;3
1984-11-26 11:00:00Z;45,62668;0;3
1984-11-27 11:00:00Z;45,00634;0;3
1984-11-28 11:00:00Z;45,62668;0;3
1984-11-29 11:00:00Z;46,88397;0;3
1984-11-30 11:00:00Z;46,88397;0;3
1984-12-01 11:00:00Z;43,17827;0;3
1984-12-02 11:00:00Z;41,39913;0;3
1984-12-03 11:00:00Z;45,00634;0;3
1984-12-04 11:00:00Z;44,39151;0;3
1984-12-05 11:00:00Z;45,00634;0;3
1984-12-06 11:00:00Z;43,17827;0;3
1984-12-07 11:00:00Z;43,17827;0;3
1984-12-08 11:00:00Z;59,22428;0;3
1984-12-09 11:00:00Z;95,77194;0;3
1984-12-10 11:00:00Z;67,71054;0;3
1984-12-11 11:00:00Z;58,48911;0;3
1984-12-12 11:00:00Z;56,31923;0;3
1984-12-13 11:00:00Z;52,13783;0;3
1984-12-14 11:00:00Z;48,16354;0;3
1984-12-15 11:00:00Z;49,4656;0;3
1984-12-16 11:00:00Z;42,57982;0;3
1984-12-17 11:00:00Z;40,81686;0;3
1984-12-18 11:00:00Z;38,54099;0;3
1984-12-19 11:00:00Z;40,23993;0;3
1984-12-20 11:00:00Z;42,57982;0;3
1984-12-21 11:00:00Z;45,00634;0;3
1984-12-22 11:00:00Z;41,98678;0;3
1984-12-23 11:00:00Z;40,81686;0;3
1984-12-24 11:00:00Z;41,98678;0;3
1984-12-25 11:00:00Z;44,39151;0;3
1984-12-26 11:00:00Z;43,17827;0;3
1984-12-27 11:00:00Z;39,66832;0;3
1984-12-28 11:00:00Z;37,98522;0;3
1984-12-29 11:00:00Z;37,43468;0;3
1984-12-30 11:00:00Z;36,34922;0;3
1984-12-31 11:00:00Z;35,81424;0;3
1985-01-01 11:00:00Z;36,34922;0;3
1985-01-02 11:00:00Z;35,81424;0;3
1985-01-03 11:00:00Z;35,81424;0;3
1985-01-04 11:00:00Z;36,34922;0;3
1985-01-05 11:00:00Z;36,34922;0;3
1985-01-06 11:00:00Z;34,75969;0;3
1985-01-07 11:00:00Z;35,2844;0;3
1985-01-08 11:00:00Z;34,24007;0;3
1985-01-09 11:00:00Z;33,72552;0;3
1985-01-10 11:00:00Z;33,21603;0;3
1985-01-11 11:00:00Z;32,21209;0;3
1985-01-12 11:00:00Z;31,22808;0;3
1985-01-13 11:00:00Z;31,22808;0;3
1985-01-14 11:00:00Z;30,74349;0;3
1985-01-15 11:00:00Z;30,26381;0;3
1985-01-16 11:00:00Z;29,78901;0;3
1985-01-17 11:00:00Z;29,31909;0;3
1985-01-18 11:00:00Z;29,31909;0;3
1985-01-19 11:00:00Z;28,85401;0;3
1985-01-20 11:00:00Z;28,39374;0;3
1985-01-21 11:00:00Z;27,93828;0;3
1985-01-22 11:00:00Z;27,48758;0;3
1985-01-23 11:00:00Z;27,48758;0;3
1985-01-24 11:00:00Z;27,04164;0;3
1985-01-25 11:00:00Z;26,60042;0;3
1985-01-26 11:00:00Z;26,60042;0;3
1985-01-27 11:00:00Z;26,60042;0;3
1985-01-28 11:00:00Z;26,60042;0;3
1985-01-29 11:00:00Z;26,60042;0;3
1985-01-30 11:00:00Z;26,60042;0;3
1985-01-31 11:00:00Z;26,60042;0;3
1985-02-01 11:00:00Z;26,60042;0;3
1985-02-02 11:00:00Z;26,60042;0;3
1985-02-03 11:00:00Z;26,16391;0;3
1985-02-04 11:00:00Z;26,16391;0;3
1985-02-05 11:00:00Z;26,16391;0;3
1985-02-06 11:00:00Z;26,16391;0;3
1985-02-07 11:00:00Z;26,16391;0;3
1985-02-08 11:00:00Z;26,16391;0;3
1985-02-09 11:00:00Z;25,73208;0;3
1985-02-10 11:00:00Z;25,73208;0;3
1985-02-11 11:00:00Z;25,73208;0;3
1985-02-12 11:00:00Z;25,73208;0;3
1985-02-13 11:00:00Z;25,73208;0;3
1985-02-14 11:00:00Z;25,73208;0;3
1985-02-15 11:00:00Z;25,73208;0;3
1985-02-16 11:00:00Z;25,73208;0;3
1985-02-17 11:00:00Z;25,73208;0;3
1985-02-18 11:00:00Z;25,73208;0;3
1985-02-19 11:00:00Z;25,73208;0;3
1985-02-20 11:00:00Z;25,73208;0;3
1985-02-21 11:00:00Z;25,73208;0;3
1985-02-22 11:00:00Z;25,73208;0;3
1985-02-23 11:00:00Z;25,73208;0;3
1985-02-24 11:00:00Z;25,73208;0;3
1985-02-25 11:00:00Z;25,73208;0;3
1985-02-26 11:00:00Z;26,16391;0;3
1985-02-27 11:00:00Z;26,16391;0;3
1985-02-28 11:00:00Z;26,16391;0;3
1985-03-01 11:00:00Z;26,16391;0;3
1985-03-02 11:00:00Z;26,16391;0;3
1985-03-03 11:00:00Z;26,16391;0;3
1985-03-04 11:00:00Z;26,16391;0;3
1985-03-05 11:00:00Z;26,60042;0;3
1985-03-06 11:00:00Z;26,60042;0;3
1985-03-07 11:00:00Z;26,60042;0;3
1985-03-08 11:00:00Z;26,60042;0;3
1985-03-09 11:00:00Z;27,04164;0;3
1985-03-10 11:00:00Z;27,04164;0;3
1985-03-11 11:00:00Z;27,48758;0;3
1985-03-12 11:00:00Z;27,93828;0;3
1985-03-13 11:00:00Z;28,39374;0;3
1985-03-14 11:00:00Z;28,85401;0;3
1985-03-15 11:00:00Z;29,31909;0;3
1985-03-16 11:00:00Z;29,78901;0;3
1985-03-17 11:00:00Z;29,78901;0;3
1985-03-18 11:00:00Z;30,26381;0;3
1985-03-19 11:00:00Z;30,74349;0;3
1985-03-20 11:00:00Z;31,22808;0;3
1985-03-21 11:00:00Z;31,22808;0;3
1985-03-22 11:00:00Z;31,22808;0;3
1985-03-23 11:00:00Z;31,71761;0;3
1985-03-24 11:00:00Z;31,22808;0;3
1985-03-25 11:00:00Z;31,22808;0;3
1985-03-26 11:00:00Z;31,22808;0;3
1985-03-27 11:00:00Z;31,22808;0;3
1985-03-28 11:00:00Z;31,22808;0;3
1985-03-29 11:00:00Z;30,74349;0;3
1985-03-30 11:00:00Z;30,74349;0;3
1985-03-31 11:00:00Z;30,26381;0;3
1985-04-01 11:00:00Z;30,26381;0;3
1985-04-02 11:00:00Z;30,26381;0;3
1985-04-03 11:00:00Z;30,26381;0;3
1985-04-04 11:00:00Z;30,26381;0;3
1985-04-05 11:00:00Z;30,26381;0;3
1985-04-06 11:00:00Z;29,78901;0;3
1985-04-07 11:00:00Z;29,31909;0;3
1985-04-08 11:00:00Z;28,85401;0;3
1985-04-09 11:00:00Z;28,39374;0;3
1985-04-10 11:00:00Z;28,39374;0;3
1985-04-11 11:00:00Z;28,39374;0;3
1985-04-12 11:00:00Z;28,39374;0;3
1985-04-13 11:00:00Z;28,39374;0;3
1985-04-14 11:00:00Z;28,39374;0;3
1985-04-15 11:00:00Z;28,39374;0;3
1985-04-16 11:00:00Z;27,93828;0;3
1985-04-17 11:00:00Z;28,85401;0;3
1985-04-18 11:00:00Z;30,26381;0;3
1985-04-19 11:00:00Z;34,24007;0;3
1985-04-20 11:00:00Z;40,23993;0;3
1985-04-21 11:00:00Z;41,39913;0;3
1985-04-22 11:00:00Z;40,23993;0;3
1985-04-23 11:00:00Z;36,88935;0;3
1985-04-24 11:00:00Z;35,2844;0;3
1985-04-25 11:00:00Z;33,72552;0;3
1985-04-26 11:00:00Z;32,71156;0;3
1985-04-27 11:00:00Z;32,71156;0;3
1985-04-28 11:00:00Z;32,21209;0;3
1985-04-29 11:00:00Z;32,21209;0;3
1985-04-30 11:00:00Z;32,21209;0;3
1985-05-01 11:00:00Z;33,72552;0;3
1985-05-02 11:00:00Z;35,2844;0;3
1985-05-03 11:00:00Z;36,34922;0;3
1985-05-04 11:00:00Z;36,88935;0;3
1985-05-05 11:00:00Z;37,98522;0;3
1985-05-06 11:00:00Z;43,78216;0;3
1985-05-07 11:00:00Z;54,20234;0;3
1985-05-08 11:00:00Z;64,53909;0;3
1985-05-09 11:00:00Z;78,71255;0;3
1985-05-10 11:00:00Z;107,2898;0;3
1985-05-11 11:00:00Z;131,7016;0;3
1985-05-12 11:00:00Z;131,7016;0;3
1985-05-13 11:00:00Z;163,7116;0;3
1985-05-14 11:00:00Z;175,4043;0;3
1985-05-15 11:00:00Z;175,4043;0;3
1985-05-16 11:00:00Z;152,5375;0;3
1985-05-17 11:00:00Z;155,283;0;3
1985-05-18 11:00:00Z;156,6677;0;3
1985-05-19 11:00:00Z;160,8699;0;3
1985-05-20 11:00:00Z;172,4319;0;3
1985-05-21 11:00:00Z;205,3159;0;3
1985-05-22 11:00:00Z;170,9581;0;3
1985-05-23 11:00:00Z;141,8711;0;3
1985-05-24 11:00:00Z;125,593;0;3
1985-05-25 11:00:00Z;122,0178;0;3
1985-05-26 11:00:00Z;117,3548;0;3
1985-05-27 11:00:00Z;158,0604;0;3
1985-05-28 11:00:00Z;312,2231;0;3
1985-05-29 11:00:00Z;642,6864;0;3
1985-05-30 11:00:00Z;598,546;0;3
1985-05-31 11:00:00Z;559,5936;0;3
1985-06-01 11:00:00Z;553,2663;0;3
1985-06-02 11:00:00Z;748,6473;0;3
1985-06-03 11:00:00Z;632,3187;0;3
1985-06-04 11:00:00Z;525,3687;0;3
1985-06-05 11:00:00Z;449,9502;0;3
1985-06-06 11:00:00Z;364,8557;0;3
1985-06-07 11:00:00Z;364,8557;0;3
1985-06-08 11:00:00Z;364,8557;0;3
1985-06-09 11:00:00Z;355,3178;0;3
1985-06-10 11:00:00Z;362,4558;0;3
1985-06-11 11:00:00Z;439,0141;0;3
1985-06-12 11:00:00Z;399,5445;0;3
1985-06-13 11:00:00Z;430,9264;0;3
1985-06-14 11:00:00Z;422,9362;0;3
1985-06-15 11:00:00Z;417,6632;0;3
1985-06-16 11:00:00Z;430,9264;0;3
1985-06-17 11:00:00Z;409,8341;0;3
1985-06-18 11:00:00Z;355,3178;0;3
1985-06-19 11:00:00Z;314,4016;0;3
1985-06-20 11:00:00Z;316,5898;0;3
1985-06-21 11:00:00Z;381,9442;0;3
1985-06-22 11:00:00Z;384,4271;0;3
1985-06-23 11:00:00Z;389,4242;0;3
1985-06-24 11:00:00Z;355,3178;0;3
1985-06-25 11:00:00Z;314,4016;0;3
1985-06-26 11:00:00Z;274,672;0;3
1985-06-27 11:00:00Z;297,2481;0;3
1985-06-28 11:00:00Z;320,9961;0;3
1985-06-29 11:00:00Z;284,7903;0;3
1985-06-30 11:00:00Z;242,0234;0;3
1985-07-01 11:00:00Z;257,0534;0;3
1985-07-02 11:00:00Z;190,7658;0;3
1985-07-03 11:00:00Z;163,7116;0;3
1985-07-04 11:00:00Z;181,4485;0;3
1985-07-05 11:00:00Z;176,9029;0;3
1985-07-06 11:00:00Z;152,5375;0;3
1985-07-07 11:00:00Z;155,283;0;3
1985-07-08 11:00:00Z;190,7658;0;3
1985-07-09 11:00:00Z;158,0604;0;3
1985-07-10 11:00:00Z;132,946;0;3
1985-07-11 11:00:00Z;131,7016;0;3
1985-07-12 11:00:00Z;129,2355;0;3
1985-07-13 11:00:00Z;144,4907;0;3
1985-07-14 11:00:00Z;140,573;0;3
1985-07-15 11:00:00Z;118,5095;0;3
1985-07-16 11:00:00Z;168,035;0;3
1985-07-17 11:00:00Z;143,1771;0;3
1985-07-18 11:00:00Z;116,2074;0;3
1985-07-19 11:00:00Z;113,9345;0;3
1985-07-20 11:00:00Z;135,4576;0;3
1985-07-21 11:00:00Z;139,2826;0;3
1985-07-22 11:00:00Z;165,1446;0;3
1985-07-23 11:00:00Z;276,6767;0;3
1985-07-24 11:00:00Z;189,1919;0;3
1985-07-25 11:00:00Z;148,4787;0;3
1985-07-26 11:00:00Z;131,7016;0;3
1985-07-27 11:00:00Z;120,841;0;3
1985-07-28 11:00:00Z;109,4759;0;3
1985-07-29 11:00:00Z;100,9021;0;3
1985-07-30 11:00:00Z;94,76671;0;3
1985-07-31 11:00:00Z;93,76836;0;3
1985-08-01 11:00:00Z;91,79221;0;3
1985-08-02 11:00:00Z;100,9021;0;3
1985-08-03 11:00:00Z;108,3793;0;3
1985-08-04 11:00:00Z;108,3793;0;3
1985-08-05 11:00:00Z;122,0178;0;3
1985-08-06 11:00:00Z;110,5797;0;3
1985-08-07 11:00:00Z;110,5797;0;3
1985-08-08 11:00:00Z;135,4576;0;3
1985-08-09 11:00:00Z;113,9345;0;3
1985-08-10 11:00:00Z;106,2074;0;3
1985-08-11 11:00:00Z;109,4759;0;3
1985-08-12 11:00:00Z;141,8711;0;3
1985-08-13 11:00:00Z;176,9029;0;3
1985-08-14 11:00:00Z;159,4612;0;3
1985-08-15 11:00:00Z;140,573;0;3
1985-08-16 11:00:00Z;120,841;0;3
1985-08-17 11:00:00Z;106,2074;0;3
1985-08-18 11:00:00Z;96,78407;0;3
1985-08-19 11:00:00Z;89,84331;0;3
1985-08-20 11:00:00Z;84,15841;0;3
1985-08-21 11:00:00Z;86,9707;0;3
1985-08-22 11:00:00Z;125,593;0;3
1985-08-23 11:00:00Z;148,4787;0;3
1985-08-24 11:00:00Z;140,573;0;3
1985-08-25 11:00:00Z;116,2074;0;3
1985-08-26 11:00:00Z;122,0178;0;3
1985-08-27 11:00:00Z;141,8711;0;3
1985-08-28 11:00:00Z;124,3938;0;3
1985-08-29 11:00:00Z;176,9029;0;3
1985-08-30 11:00:00Z;301,4779;0;3
1985-08-31 11:00:00Z;220,5682;0;3
1985-09-01 11:00:00Z;156,6677;0;3
1985-09-02 11:00:00Z;132,946;0;3
1985-09-03 11:00:00Z;120,841;0;3
1985-09-04 11:00:00Z;119,6716;0;3
1985-09-05 11:00:00Z;195,5387;0;3
1985-09-06 11:00:00Z;156,6677;0;3
1985-09-07 11:00:00Z;124,3938;0;3
1985-09-08 11:00:00Z;165,1446;0;3
1985-09-09 11:00:00Z;155,283;0;3
1985-09-10 11:00:00Z;137,9999;0;3
1985-09-11 11:00:00Z;156,6677;0;3
1985-09-12 11:00:00Z;149,8238;0;3
1985-09-13 11:00:00Z;126,7997;0;3
1985-09-14 11:00:00Z;130,4648;0;3
1985-09-15 11:00:00Z;129,2355;0;3
1985-09-16 11:00:00Z;141,8711;0;3
1985-09-17 11:00:00Z;367,2658;0;3
1985-09-18 11:00:00Z;249,4649;0;3
1985-09-19 11:00:00Z;270,6911;0;3
1985-09-20 11:00:00Z;362,4558;0;3
1985-09-21 11:00:00Z;415,0428;0;3
1985-09-22 11:00:00Z;310,0545;0;3
1985-09-23 11:00:00Z;229,3508;0;3
1985-09-24 11:00:00Z;187,6264;0;3
1985-09-25 11:00:00Z;175,4043;0;3
1985-09-26 11:00:00Z;143,1771;0;3
1985-09-27 11:00:00Z;189,1919;0;3
1985-09-28 11:00:00Z;350,6103;0;3
1985-09-29 11:00:00Z;210,3212;0;3
1985-09-30 11:00:00Z;168,035;0;3
1985-10-01 11:00:00Z;381,9442;0;3
1985-10-02 11:00:00Z;386,9203;0;3
1985-10-03 11:00:00Z;276,6767;0;3
1985-10-04 11:00:00Z;350,6103;0;3
1985-10-05 11:00:00Z;297,2481;0;3
1985-10-06 11:00:00Z;339,0191;0;3
1985-10-07 11:00:00Z;295,1477;0;3
1985-10-08 11:00:00Z;303,6074;0;3
1985-10-09 11:00:00Z;232,9264;0;3
1985-10-10 11:00:00Z;175,4043;0;3
1985-10-11 11:00:00Z;144,4907;0;3
1985-10-12 11:00:00Z;126,7997;0;3
1985-10-13 11:00:00Z;112,809;0;3
1985-10-14 11:00:00Z;176,9029;0;3
1985-10-15 11:00:00Z;222,3069;0;3
1985-10-16 11:00:00Z;572,3887;0;3
1985-10-17 11:00:00Z;264,7903;0;3
1985-10-18 11:00:00Z;316,5898;0;3
1985-10-19 11:00:00Z;327,6798;0;3
1985-10-20 11:00:00Z;478,0608;0;3
1985-10-21 11:00:00Z;355,3178;0;3
1985-10-22 11:00:00Z;303,6074;0;3
1985-10-23 11:00:00Z;314,4016;0;3
1985-10-24 11:00:00Z;293,057;0;3
1985-10-25 11:00:00Z;264,7903;0;3
1985-10-26 11:00:00Z;355,3178;0;3
1985-10-27 11:00:00Z;293,057;0;3
1985-10-28 11:00:00Z;240,1859;0;3
1985-10-29 11:00:00Z;203,6648;0;3
1985-10-30 11:00:00Z;352,9589;0;3
1985-10-31 11:00:00Z;299,3581;0;3
1985-11-01 11:00:00Z;236,5381;0;3
1985-11-02 11:00:00Z;200,3886;0;3
1985-11-03 11:00:00Z;166,5858;0;3
1985-11-04 11:00:00Z;147,1416;0;3
1985-11-05 11:00:00Z;134,198;0;3
1985-11-06 11:00:00Z;125,593;0;3
1985-11-07 11:00:00Z;120,841;0;3
1985-11-08 11:00:00Z;124,3938;0;3
1985-11-09 11:00:00Z;116,2074;0;3
1985-11-10 11:00:00Z;111,6908;0;3
1985-11-11 11:00:00Z;106,2074;0;3
1985-11-12 11:00:00Z;98,82915;0;3
1985-11-13 11:00:00Z;90,81436;0;3
1985-11-14 11:00:00Z;85,08916;0;3
1985-11-15 11:00:00Z;79,60379;0;3
1985-11-16 11:00:00Z;86,9707;0;3
1985-11-17 11:00:00Z;99,86211;0;3
1985-11-18 11:00:00Z;101,949;0;3
1985-11-19 11:00:00Z;86,9707;0;3
1985-11-20 11:00:00Z;70,98154;0;3
1985-11-21 11:00:00Z;63,76161;0;3
1985-11-22 11:00:00Z;59,96543;0;3
1985-11-23 11:00:00Z;57,75989;0;3
1985-11-24 11:00:00Z;56,31923;0;3
1985-11-25 11:00:00Z;54,20234;0;3
1985-11-26 11:00:00Z;52,82022;0;3
1985-11-27 11:00:00Z;50,1251;0;3
1985-11-28 11:00:00Z;47,52096;0;3
1985-11-29 11:00:00Z;45,62668;0;3
1985-11-30 11:00:00Z;44,39151;0;3
1985-12-01 11:00:00Z;43,17827;0;3
1985-12-02 11:00:00Z;41,98678;0;3
1985-12-03 11:00:00Z;41,98678;0;3
1985-12-04 11:00:00Z;41,98678;0;3
1985-12-05 11:00:00Z;41,98678;0;3
1985-12-06 11:00:00Z;40,23993;0;3
1985-12-07 11:00:00Z;39,66832;0;3
1985-12-08 11:00:00Z;39,66832;0;3
1985-12-09 11:00:00Z;39,10202;0;3
1985-12-10 11:00:00Z;38,54099;0;3
1985-12-11 11:00:00Z;38,54099;0;3
1985-12-12 11:00:00Z;38,54099;0;3
1985-12-13 11:00:00Z;39,66832;0;3
1985-12-14 11:00:00Z;40,81686;0;3
1985-12-15 11:00:00Z;39,66832;0;3
1985-12-16 11:00:00Z;38,54099;0;3
1985-12-17 11:00:00Z;37,43468;0;3
1985-12-18 11:00:00Z;36,34922;0;3
1985-12-19 11:00:00Z;35,81424;0;3
1985-12-20 11:00:00Z;35,2844;0;3
1985-12-21 11:00:00Z;35,2844;0;3
1985-12-22 11:00:00Z;35,2844;0;3
1985-12-23 11:00:00Z;35,2844;0;3
1985-12-24 11:00:00Z;34,75969;0;3
1985-12-25 11:00:00Z;34,75969;0;3
1985-12-26 11:00:00Z;34,24007;0;3
1985-12-27 11:00:00Z;34,24007;0;3
1985-12-28 11:00:00Z;34,24007;0;3
1985-12-29 11:00:00Z;34,24007;0;3
1985-12-30 11:00:00Z;34,24007;0;3
1985-12-31 11:00:00Z;34,24007;0;3
1986-01-01 11:00:00Z;34,24007;0;3
1986-01-02 11:00:00Z;34,24007;0;3
1986-01-03 11:00:00Z;33,72552;0;3
1986-01-04 11:00:00Z;33,21603;0;3
1986-01-05 11:00:00Z;32,71156;0;3
1986-01-06 11:00:00Z;31,71761;0;3
1986-01-07 11:00:00Z;31,71761;0;3
1986-01-08 11:00:00Z;31,22808;0;3
1986-01-09 11:00:00Z;31,22808;0;3
1986-01-10 11:00:00Z;30,74349;0;3
1986-01-11 11:00:00Z;30,74349;0;3
1986-01-12 11:00:00Z;30,26381;0;3
1986-01-13 11:00:00Z;29,78901;0;3
1986-01-14 11:00:00Z;29,78901;0;3
1986-01-15 11:00:00Z;29,31909;0;3
1986-01-16 11:00:00Z;29,31909;0;3
1986-01-17 11:00:00Z;28,85401;0;3
1986-01-18 11:00:00Z;28,39374;0;3
1986-01-19 11:00:00Z;27,93828;0;3
1986-01-20 11:00:00Z;27,93828;0;3
1986-01-21 11:00:00Z;27,93828;0;3
1986-01-22 11:00:00Z;27,93828;0;3
1986-01-23 11:00:00Z;27,93828;0;3
1986-01-24 11:00:00Z;27,93828;0;3
1986-01-25 11:00:00Z;27,93828;0;3
1986-01-26 11:00:00Z;27,48758;0;3
1986-01-27 11:00:00Z;27,48758;0;3
1986-01-28 11:00:00Z;27,48758;0;3
1986-01-29 11:00:00Z;27,48758;0;3
1986-01-30 11:00:00Z;27,04164;0;3
1986-01-31 11:00:00Z;27,04164;0;3
1986-02-01 11:00:00Z;26,60042;0;3
1986-02-02 11:00:00Z;26,60042;0;3
1986-02-03 11:00:00Z;26,60042;0;3
1986-02-04 11:00:00Z;26,60042;0;3
1986-02-05 11:00:00Z;26,16391;0;3
1986-02-06 11:00:00Z;26,16391;0;3
1986-02-07 11:00:00Z;25,73208;0;3
1986-02-08 11:00:00Z;25,3049;0;3
1986-02-09 11:00:00Z;25,3049;0;3
1986-02-10 11:00:00Z;25,3049;0;3
1986-02-11 11:00:00Z;26,16391;0;3
1986-02-12 11:00:00Z;27,04164;0;3
1986-02-13 11:00:00Z;30,26381;0;3
1986-02-14 11:00:00Z;31,71761;0;3
1986-02-15 11:00:00Z;30,74349;0;3
1986-02-16 11:00:00Z;30,26381;0;3
1986-02-17 11:00:00Z;29,31909;0;3
1986-02-18 11:00:00Z;28,39374;0;3
1986-02-19 11:00:00Z;27,93828;0;3
1986-02-20 11:00:00Z;27,04164;0;3
1986-02-21 11:00:00Z;26,60042;0;3
1986-02-22 11:00:00Z;26,60042;0;3
1986-02-23 11:00:00Z;26,60042;0;3
1986-02-24 11:00:00Z;26,60042;0;3
1986-02-25 11:00:00Z;27,04164;0;3
1986-02-26 11:00:00Z;27,04164;0;3
1986-02-27 11:00:00Z;27,48758;0;3
1986-02-28 11:00:00Z;27,93828;0;3
1986-03-01 11:00:00Z;27,93828;0;3
1986-03-02 11:00:00Z;28,85401;0;3
1986-03-03 11:00:00Z;30,26381;0;3
1986-03-04 11:00:00Z;32,21209;0;3
1986-03-05 11:00:00Z;34,75969;0;3
1986-03-06 11:00:00Z;35,2844;0;3
1986-03-07 11:00:00Z;35,81424;0;3
1986-03-08 11:00:00Z;36,34922;0;3
1986-03-09 11:00:00Z;37,43468;0;3
1986-03-10 11:00:00Z;37,98522;0;3
1986-03-11 11:00:00Z;38,54099;0;3
1986-03-12 11:00:00Z;37,98522;0;3
1986-03-13 11:00:00Z;37,43468;0;3
1986-03-14 11:00:00Z;36,34922;0;3
1986-03-15 11:00:00Z;35,81424;0;3
1986-03-16 11:00:00Z;35,2844;0;3
1986-03-17 11:00:00Z;34,75969;0;3
1986-03-18 11:00:00Z;33,72552;0;3
1986-03-19 11:00:00Z;33,21603;0;3
1986-03-20 11:00:00Z;32,71156;0;3
1986-03-21 11:00:00Z;32,21209;0;3
1986-03-22 11:00:00Z;32,21209;0;3
1986-03-23 11:00:00Z;32,71156;0;3
1986-03-24 11:00:00Z;34,24007;0;3
1986-03-25 11:00:00Z;34,24007;0;3
1986-03-26 11:00:00Z;33,72552;0;3
1986-03-27 11:00:00Z;33,21603;0;3
1986-03-28 11:00:00Z;32,71156;0;3
1986-03-29 11:00:00Z;32,21209;0;3
1986-03-30 11:00:00Z;32,21209;0;3
1986-03-31 11:00:00Z;31,71761;0;3
1986-04-01 11:00:00Z;107,2898;0;3
1986-04-02 11:00:00Z;168,035;0;3
1986-04-03 11:00:00Z;249,4649;0;3
1986-04-04 11:00:00Z;355,3178;0;3
1986-04-05 11:00:00Z;336,7312;0;3
1986-04-06 11:00:00Z;334,4533;0;3
1986-04-07 11:00:00Z;407,2457;0;3
1986-04-08 11:00:00Z;504,3145;0;3
1986-04-09 11:00:00Z;498,4014;0;3
1986-04-10 11:00:00Z;569,1723;0;3
1986-04-11 11:00:00Z;34,75969;0;3
1986-04-12 11:00:00Z;34,24007;0;3
1986-04-13 11:00:00Z;33,72552;0;3
1986-04-14 11:00:00Z;33,21603;0;3
1986-04-15 11:00:00Z;32,71156;0;3
1986-04-16 11:00:00Z;32,21209;0;3
1986-04-17 11:00:00Z;31,71761;0;3
1986-04-18 11:00:00Z;31,22808;0;3
1986-04-19 11:00:00Z;31,22808;0;3
1986-04-20 11:00:00Z;30,74349;0;3
1986-04-21 11:00:00Z;30,74349;0;3
1986-04-22 11:00:00Z;30,74349;0;3
1986-04-23 11:00:00Z;30,74349;0;3
1986-04-24 11:00:00Z;30,74349;0;3
1986-04-25 11:00:00Z;32,21209;0;3
1986-04-26 11:00:00Z;42,57982;0;3
1986-04-27 11:00:00Z;56,31923;0;3
1986-04-28 11:00:00Z;74,35349;0;3
1986-04-29 11:00:00Z;96,78407;0;3
1986-04-30 11:00:00Z;122,0178;0;3
1986-05-01 11:00:00Z;107,2898;0;3
1986-05-02 11:00:00Z;168,035;0;3
1986-05-03 11:00:00Z;249,4649;0;3
1986-05-04 11:00:00Z;355,3178;0;3
1986-05-05 11:00:00Z;336,7312;0;3
1986-05-06 11:00:00Z;334,4533;0;3
1986-05-07 11:00:00Z;407,2457;0;3
1986-05-08 11:00:00Z;504,3145;0;3
1986-05-09 11:00:00Z;498,4014;0;3
1986-05-10 11:00:00Z;569,1723;0;3
1986-05-11 11:00:00Z;601,8692;0;3
1986-05-12 11:00:00Z;674,4503;0;3
1986-05-13 11:00:00Z;615,2819;0;3
1986-05-14 11:00:00Z;565,9677;0;3
1986-05-15 11:00:00Z;519,296;0;3
1986-05-16 11:00:00Z;480,933;0;3
1986-05-17 11:00:00Z;531,4872;0;3
1986-05-18 11:00:00Z;534,5638;0;3
1986-05-19 11:00:00Z;441,7318;0;3
1986-05-20 11:00:00Z;475,1998;0;3
1986-05-21 11:00:00Z;531,4872;0;3
1986-05-22 11:00:00Z;685,2604;0;3
1986-05-23 11:00:00Z;670,8717;0;3
1986-05-24 11:00:00Z;510,2729;0;3
1986-05-25 11:00:00Z;391,9384;0;3
1986-05-26 11:00:00Z;379,4719;0;3
1986-05-27 11:00:00Z;458,2674;0;3
1986-05-28 11:00:00Z;399,5445;0;3
1986-05-29 11:00:00Z;422,9362;0;3
1986-05-30 11:00:00Z;449,9502;0;3
1986-05-31 11:00:00Z;374,5583;0;3
1986-06-01 11:00:00Z;348,2718;0;3
1986-06-02 11:00:00Z;350,6103;0;3
1986-06-03 11:00:00Z;402,101;0;3
1986-06-04 11:00:00Z;463,8672;0;3
1986-06-05 11:00:00Z;444,4603;0;3
1986-06-06 11:00:00Z;415,0428;0;3
1986-06-07 11:00:00Z;402,101;0;3
1986-06-08 11:00:00Z;404,668;0;3
1986-06-09 11:00:00Z;447,1998;0;3
1986-06-10 11:00:00Z;341,3171;0;3
1986-06-11 11:00:00Z;301,4779;0;3
1986-06-12 11:00:00Z;362,4558;0;3
1986-06-13 11:00:00Z;320,9961;0;3
1986-06-14 11:00:00Z;238,3575;0;3
1986-06-15 11:00:00Z;215,4051;0;3
1986-06-16 11:00:00Z;195,5387;0;3
1986-06-17 11:00:00Z;197,1468;0;3
1986-06-18 11:00:00Z;195,5387;0;3
1986-06-19 11:00:00Z;190,7658;0;3
1986-06-20 11:00:00Z;158,0604;0;3
1986-06-21 11:00:00Z;128,0138;0;3
1986-06-22 11:00:00Z;125,593;0;3
1986-06-23 11:00:00Z;112,809;0;3
1986-06-24 11:00:00Z;105,1322;0;3
1986-06-25 11:00:00Z;113,9345;0;3
1986-06-26 11:00:00Z;115,0673;0;3
1986-06-27 11:00:00Z;116,2074;0;3
1986-06-28 11:00:00Z;111,6908;0;3
1986-06-29 11:00:00Z;104,0641;0;3
1986-06-30 11:00:00Z;97,80313;0;3
1986-07-01 11:00:00Z;103,003;0;3
1986-07-02 11:00:00Z;97,80313;0;3
1986-07-03 11:00:00Z;84,15841;0;3
1986-07-04 11:00:00Z;79,60379;0;3
1986-07-05 11:00:00Z;101,949;0;3
1986-07-06 11:00:00Z;105,1322;0;3
1986-07-07 11:00:00Z;92,77686;0;3
1986-07-08 11:00:00Z;86,9707;0;3
1986-07-09 11:00:00Z;123,2021;0;3
1986-07-10 11:00:00Z;137,9999;0;3
1986-07-11 11:00:00Z;119,6716;0;3
1986-07-12 11:00:00Z;109,4759;0;3
1986-07-13 11:00:00Z;106,2074;0;3
1986-07-14 11:00:00Z;108,3793;0;3
1986-07-15 11:00:00Z;95,77194;0;3
1986-07-16 11:00:00Z;97,80313;0;3
1986-07-17 11:00:00Z;103,003;0;3
1986-07-18 11:00:00Z;110,5797;0;3
1986-07-19 11:00:00Z;110,5797;0;3
1986-07-20 11:00:00Z;96,78407;0;3
1986-07-21 11:00:00Z;82,3168;0;3
1986-07-22 11:00:00Z;80,50157;0;3
1986-07-23 11:00:00Z;80,50157;0;3
1986-07-24 11:00:00Z;80,50157;0;3
1986-07-25 11:00:00Z;99,86211;0;3
1986-07-26 11:00:00Z;122,0178;0;3
1986-07-27 11:00:00Z;100,9021;0;3
1986-07-28 11:00:00Z;89,84331;0;3
1986-07-29 11:00:00Z;82,3168;0;3
1986-07-30 11:00:00Z;82,3168;0;3
1986-07-31 11:00:00Z;90,81436;0;3
1986-08-01 11:00:00Z;86,02658;0;3
1986-08-02 11:00:00Z;86,02658;0;3
1986-08-03 11:00:00Z;84,15841;0;3
1986-08-04 11:00:00Z;82,3168;0;3
1986-08-05 11:00:00Z;85,08916;0;3
1986-08-06 11:00:00Z;87,9215;0;3
1986-08-07 11:00:00Z;83,2343;0;3
1986-08-08 11:00:00Z;72,65481;0;3
1986-08-09 11:00:00Z;66,11246;0;3
1986-08-10 11:00:00Z;65,32269;0;3
1986-08-11 11:00:00Z;62,99024;0;3
1986-08-12 11:00:00Z;59,96543;0;3
1986-08-13 11:00:00Z;58,48911;0;3
1986-08-14 11:00:00Z;54,90212;0;3
1986-08-15 11:00:00Z;52,13783;0;3
1986-08-16 11:00:00Z;50,79029;0;3
1986-08-17 11:00:00Z;50,79029;0;3
1986-08-18 11:00:00Z;49,4656;0;3
1986-08-19 11:00:00Z;47,52096;0;3
1986-08-20 11:00:00Z;46,25255;0;3
1986-08-21 11:00:00Z;45,00634;0;3
1986-08-22 11:00:00Z;44,39151;0;3
1986-08-23 11:00:00Z;43,78216;0;3
1986-08-24 11:00:00Z;43,17827;0;3
1986-08-25 11:00:00Z;41,98678;0;3
1986-08-26 11:00:00Z;41,39913;0;3
1986-08-27 11:00:00Z;40,23993;0;3
1986-08-28 11:00:00Z;39,66832;0;3
1986-08-29 11:00:00Z;38,54099;0;3
1986-08-30 11:00:00Z;37,43468;0;3
1986-08-31 11:00:00Z;36,88935;0;3
1986-09-01 11:00:00Z;36,88935;0;3
1986-09-02 11:00:00Z;37,98522;0;3
1986-09-03 11:00:00Z;38,54099;0;3
1986-09-04 11:00:00Z;37,98522;0;3
1986-09-05 11:00:00Z;38,54099;0;3
1986-09-06 11:00:00Z;43,17827;0;3
1986-09-07 11:00:00Z;44,39151;0;3
1986-09-08 11:00:00Z;42,57982;0;3
1986-09-09 11:00:00Z;43,17827;0;3
1986-09-10 11:00:00Z;44,39151;0;3
1986-09-11 11:00:00Z;43,17827;0;3
1986-09-12 11:00:00Z;40,81686;0;3
1986-09-13 11:00:00Z;39,66832;0;3
1986-09-14 11:00:00Z;38,54099;0;3
1986-09-15 11:00:00Z;37,43468;0;3
1986-09-16 11:00:00Z;37,43468;0;3
1986-09-17 11:00:00Z;37,43468;0;3
1986-09-18 11:00:00Z;37,43468;0;3
1986-09-19 11:00:00Z;38,54099;0;3
1986-09-20 11:00:00Z;82,3168;0;3
1986-09-21 11:00:00Z;160,8699;0;3
1986-09-22 11:00:00Z;129,2355;0;3
1986-09-23 11:00:00Z;119,6716;0;3
1986-09-24 11:00:00Z;87,9215;0;3
1986-09-25 11:00:00Z;77,82781;0;3
1986-09-26 11:00:00Z;70,98154;0;3
1986-09-27 11:00:00Z;63,76161;0;3
1986-09-28 11:00:00Z;59,96543;0;3
1986-09-29 11:00:00Z;206,9756;0;3
1986-09-30 11:00:00Z;399,5445;0;3
1986-10-01 11:00:00Z;314,4016;0;3
1986-10-02 11:00:00Z;472,35;0;3
1986-10-03 11:00:00Z;486,7108;0;3
1986-10-04 11:00:00Z;334,4533;0;3
1986-10-05 11:00:00Z;251,3482;0;3
1986-10-06 11:00:00Z;175,4043;0;3
1986-10-07 11:00:00Z;205,3159;0;3
1986-10-08 11:00:00Z;268,7148;0;3
1986-10-09 11:00:00Z;178,4098;0;3
1986-10-10 11:00:00Z;143,1771;0;3
1986-10-11 11:00:00Z;197,1468;0;3
1986-10-12 11:00:00Z;377,0099;0;3
1986-10-13 11:00:00Z;582,1088;0;3
1986-10-14 11:00:00Z;598,546;0;3
1986-10-15 11:00:00Z;495,4619;0;3
1986-10-16 11:00:00Z;391,9384;0;3
1986-10-17 11:00:00Z;425,5888;0;3
1986-10-18 11:00:00Z;343,6252;0;3
1986-10-19 11:00:00Z;323,2141;0;3
1986-10-20 11:00:00Z;240,1859;0;3
1986-10-21 11:00:00Z;282,7477;0;3
1986-10-22 11:00:00Z;189,1919;0;3
1986-10-23 11:00:00Z;152,5375;0;3
1986-10-24 11:00:00Z;144,4907;0;3
1986-10-25 11:00:00Z;225,811;0;3
1986-10-26 11:00:00Z;175,4043;0;3
1986-10-27 11:00:00Z;132,946;0;3
1986-10-28 11:00:00Z;116,2074;0;3
1986-10-29 11:00:00Z;175,4043;0;3
1986-10-30 11:00:00Z;327,6798;0;3
1986-10-31 11:00:00Z;264,7903;0;3
1986-11-01 11:00:00Z;212,007;0;3
1986-11-02 11:00:00Z;179,925;0;3
1986-11-03 11:00:00Z;144,4907;0;3
1986-11-04 11:00:00Z;132,946;0;3
1986-11-05 11:00:00Z;112,809;0;3
1986-11-06 11:00:00Z;104,0641;0;3
1986-11-07 11:00:00Z;95,77194;0;3
1986-11-08 11:00:00Z;87,9215;0;3
1986-11-09 11:00:00Z;84,15841;0;3
1986-11-10 11:00:00Z;83,2343;0;3
1986-11-11 11:00:00Z;97,80313;0;3
1986-11-12 11:00:00Z;98,82915;0;3
1986-11-13 11:00:00Z;80,50157;0;3
1986-11-14 11:00:00Z;81,4059;0;3
1986-11-15 11:00:00Z;85,08916;0;3
1986-11-16 11:00:00Z;77,82781;0;3
1986-11-17 11:00:00Z;86,9707;0;3
1986-11-18 11:00:00Z;80,50157;0;3
1986-11-19 11:00:00Z;74,35349;0;3
1986-11-20 11:00:00Z;70,15438;0;3
1986-11-21 11:00:00Z;66,9084;0;3
1986-11-22 11:00:00Z;67,71054;0;3
1986-11-23 11:00:00Z;71,815;0;3
1986-11-24 11:00:00Z;64,53909;0;3
1986-11-25 11:00:00Z;60,71258;0;3
1986-11-26 11:00:00Z;59,22428;0;3
1986-11-27 11:00:00Z;82,3168;0;3
1986-11-28 11:00:00Z;101,949;0;3
1986-11-29 11:00:00Z;231,1341;0;3
1986-11-30 11:00:00Z;169,4925;0;3
1986-12-01 11:00:00Z;152,5375;0;3
1986-12-02 11:00:00Z;134,198;0;3
1986-12-03 11:00:00Z;101,949;0;3
1986-12-04 11:00:00Z;88,87903;0;3
1986-12-05 11:00:00Z;78,71255;0;3
1986-12-06 11:00:00Z;79,60379;0;3
1986-12-07 11:00:00Z;75,21242;0;3
1986-12-08 11:00:00Z;72,65481;0;3
1986-12-09 11:00:00Z;71,815;0;3
1986-12-10 11:00:00Z;70,15438;0;3
1986-12-11 11:00:00Z;69,33351;0;3
1986-12-12 11:00:00Z;67,71054;0;3
1986-12-13 11:00:00Z;66,11246;0;3
1986-12-14 11:00:00Z;64,53909;0;3
1986-12-15 11:00:00Z;61,46575;0;3
1986-12-16 11:00:00Z;60,71258;0;3
1986-12-17 11:00:00Z;59,96543;0;3
1986-12-18 11:00:00Z;59,22428;0;3
1986-12-19 11:00:00Z;58,48911;0;3
1986-12-20 11:00:00Z;57,03661;0;3
1986-12-21 11:00:00Z;55,60774;0;3
1986-12-22 11:00:00Z;54,90212;0;3
1986-12-23 11:00:00Z;53,50838;0;3
1986-12-24 11:00:00Z;52,82022;0;3
1986-12-25 11:00:00Z;52,13783;0;3
1986-12-26 11:00:00Z;50,79029;0;3
1986-12-27 11:00:00Z;51,4612;0;3
1986-12-28 11:00:00Z;49,4656;0;3
1986-12-29 11:00:00Z;48,16354;0;3
1986-12-30 11:00:00Z;46,25255;0;3
1986-12-31 11:00:00Z;43,17827;0;3
1987-01-01 11:00:00Z;43,17827;0;3
1987-01-02 11:00:00Z;42,57982;0;3
1987-01-03 11:00:00Z;42,57982;0;3
1987-01-04 11:00:00Z;40,81686;0;3
1987-01-05 11:00:00Z;41,39913;0;3
1987-01-06 11:00:00Z;40,81686;0;3
1987-01-07 11:00:00Z;39,66832;0;3
1987-01-08 11:00:00Z;39,10202;0;3
1987-01-09 11:00:00Z;39,66832;0;3
1987-01-10 11:00:00Z;38,54099;0;3
1987-01-11 11:00:00Z;38,54099;0;3
1987-01-12 11:00:00Z;37,98522;0;3
1987-01-13 11:00:00Z;37,43468;0;3
1987-01-14 11:00:00Z;37,43468;0;3
1987-01-15 11:00:00Z;37,43468;0;3
1987-01-16 11:00:00Z;37,43468;0;3
1987-01-17 11:00:00Z;37,43468;0;3
1987-01-18 11:00:00Z;36,88935;0;3
1987-01-19 11:00:00Z;36,34922;0;3
1987-01-20 11:00:00Z;36,34922;0;3
1987-01-21 11:00:00Z;35,81424;0;3
1987-01-22 11:00:00Z;36,34922;0;3
1987-01-23 11:00:00Z;36,88935;0;3
1987-01-24 11:00:00Z;36,34922;0;3
1987-01-25 11:00:00Z;37,98522;0;3
1987-01-26 11:00:00Z;37,43468;0;3
1987-01-27 11:00:00Z;36,34922;0;3
1987-01-28 11:00:00Z;35,2844;0;3
1987-01-29 11:00:00Z;35,2844;0;3
1987-01-30 11:00:00Z;35,81424;0;3
1987-01-31 11:00:00Z;36,34922;0;3
1987-02-01 11:00:00Z;37,43468;0;3
1987-02-02 11:00:00Z;39,66832;0;3
1987-02-03 11:00:00Z;43,17827;0;3
1987-02-04 11:00:00Z;47,52096;0;3
1987-02-05 11:00:00Z;50,79029;0;3
1987-02-06 11:00:00Z;55,60774;0;3
1987-02-07 11:00:00Z;60,71258;0;3
1987-02-08 11:00:00Z;59,96543;0;3
1987-02-09 11:00:00Z;52,82022;0;3
1987-02-10 11:00:00Z;50,1251;0;3
1987-02-11 11:00:00Z;47,52096;0;3
1987-02-12 11:00:00Z;45,00634;0;3
1987-02-13 11:00:00Z;43,17827;0;3
1987-02-14 11:00:00Z;41,39913;0;3
1987-02-15 11:00:00Z;39,10202;0;3
1987-02-16 11:00:00Z;38,54099;0;3
1987-02-17 11:00:00Z;37,43468;0;3
1987-02-18 11:00:00Z;37,43468;0;3
1987-02-19 11:00:00Z;37,43468;0;3
1987-02-20 11:00:00Z;36,88935;0;3
1987-02-21 11:00:00Z;36,88935;0;3
1987-02-22 11:00:00Z;36,88935;0;3
1987-02-23 11:00:00Z;36,88935;0;3
1987-02-24 11:00:00Z;36,34922;0;3
1987-02-25 11:00:00Z;36,34922;0;3
1987-02-26 11:00:00Z;35,81424;0;3
1987-02-27 11:00:00Z;35,81424;0;3
1987-02-28 11:00:00Z;35,81424;0;3
1987-03-01 11:00:00Z;35,2844;0;3
1987-03-02 11:00:00Z;34,24007;0;3
1987-03-03 11:00:00Z;33,21603;0;3
1987-03-04 11:00:00Z;32,71156;0;3
1987-03-05 11:00:00Z;32,71156;0;3
1987-03-06 11:00:00Z;32,71156;0;3
1987-03-07 11:00:00Z;32,71156;0;3
1987-03-08 11:00:00Z;32,21209;0;3
1987-03-09 11:00:00Z;32,21209;0;3
1987-03-10 11:00:00Z;32,21209;0;3
1987-03-11 11:00:00Z;32,21209;0;3
1987-03-12 11:00:00Z;32,21209;0;3
1987-03-13 11:00:00Z;31,71761;0;3
1987-03-14 11:00:00Z;31,71761;0;3
1987-03-15 11:00:00Z;31,71761;0;3
1987-03-16 11:00:00Z;31,22808;0;3
1987-03-17 11:00:00Z;30,26381;0;3
1987-03-18 11:00:00Z;29,31909;0;3
1987-03-19 11:00:00Z;28,39374;0;3
1987-03-20 11:00:00Z;27,04164;0;3
1987-03-21 11:00:00Z;26,60042;0;3
1987-03-22 11:00:00Z;27,04164;0;3
1987-03-23 11:00:00Z;27,48758;0;3
1987-03-24 11:00:00Z;28,39374;0;3
1987-03-25 11:00:00Z;27,93828;0;3
1987-03-26 11:00:00Z;27,93828;0;3
1987-03-27 11:00:00Z;27,93828;0;3
1987-03-28 11:00:00Z;27,48758;0;3
1987-03-29 11:00:00Z;27,48758;0;3
1987-03-30 11:00:00Z;27,04164;0;3
1987-03-31 11:00:00Z;26,60042;0;3
1987-04-01 11:00:00Z;27,48758;0;3
1987-04-02 11:00:00Z;28,39374;0;3
1987-04-03 11:00:00Z;29,31909;0;3
1987-04-04 11:00:00Z;30,26381;0;3
1987-04-05 11:00:00Z;29,78901;0;3
1987-04-06 11:00:00Z;28,39374;0;3
1987-04-07 11:00:00Z;27,04164;0;3
1987-04-08 11:00:00Z;26,16391;0;3
1987-04-09 11:00:00Z;24,88236;0;3
1987-04-10 11:00:00Z;24,05109;0;3
1987-04-11 11:00:00Z;24,46443;0;3
1987-04-12 11:00:00Z;24,46443;0;3
1987-04-13 11:00:00Z;24,88236;0;3
1987-04-14 11:00:00Z;28,39374;0;3
1987-04-15 11:00:00Z;32,71156;0;3
1987-04-16 11:00:00Z;37,43468;0;3
1987-04-17 11:00:00Z;36,34922;0;3
1987-04-18 11:00:00Z;35,81424;0;3
1987-04-19 11:00:00Z;33,21603;0;3
1987-04-20 11:00:00Z;30,26381;0;3
1987-04-21 11:00:00Z;30,74349;0;3
1987-04-22 11:00:00Z;38,54099;0;3
1987-04-23 11:00:00Z;71,815;0;3
1987-04-24 11:00:00Z;149,8238;0;3
1987-04-25 11:00:00Z;122,0178;0;3
1987-04-26 11:00:00Z;103,003;0;3
1987-04-27 11:00:00Z;101,949;0;3
1987-04-28 11:00:00Z;197,1468;0;3
1987-04-29 11:00:00Z;202,0224;0;3
1987-04-30 11:00:00Z;218,8383;0;3
1987-05-01 11:00:00Z;284,7903;0;3
1987-05-02 11:00:00Z;301,4779;0;3
1987-05-03 11:00:00Z;217,1173;0;3
1987-05-04 11:00:00Z;168,035;0;3
1987-05-05 11:00:00Z;145,8122;0;3
1987-05-06 11:00:00Z;147,1416;0;3
1987-05-07 11:00:00Z;148,4787;0;3
1987-05-08 11:00:00Z;123,2021;0;3
1987-05-09 11:00:00Z;140,573;0;3
1987-05-10 11:00:00Z;168,035;0;3
1987-05-11 11:00:00Z;149,8238;0;3
1987-05-12 11:00:00Z;141,8711;0;3
1987-05-13 11:00:00Z;139,2826;0;3
1987-05-14 11:00:00Z;137,9999;0;3
1987-05-15 11:00:00Z;129,2355;0;3
1987-05-16 11:00:00Z;155,283;0;3
1987-05-17 11:00:00Z;172,4319;0;3
1987-05-18 11:00:00Z;220,5682;0;3
1987-05-19 11:00:00Z;318,788;0;3
1987-05-20 11:00:00Z;301,4779;0;3
1987-05-21 11:00:00Z;253,2407;0;3
1987-05-22 11:00:00Z;247,5908;0;3
1987-05-23 11:00:00Z;280,7145;0;3
1987-05-24 11:00:00Z;316,5898;0;3
1987-05-25 11:00:00Z;323,2141;0;3
1987-05-26 11:00:00Z;355,3178;0;3
1987-05-27 11:00:00Z;301,4779;0;3
1987-05-28 11:00:00Z;255,1424;0;3
1987-05-29 11:00:00Z;238,3575;0;3
1987-05-30 11:00:00Z;288,9044;0;3
1987-05-31 11:00:00Z;350,6103;0;3
1987-06-01 11:00:00Z;399,5445;0;3
1987-06-02 11:00:00Z;389,4242;0;3
1987-06-03 11:00:00Z;409,8341;0;3
1987-06-04 11:00:00Z;478,0608;0;3
1987-06-05 11:00:00Z;531,4872;0;3
1987-06-06 11:00:00Z;516,2769;0;3
1987-06-07 11:00:00Z;492,5336;0;3
1987-06-08 11:00:00Z;525,3687;0;3
1987-06-09 11:00:00Z;562,7748;0;3
1987-06-10 11:00:00Z;569,1723;0;3
1987-06-11 11:00:00Z;504,3145;0;3
1987-06-12 11:00:00Z;439,0141;0;3
1987-06-13 11:00:00Z;425,5888;0;3
1987-06-14 11:00:00Z;449,9502;0;3
1987-06-15 11:00:00Z;458,2674;0;3
1987-06-16 11:00:00Z;441,7318;0;3
1987-06-17 11:00:00Z;463,8672;0;3
1987-06-18 11:00:00Z;608,5516;0;3
1987-06-19 11:00:00Z;578,8569;0;3
1987-06-20 11:00:00Z;461,0617;0;3
1987-06-21 11:00:00Z;420,2943;0;3
1987-06-22 11:00:00Z;404,668;0;3
1987-06-23 11:00:00Z;396,9986;0;3
1987-06-24 11:00:00Z;409,8341;0;3
1987-06-25 11:00:00Z;377,0099;0;3
1987-06-26 11:00:00Z;436,3073;0;3
1987-06-27 11:00:00Z;489,6166;0;3
1987-06-28 11:00:00Z;489,6166;0;3
1987-06-29 11:00:00Z;430,9264;0;3
1987-06-30 11:00:00Z;360,0662;0;3
1987-07-01 11:00:00Z;301,4779;0;3
1987-07-02 11:00:00Z;280,7145;0;3
1987-07-03 11:00:00Z;232,9264;0;3
1987-07-04 11:00:00Z;200,3886;0;3
1987-07-05 11:00:00Z;288,9044;0;3
1987-07-06 11:00:00Z;540,7516;0;3
1987-07-07 11:00:00Z;501,3523;0;3
1987-07-08 11:00:00Z;394,4632;0;3
1987-07-09 11:00:00Z;320,9961;0;3
1987-07-10 11:00:00Z;236,5381;0;3
1987-07-11 11:00:00Z;255,1424;0;3
1987-07-12 11:00:00Z;222,3069;0;3
1987-07-13 11:00:00Z;181,4485;0;3
1987-07-14 11:00:00Z;155,283;0;3
1987-07-15 11:00:00Z;145,8122;0;3
1987-07-16 11:00:00Z;165,1446;0;3
1987-07-17 11:00:00Z;193,9393;0;3
1987-07-18 11:00:00Z;197,1468;0;3
1987-07-19 11:00:00Z;200,3886;0;3
1987-07-20 11:00:00Z;200,3886;0;3
1987-07-21 11:00:00Z;178,4098;0;3
1987-07-22 11:00:00Z;162,2867;0;3
1987-07-23 11:00:00Z;158,0604;0;3
1987-07-24 11:00:00Z;140,573;0;3
1987-07-25 11:00:00Z;137,9999;0;3
1987-07-26 11:00:00Z;156,6677;0;3
1987-07-27 11:00:00Z;153,9063;0;3
1987-07-28 11:00:00Z;129,2355;0;3
1987-07-29 11:00:00Z;112,809;0;3
1987-07-30 11:00:00Z;100,9021;0;3
1987-07-31 11:00:00Z;89,84331;0;3
1987-08-01 11:00:00Z;84,15841;0;3
1987-08-02 11:00:00Z;83,2343;0;3
1987-08-03 11:00:00Z;89,84331;0;3
1987-08-04 11:00:00Z;94,76671;0;3
1987-08-05 11:00:00Z;132,946;0;3
1987-08-06 11:00:00Z;231,1341;0;3
1987-08-07 11:00:00Z;205,3159;0;3
1987-08-08 11:00:00Z;172,4319;0;3
1987-08-09 11:00:00Z;144,4907;0;3
1987-08-10 11:00:00Z;119,6716;0;3
1987-08-11 11:00:00Z;106,2074;0;3
1987-08-12 11:00:00Z;96,78407;0;3
1987-08-13 11:00:00Z;89,84331;0;3
1987-08-14 11:00:00Z;83,2343;0;3
1987-08-15 11:00:00Z;76,94955;0;3
1987-08-16 11:00:00Z;71,815;0;3
1987-08-17 11:00:00Z;66,9084;0;3
1987-08-18 11:00:00Z;63,76161;0;3
1987-08-19 11:00:00Z;64,53909;0;3
1987-08-20 11:00:00Z;65,32269;0;3
1987-08-21 11:00:00Z;69,33351;0;3
1987-08-22 11:00:00Z;213,7017;0;3
1987-08-23 11:00:00Z;176,9029;0;3
1987-08-24 11:00:00Z;115,0673;0;3
1987-08-25 11:00:00Z;91,79221;0;3
1987-08-26 11:00:00Z;79,60379;0;3
1987-08-27 11:00:00Z;73,50096;0;3
1987-08-28 11:00:00Z;76,94955;0;3
1987-08-29 11:00:00Z;118,5095;0;3
1987-08-30 11:00:00Z;117,3548;0;3
1987-08-31 11:00:00Z;101,949;0;3
1987-09-01 11:00:00Z;89,84331;0;3
1987-09-02 11:00:00Z;80,50157;0;3
1987-09-03 11:00:00Z;90,81436;0;3
1987-09-04 11:00:00Z;101,949;0;3
1987-09-05 11:00:00Z;87,9215;0;3
1987-09-06 11:00:00Z;82,3168;0;3
1987-09-07 11:00:00Z;88,87903;0;3
1987-09-08 11:00:00Z;100,9021;0;3
1987-09-09 11:00:00Z;124,3938;0;3
1987-09-10 11:00:00Z;124,3938;0;3
1987-09-11 11:00:00Z;101,949;0;3
1987-09-12 11:00:00Z;92,77686;0;3
1987-09-13 11:00:00Z;87,9215;0;3
1987-09-14 11:00:00Z;120,841;0;3
1987-09-15 11:00:00Z;110,5797;0;3
1987-09-16 11:00:00Z;104,0641;0;3
1987-09-17 11:00:00Z;91,79221;0;3
1987-09-18 11:00:00Z;83,2343;0;3
1987-09-19 11:00:00Z;83,2343;0;3
1987-09-20 11:00:00Z;90,81436;0;3
1987-09-21 11:00:00Z;93,76836;0;3
1987-09-22 11:00:00Z;85,08916;0;3
1987-09-23 11:00:00Z;95,77194;0;3
1987-09-24 11:00:00Z;91,79221;0;3
1987-09-25 11:00:00Z;84,15841;0;3
1987-09-26 11:00:00Z;78,71255;0;3
1987-09-27 11:00:00Z;82,3168;0;3
1987-09-28 11:00:00Z;86,02658;0;3
1987-09-29 11:00:00Z;79,60379;0;3
1987-09-30 11:00:00Z;75,21242;0;3
1987-10-01 11:00:00Z;70,98154;0;3
1987-10-02 11:00:00Z;70,15438;0;3
1987-10-03 11:00:00Z;110,5797;0;3
1987-10-04 11:00:00Z;129,2355;0;3
1987-10-05 11:00:00Z;104,0641;0;3
1987-10-06 11:00:00Z;87,9215;0;3
1987-10-07 11:00:00Z;86,9707;0;3
1987-10-08 11:00:00Z;136,7249;0;3
1987-10-09 11:00:00Z;135,4576;0;3
1987-10-10 11:00:00Z;132,946;0;3
1987-10-11 11:00:00Z;120,841;0;3
1987-10-12 11:00:00Z;143,1771;0;3
1987-10-13 11:00:00Z;206,9756;0;3
1987-10-14 11:00:00Z;264,7903;0;3
1987-10-15 11:00:00Z;182,9804;0;3
1987-10-16 11:00:00Z;152,5375;0;3
1987-10-17 11:00:00Z;206,9756;0;3
1987-10-18 11:00:00Z;152,5375;0;3
1987-10-19 11:00:00Z;124,3938;0;3
1987-10-20 11:00:00Z;108,3793;0;3
1987-10-21 11:00:00Z;96,78407;0;3
1987-10-22 11:00:00Z;89,84331;0;3
1987-10-23 11:00:00Z;84,15841;0;3
1987-10-24 11:00:00Z;77,82781;0;3
1987-10-25 11:00:00Z;73,50096;0;3
1987-10-26 11:00:00Z;70,15438;0;3
1987-10-27 11:00:00Z;66,9084;0;3
1987-10-28 11:00:00Z;64,53909;0;3
1987-10-29 11:00:00Z;76,07776;0;3
1987-10-30 11:00:00Z;86,02658;0;3
1987-10-31 11:00:00Z;73,50096;0;3
1987-11-01 11:00:00Z;78,71255;0;3
1987-11-02 11:00:00Z;84,15841;0;3
1987-11-03 11:00:00Z;111,6908;0;3
1987-11-04 11:00:00Z;215,4051;0;3
1987-11-05 11:00:00Z;394,4632;0;3
1987-11-06 11:00:00Z;504,3145;0;3
1987-11-07 11:00:00Z;247,5908;0;3
1987-11-08 11:00:00Z;169,4925;0;3
1987-11-09 11:00:00Z;130,4648;0;3
1987-11-10 11:00:00Z;125,593;0;3
1987-11-11 11:00:00Z;144,4907;0;3
1987-11-12 11:00:00Z;122,0178;0;3
1987-11-13 11:00:00Z;98,82915;0;3
1987-11-14 11:00:00Z;86,02658;0;3
1987-11-15 11:00:00Z;80,50157;0;3
1987-11-16 11:00:00Z;75,21242;0;3
1987-11-17 11:00:00Z;73,50096;0;3
1987-11-18 11:00:00Z;68,51891;0;3
1987-11-19 11:00:00Z;66,9084;0;3
1987-11-20 11:00:00Z;62,22496;0;3
1987-11-21 11:00:00Z;63,76161;0;3
1987-11-22 11:00:00Z;60,71258;0;3
1987-11-23 11:00:00Z;53,50838;0;3
1987-11-24 11:00:00Z;54,90212;0;3
1987-11-25 11:00:00Z;58,48911;0;3
1987-11-26 11:00:00Z;57,75989;0;3
1987-11-27 11:00:00Z;60,71258;0;3
1987-11-28 11:00:00Z;60,71258;0;3
1987-11-29 11:00:00Z;58,48911;0;3
1987-11-30 11:00:00Z;52,13783;0;3
1987-12-01 11:00:00Z;57,03661;0;3
1987-12-02 11:00:00Z;104,0641;0;3
1987-12-03 11:00:00Z;135,4576;0;3
1987-12-04 11:00:00Z;175,4043;0;3
1987-12-05 11:00:00Z;113,9345;0;3
1987-12-06 11:00:00Z;84,15841;0;3
1987-12-07 11:00:00Z;68,51891;0;3
1987-12-08 11:00:00Z;62,22496;0;3
1987-12-09 11:00:00Z;59,96543;0;3
1987-12-10 11:00:00Z;57,03661;0;3
1987-12-11 11:00:00Z;54,90212;0;3
1987-12-12 11:00:00Z;52,82022;0;3
1987-12-13 11:00:00Z;51,4612;0;3
1987-12-14 11:00:00Z;49,4656;0;3
1987-12-15 11:00:00Z;46,88397;0;3
1987-12-16 11:00:00Z;45,62668;0;3
1987-12-17 11:00:00Z;44,39151;0;3
1987-12-18 11:00:00Z;43,78216;0;3
1987-12-19 11:00:00Z;42,57982;0;3
1987-12-20 11:00:00Z;41,98678;0;3
1987-12-21 11:00:00Z;43,17827;0;3
1987-12-22 11:00:00Z;45,00634;0;3
1987-12-23 11:00:00Z;54,90212;0;3
1987-12-24 11:00:00Z;78,71255;0;3
1987-12-25 11:00:00Z;89,84331;0;3
1987-12-26 11:00:00Z;119,6716;0;3
1987-12-27 11:00:00Z;91,79221;0;3
1987-12-28 11:00:00Z;74,35349;0;3
1987-12-29 11:00:00Z;65,32269;0;3
1987-12-30 11:00:00Z;62,22496;0;3
1987-12-31 11:00:00Z;57,75989;0;3
1988-01-01 11:00:00Z;54,20234;0;3
1988-01-02 11:00:00Z;51,4612;0;3
1988-01-03 11:00:00Z;48,81174;0;3
1988-01-04 11:00:00Z;46,88397;0;3
1988-01-05 11:00:00Z;45,00634;0;3
1988-01-06 11:00:00Z;43,78216;0;3
1988-01-07 11:00:00Z;43,17827;0;3
1988-01-08 11:00:00Z;42,57982;0;3
1988-01-09 11:00:00Z;41,98678;0;3
1988-01-10 11:00:00Z;42,57982;0;3
1988-01-11 11:00:00Z;57,03661;0;3
1988-01-12 11:00:00Z;54,90212;0;3
1988-01-13 11:00:00Z;49,4656;0;3
1988-01-14 11:00:00Z;45,62668;0;3
1988-01-15 11:00:00Z;42,57982;0;3
1988-01-16 11:00:00Z;40,23993;0;3
1988-01-17 11:00:00Z;38,54099;0;3
1988-01-18 11:00:00Z;37,98522;0;3
1988-01-19 11:00:00Z;37,43468;0;3
1988-01-20 11:00:00Z;36,88935;0;3
1988-01-21 11:00:00Z;35,81424;0;3
1988-01-22 11:00:00Z;35,2844;0;3
1988-01-23 11:00:00Z;34,75969;0;3
1988-01-24 11:00:00Z;33,72552;0;3
1988-01-25 11:00:00Z;33,21603;0;3
1988-01-26 11:00:00Z;32,71156;0;3
1988-01-27 11:00:00Z;32,21209;0;3
1988-01-28 11:00:00Z;32,21209;0;3
1988-01-29 11:00:00Z;31,71761;0;3
1988-01-30 11:00:00Z;31,22808;0;3
1988-01-31 11:00:00Z;31,22808;0;3
1988-02-01 11:00:00Z;30,74349;0;3
1988-02-02 11:00:00Z;30,74349;0;3
1988-02-03 11:00:00Z;30,26381;0;3
1988-02-04 11:00:00Z;30,26381;0;3
1988-02-05 11:00:00Z;29,78901;0;3
1988-02-06 11:00:00Z;29,31909;0;3
1988-02-07 11:00:00Z;29,31909;0;3
1988-02-08 11:00:00Z;28,85401;0;3
1988-02-09 11:00:00Z;28,85401;0;3
1988-02-10 11:00:00Z;28,39374;0;3
1988-02-11 11:00:00Z;27,93828;0;3
1988-02-12 11:00:00Z;27,48758;0;3
1988-02-13 11:00:00Z;27,48758;0;3
1988-02-14 11:00:00Z;27,04164;0;3
1988-02-15 11:00:00Z;26,60042;0;3
1988-02-16 11:00:00Z;26,60042;0;3
1988-02-17 11:00:00Z;26,16391;0;3
1988-02-18 11:00:00Z;26,16391;0;3
1988-02-19 11:00:00Z;26,16391;0;3
1988-02-20 11:00:00Z;25,73208;0;3
1988-02-21 11:00:00Z;25,73208;0;3
1988-02-22 11:00:00Z;25,73208;0;3
1988-02-23 11:00:00Z;25,73208;0;3
1988-02-24 11:00:00Z;25,73208;0;3
1988-02-25 11:00:00Z;25,3049;0;3
1988-02-26 11:00:00Z;25,3049;0;3
1988-02-27 11:00:00Z;25,3049;0;3
1988-02-28 11:00:00Z;25,3049;0;3
1988-02-29 11:00:00Z;24,88236;0;3
1988-03-01 11:00:00Z;24,88236;0;3
1988-03-02 11:00:00Z;24,88236;0;3
1988-03-03 11:00:00Z;24,88236;0;3
1988-03-04 11:00:00Z;24,88236;0;3
1988-03-05 11:00:00Z;24,46443;0;3
1988-03-06 11:00:00Z;24,46443;0;3
1988-03-07 11:00:00Z;24,46443;0;3
1988-03-08 11:00:00Z;24,46443;0;3
1988-03-09 11:00:00Z;24,05109;0;3
1988-03-10 11:00:00Z;24,05109;0;3
1988-03-11 11:00:00Z;24,05109;0;3
1988-03-12 11:00:00Z;24,05109;0;3
1988-03-13 11:00:00Z;24,05109;0;3
1988-03-14 11:00:00Z;23,64231;0;3
1988-03-15 11:00:00Z;23,64231;0;3
1988-03-16 11:00:00Z;23,64231;0;3
1988-03-17 11:00:00Z;23,64231;0;3
1988-03-18 11:00:00Z;23,23807;0;3
1988-03-19 11:00:00Z;23,23807;0;3
1988-03-20 11:00:00Z;23,23807;0;3
1988-03-21 11:00:00Z;23,23807;0;3
1988-03-22 11:00:00Z;22,83835;0;3
1988-03-23 11:00:00Z;22,83835;0;3
1988-03-24 11:00:00Z;22,83835;0;3
1988-03-25 11:00:00Z;22,83835;0;3
1988-03-26 11:00:00Z;22,44312;0;3
1988-03-27 11:00:00Z;22,44312;0;3
1988-03-28 11:00:00Z;22,44312;0;3
1988-03-29 11:00:00Z;22,44312;0;3
1988-03-30 11:00:00Z;22,05236;0;3
1988-03-31 11:00:00Z;22,05236;0;3
1988-04-01 11:00:00Z;22,05236;0;3
1988-04-02 11:00:00Z;22,05236;0;3
1988-04-03 11:00:00Z;22,05236;0;3
1988-04-04 11:00:00Z;30,74349;0;3
1988-04-05 11:00:00Z;58,48911;0;3
1988-04-06 11:00:00Z;51,4612;0;3
1988-04-07 11:00:00Z;46,25255;0;3
1988-04-08 11:00:00Z;42,57982;0;3
1988-04-09 11:00:00Z;40,23993;0;3
1988-04-10 11:00:00Z;37,98522;0;3
1988-04-11 11:00:00Z;36,34922;0;3
1988-04-12 11:00:00Z;34,75969;0;3
1988-04-13 11:00:00Z;33,72552;0;3
1988-04-14 11:00:00Z;33,21603;0;3
1988-04-15 11:00:00Z;32,71156;0;3
1988-04-16 11:00:00Z;34,75969;0;3
1988-04-17 11:00:00Z;37,98522;0;3
1988-04-18 11:00:00Z;36,88935;0;3
1988-04-19 11:00:00Z;35,2844;0;3
1988-04-20 11:00:00Z;33,72552;0;3
1988-04-21 11:00:00Z;32,21209;0;3
1988-04-22 11:00:00Z;31,22808;0;3
1988-04-23 11:00:00Z;30,26381;0;3
1988-04-24 11:00:00Z;29,78901;0;3
1988-04-25 11:00:00Z;29,31909;0;3
1988-04-26 11:00:00Z;29,31909;0;3
1988-04-27 11:00:00Z;29,31909;0;3
1988-04-28 11:00:00Z;28,85401;0;3
1988-04-29 11:00:00Z;28,85401;0;3
1988-04-30 11:00:00Z;28,85401;0;3
1988-05-01 11:00:00Z;28,85401;0;3
1988-05-02 11:00:00Z;28,85401;0;3
1988-05-03 11:00:00Z;28,85401;0;3
1988-05-04 11:00:00Z;28,85401;0;3
1988-05-05 11:00:00Z;36,34922;0;3
1988-05-06 11:00:00Z;52,82022;0;3
1988-05-07 11:00:00Z;66,9084;0;3
1988-05-08 11:00:00Z;108,3793;0;3
1988-05-09 11:00:00Z;169,4925;0;3
1988-05-10 11:00:00Z;238,3575;0;3
1988-05-11 11:00:00Z;213,7017;0;3
1988-05-12 11:00:00Z;225,811;0;3
1988-05-13 11:00:00Z;258,9736;0;3
1988-05-14 11:00:00Z;276,6767;0;3
1988-05-15 11:00:00Z;236,5381;0;3
1988-05-16 11:00:00Z;227,5764;0;3
1988-05-17 11:00:00Z;341,3171;0;3
1988-05-18 11:00:00Z;295,1477;0;3
1988-05-19 11:00:00Z;224,0545;0;3
1988-05-20 11:00:00Z;187,6264;0;3
1988-05-21 11:00:00Z;187,6264;0;3
1988-05-22 11:00:00Z;181,4485;0;3
1988-05-23 11:00:00Z;205,3159;0;3
1988-05-24 11:00:00Z;284,7903;0;3
1988-05-25 11:00:00Z;301,4779;0;3
1988-05-26 11:00:00Z;320,9961;0;3
1988-05-27 11:00:00Z;402,101;0;3
1988-05-28 11:00:00Z;522,3266;0;3
1988-05-29 11:00:00Z;685,2604;0;3
1988-05-30 11:00:00Z;752,49;0;3
1988-05-31 11:00:00Z;767,9886;0;3
1988-06-01 11:00:00Z;622,0604;0;3
1988-06-02 11:00:00Z;492,5336;0;3
1988-06-03 11:00:00Z;399,5445;0;3
1988-06-04 11:00:00Z;350,6103;0;3
1988-06-05 11:00:00Z;355,3178;0;3
1988-06-06 11:00:00Z;372,1172;0;3
1988-06-07 11:00:00Z;396,9986;0;3
1988-06-08 11:00:00Z;463,8672;0;3
1988-06-09 11:00:00Z;458,2674;0;3
1988-06-10 11:00:00Z;404,668;0;3
1988-06-11 11:00:00Z;318,788;0;3
1988-06-12 11:00:00Z;268,7148;0;3
1988-06-13 11:00:00Z;367,2658;0;3
1988-06-14 11:00:00Z;307,8957;0;3
1988-06-15 11:00:00Z;234,7277;0;3
1988-06-16 11:00:00Z;227,5764;0;3
1988-06-17 11:00:00Z;274,672;0;3
1988-06-18 11:00:00Z;260,9032;0;3
1988-06-19 11:00:00Z;251,3482;0;3
1988-06-20 11:00:00Z;232,9264;0;3
1988-06-21 11:00:00Z;264,7903;0;3
1988-06-22 11:00:00Z;280,7145;0;3
1988-06-23 11:00:00Z;274,672;0;3
1988-06-24 11:00:00Z;245,7259;0;3
1988-06-25 11:00:00Z;210,3212;0;3
1988-06-26 11:00:00Z;208,644;0;3
1988-06-27 11:00:00Z;231,1341;0;3
1988-06-28 11:00:00Z;212,007;0;3
1988-06-29 11:00:00Z;229,3508;0;3
1988-06-30 11:00:00Z;266,7478;0;3
1988-07-01 11:00:00Z;286,8426;0;3
1988-07-02 11:00:00Z;229,3508;0;3
1988-07-03 11:00:00Z;212,007;0;3
1988-07-04 11:00:00Z;314,4016;0;3
1988-07-05 11:00:00Z;222,3069;0;3
1988-07-06 11:00:00Z;178,4098;0;3
1988-07-07 11:00:00Z;176,9029;0;3
1988-07-08 11:00:00Z;175,4043;0;3
1988-07-09 11:00:00Z;155,283;0;3
1988-07-10 11:00:00Z;135,4576;0;3
1988-07-11 11:00:00Z;123,2021;0;3
1988-07-12 11:00:00Z;149,8238;0;3
1988-07-13 11:00:00Z;148,4787;0;3
1988-07-14 11:00:00Z;120,841;0;3
1988-07-15 11:00:00Z;107,2898;0;3
1988-07-16 11:00:00Z;103,003;0;3
1988-07-17 11:00:00Z;110,5797;0;3
1988-07-18 11:00:00Z;118,5095;0;3
1988-07-19 11:00:00Z;122,0178;0;3
1988-07-20 11:00:00Z;119,6716;0;3
1988-07-21 11:00:00Z;124,3938;0;3
1988-07-22 11:00:00Z;122,0178;0;3
1988-07-23 11:00:00Z;101,949;0;3
1988-07-24 11:00:00Z;88,87903;0;3
1988-07-25 11:00:00Z;88,87903;0;3
1988-07-26 11:00:00Z;93,76836;0;3
1988-07-27 11:00:00Z;132,946;0;3
1988-07-28 11:00:00Z;153,9063;0;3
1988-07-29 11:00:00Z;149,8238;0;3
1988-07-30 11:00:00Z;122,0178;0;3
1988-07-31 11:00:00Z;110,5797;0;3
1988-08-01 11:00:00Z;192,3483;0;3
1988-08-02 11:00:00Z;232,9264;0;3
1988-08-03 11:00:00Z;147,1416;0;3
1988-08-04 11:00:00Z;110,5797;0;3
1988-08-05 11:00:00Z;92,77686;0;3
1988-08-06 11:00:00Z;86,02658;0;3
1988-08-07 11:00:00Z;80,50157;0;3
1988-08-08 11:00:00Z;76,07776;0;3
1988-08-09 11:00:00Z;71,815;0;3
1988-08-10 11:00:00Z;66,9084;0;3
1988-08-11 11:00:00Z;63,76161;0;3
1988-08-12 11:00:00Z;61,46575;0;3
1988-08-13 11:00:00Z;60,71258;0;3
1988-08-14 11:00:00Z;62,22496;0;3
1988-08-15 11:00:00Z;64,53909;0;3
1988-08-16 11:00:00Z;66,11246;0;3
1988-08-17 11:00:00Z;101,949;0;3
1988-08-18 11:00:00Z;136,7249;0;3
1988-08-19 11:00:00Z;117,3548;0;3
1988-08-20 11:00:00Z;99,86211;0;3
1988-08-21 11:00:00Z;232,9264;0;3
1988-08-22 11:00:00Z;268,7148;0;3
1988-08-23 11:00:00Z;163,7116;0;3
1988-08-24 11:00:00Z;128,0138;0;3
1988-08-25 11:00:00Z;110,5797;0;3
1988-08-26 11:00:00Z;97,80313;0;3
1988-08-27 11:00:00Z;89,84331;0;3
1988-08-28 11:00:00Z;83,2343;0;3
1988-08-29 11:00:00Z;77,82781;0;3
1988-08-30 11:00:00Z;89,84331;0;3
1988-08-31 11:00:00Z;86,02658;0;3
1988-09-01 11:00:00Z;78,71255;0;3
1988-09-02 11:00:00Z;73,50096;0;3
1988-09-03 11:00:00Z;70,15438;0;3
1988-09-04 11:00:00Z;73,50096;0;3
1988-09-05 11:00:00Z;72,65481;0;3
1988-09-06 11:00:00Z;66,11246;0;3
1988-09-07 11:00:00Z;63,76161;0;3
1988-09-08 11:00:00Z;61,46575;0;3
1988-09-09 11:00:00Z;62,22496;0;3
1988-09-10 11:00:00Z;69,33351;0;3
1988-09-11 11:00:00Z;72,65481;0;3
1988-09-12 11:00:00Z;69,33351;0;3
1988-09-13 11:00:00Z;63,76161;0;3
1988-09-14 11:00:00Z;62,99024;0;3
1988-09-15 11:00:00Z;181,4485;0;3
1988-09-16 11:00:00Z;360,0662;0;3
1988-09-17 11:00:00Z;318,788;0;3
1988-09-18 11:00:00Z;266,7478;0;3
1988-09-19 11:00:00Z;379,4719;0;3
1988-09-20 11:00:00Z;531,4872;0;3
1988-09-21 11:00:00Z;396,9986;0;3
1988-09-22 11:00:00Z;242,0234;0;3
1988-09-23 11:00:00Z;197,1468;0;3
1988-09-24 11:00:00Z;178,4098;0;3
1988-09-25 11:00:00Z;187,6264;0;3
1988-09-26 11:00:00Z;320,9961;0;3
1988-09-27 11:00:00Z;217,1173;0;3
1988-09-28 11:00:00Z;193,9393;0;3
1988-09-29 11:00:00Z;173,914;0;3
1988-09-30 11:00:00Z;178,4098;0;3
1988-10-01 11:00:00Z;152,5375;0;3
1988-10-02 11:00:00Z;192,3483;0;3
1988-10-03 11:00:00Z;268,7148;0;3
1988-10-04 11:00:00Z;402,101;0;3
1988-10-05 11:00:00Z;276,6767;0;3
1988-10-06 11:00:00Z;192,3483;0;3
1988-10-07 11:00:00Z;159,4612;0;3
1988-10-08 11:00:00Z;166,5858;0;3
1988-10-09 11:00:00Z;184,5206;0;3
1988-10-10 11:00:00Z;144,4907;0;3
1988-10-11 11:00:00Z;118,5095;0;3
1988-10-12 11:00:00Z;117,3548;0;3
1988-10-13 11:00:00Z;140,573;0;3
1988-10-14 11:00:00Z;116,2074;0;3
1988-10-15 11:00:00Z;132,946;0;3
1988-10-16 11:00:00Z;139,2826;0;3
1988-10-17 11:00:00Z;145,8122;0;3
1988-10-18 11:00:00Z;130,4648;0;3
1988-10-19 11:00:00Z;105,1322;0;3
1988-10-20 11:00:00Z;91,79221;0;3
1988-10-21 11:00:00Z;84,15841;0;3
1988-10-22 11:00:00Z;86,9707;0;3
1988-10-23 11:00:00Z;92,77686;0;3
1988-10-24 11:00:00Z;81,4059;0;3
1988-10-25 11:00:00Z;70,15438;0;3
1988-10-26 11:00:00Z;62,99024;0;3
1988-10-27 11:00:00Z;59,96543;0;3
1988-10-28 11:00:00Z;57,75989;0;3
1988-10-29 11:00:00Z;56,31923;0;3
1988-10-30 11:00:00Z;54,90212;0;3
1988-10-31 11:00:00Z;54,20234;0;3
1988-11-01 11:00:00Z;53,50838;0;3
1988-11-02 11:00:00Z;52,82022;0;3
1988-11-03 11:00:00Z;57,75989;0;3
1988-11-04 11:00:00Z;92,77686;0;3
1988-11-05 11:00:00Z;116,2074;0;3
1988-11-06 11:00:00Z;84,15841;0;3
1988-11-07 11:00:00Z;74,35349;0;3
1988-11-08 11:00:00Z;69,33351;0;3
1988-11-09 11:00:00Z;69,33351;0;3
1988-11-10 11:00:00Z;65,32269;0;3
1988-11-11 11:00:00Z;66,11246;0;3
1988-11-12 11:00:00Z;144,4907;0;3
1988-11-13 11:00:00Z;152,5375;0;3
1988-11-14 11:00:00Z;110,5797;0;3
1988-11-15 11:00:00Z;87,9215;0;3
1988-11-16 11:00:00Z;327,6798;0;3
1988-11-17 11:00:00Z;325,4419;0;3
1988-11-18 11:00:00Z;175,4043;0;3
1988-11-19 11:00:00Z;129,2355;0;3
1988-11-20 11:00:00Z;104,0641;0;3
1988-11-21 11:00:00Z;94,76671;0;3
1988-11-22 11:00:00Z;87,9215;0;3
1988-11-23 11:00:00Z;82,3168;0;3
1988-11-24 11:00:00Z;78,71255;0;3
1988-11-25 11:00:00Z;75,21242;0;3
1988-11-26 11:00:00Z;71,815;0;3
1988-11-27 11:00:00Z;69,33351;0;3
1988-11-28 11:00:00Z;66,11246;0;3
1988-11-29 11:00:00Z;62,99024;0;3
1988-11-30 11:00:00Z;59,22428;0;3
1988-12-01 11:00:00Z;56,31923;0;3
1988-12-02 11:00:00Z;54,20234;0;3
1988-12-03 11:00:00Z;52,13783;0;3
1988-12-04 11:00:00Z;50,79029;0;3
1988-12-05 11:00:00Z;49,4656;0;3
1988-12-06 11:00:00Z;48,16354;0;3
1988-12-07 11:00:00Z;47,52096;0;3
1988-12-08 11:00:00Z;46,25255;0;3
1988-12-09 11:00:00Z;45,00634;0;3
1988-12-10 11:00:00Z;44,39151;0;3
1988-12-11 11:00:00Z;42,57982;0;3
1988-12-12 11:00:00Z;41,98678;0;3
1988-12-13 11:00:00Z;41,39913;0;3
1988-12-14 11:00:00Z;40,81686;0;3
1988-12-15 11:00:00Z;40,23993;0;3
1988-12-16 11:00:00Z;55,60774;0;3
1988-12-17 11:00:00Z;84,15841;0;3
1988-12-18 11:00:00Z;76,07776;0;3
1988-12-19 11:00:00Z;69,33351;0;3
1988-12-20 11:00:00Z;64,53909;0;3
1988-12-21 11:00:00Z;69,33351;0;3
1988-12-22 11:00:00Z;66,9084;0;3
1988-12-23 11:00:00Z;65,32269;0;3
1988-12-24 11:00:00Z;64,53909;0;3
1988-12-25 11:00:00Z;63,76161;0;3
1988-12-26 11:00:00Z;63,76161;0;3
1988-12-27 11:00:00Z;62,99024;0;3
1988-12-28 11:00:00Z;70,98154;0;3
1988-12-29 11:00:00Z;208,644;0;3
1988-12-30 11:00:00Z;175,4043;0;3
1988-12-31 11:00:00Z;125,593;0;3
1989-01-01 11:00:00Z;95,77194;0;3
1989-01-02 11:00:00Z;141,8711;0;3
1989-01-03 11:00:00Z;381,9442;0;3
1989-01-04 11:00:00Z;463,8672;0;3
1989-01-05 11:00:00Z;258,9736;0;3
1989-01-06 11:00:00Z;224,0545;0;3
1989-01-07 11:00:00Z;160,8699;0;3
1989-01-08 11:00:00Z;129,2355;0;3
1989-01-09 11:00:00Z;169,4925;0;3
1989-01-10 11:00:00Z;160,8699;0;3
1989-01-11 11:00:00Z;119,6716;0;3
1989-01-12 11:00:00Z;107,2898;0;3
1989-01-13 11:00:00Z;96,78407;0;3
1989-01-14 11:00:00Z;87,9215;0;3
1989-01-15 11:00:00Z;89,84331;0;3
1989-01-16 11:00:00Z;132,946;0;3
1989-01-17 11:00:00Z;105,1322;0;3
1989-01-18 11:00:00Z;91,79221;0;3
1989-01-19 11:00:00Z;94,76671;0;3
1989-01-20 11:00:00Z;110,5797;0;3
1989-01-21 11:00:00Z;98,82915;0;3
1989-01-22 11:00:00Z;86,02658;0;3
1989-01-23 11:00:00Z;76,07776;0;3
1989-01-24 11:00:00Z;72,65481;0;3
1989-01-25 11:00:00Z;175,4043;0;3
1989-01-26 11:00:00Z;262,842;0;3
1989-01-27 11:00:00Z;198,7634;0;3
1989-01-28 11:00:00Z;224,0545;0;3
1989-01-29 11:00:00Z;242,0234;0;3
1989-01-30 11:00:00Z;186,0693;0;3
1989-01-31 11:00:00Z;137,9999;0;3
1989-02-01 11:00:00Z;367,2658;0;3
1989-02-02 11:00:00Z;394,4632;0;3
1989-02-03 11:00:00Z;362,4558;0;3
1989-02-04 11:00:00Z;280,7145;0;3
1989-02-05 11:00:00Z;210,3212;0;3
1989-02-06 11:00:00Z;163,7116;0;3
1989-02-07 11:00:00Z;137,9999;0;3
1989-02-08 11:00:00Z;120,841;0;3
1989-02-09 11:00:00Z;106,2074;0;3
1989-02-10 11:00:00Z;94,76671;0;3
1989-02-11 11:00:00Z;93,76836;0;3
1989-02-12 11:00:00Z;84,15841;0;3
1989-02-13 11:00:00Z;76,94955;0;3
1989-02-14 11:00:00Z;71,815;0;3
1989-02-15 11:00:00Z;67,71054;0;3
1989-02-16 11:00:00Z;63,76161;0;3
1989-02-17 11:00:00Z;60,71258;0;3
1989-02-18 11:00:00Z;57,75989;0;3
1989-02-19 11:00:00Z;54,90212;0;3
1989-02-20 11:00:00Z;52,13783;0;3
1989-02-21 11:00:00Z;49,4656;0;3
1989-02-22 11:00:00Z;48,16354;0;3
1989-02-23 11:00:00Z;45,62668;0;3
1989-02-24 11:00:00Z;43,78216;0;3
1989-02-25 11:00:00Z;41,98678;0;3
1989-02-26 11:00:00Z;47,52096;0;3
1989-02-27 11:00:00Z;57,03661;0;3
1989-02-28 11:00:00Z;53,50838;0;3
1989-03-01 11:00:00Z;50,1251;0;3
1989-03-02 11:00:00Z;46,88397;0;3
1989-03-03 11:00:00Z;44,39151;0;3
1989-03-04 11:00:00Z;41,98678;0;3
1989-03-05 11:00:00Z;40,23993;0;3
1989-03-06 11:00:00Z;39,66832;0;3
1989-03-07 11:00:00Z;39,66832;0;3
1989-03-08 11:00:00Z;46,88397;0;3
1989-03-09 11:00:00Z;58,48911;0;3
1989-03-10 11:00:00Z;56,31923;0;3
1989-03-11 11:00:00Z;54,90212;0;3
1989-03-12 11:00:00Z;53,50838;0;3
1989-03-13 11:00:00Z;52,13783;0;3
1989-03-14 11:00:00Z;50,1251;0;3
1989-03-15 11:00:00Z;48,81174;0;3
1989-03-16 11:00:00Z;47,52096;0;3
1989-03-17 11:00:00Z;46,25255;0;3
1989-03-18 11:00:00Z;45,00634;0;3
1989-03-19 11:00:00Z;43,78216;0;3
1989-03-20 11:00:00Z;42,57982;0;3
1989-03-21 11:00:00Z;41,39913;0;3
1989-03-22 11:00:00Z;40,81686;0;3
1989-03-23 11:00:00Z;40,23993;0;3
1989-03-24 11:00:00Z;39,66832;0;3
1989-03-25 11:00:00Z;39,66832;0;3
1989-03-26 11:00:00Z;39,10202;0;3
1989-03-27 11:00:00Z;39,10202;0;3
1989-03-28 11:00:00Z;38,54099;0;3
1989-03-29 11:00:00Z;38,54099;0;3
1989-03-30 11:00:00Z;38,54099;0;3
1989-03-31 11:00:00Z;38,54099;0;3
1989-04-01 11:00:00Z;37,98522;0;3
1989-04-02 11:00:00Z;37,98522;0;3
1989-04-03 11:00:00Z;37,98522;0;3
1989-04-04 11:00:00Z;37,98522;0;3
1989-04-05 11:00:00Z;37,98522;0;3
1989-04-06 11:00:00Z;37,98522;0;3
1989-04-07 11:00:00Z;37,98522;0;3
1989-04-08 11:00:00Z;37,98522;0;3
1989-04-09 11:00:00Z;37,98522;0;3
1989-04-10 11:00:00Z;37,98522;0;3
1989-04-11 11:00:00Z;43,78216;0;3
1989-04-12 11:00:00Z;56,31923;0;3
1989-04-13 11:00:00Z;119,6716;0;3
1989-04-14 11:00:00Z;202,0224;0;3
1989-04-15 11:00:00Z;284,7903;0;3
1989-04-16 11:00:00Z;316,5898;0;3
1989-04-17 11:00:00Z;310,0545;0;3
1989-04-18 11:00:00Z;240,1859;0;3
1989-04-19 11:00:00Z;212,007;0;3
1989-04-20 11:00:00Z;195,5387;0;3
1989-04-21 11:00:00Z;179,925;0;3
1989-04-22 11:00:00Z;162,2867;0;3
1989-04-23 11:00:00Z;145,8122;0;3
1989-04-24 11:00:00Z;131,7016;0;3
1989-04-25 11:00:00Z;122,0178;0;3
1989-04-26 11:00:00Z;112,809;0;3
1989-04-27 11:00:00Z;106,2074;0;3
1989-04-28 11:00:00Z;100,9021;0;3
1989-04-29 11:00:00Z;98,82915;0;3
1989-04-30 11:00:00Z;98,82915;0;3
1989-05-01 11:00:00Z;98,82915;0;3
1989-05-02 11:00:00Z;132,946;0;3
1989-05-03 11:00:00Z;286,8426;0;3
1989-05-04 11:00:00Z;466,6837;0;3
1989-05-05 11:00:00Z;480,933;0;3
1989-05-06 11:00:00Z;374,5583;0;3
1989-05-07 11:00:00Z;288,9044;0;3
1989-05-08 11:00:00Z;293,057;0;3
1989-05-09 11:00:00Z;270,6911;0;3
1989-05-10 11:00:00Z;232,9264;0;3
1989-05-11 11:00:00Z;232,9264;0;3
1989-05-12 11:00:00Z;202,0224;0;3
1989-05-13 11:00:00Z;192,3483;0;3
1989-05-14 11:00:00Z;218,8383;0;3
1989-05-15 11:00:00Z;243,8701;0;3
1989-05-16 11:00:00Z;452,7115;0;3
1989-05-17 11:00:00Z;601,8692;0;3
1989-05-18 11:00:00Z;546,9857;0;3
1989-05-19 11:00:00Z;522,3266;0;3
1989-05-20 11:00:00Z;550,1202;0;3
1989-05-21 11:00:00Z;428,2522;0;3
1989-05-22 11:00:00Z;407,2457;0;3
1989-05-23 11:00:00Z;510,2729;0;3
1989-05-24 11:00:00Z;559,5936;0;3
1989-05-25 11:00:00Z;575,6169;0;3
1989-05-26 11:00:00Z;528,4222;0;3
1989-05-27 11:00:00Z;472,35;0;3
1989-05-28 11:00:00Z;386,9203;0;3
1989-05-29 11:00:00Z;381,9442;0;3
1989-05-30 11:00:00Z;391,9384;0;3
1989-05-31 11:00:00Z;357,6869;0;3
1989-06-01 11:00:00Z;343,6252;0;3
1989-06-02 11:00:00Z;369,6863;0;3
1989-06-03 11:00:00Z;339,0191;0;3
1989-06-04 11:00:00Z;341,3171;0;3
1989-06-05 11:00:00Z;412,4331;0;3
1989-06-06 11:00:00Z;504,3145;0;3
1989-06-07 11:00:00Z;572,3887;0;3
1989-06-08 11:00:00Z;598,546;0;3
1989-06-09 11:00:00Z;764,0947;0;3
1989-06-10 11:00:00Z;741,0003;0;3
1989-06-11 11:00:00Z;625,4677;0;3
1989-06-12 11:00:00Z;559,5936;0;3
1989-06-13 11:00:00Z;519,296;0;3
1989-06-14 11:00:00Z;550,1202;0;3
1989-06-15 11:00:00Z;632,3187;0;3
1989-06-16 11:00:00Z;649,6591;0;3
1989-06-17 11:00:00Z;667,3055;0;3
1989-06-18 11:00:00Z;714,6359;0;3
1989-06-19 11:00:00Z;722,1053;0;3
1989-06-20 11:00:00Z;803,6151;0;3
1989-06-21 11:00:00Z;692,5292;0;3
1989-06-22 11:00:00Z;582,1088;0;3
1989-06-23 11:00:00Z;522,3266;0;3
1989-06-24 11:00:00Z;531,4872;0;3
1989-06-25 11:00:00Z;452,7115;0;3
1989-06-26 11:00:00Z;475,1998;0;3
1989-06-27 11:00:00Z;562,7748;0;3
1989-06-28 11:00:00Z;575,6169;0;3
1989-06-29 11:00:00Z;886,5891;0;3
1989-06-30 11:00:00Z;779,7476;0;3
1989-07-01 11:00:00Z;572,3887;0;3
1989-07-02 11:00:00Z;433,6115;0;3
1989-07-03 11:00:00Z;348,2718;0;3
1989-07-04 11:00:00Z;447,1998;0;3
1989-07-05 11:00:00Z;656,6808;0;3
1989-07-06 11:00:00Z;569,1723;0;3
1989-07-07 11:00:00Z;528,4222;0;3
1989-07-08 11:00:00Z;472,35;0;3
1989-07-09 11:00:00Z;377,0099;0;3
1989-07-10 11:00:00Z;310,0545;0;3
1989-07-11 11:00:00Z;341,3171;0;3
1989-07-12 11:00:00Z;336,7312;0;3
1989-07-13 11:00:00Z;305,7467;0;3
1989-07-14 11:00:00Z;284,7903;0;3
1989-07-15 11:00:00Z;257,0534;0;3
1989-07-16 11:00:00Z;242,0234;0;3
1989-07-17 11:00:00Z;242,0234;0;3
1989-07-18 11:00:00Z;210,3212;0;3
1989-07-19 11:00:00Z;197,1468;0;3
1989-07-20 11:00:00Z;175,4043;0;3
1989-07-21 11:00:00Z;169,4925;0;3
1989-07-22 11:00:00Z;178,4098;0;3
1989-07-23 11:00:00Z;193,9393;0;3
1989-07-24 11:00:00Z;210,3212;0;3
1989-07-25 11:00:00Z;272,6768;0;3
1989-07-26 11:00:00Z;297,2481;0;3
1989-07-27 11:00:00Z;307,8957;0;3
1989-07-28 11:00:00Z;284,7903;0;3
1989-07-29 11:00:00Z;245,7259;0;3
1989-07-30 11:00:00Z;320,9961;0;3
1989-07-31 11:00:00Z;318,788;0;3
1989-08-01 11:00:00Z;320,9961;0;3
1989-08-02 11:00:00Z;409,8341;0;3
1989-08-03 11:00:00Z;310,0545;0;3
1989-08-04 11:00:00Z;299,3581;0;3
1989-08-05 11:00:00Z;369,6863;0;3
1989-08-06 11:00:00Z;327,6798;0;3
1989-08-07 11:00:00Z;272,6768;0;3
1989-08-08 11:00:00Z;227,5764;0;3
1989-08-09 11:00:00Z;197,1468;0;3
1989-08-10 11:00:00Z;182,9804;0;3
1989-08-11 11:00:00Z;197,1468;0;3
1989-08-12 11:00:00Z;280,7145;0;3
1989-08-13 11:00:00Z;513,2692;0;3
1989-08-14 11:00:00Z;404,668;0;3
1989-08-15 11:00:00Z;253,2407;0;3
1989-08-16 11:00:00Z;227,5764;0;3
1989-08-17 11:00:00Z;215,4051;0;3
1989-08-18 11:00:00Z;206,9756;0;3
1989-08-19 11:00:00Z;364,8557;0;3
1989-08-20 11:00:00Z;350,6103;0;3
1989-08-21 11:00:00Z;234,7277;0;3
1989-08-22 11:00:00Z;189,1919;0;3
1989-08-23 11:00:00Z;213,7017;0;3
1989-08-24 11:00:00Z;229,3508;0;3
1989-08-25 11:00:00Z;203,6648;0;3
1989-08-26 11:00:00Z;159,4612;0;3
1989-08-27 11:00:00Z;134,198;0;3
1989-08-28 11:00:00Z;128,0138;0;3
1989-08-29 11:00:00Z;163,7116;0;3
1989-08-30 11:00:00Z;130,4648;0;3
1989-08-31 11:00:00Z;119,6716;0;3
1989-09-01 11:00:00Z;144,4907;0;3
1989-09-02 11:00:00Z;141,8711;0;3
1989-09-03 11:00:00Z;169,4925;0;3
1989-09-04 11:00:00Z;151,1767;0;3
1989-09-05 11:00:00Z;136,7249;0;3
1989-09-06 11:00:00Z;278,6909;0;3
1989-09-07 11:00:00Z;775,8151;0;3
1989-09-08 11:00:00Z;865,3478;0;3
1989-09-09 11:00:00Z;475,1998;0;3
1989-09-10 11:00:00Z;293,057;0;3
1989-09-11 11:00:00Z;215,4051;0;3
1989-09-12 11:00:00Z;232,9264;0;3
1989-09-13 11:00:00Z;220,5682;0;3
1989-09-14 11:00:00Z;169,4925;0;3
1989-09-15 11:00:00Z;143,1771;0;3
1989-09-16 11:00:00Z;125,593;0;3
1989-09-17 11:00:00Z;122,0178;0;3
1989-09-18 11:00:00Z;119,6716;0;3
1989-09-19 11:00:00Z;158,0604;0;3
1989-09-20 11:00:00Z;384,4271;0;3
1989-09-21 11:00:00Z;572,3887;0;3
1989-09-22 11:00:00Z;559,5936;0;3
1989-09-23 11:00:00Z;310,0545;0;3
1989-09-24 11:00:00Z;234,7277;0;3
1989-09-25 11:00:00Z;225,811;0;3
1989-09-26 11:00:00Z;206,9756;0;3
1989-09-27 11:00:00Z;178,4098;0;3
1989-09-28 11:00:00Z;182,9804;0;3
1989-09-29 11:00:00Z;153,9063;0;3
1989-09-30 11:00:00Z;169,4925;0;3
1989-10-01 11:00:00Z;141,8711;0;3
1989-10-02 11:00:00Z;190,7658;0;3
1989-10-03 11:00:00Z;163,7116;0;3
1989-10-04 11:00:00Z;286,8426;0;3
1989-10-05 11:00:00Z;258,9736;0;3
1989-10-06 11:00:00Z;198,7634;0;3
1989-10-07 11:00:00Z;166,5858;0;3
1989-10-08 11:00:00Z;132,946;0;3
1989-10-09 11:00:00Z;117,3548;0;3
1989-10-10 11:00:00Z;125,593;0;3
1989-10-11 11:00:00Z;105,1322;0;3
1989-10-12 11:00:00Z;99,86211;0;3
1989-10-13 11:00:00Z;96,78407;0;3
1989-10-14 11:00:00Z;90,81436;0;3
1989-10-15 11:00:00Z;85,08916;0;3
1989-10-16 11:00:00Z;80,50157;0;3
1989-10-17 11:00:00Z;72,65481;0;3
1989-10-18 11:00:00Z;75,21242;0;3
1989-10-19 11:00:00Z;130,4648;0;3
1989-10-20 11:00:00Z;118,5095;0;3
1989-10-21 11:00:00Z;116,2074;0;3
1989-10-22 11:00:00Z;339,0191;0;3
1989-10-23 11:00:00Z;615,2819;0;3
1989-10-24 11:00:00Z;364,8557;0;3
1989-10-25 11:00:00Z;238,3575;0;3
1989-10-26 11:00:00Z;257,0534;0;3
1989-10-27 11:00:00Z;220,5682;0;3
1989-10-28 11:00:00Z;182,9804;0;3
1989-10-29 11:00:00Z;155,283;0;3
1989-10-30 11:00:00Z;132,946;0;3
1989-10-31 11:00:00Z;120,841;0;3
1989-11-01 11:00:00Z;107,2898;0;3
1989-11-02 11:00:00Z;97,80313;0;3
1989-11-03 11:00:00Z;88,87903;0;3
1989-11-04 11:00:00Z;86,9707;0;3
1989-11-05 11:00:00Z;87,9215;0;3
1989-11-06 11:00:00Z;85,08916;0;3
1989-11-07 11:00:00Z;82,3168;0;3
1989-11-08 11:00:00Z;78,71255;0;3
1989-11-09 11:00:00Z;72,65481;0;3
1989-11-10 11:00:00Z;76,94955;0;3
1989-11-11 11:00:00Z;82,3168;0;3
1989-11-12 11:00:00Z;152,5375;0;3
1989-11-13 11:00:00Z;169,4925;0;3
1989-11-14 11:00:00Z;120,841;0;3
1989-11-15 11:00:00Z;100,9021;0;3
1989-11-16 11:00:00Z;96,78407;0;3
1989-11-17 11:00:00Z;108,3793;0;3
1989-11-18 11:00:00Z;89,84331;0;3
1989-11-19 11:00:00Z;87,9215;0;3
1989-11-20 11:00:00Z;86,9707;0;3
1989-11-21 11:00:00Z;76,94955;0;3
1989-11-22 11:00:00Z;68,51891;0;3
1989-11-23 11:00:00Z;58,48911;0;3
1989-11-24 11:00:00Z;56,31923;0;3
1989-11-25 11:00:00Z;54,90212;0;3
1989-11-26 11:00:00Z;54,20234;0;3
1989-11-27 11:00:00Z;53,50838;0;3
1989-11-28 11:00:00Z;52,82022;0;3
1989-11-29 11:00:00Z;53,50838;0;3
1989-11-30 11:00:00Z;91,79221;0;3
1989-12-01 11:00:00Z;299,3581;0;3
1989-12-02 11:00:00Z;447,1998;0;3
1989-12-03 11:00:00Z;733,4043;0;3
1989-12-04 11:00:00Z;312,2231;0;3
1989-12-05 11:00:00Z;202,0224;0;3
1989-12-06 11:00:00Z;163,7116;0;3
1989-12-07 11:00:00Z;134,198;0;3
1989-12-08 11:00:00Z;109,4759;0;3
1989-12-09 11:00:00Z;96,78407;0;3
1989-12-10 11:00:00Z;91,79221;0;3
1989-12-11 11:00:00Z;84,15841;0;3
1989-12-12 11:00:00Z;78,71255;0;3
1989-12-13 11:00:00Z;74,35349;0;3
1989-12-14 11:00:00Z;69,33351;0;3
1989-12-15 11:00:00Z;65,32269;0;3
1989-12-16 11:00:00Z;62,99024;0;3
1989-12-17 11:00:00Z;60,71258;0;3
1989-12-18 11:00:00Z;59,22428;0;3
1989-12-19 11:00:00Z;57,75989;0;3
1989-12-20 11:00:00Z;56,31923;0;3
1989-12-21 11:00:00Z;56,31923;0;3
1989-12-22 11:00:00Z;55,60774;0;3
1989-12-23 11:00:00Z;55,60774;0;3
1989-12-24 11:00:00Z;54,90212;0;3
1989-12-25 11:00:00Z;55,60774;0;3
1989-12-26 11:00:00Z;57,75989;0;3
1989-12-27 11:00:00Z;62,22496;0;3
1989-12-28 11:00:00Z;66,11246;0;3
1989-12-29 11:00:00Z;67,71054;0;3
1989-12-30 11:00:00Z;62,99024;0;3
1989-12-31 11:00:00Z;59,96543;0;3
1990-01-01 11:00:00Z;57,03661;0;3
1990-01-02 11:00:00Z;53,50838;0;3
1990-01-03 11:00:00Z;50,79029;0;3
1990-01-04 11:00:00Z;48,16354;0;3
1990-01-05 11:00:00Z;46,25255;0;3
1990-01-06 11:00:00Z;45,00634;0;3
1990-01-07 11:00:00Z;44,39151;0;3
1990-01-08 11:00:00Z;43,78216;0;3
1990-01-09 11:00:00Z;43,17827;0;3
1990-01-10 11:00:00Z;42,57982;0;3
1990-01-11 11:00:00Z;41,98678;0;3
1990-01-12 11:00:00Z;41,98678;0;3
1990-01-13 11:00:00Z;41,39913;0;3
1990-01-14 11:00:00Z;40,81686;0;3
1990-01-15 11:00:00Z;40,23993;0;3
1990-01-16 11:00:00Z;39,66832;0;3
1990-01-17 11:00:00Z;39,66832;0;3
1990-01-18 11:00:00Z;39,10202;0;3
1990-01-19 11:00:00Z;38,54099;0;3
1990-01-20 11:00:00Z;38,54099;0;3
1990-01-21 11:00:00Z;37,98522;0;3
1990-01-22 11:00:00Z;37,43468;0;3
1990-01-23 11:00:00Z;36,88935;0;3
1990-01-24 11:00:00Z;36,88935;0;3
1990-01-25 11:00:00Z;36,88935;0;3
1990-01-26 11:00:00Z;36,88935;0;3
1990-01-27 11:00:00Z;36,88935;0;3
1990-01-28 11:00:00Z;36,88935;0;3
1990-01-29 11:00:00Z;36,88935;0;3
1990-01-30 11:00:00Z;36,88935;0;3
1990-01-31 11:00:00Z;36,88935;0;3
1990-02-01 11:00:00Z;36,88935;0;3
1990-02-02 11:00:00Z;36,88935;0;3
1990-02-03 11:00:00Z;36,88935;0;3
1990-02-04 11:00:00Z;36,88935;0;3
1990-02-05 11:00:00Z;50,79029;0;3
1990-02-06 11:00:00Z;364,8557;0;3
1990-02-07 11:00:00Z;507,288;0;3
1990-02-08 11:00:00Z;307,8957;0;3
1990-02-09 11:00:00Z;197,1468;0;3
1990-02-10 11:00:00Z;151,1767;0;3
1990-02-11 11:00:00Z;125,593;0;3
1990-02-12 11:00:00Z;109,4759;0;3
1990-02-13 11:00:00Z;100,9021;0;3
1990-02-14 11:00:00Z;94,76671;0;3
1990-02-15 11:00:00Z;86,02658;0;3
1990-02-16 11:00:00Z;79,60379;0;3
1990-02-17 11:00:00Z;76,94955;0;3
1990-02-18 11:00:00Z;75,21242;0;3
1990-02-19 11:00:00Z;73,50096;0;3
1990-02-20 11:00:00Z;72,65481;0;3
1990-02-21 11:00:00Z;91,79221;0;3
1990-02-22 11:00:00Z;95,77194;0;3
1990-02-23 11:00:00Z;519,296;0;3
1990-02-24 11:00:00Z;771,8953;0;3
1990-02-25 11:00:00Z;436,3073;0;3
1990-02-26 11:00:00Z;270,6911;0;3
1990-02-27 11:00:00Z;195,5387;0;3
1990-02-28 11:00:00Z;153,9063;0;3
1990-03-01 11:00:00Z;130,4648;0;3
1990-03-02 11:00:00Z;113,9345;0;3
1990-03-03 11:00:00Z;101,949;0;3
1990-03-04 11:00:00Z;95,77194;0;3
1990-03-05 11:00:00Z;92,77686;0;3
1990-03-06 11:00:00Z;86,9707;0;3
1990-03-07 11:00:00Z;83,2343;0;3
1990-03-08 11:00:00Z;76,07776;0;3
1990-03-09 11:00:00Z;76,07776;0;3
1990-03-10 11:00:00Z;70,15438;0;3
1990-03-11 11:00:00Z;70,15438;0;3
1990-03-12 11:00:00Z;67,71054;0;3
1990-03-13 11:00:00Z;63,76161;0;3
1990-03-14 11:00:00Z;65,32269;0;3
1990-03-15 11:00:00Z;68,51891;0;3
1990-03-16 11:00:00Z;92,77686;0;3
1990-03-17 11:00:00Z;97,80313;0;3
1990-03-18 11:00:00Z;152,5375;0;3
1990-03-19 11:00:00Z;178,4098;0;3
1990-03-20 11:00:00Z;148,4787;0;3
1990-03-21 11:00:00Z;119,6716;0;3
1990-03-22 11:00:00Z;106,2074;0;3
1990-03-23 11:00:00Z;105,1322;0;3
1990-03-24 11:00:00Z;93,76836;0;3
1990-03-25 11:00:00Z;86,02658;0;3
1990-03-26 11:00:00Z;79,60379;0;3
1990-03-27 11:00:00Z;78,71255;0;3
1990-03-28 11:00:00Z;86,9707;0;3
1990-03-29 11:00:00Z;83,2343;0;3
1990-03-30 11:00:00Z;77,82781;0;3
1990-03-31 11:00:00Z;71,815;0;3
1990-04-01 11:00:00Z;68,51891;0;3
1990-04-02 11:00:00Z;66,11246;0;3
1990-04-03 11:00:00Z;61,46575;0;3
1990-04-04 11:00:00Z;60,71258;0;3
1990-04-05 11:00:00Z;57,03661;0;3
1990-04-06 11:00:00Z;56,31923;0;3
1990-04-07 11:00:00Z;54,90212;0;3
1990-04-08 11:00:00Z;55,60774;0;3
1990-04-09 11:00:00Z;82,3168;0;3
1990-04-10 11:00:00Z;125,593;0;3
1990-04-11 11:00:00Z;96,78407;0;3
1990-04-12 11:00:00Z;94,76671;0;3
1990-04-13 11:00:00Z;119,6716;0;3
1990-04-14 11:00:00Z;113,9345;0;3
1990-04-15 11:00:00Z;134,198;0;3
1990-04-16 11:00:00Z;195,5387;0;3
1990-04-17 11:00:00Z;236,5381;0;3
1990-04-18 11:00:00Z;181,4485;0;3
1990-04-19 11:00:00Z;153,9063;0;3
1990-04-20 11:00:00Z;143,1771;0;3
1990-04-21 11:00:00Z;135,4576;0;3
1990-04-22 11:00:00Z;137,9999;0;3
1990-04-23 11:00:00Z;166,5858;0;3
1990-04-24 11:00:00Z;178,4098;0;3
1990-04-25 11:00:00Z;189,1919;0;3
1990-04-26 11:00:00Z;276,6767;0;3
1990-04-27 11:00:00Z;255,1424;0;3
1990-04-28 11:00:00Z;189,1919;0;3
1990-04-29 11:00:00Z;205,3159;0;3
1990-04-30 11:00:00Z;461,0617;0;3
1990-05-01 11:00:00Z;364,8557;0;3
1990-05-02 11:00:00Z;472,35;0;3
1990-05-03 11:00:00Z;771,8953;0;3
1990-05-04 11:00:00Z;707,2169;0;3
1990-05-05 11:00:00Z;635,7625;0;3
1990-05-06 11:00:00Z;660,2101;0;3
1990-05-07 11:00:00Z;595,2347;0;3
1990-05-08 11:00:00Z;478,0608;0;3
1990-05-09 11:00:00Z;404,668;0;3
1990-05-10 11:00:00Z;399,5445;0;3
1990-05-11 11:00:00Z;391,9384;0;3
1990-05-12 11:00:00Z;318,788;0;3
1990-05-13 11:00:00Z;295,1477;0;3
1990-05-14 11:00:00Z;307,8957;0;3
1990-05-15 11:00:00Z;310,0545;0;3
1990-05-16 11:00:00Z;255,1424;0;3
1990-05-17 11:00:00Z;218,8383;0;3
1990-05-18 11:00:00Z;198,7634;0;3
1990-05-19 11:00:00Z;178,4098;0;3
1990-05-20 11:00:00Z;163,7116;0;3
1990-05-21 11:00:00Z;149,8238;0;3
1990-05-22 11:00:00Z;149,8238;0;3
1990-05-23 11:00:00Z;159,4612;0;3
1990-05-24 11:00:00Z;186,0693;0;3
1990-05-25 11:00:00Z;229,3508;0;3
1990-05-26 11:00:00Z;217,1173;0;3
1990-05-27 11:00:00Z;217,1173;0;3
1990-05-28 11:00:00Z;260,9032;0;3
1990-05-29 11:00:00Z;272,6768;0;3
1990-05-30 11:00:00Z;295,1477;0;3
1990-05-31 11:00:00Z;352,9589;0;3
1990-06-01 11:00:00Z;458,2674;0;3
1990-06-02 11:00:00Z;501,3523;0;3
1990-06-03 11:00:00Z;501,3523;0;3
1990-06-04 11:00:00Z;572,3887;0;3
1990-06-05 11:00:00Z;656,6808;0;3
1990-06-06 11:00:00Z;635,7625;0;3
1990-06-07 11:00:00Z;635,7625;0;3
1990-06-08 11:00:00Z;611,9107;0;3
1990-06-09 11:00:00Z;575,6169;0;3
1990-06-10 11:00:00Z;553,2663;0;3
1990-06-11 11:00:00Z;559,5936;0;3
1990-06-12 11:00:00Z;501,3523;0;3
1990-06-13 11:00:00Z;444,4603;0;3
1990-06-14 11:00:00Z;399,5445;0;3
1990-06-15 11:00:00Z;355,3178;0;3
1990-06-16 11:00:00Z;343,6252;0;3
1990-06-17 11:00:00Z;341,3171;0;3
1990-06-18 11:00:00Z;312,2231;0;3
1990-06-19 11:00:00Z;362,4558;0;3
1990-06-20 11:00:00Z;492,5336;0;3
1990-06-21 11:00:00Z;588,648;0;3
1990-06-22 11:00:00Z;562,7748;0;3
1990-06-23 11:00:00Z;572,3887;0;3
1990-06-24 11:00:00Z;588,648;0;3
1990-06-25 11:00:00Z;546,9857;0;3
1990-06-26 11:00:00Z;495,4619;0;3
1990-06-27 11:00:00Z;572,3887;0;3
1990-06-28 11:00:00Z;559,5936;0;3
1990-06-29 11:00:00Z;402,101;0;3
1990-06-30 11:00:00Z;352,9589;0;3
1990-07-01 11:00:00Z;276,6767;0;3
1990-07-02 11:00:00Z;288,9044;0;3
1990-07-03 11:00:00Z;312,2231;0;3
1990-07-04 11:00:00Z;303,6074;0;3
1990-07-05 11:00:00Z;251,3482;0;3
1990-07-06 11:00:00Z;245,7259;0;3
1990-07-07 11:00:00Z;243,8701;0;3
1990-07-08 11:00:00Z;260,9032;0;3
1990-07-09 11:00:00Z;260,9032;0;3
1990-07-10 11:00:00Z;301,4779;0;3
1990-07-11 11:00:00Z;379,4719;0;3
1990-07-12 11:00:00Z;299,3581;0;3
1990-07-13 11:00:00Z;268,7148;0;3
1990-07-14 11:00:00Z;243,8701;0;3
1990-07-15 11:00:00Z;208,644;0;3
1990-07-16 11:00:00Z;198,7634;0;3
1990-07-17 11:00:00Z;197,1468;0;3
1990-07-18 11:00:00Z;202,0224;0;3
1990-07-19 11:00:00Z;206,9756;0;3
1990-07-20 11:00:00Z;202,0224;0;3
1990-07-21 11:00:00Z;229,3508;0;3
1990-07-22 11:00:00Z;307,8957;0;3
1990-07-23 11:00:00Z;303,6074;0;3
1990-07-24 11:00:00Z;257,0534;0;3
1990-07-25 11:00:00Z;222,3069;0;3
1990-07-26 11:00:00Z;203,6648;0;3
1990-07-27 11:00:00Z;186,0693;0;3
1990-07-28 11:00:00Z;176,9029;0;3
1990-07-29 11:00:00Z;170,9581;0;3
1990-07-30 11:00:00Z;190,7658;0;3
1990-07-31 11:00:00Z;175,4043;0;3
1990-08-01 11:00:00Z;189,1919;0;3
1990-08-02 11:00:00Z;168,035;0;3
1990-08-03 11:00:00Z;159,4612;0;3
1990-08-04 11:00:00Z;212,007;0;3
1990-08-05 11:00:00Z;213,7017;0;3
1990-08-06 11:00:00Z;187,6264;0;3
1990-08-07 11:00:00Z;153,9063;0;3
1990-08-08 11:00:00Z;147,1416;0;3
1990-08-09 11:00:00Z;166,5858;0;3
1990-08-10 11:00:00Z;187,6264;0;3
1990-08-11 11:00:00Z;143,1771;0;3
1990-08-12 11:00:00Z;125,593;0;3
1990-08-13 11:00:00Z;129,2355;0;3
1990-08-14 11:00:00Z;134,198;0;3
1990-08-15 11:00:00Z;148,4787;0;3
1990-08-16 11:00:00Z;163,7116;0;3
1990-08-17 11:00:00Z;205,3159;0;3
1990-08-18 11:00:00Z;290,9759;0;3
1990-08-19 11:00:00Z;202,0224;0;3
1990-08-20 11:00:00Z;158,0604;0;3
1990-08-21 11:00:00Z;134,198;0;3
1990-08-22 11:00:00Z;122,0178;0;3
1990-08-23 11:00:00Z;129,2355;0;3
1990-08-24 11:00:00Z;187,6264;0;3
1990-08-25 11:00:00Z;181,4485;0;3
1990-08-26 11:00:00Z;172,4319;0;3
1990-08-27 11:00:00Z;135,4576;0;3
1990-08-28 11:00:00Z;118,5095;0;3
1990-08-29 11:00:00Z;118,5095;0;3
1990-08-30 11:00:00Z;135,4576;0;3
1990-08-31 11:00:00Z;124,3938;0;3
1990-09-01 11:00:00Z;128,0138;0;3
1990-09-02 11:00:00Z;166,5858;0;3
1990-09-03 11:00:00Z;143,1771;0;3
1990-09-04 11:00:00Z;119,6716;0;3
1990-09-05 11:00:00Z;101,949;0;3
1990-09-06 11:00:00Z;89,84331;0;3
1990-09-07 11:00:00Z;82,3168;0;3
1990-09-08 11:00:00Z;80,50157;0;3
1990-09-09 11:00:00Z;81,4059;0;3
1990-09-10 11:00:00Z;88,87903;0;3
1990-09-11 11:00:00Z;81,4059;0;3
1990-09-12 11:00:00Z;80,50157;0;3
1990-09-13 11:00:00Z;117,3548;0;3
1990-09-14 11:00:00Z;125,593;0;3
1990-09-15 11:00:00Z;181,4485;0;3
1990-09-16 11:00:00Z;152,5375;0;3
1990-09-17 11:00:00Z;115,0673;0;3
1990-09-18 11:00:00Z;109,4759;0;3
1990-09-19 11:00:00Z;108,3793;0;3
1990-09-20 11:00:00Z;124,3938;0;3
1990-09-21 11:00:00Z;135,4576;0;3
1990-09-22 11:00:00Z;115,0673;0;3
1990-09-23 11:00:00Z;103,003;0;3
1990-09-24 11:00:00Z;91,79221;0;3
1990-09-25 11:00:00Z;84,15841;0;3
1990-09-26 11:00:00Z;76,94955;0;3
1990-09-27 11:00:00Z;72,65481;0;3
1990-09-28 11:00:00Z;74,35349;0;3
1990-09-29 11:00:00Z;78,71255;0;3
1990-09-30 11:00:00Z;73,50096;0;3
1990-10-01 11:00:00Z;69,33351;0;3
1990-10-02 11:00:00Z;65,32269;0;3
1990-10-03 11:00:00Z;62,22496;0;3
1990-10-04 11:00:00Z;67,71054;0;3
1990-10-05 11:00:00Z;96,78407;0;3
1990-10-06 11:00:00Z;94,76671;0;3
1990-10-07 11:00:00Z;98,82915;0;3
1990-10-08 11:00:00Z;97,80313;0;3
1990-10-09 11:00:00Z;218,8383;0;3
1990-10-10 11:00:00Z;412,4331;0;3
1990-10-11 11:00:00Z;213,7017;0;3
1990-10-12 11:00:00Z;173,914;0;3
1990-10-13 11:00:00Z;160,8699;0;3
1990-10-14 11:00:00Z;334,4533;0;3
1990-10-15 11:00:00Z;402,101;0;3
1990-10-16 11:00:00Z;305,7467;0;3
1990-10-17 11:00:00Z;439,0141;0;3
1990-10-18 11:00:00Z;381,9442;0;3
1990-10-19 11:00:00Z;227,5764;0;3
1990-10-20 11:00:00Z;165,1446;0;3
1990-10-21 11:00:00Z;130,4648;0;3
1990-10-22 11:00:00Z;208,644;0;3
1990-10-23 11:00:00Z;278,6909;0;3
1990-10-24 11:00:00Z;184,5206;0;3
1990-10-25 11:00:00Z;140,573;0;3
1990-10-26 11:00:00Z;112,809;0;3
1990-10-27 11:00:00Z;96,78407;0;3
1990-10-28 11:00:00Z;87,9215;0;3
1990-10-29 11:00:00Z;83,2343;0;3
1990-10-30 11:00:00Z;76,07776;0;3
1990-10-31 11:00:00Z;70,98154;0;3
1990-11-01 11:00:00Z;68,51891;0;3
1990-11-02 11:00:00Z;65,32269;0;3
1990-11-03 11:00:00Z;62,22496;0;3
1990-11-04 11:00:00Z;59,96543;0;3
1990-11-05 11:00:00Z;59,22428;0;3
1990-11-06 11:00:00Z;65,32269;0;3
1990-11-07 11:00:00Z;113,9345;0;3
1990-11-08 11:00:00Z;140,573;0;3
1990-11-09 11:00:00Z;187,6264;0;3
1990-11-10 11:00:00Z;173,914;0;3
1990-11-11 11:00:00Z;140,573;0;3
1990-11-12 11:00:00Z;103,003;0;3
1990-11-13 11:00:00Z;89,84331;0;3
1990-11-14 11:00:00Z;76,07776;0;3
1990-11-15 11:00:00Z;67,71054;0;3
1990-11-16 11:00:00Z;62,99024;0;3
1990-11-17 11:00:00Z;59,22428;0;3
1990-11-18 11:00:00Z;56,31923;0;3
1990-11-19 11:00:00Z;53,50838;0;3
1990-11-20 11:00:00Z;52,13783;0;3
1990-11-21 11:00:00Z;50,1251;0;3
1990-11-22 11:00:00Z;48,81174;0;3
1990-11-23 11:00:00Z;47,52096;0;3
1990-11-24 11:00:00Z;46,25255;0;3
1990-11-25 11:00:00Z;45,62668;0;3
1990-11-26 11:00:00Z;45,00634;0;3
1990-11-27 11:00:00Z;45,00634;0;3
1990-11-28 11:00:00Z;44,39151;0;3
1990-11-29 11:00:00Z;43,78216;0;3
1990-11-30 11:00:00Z;43,78216;0;3
1990-12-01 11:00:00Z;77,82781;0;3
1990-12-02 11:00:00Z;264,7903;0;3
1990-12-03 11:00:00Z;336,7312;0;3
1990-12-04 11:00:00Z;175,4043;0;3
1990-12-05 11:00:00Z;123,2021;0;3
1990-12-06 11:00:00Z;115,0673;0;3
1990-12-07 11:00:00Z;108,3793;0;3
1990-12-08 11:00:00Z;101,949;0;3
1990-12-09 11:00:00Z;95,77194;0;3
1990-12-10 11:00:00Z;92,77686;0;3
1990-12-11 11:00:00Z;88,87903;0;3
1990-12-12 11:00:00Z;84,15841;0;3
1990-12-13 11:00:00Z;81,4059;0;3
1990-12-14 11:00:00Z;78,71255;0;3
1990-12-15 11:00:00Z;76,94955;0;3
1990-12-16 11:00:00Z;99,86211;0;3
1990-12-17 11:00:00Z;126,7997;0;3
1990-12-18 11:00:00Z;195,5387;0;3
1990-12-19 11:00:00Z;159,4612;0;3
1990-12-20 11:00:00Z;115,0673;0;3
1990-12-21 11:00:00Z;95,77194;0;3
1990-12-22 11:00:00Z;85,08916;0;3
1990-12-23 11:00:00Z;78,71255;0;3
1990-12-24 11:00:00Z;74,35349;0;3
1990-12-25 11:00:00Z;70,15438;0;3
1990-12-26 11:00:00Z;66,11246;0;3
1990-12-27 11:00:00Z;62,99024;0;3
1990-12-28 11:00:00Z;59,96543;0;3
1990-12-29 11:00:00Z;57,03661;0;3
1990-12-30 11:00:00Z;54,90212;0;3
1990-12-31 11:00:00Z;53,50838;0;3
1991-01-01 11:00:00Z;52,82022;0;3
1991-01-02 11:00:00Z;52,13783;0;3
1991-01-03 11:00:00Z;52,13783;0;3
1991-01-04 11:00:00Z;51,4612;0;3
1991-01-05 11:00:00Z;50,79029;0;3
1991-01-06 11:00:00Z;50,1251;0;3
1991-01-07 11:00:00Z;49,4656;0;3
1991-01-08 11:00:00Z;49,4656;0;3
1991-01-09 11:00:00Z;48,81174;0;3
1991-01-10 11:00:00Z;48,16354;0;3
1991-01-11 11:00:00Z;47,52096;0;3
1991-01-12 11:00:00Z;47,52096;0;3
1991-01-13 11:00:00Z;46,88397;0;3
1991-01-14 11:00:00Z;46,25255;0;3
1991-01-15 11:00:00Z;46,25255;0;3
1991-01-16 11:00:00Z;45,62668;0;3
1991-01-17 11:00:00Z;45,00634;0;3
1991-01-18 11:00:00Z;45,00634;0;3
1991-01-19 11:00:00Z;44,39151;0;3
1991-01-20 11:00:00Z;52,82022;0;3
1991-01-21 11:00:00Z;54,90212;0;3
1991-01-22 11:00:00Z;155,283;0;3
1991-01-23 11:00:00Z;771,8953;0;3
1991-01-24 11:00:00Z;325,4419;0;3
1991-01-25 11:00:00Z;678,0413;0;3
1991-01-26 11:00:00Z;492,5336;0;3
1991-01-27 11:00:00Z;264,7903;0;3
1991-01-28 11:00:00Z;203,6648;0;3
1991-01-29 11:00:00Z;163,7116;0;3
1991-01-30 11:00:00Z;137,9999;0;3
1991-01-31 11:00:00Z;120,841;0;3
1991-02-01 11:00:00Z;106,2074;0;3
1991-02-02 11:00:00Z;95,77194;0;3
1991-02-03 11:00:00Z;89,84331;0;3
1991-02-04 11:00:00Z;84,15841;0;3
1991-02-05 11:00:00Z;79,60379;0;3
1991-02-06 11:00:00Z;75,21242;0;3
1991-02-07 11:00:00Z;71,815;0;3
1991-02-08 11:00:00Z;68,51891;0;3
1991-02-09 11:00:00Z;65,32269;0;3
1991-02-10 11:00:00Z;62,22496;0;3
1991-02-11 11:00:00Z;59,22428;0;3
1991-02-12 11:00:00Z;56,31923;0;3
1991-02-13 11:00:00Z;53,50838;0;3
1991-02-14 11:00:00Z;50,1251;0;3
1991-02-15 11:00:00Z;48,16354;0;3
1991-02-16 11:00:00Z;46,88397;0;3
1991-02-17 11:00:00Z;45,62668;0;3
1991-02-18 11:00:00Z;45,00634;0;3
1991-02-19 11:00:00Z;44,39151;0;3
1991-02-20 11:00:00Z;43,78216;0;3
1991-02-21 11:00:00Z;42,57982;0;3
1991-02-22 11:00:00Z;42,57982;0;3
1991-02-23 11:00:00Z;41,98678;0;3
1991-02-24 11:00:00Z;41,39913;0;3
1991-02-25 11:00:00Z;41,39913;0;3
1991-02-26 11:00:00Z;40,81686;0;3
1991-02-27 11:00:00Z;40,81686;0;3
1991-02-28 11:00:00Z;40,81686;0;3
1991-03-01 11:00:00Z;40,81686;0;3
1991-03-02 11:00:00Z;40,81686;0;3
1991-03-03 11:00:00Z;40,23993;0;3
1991-03-04 11:00:00Z;39,10202;0;3
1991-03-05 11:00:00Z;38,54099;0;3
1991-03-06 11:00:00Z;37,98522;0;3
1991-03-07 11:00:00Z;38,54099;0;3
1991-03-08 11:00:00Z;37,98522;0;3
1991-03-09 11:00:00Z;37,43468;0;3
1991-03-10 11:00:00Z;37,43468;0;3
1991-03-11 11:00:00Z;37,43468;0;3
1991-03-12 11:00:00Z;43,17827;0;3
1991-03-13 11:00:00Z;49,4656;0;3
1991-03-14 11:00:00Z;46,25255;0;3
1991-03-15 11:00:00Z;42,57982;0;3
1991-03-16 11:00:00Z;40,81686;0;3
1991-03-17 11:00:00Z;39,66832;0;3
1991-03-18 11:00:00Z;39,10202;0;3
1991-03-19 11:00:00Z;38,54099;0;3
1991-03-20 11:00:00Z;39,66832;0;3
1991-03-21 11:00:00Z;41,98678;0;3
1991-03-22 11:00:00Z;42,57982;0;3
1991-03-23 11:00:00Z;41,39913;0;3
1991-03-24 11:00:00Z;40,23993;0;3
1991-03-25 11:00:00Z;39,66832;0;3
1991-03-26 11:00:00Z;41,39913;0;3
1991-03-27 11:00:00Z;48,16354;0;3
1991-03-28 11:00:00Z;50,1251;0;3
1991-03-29 11:00:00Z;53,50838;0;3
1991-03-30 11:00:00Z;76,94955;0;3
1991-03-31 11:00:00Z;58,48911;0;3
1991-04-01 11:00:00Z;52,82022;0;3
1991-04-02 11:00:00Z;50,1251;0;3
1991-04-03 11:00:00Z;48,81174;0;3
1991-04-04 11:00:00Z;57,75989;0;3
1991-04-05 11:00:00Z;58,48911;0;3
1991-04-06 11:00:00Z;77,82781;0;3
1991-04-07 11:00:00Z;120,841;0;3
1991-04-08 11:00:00Z;113,9345;0;3
1991-04-09 11:00:00Z;120,841;0;3
1991-04-10 11:00:00Z;109,4759;0;3
1991-04-11 11:00:00Z;115,0673;0;3
1991-04-12 11:00:00Z;182,9804;0;3
1991-04-13 11:00:00Z;257,0534;0;3
1991-04-14 11:00:00Z;195,5387;0;3
1991-04-15 11:00:00Z;155,283;0;3
1991-04-16 11:00:00Z;135,4576;0;3
1991-04-17 11:00:00Z;108,3793;0;3
1991-04-18 11:00:00Z;92,77686;0;3
1991-04-19 11:00:00Z;83,2343;0;3
1991-04-20 11:00:00Z;75,21242;0;3
1991-04-21 11:00:00Z;70,15438;0;3
1991-04-22 11:00:00Z;66,11246;0;3
1991-04-23 11:00:00Z;62,22496;0;3
1991-04-24 11:00:00Z;58,48911;0;3
1991-04-25 11:00:00Z;57,03661;0;3
1991-04-26 11:00:00Z;57,75989;0;3
1991-04-27 11:00:00Z;59,22428;0;3
1991-04-28 11:00:00Z;62,22496;0;3
1991-04-29 11:00:00Z;64,53909;0;3
1991-04-30 11:00:00Z;71,815;0;3
1991-05-01 11:00:00Z;76,07776;0;3
1991-05-02 11:00:00Z;79,60379;0;3
1991-05-03 11:00:00Z;82,3168;0;3
1991-05-04 11:00:00Z;85,08916;0;3
1991-05-05 11:00:00Z;86,9707;0;3
1991-05-06 11:00:00Z;77,82781;0;3
1991-05-07 11:00:00Z;74,35349;0;3
1991-05-08 11:00:00Z;72,65481;0;3
1991-05-09 11:00:00Z;69,33351;0;3
1991-05-10 11:00:00Z;78,71255;0;3
1991-05-11 11:00:00Z;168,035;0;3
1991-05-12 11:00:00Z;195,5387;0;3
1991-05-13 11:00:00Z;162,2867;0;3
1991-05-14 11:00:00Z;169,4925;0;3
1991-05-15 11:00:00Z;189,1919;0;3
1991-05-16 11:00:00Z;179,925;0;3
1991-05-17 11:00:00Z;153,9063;0;3
1991-05-18 11:00:00Z;148,4787;0;3
1991-05-19 11:00:00Z;156,6677;0;3
1991-05-20 11:00:00Z;197,1468;0;3
1991-05-21 11:00:00Z;232,9264;0;3
1991-05-22 11:00:00Z;205,3159;0;3
1991-05-23 11:00:00Z;169,4925;0;3
1991-05-24 11:00:00Z;140,573;0;3
1991-05-25 11:00:00Z;135,4576;0;3
1991-05-26 11:00:00Z;134,198;0;3
1991-05-27 11:00:00Z;147,1416;0;3
1991-05-28 11:00:00Z;152,5375;0;3
1991-05-29 11:00:00Z;202,0224;0;3
1991-05-30 11:00:00Z;245,7259;0;3
1991-05-31 11:00:00Z;278,6909;0;3
1991-06-01 11:00:00Z;222,3069;0;3
1991-06-02 11:00:00Z;179,925;0;3
1991-06-03 11:00:00Z;160,8699;0;3
1991-06-04 11:00:00Z;172,4319;0;3
1991-06-05 11:00:00Z;189,1919;0;3
1991-06-06 11:00:00Z;210,3212;0;3
1991-06-07 11:00:00Z;231,1341;0;3
1991-06-08 11:00:00Z;282,7477;0;3
1991-06-09 11:00:00Z;314,4016;0;3
1991-06-10 11:00:00Z;364,8557;0;3
1991-06-11 11:00:00Z;458,2674;0;3
1991-06-12 11:00:00Z;486,7108;0;3
1991-06-13 11:00:00Z;507,288;0;3
1991-06-14 11:00:00Z;575,6169;0;3
1991-06-15 11:00:00Z;559,5936;0;3
1991-06-16 11:00:00Z;543,8628;0;3
1991-06-17 11:00:00Z;540,7516;0;3
1991-06-18 11:00:00Z;507,288;0;3
1991-06-19 11:00:00Z;525,3687;0;3
1991-06-20 11:00:00Z;578,8569;0;3
1991-06-21 11:00:00Z;522,3266;0;3
1991-06-22 11:00:00Z;480,933;0;3
1991-06-23 11:00:00Z;417,6632;0;3
1991-06-24 11:00:00Z;379,4719;0;3
1991-06-25 11:00:00Z;389,4242;0;3
1991-06-26 11:00:00Z;430,9264;0;3
1991-06-27 11:00:00Z;455,484;0;3
1991-06-28 11:00:00Z;495,4619;0;3
1991-06-29 11:00:00Z;394,4632;0;3
1991-06-30 11:00:00Z;399,5445;0;3
1991-07-01 11:00:00Z;381,9442;0;3
1991-07-02 11:00:00Z;329,9277;0;3
1991-07-03 11:00:00Z;327,6798;0;3
1991-07-04 11:00:00Z;332,1855;0;3
1991-07-05 11:00:00Z;360,0662;0;3
1991-07-06 11:00:00Z;412,4331;0;3
1991-07-07 11:00:00Z;399,5445;0;3
1991-07-08 11:00:00Z;374,5583;0;3
1991-07-09 11:00:00Z;327,6798;0;3
1991-07-10 11:00:00Z;339,0191;0;3
1991-07-11 11:00:00Z;407,2457;0;3
1991-07-12 11:00:00Z;327,6798;0;3
1991-07-13 11:00:00Z;310,0545;0;3
1991-07-14 11:00:00Z;262,842;0;3
1991-07-15 11:00:00Z;234,7277;0;3
1991-07-16 11:00:00Z;295,1477;0;3
1991-07-17 11:00:00Z;257,0534;0;3
1991-07-18 11:00:00Z;203,6648;0;3
1991-07-19 11:00:00Z;170,9581;0;3
1991-07-20 11:00:00Z;175,4043;0;3
1991-07-21 11:00:00Z;181,4485;0;3
1991-07-22 11:00:00Z;172,4319;0;3
1991-07-23 11:00:00Z;160,8699;0;3
1991-07-24 11:00:00Z;141,8711;0;3
1991-07-25 11:00:00Z;120,841;0;3
1991-07-26 11:00:00Z;125,593;0;3
1991-07-27 11:00:00Z;120,841;0;3
1991-07-28 11:00:00Z;117,3548;0;3
1991-07-29 11:00:00Z;178,4098;0;3
1991-07-30 11:00:00Z;182,9804;0;3
1991-07-31 11:00:00Z;148,4787;0;3
1991-08-01 11:00:00Z;141,8711;0;3
1991-08-02 11:00:00Z;135,4576;0;3
1991-08-03 11:00:00Z;122,0178;0;3
1991-08-04 11:00:00Z;109,4759;0;3
1991-08-05 11:00:00Z;96,78407;0;3
1991-08-06 11:00:00Z;104,0641;0;3
1991-08-07 11:00:00Z;113,9345;0;3
1991-08-08 11:00:00Z;99,86211;0;3
1991-08-09 11:00:00Z;88,87903;0;3
1991-08-10 11:00:00Z;86,02658;0;3
1991-08-11 11:00:00Z;117,3548;0;3
1991-08-12 11:00:00Z;123,2021;0;3
1991-08-13 11:00:00Z;106,2074;0;3
1991-08-14 11:00:00Z;95,77194;0;3
1991-08-15 11:00:00Z;132,946;0;3
1991-08-16 11:00:00Z;159,4612;0;3
1991-08-17 11:00:00Z;140,573;0;3
1991-08-18 11:00:00Z;132,946;0;3
1991-08-19 11:00:00Z;111,6908;0;3
1991-08-20 11:00:00Z;100,9021;0;3
1991-08-21 11:00:00Z;97,80313;0;3
1991-08-22 11:00:00Z;90,81436;0;3
1991-08-23 11:00:00Z;86,9707;0;3
1991-08-24 11:00:00Z;89,84331;0;3
1991-08-25 11:00:00Z;86,02658;0;3
1991-08-26 11:00:00Z;77,82781;0;3
1991-08-27 11:00:00Z;71,815;0;3
1991-08-28 11:00:00Z;76,94955;0;3
1991-08-29 11:00:00Z;85,08916;0;3
1991-08-30 11:00:00Z;105,1322;0;3
1991-08-31 11:00:00Z;92,77686;0;3
1991-09-01 11:00:00Z;111,6908;0;3
1991-09-02 11:00:00Z;116,2074;0;3
1991-09-03 11:00:00Z;293,057;0;3
1991-09-04 11:00:00Z;475,1998;0;3
1991-09-05 11:00:00Z;282,7477;0;3
1991-09-06 11:00:00Z;186,0693;0;3
1991-09-07 11:00:00Z;136,7249;0;3
1991-09-08 11:00:00Z;109,4759;0;3
1991-09-09 11:00:00Z;113,9345;0;3
1991-09-10 11:00:00Z;151,1767;0;3
1991-09-11 11:00:00Z;198,7634;0;3
1991-09-12 11:00:00Z;144,4907;0;3
1991-09-13 11:00:00Z;129,2355;0;3
1991-09-14 11:00:00Z;125,593;0;3
1991-09-15 11:00:00Z;303,6074;0;3
1991-09-16 11:00:00Z;578,8569;0;3
1991-09-17 11:00:00Z;332,1855;0;3
1991-09-18 11:00:00Z;208,644;0;3
1991-09-19 11:00:00Z;202,0224;0;3
1991-09-20 11:00:00Z;178,4098;0;3
1991-09-21 11:00:00Z;165,1446;0;3
1991-09-22 11:00:00Z;135,4576;0;3
1991-09-23 11:00:00Z;247,5908;0;3
1991-09-24 11:00:00Z;243,8701;0;3
1991-09-25 11:00:00Z;212,007;0;3
1991-09-26 11:00:00Z;327,6798;0;3
1991-09-27 11:00:00Z;240,1859;0;3
1991-09-28 11:00:00Z;225,811;0;3
1991-09-29 11:00:00Z;208,644;0;3
1991-09-30 11:00:00Z;175,4043;0;3
1991-10-01 11:00:00Z;143,1771;0;3
1991-10-02 11:00:00Z;131,7016;0;3
1991-10-03 11:00:00Z;124,3938;0;3
1991-10-04 11:00:00Z;113,9345;0;3
1991-10-05 11:00:00Z;108,3793;0;3
1991-10-06 11:00:00Z;131,7016;0;3
1991-10-07 11:00:00Z;210,3212;0;3
1991-10-08 11:00:00Z;148,4787;0;3
1991-10-09 11:00:00Z;122,0178;0;3
1991-10-10 11:00:00Z;141,8711;0;3
1991-10-11 11:00:00Z;136,7249;0;3
1991-10-12 11:00:00Z;126,7997;0;3
1991-10-13 11:00:00Z;117,3548;0;3
1991-10-14 11:00:00Z;107,2898;0;3
1991-10-15 11:00:00Z;97,80313;0;3
1991-10-16 11:00:00Z;90,81436;0;3
1991-10-17 11:00:00Z;92,77686;0;3
1991-10-18 11:00:00Z;135,4576;0;3
1991-10-19 11:00:00Z;128,0138;0;3
1991-10-20 11:00:00Z;103,003;0;3
1991-10-21 11:00:00Z;93,76836;0;3
1991-10-22 11:00:00Z;90,81436;0;3
1991-10-23 11:00:00Z;86,02658;0;3
1991-10-24 11:00:00Z;96,78407;0;3
1991-10-25 11:00:00Z;145,8122;0;3
1991-10-26 11:00:00Z;135,4576;0;3
1991-10-27 11:00:00Z;109,4759;0;3
1991-10-28 11:00:00Z;94,76671;0;3
1991-10-29 11:00:00Z;83,2343;0;3
1991-10-30 11:00:00Z;75,21242;0;3
1991-10-31 11:00:00Z;71,815;0;3
1991-11-01 11:00:00Z;66,11246;0;3
1991-11-02 11:00:00Z;63,76161;0;3
1991-11-03 11:00:00Z;63,76161;0;3
1991-11-04 11:00:00Z;62,99024;0;3
1991-11-05 11:00:00Z;60,71258;0;3
1991-11-06 11:00:00Z;59,22428;0;3
1991-11-07 11:00:00Z;56,31923;0;3
1991-11-08 11:00:00Z;55,60774;0;3
1991-11-09 11:00:00Z;55,60774;0;3
1991-11-10 11:00:00Z;54,20234;0;3
1991-11-11 11:00:00Z;48,81174;0;3
1991-11-12 11:00:00Z;50,1251;0;3
1991-11-13 11:00:00Z;51,4612;0;3
1991-11-14 11:00:00Z;50,1251;0;3
1991-11-15 11:00:00Z;49,4656;0;3
1991-11-16 11:00:00Z;48,16354;0;3
1991-11-17 11:00:00Z;48,16354;0;3
1991-11-18 11:00:00Z;47,52096;0;3
1991-11-19 11:00:00Z;47,52096;0;3
1991-11-20 11:00:00Z;46,88397;0;3
1991-11-21 11:00:00Z;46,88397;0;3
1991-11-22 11:00:00Z;62,22496;0;3
1991-11-23 11:00:00Z;78,71255;0;3
1991-11-24 11:00:00Z;339,0191;0;3
1991-11-25 11:00:00Z;775,8151;0;3
1991-11-26 11:00:00Z;420,2943;0;3
1991-11-27 11:00:00Z;274,672;0;3
1991-11-28 11:00:00Z;200,3886;0;3
1991-11-29 11:00:00Z;189,1919;0;3
1991-11-30 11:00:00Z;165,1446;0;3
1991-12-01 11:00:00Z;186,0693;0;3
1991-12-02 11:00:00Z;179,925;0;3
1991-12-03 11:00:00Z;176,9029;0;3
1991-12-04 11:00:00Z;140,573;0;3
1991-12-05 11:00:00Z;113,9345;0;3
1991-12-06 11:00:00Z;109,4759;0;3
1991-12-07 11:00:00Z;123,2021;0;3
1991-12-08 11:00:00Z;120,841;0;3
1991-12-09 11:00:00Z;117,3548;0;3
1991-12-10 11:00:00Z;96,78407;0;3
1991-12-11 11:00:00Z;151,1767;0;3
1991-12-12 11:00:00Z;151,1767;0;3
1991-12-13 11:00:00Z;129,2355;0;3
1991-12-14 11:00:00Z;100,9021;0;3
1991-12-15 11:00:00Z;90,81436;0;3
1991-12-16 11:00:00Z;85,08916;0;3
1991-12-17 11:00:00Z;78,71255;0;3
1991-12-18 11:00:00Z;76,94955;0;3
1991-12-19 11:00:00Z;75,21242;0;3
1991-12-20 11:00:00Z;70,15438;0;3
1991-12-21 11:00:00Z;67,71054;0;3
1991-12-22 11:00:00Z;61,46575;0;3
1991-12-23 11:00:00Z;59,22428;0;3
1991-12-24 11:00:00Z;57,03661;0;3
1991-12-25 11:00:00Z;55,60774;0;3
1991-12-26 11:00:00Z;54,90212;0;3
1991-12-27 11:00:00Z;53,50838;0;3
1991-12-28 11:00:00Z;71,815;0;3
1991-12-29 11:00:00Z;160,8699;0;3
1991-12-30 11:00:00Z;111,6908;0;3
1991-12-31 11:00:00Z;94,76671;0;3
1992-01-01 11:00:00Z;87,9215;0;3
1992-01-02 11:00:00Z;83,2343;0;3
1992-01-03 11:00:00Z;81,4059;0;3
1992-01-04 11:00:00Z;77,82781;0;3
1992-01-05 11:00:00Z;73,50096;0;3
1992-01-06 11:00:00Z;67,71054;0;3
1992-01-07 11:00:00Z;65,32269;0;3
1992-01-08 11:00:00Z;63,76161;0;3
1992-01-09 11:00:00Z;62,22496;0;3
1992-01-10 11:00:00Z;61,46575;0;3
1992-01-11 11:00:00Z;60,71258;0;3
1992-01-12 11:00:00Z;67,71054;0;3
1992-01-13 11:00:00Z;78,71255;0;3
1992-01-14 11:00:00Z;92,77686;0;3
1992-01-15 11:00:00Z;192,3483;0;3
1992-01-16 11:00:00Z;212,007;0;3
1992-01-17 11:00:00Z;135,4576;0;3
1992-01-18 11:00:00Z;109,4759;0;3
1992-01-19 11:00:00Z;99,86211;0;3
1992-01-20 11:00:00Z;94,76671;0;3
1992-01-21 11:00:00Z;91,79221;0;3
1992-01-22 11:00:00Z;89,84331;0;3
1992-01-23 11:00:00Z;88,87903;0;3
1992-01-24 11:00:00Z;88,87903;0;3
1992-01-25 11:00:00Z;87,9215;0;3
1992-01-26 11:00:00Z;89,84331;0;3
1992-01-27 11:00:00Z;147,1416;0;3
1992-01-28 11:00:00Z;559,5936;0;3
1992-01-29 11:00:00Z;355,3178;0;3
1992-01-30 11:00:00Z;278,6909;0;3
1992-01-31 11:00:00Z;310,0545;0;3
1992-02-01 11:00:00Z;251,3482;0;3
1992-02-02 11:00:00Z;257,0534;0;3
1992-02-03 11:00:00Z;193,9393;0;3
1992-02-04 11:00:00Z;147,1416;0;3
1992-02-05 11:00:00Z;125,593;0;3
1992-02-06 11:00:00Z;104,0641;0;3
1992-02-07 11:00:00Z;169,4925;0;3
1992-02-08 11:00:00Z;348,2718;0;3
1992-02-09 11:00:00Z;197,1468;0;3
1992-02-10 11:00:00Z;145,8122;0;3
1992-02-11 11:00:00Z;123,2021;0;3
1992-02-12 11:00:00Z;108,3793;0;3
1992-02-13 11:00:00Z;91,79221;0;3
1992-02-14 11:00:00Z;84,15841;0;3
1992-02-15 11:00:00Z;78,71255;0;3
1992-02-16 11:00:00Z;75,21242;0;3
1992-02-17 11:00:00Z;71,815;0;3
1992-02-18 11:00:00Z;69,33351;0;3
1992-02-19 11:00:00Z;67,71054;0;3
1992-02-20 11:00:00Z;66,11246;0;3
1992-02-21 11:00:00Z;64,53909;0;3
1992-02-22 11:00:00Z;62,99024;0;3
1992-02-23 11:00:00Z;61,46575;0;3
1992-02-24 11:00:00Z;59,96543;0;3
1992-02-25 11:00:00Z;59,22428;0;3
1992-02-26 11:00:00Z;59,96543;0;3
1992-02-27 11:00:00Z;57,03661;0;3
1992-02-28 11:00:00Z;56,31923;0;3
1992-02-29 11:00:00Z;66,9084;0;3
1992-03-01 11:00:00Z;95,77194;0;3
1992-03-02 11:00:00Z;107,2898;0;3
1992-03-03 11:00:00Z;109,4759;0;3
1992-03-04 11:00:00Z;90,81436;0;3
1992-03-05 11:00:00Z;79,60379;0;3
1992-03-06 11:00:00Z;88,87903;0;3
1992-03-07 11:00:00Z;109,4759;0;3
1992-03-08 11:00:00Z;99,86211;0;3
1992-03-09 11:00:00Z;89,84331;0;3
1992-03-10 11:00:00Z;86,9707;0;3
1992-03-11 11:00:00Z;86,02658;0;3
1992-03-12 11:00:00Z;78,71255;0;3
1992-03-13 11:00:00Z;72,65481;0;3
1992-03-14 11:00:00Z;66,11246;0;3
1992-03-15 11:00:00Z;63,76161;0;3
1992-03-16 11:00:00Z;60,71258;0;3
1992-03-17 11:00:00Z;59,96543;0;3
1992-03-18 11:00:00Z;109,4759;0;3
1992-03-19 11:00:00Z;136,7249;0;3
1992-03-20 11:00:00Z;103,003;0;3
1992-03-21 11:00:00Z;85,08916;0;3
1992-03-22 11:00:00Z;76,94955;0;3
1992-03-23 11:00:00Z;71,815;0;3
1992-03-24 11:00:00Z;66,9084;0;3
1992-03-25 11:00:00Z;65,32269;0;3
1992-03-26 11:00:00Z;62,99024;0;3
1992-03-27 11:00:00Z;59,96543;0;3
1992-03-28 11:00:00Z;56,31923;0;3
1992-03-29 11:00:00Z;54,20234;0;3
1992-03-30 11:00:00Z;52,13783;0;3
1992-03-31 11:00:00Z;50,1251;0;3
1992-04-01 11:00:00Z;48,81174;0;3
1992-04-02 11:00:00Z;47,52096;0;3
1992-04-03 11:00:00Z;46,25255;0;3
1992-04-04 11:00:00Z;45,00634;0;3
1992-04-05 11:00:00Z;43,78216;0;3
1992-04-06 11:00:00Z;42,57982;0;3
1992-04-07 11:00:00Z;41,39913;0;3
1992-04-08 11:00:00Z;40,23993;0;3
1992-04-09 11:00:00Z;39,66832;0;3
1992-04-10 11:00:00Z;39,10202;0;3
1992-04-11 11:00:00Z;43,17827;0;3
1992-04-12 11:00:00Z;44,39151;0;3
1992-04-13 11:00:00Z;43,78216;0;3
1992-04-14 11:00:00Z;41,98678;0;3
1992-04-15 11:00:00Z;41,39913;0;3
1992-04-16 11:00:00Z;40,81686;0;3
1992-04-17 11:00:00Z;42,57982;0;3
1992-04-18 11:00:00Z;41,39913;0;3
1992-04-19 11:00:00Z;41,39913;0;3
1992-04-20 11:00:00Z;40,81686;0;3
1992-04-21 11:00:00Z;39,66832;0;3
1992-04-22 11:00:00Z;39,66832;0;3
1992-04-23 11:00:00Z;39,10202;0;3
1992-04-24 11:00:00Z;39,66832;0;3
1992-04-25 11:00:00Z;39,10202;0;3
1992-04-26 11:00:00Z;39,10202;0;3
1992-04-27 11:00:00Z;39,66832;0;3
1992-04-28 11:00:00Z;43,78216;0;3
1992-04-29 11:00:00Z;54,20234;0;3
1992-04-30 11:00:00Z;76,07776;0;3
1992-05-01 11:00:00Z;83,2343;0;3
1992-05-02 11:00:00Z;82,3168;0;3
1992-05-03 11:00:00Z;105,1322;0;3
1992-05-04 11:00:00Z;106,2074;0;3
1992-05-05 11:00:00Z;144,4907;0;3
1992-05-06 11:00:00Z;206,9756;0;3
1992-05-07 11:00:00Z;182,9804;0;3
1992-05-08 11:00:00Z;137,9999;0;3
1992-05-09 11:00:00Z;120,841;0;3
1992-05-10 11:00:00Z;116,2074;0;3
1992-05-11 11:00:00Z;109,4759;0;3
1992-05-12 11:00:00Z;106,2074;0;3
1992-05-13 11:00:00Z;110,5797;0;3
1992-05-14 11:00:00Z;128,0138;0;3
1992-05-15 11:00:00Z;170,9581;0;3
1992-05-16 11:00:00Z;314,4016;0;3
1992-05-17 11:00:00Z;282,7477;0;3
1992-05-18 11:00:00Z;417,6632;0;3
1992-05-19 11:00:00Z;475,1998;0;3
1992-05-20 11:00:00Z;516,2769;0;3
1992-05-21 11:00:00Z;553,2663;0;3
1992-05-22 11:00:00Z;516,2769;0;3
1992-05-23 11:00:00Z;625,4677;0;3
1992-05-24 11:00:00Z;663,7516;0;3
1992-05-25 11:00:00Z;663,7516;0;3
1992-05-26 11:00:00Z;656,6808;0;3
1992-05-27 11:00:00Z;674,4503;0;3
1992-05-28 11:00:00Z;660,2101;0;3
1992-05-29 11:00:00Z;737,1959;0;3
1992-05-30 11:00:00Z;767,9886;0;3
1992-05-31 11:00:00Z;771,8953;0;3
1992-06-01 11:00:00Z;787,6515;0;3
1992-06-02 11:00:00Z;767,9886;0;3
1992-06-03 11:00:00Z;795,6073;0;3
1992-06-04 11:00:00Z;848,5952;0;3
1992-06-05 11:00:00Z;852,7635;0;3
1992-06-06 11:00:00Z;737,1959;0;3
1992-06-07 11:00:00Z;642,6864;0;3
1992-06-08 11:00:00Z;632,3187;0;3
1992-06-09 11:00:00Z;642,6864;0;3
1992-06-10 11:00:00Z;635,7625;0;3
1992-06-11 11:00:00Z;591,9354;0;3
1992-06-12 11:00:00Z;601,8692;0;3
1992-06-13 11:00:00Z;663,7516;0;3
1992-06-14 11:00:00Z;688,8885;0;3
1992-06-15 11:00:00Z;653,1639;0;3
1992-06-16 11:00:00Z;582,1088;0;3
1992-06-17 11:00:00Z;433,6115;0;3
1992-06-18 11:00:00Z;362,4558;0;3
1992-06-19 11:00:00Z;301,4779;0;3
1992-06-20 11:00:00Z;367,2658;0;3
1992-06-21 11:00:00Z;591,9354;0;3
1992-06-22 11:00:00Z;389,4242;0;3
1992-06-23 11:00:00Z;282,7477;0;3
1992-06-24 11:00:00Z;215,4051;0;3
1992-06-25 11:00:00Z;190,7658;0;3
1992-06-26 11:00:00Z;203,6648;0;3
1992-06-27 11:00:00Z;268,7148;0;3
1992-06-28 11:00:00Z;323,2141;0;3
1992-06-29 11:00:00Z;274,672;0;3
1992-06-30 11:00:00Z;251,3482;0;3
1992-07-01 11:00:00Z;229,3508;0;3
1992-07-02 11:00:00Z;193,9393;0;3
1992-07-03 11:00:00Z;173,914;0;3
1992-07-04 11:00:00Z;160,8699;0;3
1992-07-05 11:00:00Z;151,1767;0;3
1992-07-06 11:00:00Z;149,8238;0;3
1992-07-07 11:00:00Z;139,2826;0;3
1992-07-08 11:00:00Z;134,198;0;3
1992-07-09 11:00:00Z;163,7116;0;3
1992-07-10 11:00:00Z;187,6264;0;3
1992-07-11 11:00:00Z;178,4098;0;3
1992-07-12 11:00:00Z;175,4043;0;3
1992-07-13 11:00:00Z;205,3159;0;3
1992-07-14 11:00:00Z;238,3575;0;3
1992-07-15 11:00:00Z;242,0234;0;3
1992-07-16 11:00:00Z;334,4533;0;3
1992-07-17 11:00:00Z;260,9032;0;3
1992-07-18 11:00:00Z;187,6264;0;3
1992-07-19 11:00:00Z;193,9393;0;3
1992-07-20 11:00:00Z;200,3886;0;3
1992-07-21 11:00:00Z;192,3483;0;3
1992-07-22 11:00:00Z;213,7017;0;3
1992-07-23 11:00:00Z;323,2141;0;3
1992-07-24 11:00:00Z;278,6909;0;3
1992-07-25 11:00:00Z;208,644;0;3
1992-07-26 11:00:00Z;195,5387;0;3
1992-07-27 11:00:00Z;278,6909;0;3
1992-07-28 11:00:00Z;307,8957;0;3
1992-07-29 11:00:00Z;229,3508;0;3
1992-07-30 11:00:00Z;215,4051;0;3
1992-07-31 11:00:00Z;232,9264;0;3
1992-08-01 11:00:00Z;367,2658;0;3
1992-08-02 11:00:00Z;234,7277;0;3
1992-08-03 11:00:00Z;195,5387;0;3
1992-08-04 11:00:00Z;240,1859;0;3
1992-08-05 11:00:00Z;305,7467;0;3
1992-08-06 11:00:00Z;257,0534;0;3
1992-08-07 11:00:00Z;247,5908;0;3
1992-08-08 11:00:00Z;310,0545;0;3
1992-08-09 11:00:00Z;249,4649;0;3
1992-08-10 11:00:00Z;195,5387;0;3
1992-08-11 11:00:00Z;190,7658;0;3
1992-08-12 11:00:00Z;200,3886;0;3
1992-08-13 11:00:00Z;165,1446;0;3
1992-08-14 11:00:00Z;145,8122;0;3
1992-08-15 11:00:00Z;155,283;0;3
1992-08-16 11:00:00Z;131,7016;0;3
1992-08-17 11:00:00Z;117,3548;0;3
1992-08-18 11:00:00Z;126,7997;0;3
1992-08-19 11:00:00Z;141,8711;0;3
1992-08-20 11:00:00Z;124,3938;0;3
1992-08-21 11:00:00Z;109,4759;0;3
1992-08-22 11:00:00Z;99,86211;0;3
1992-08-23 11:00:00Z;95,77194;0;3
1992-08-24 11:00:00Z;91,79221;0;3
1992-08-25 11:00:00Z;95,77194;0;3
1992-08-26 11:00:00Z;108,3793;0;3
1992-08-27 11:00:00Z;101,949;0;3
1992-08-28 11:00:00Z;95,77194;0;3
1992-08-29 11:00:00Z;104,0641;0;3
1992-08-30 11:00:00Z;110,5797;0;3
1992-08-31 11:00:00Z;98,82915;0;3
1992-09-01 11:00:00Z;95,77194;0;3
1992-09-02 11:00:00Z;90,81436;0;3
1992-09-03 11:00:00Z;83,2343;0;3
1992-09-04 11:00:00Z;77,82781;0;3
1992-09-05 11:00:00Z;75,21242;0;3
1992-09-06 11:00:00Z;71,815;0;3
1992-09-07 11:00:00Z;67,71054;0;3
1992-09-08 11:00:00Z;62,99024;0;3
1992-09-09 11:00:00Z;59,96543;0;3
1992-09-10 11:00:00Z;59,22428;0;3
1992-09-11 11:00:00Z;68,51891;0;3
1992-09-12 11:00:00Z;71,815;0;3
1992-09-13 11:00:00Z;77,82781;0;3
1992-09-14 11:00:00Z;71,815;0;3
1992-09-15 11:00:00Z;71,815;0;3
1992-09-16 11:00:00Z;92,77686;0;3
1992-09-17 11:00:00Z;86,02658;0;3
1992-09-18 11:00:00Z;88,87903;0;3
1992-09-19 11:00:00Z;76,94955;0;3
1992-09-20 11:00:00Z;68,51891;0;3
1992-09-21 11:00:00Z;63,76161;0;3
1992-09-22 11:00:00Z;60,71258;0;3
1992-09-23 11:00:00Z;60,71258;0;3
1992-09-24 11:00:00Z;66,9084;0;3
1992-09-25 11:00:00Z;76,94955;0;3
1992-09-26 11:00:00Z;84,15841;0;3
1992-09-27 11:00:00Z;90,81436;0;3
1992-09-28 11:00:00Z;77,82781;0;3
1992-09-29 11:00:00Z;68,51891;0;3
1992-09-30 11:00:00Z;62,99024;0;3
1992-10-01 11:00:00Z;59,22428;0;3
1992-10-02 11:00:00Z;57,03661;0;3
1992-10-03 11:00:00Z;54,90212;0;3
1992-10-04 11:00:00Z;52,82022;0;3
1992-10-05 11:00:00Z;52,13783;0;3
1992-10-06 11:00:00Z;135,4576;0;3
1992-10-07 11:00:00Z;184,5206;0;3
1992-10-08 11:00:00Z;534,5638;0;3
1992-10-09 11:00:00Z;372,1172;0;3
1992-10-10 11:00:00Z;225,811;0;3
1992-10-11 11:00:00Z;203,6648;0;3
1992-10-12 11:00:00Z;141,8711;0;3
1992-10-13 11:00:00Z;117,3548;0;3
1992-10-14 11:00:00Z;104,0641;0;3
1992-10-15 11:00:00Z;90,81436;0;3
1992-10-16 11:00:00Z;77,82781;0;3
1992-10-17 11:00:00Z;70,15438;0;3
1992-10-18 11:00:00Z;64,53909;0;3
1992-10-19 11:00:00Z;59,96543;0;3
1992-10-20 11:00:00Z;57,03661;0;3
1992-10-21 11:00:00Z;54,20234;0;3
1992-10-22 11:00:00Z;52,13783;0;3
1992-10-23 11:00:00Z;50,1251;0;3
1992-10-24 11:00:00Z;48,16354;0;3
1992-10-25 11:00:00Z;46,88397;0;3
1992-10-26 11:00:00Z;45,62668;0;3
1992-10-27 11:00:00Z;44,39151;0;3
1992-10-28 11:00:00Z;43,17827;0;3
1992-10-29 11:00:00Z;41,98678;0;3
1992-10-30 11:00:00Z;40,23993;0;3
1992-10-31 11:00:00Z;39,10202;0;3
1992-11-01 11:00:00Z;37,98522;0;3
1992-11-02 11:00:00Z;37,43468;0;3
1992-11-03 11:00:00Z;36,34922;0;3
1992-11-04 11:00:00Z;35,81424;0;3
1992-11-05 11:00:00Z;35,2844;0;3
1992-11-06 11:00:00Z;34,75969;0;3
1992-11-07 11:00:00Z;34,24007;0;3
1992-11-08 11:00:00Z;33,72552;0;3
1992-11-09 11:00:00Z;33,21603;0;3
1992-11-10 11:00:00Z;32,71156;0;3
1992-11-11 11:00:00Z;32,71156;0;3
1992-11-12 11:00:00Z;32,21209;0;3
1992-11-13 11:00:00Z;32,21209;0;3
1992-11-14 11:00:00Z;31,71761;0;3
1992-11-15 11:00:00Z;31,71761;0;3
1992-11-16 11:00:00Z;31,71761;0;3
1992-11-17 11:00:00Z;31,71761;0;3
1992-11-18 11:00:00Z;31,22808;0;3
1992-11-19 11:00:00Z;31,22808;0;3
1992-11-20 11:00:00Z;31,22808;0;3
1992-11-21 11:00:00Z;31,22808;0;3
1992-11-22 11:00:00Z;30,74349;0;3
1992-11-23 11:00:00Z;30,74349;0;3
1992-11-24 11:00:00Z;30,74349;0;3
1992-11-25 11:00:00Z;30,74349;0;3
1992-11-26 11:00:00Z;30,26381;0;3
1992-11-27 11:00:00Z;30,26381;0;3
1992-11-28 11:00:00Z;30,26381;0;3
1992-11-29 11:00:00Z;30,26381;0;3
1992-11-30 11:00:00Z;30,26381;0;3
1992-12-01 11:00:00Z;29,78901;0;3
1992-12-02 11:00:00Z;29,78901;0;3
1992-12-03 11:00:00Z;33,72552;0;3
1992-12-04 11:00:00Z;32,71156;0;3
1992-12-05 11:00:00Z;32,21209;0;3
1992-12-06 11:00:00Z;31,71761;0;3
1992-12-07 11:00:00Z;31,22808;0;3
1992-12-08 11:00:00Z;30,74349;0;3
1992-12-09 11:00:00Z;30,74349;0;3
1992-12-10 11:00:00Z;64,53909;0;3
1992-12-11 11:00:00Z;166,5858;0;3
1992-12-12 11:00:00Z;98,82915;0;3
1992-12-13 11:00:00Z;68,51891;0;3
1992-12-14 11:00:00Z;57,75989;0;3
1992-12-15 11:00:00Z;53,50838;0;3
1992-12-16 11:00:00Z;50,79029;0;3
1992-12-17 11:00:00Z;48,81174;0;3
1992-12-18 11:00:00Z;47,52096;0;3
1992-12-19 11:00:00Z;46,25255;0;3
1992-12-20 11:00:00Z;45,62668;0;3
1992-12-21 11:00:00Z;44,39151;0;3
1992-12-22 11:00:00Z;43,78216;0;3
1992-12-23 11:00:00Z;43,78216;0;3
1992-12-24 11:00:00Z;45,62668;0;3
1992-12-25 11:00:00Z;49,4656;0;3
1992-12-26 11:00:00Z;56,31923;0;3
1992-12-27 11:00:00Z;80,67917;1;3
1992-12-28 11:00:00Z;118,497;0;3
1992-12-29 11:00:00Z;154,9224;0;3
1992-12-30 11:00:00Z;108,1909;0;3
1992-12-31 11:00:00Z;86,58431;0;3
1993-01-01 11:00:00Z;77,11958;0;3
1993-01-02 11:00:00Z;80,13746;0;3
1993-01-03 11:00:00Z;81,95546;1;3
1993-01-04 11:00:00Z;69,15673;0;3
1993-01-05 11:00:00Z;64,02997;0;3
1993-01-06 11:00:00Z;61,52113;0;3
1993-01-07 11:00:00Z;62,86646;0;3
1993-01-08 11:00:00Z;63,19369;0;3
1993-01-09 11:00:00Z;58,43053;0;3
1993-01-10 11:00:00Z;57,77605;1;3
1993-01-11 11:00:00Z;55,41265;0;3
1993-01-12 11:00:00Z;53,12197;0;3
1993-01-13 11:00:00Z;51,19489;0;3
1993-01-14 11:00:00Z;55,81261;0;3
1993-01-15 11:00:00Z;56,39437;0;3
1993-01-16 11:00:00Z;56,46709;0;3
1993-01-17 11:00:00Z;55,95805;1;3
1993-01-18 11:00:00Z;56,21257;0;3
1993-01-19 11:00:00Z;56,97613;0;3
1993-01-20 11:00:00Z;54,90361;0;3
1993-01-21 11:00:00Z;54,21277;0;3
1993-01-22 11:00:00Z;54,32185;0;3
1993-01-23 11:00:00Z;53,12197;0;3
1993-01-24 11:00:00Z;50,14045;1;3
1993-01-25 11:00:00Z;49,6314;0;3
1993-01-26 11:00:00Z;49,19509;0;3
1993-01-27 11:00:00Z;50,10409;0;3
1993-01-28 11:00:00Z;48,06793;0;3
1993-01-29 11:00:00Z;45,74088;0;3
1993-01-30 11:00:00Z;47,37709;0;3
1993-01-31 11:00:00Z;56,06713;1;3
1993-02-01 11:00:00Z;197,653;0;3
1993-02-02 11:00:00Z;431,666;0;3
1993-02-03 11:00:00Z;265,9371;0;3
1993-02-04 11:00:00Z;171,0011;0;3
1993-02-05 11:00:00Z;129,6598;0;3
1993-02-06 11:00:00Z;112,4979;0;3
1993-02-07 11:00:00Z;98,86286;1;3
1993-02-08 11:00:00Z;119,8062;0;3
1993-02-09 11:00:00Z;136,9681;0;3
1993-02-10 11:00:00Z;110,0617;0;3
1993-02-11 11:00:00Z;98,57198;0;3
1993-02-12 11:00:00Z;101,6626;0;3
1993-02-13 11:00:00Z;105,9894;0;3
1993-02-14 11:00:00Z;98,17201;1;3
1993-02-15 11:00:00Z;90,42733;0;3
1993-02-16 11:00:00Z;82,31905;0;3
1993-02-17 11:00:00Z;73,26541;0;3
1993-02-18 11:00:00Z;69,04765;0;3
1993-02-19 11:00:00Z;66,17521;0;3
1993-02-20 11:00:00Z;57,99421;0;3
1993-02-21 11:00:00Z;56,03077;1;3
1993-02-22 11:00:00Z;55,41265;2;3
1993-02-23 11:00:00Z;54,75817;2;3
1993-02-24 11:00:00Z;54,14005;2;3
1993-02-25 11:00:00Z;53,52192;2;3
1993-02-26 11:00:00Z;52,90381;2;3
1993-02-27 11:00:00Z;52,24933;2;3
1993-02-28 11:00:00Z;51,63121;1;3
1993-03-01 11:00:00Z;49,95865;0;3
1993-03-02 11:00:00Z;50,10409;0;3
1993-03-03 11:00:00Z;49,84957;0;3
1993-03-04 11:00:00Z;47,88613;0;3
1993-03-05 11:00:00Z;47,41344;0;3
1993-03-06 11:00:00Z;46,68625;0;3
1993-03-07 11:00:00Z;44,79552;1;3
1993-03-08 11:00:00Z;45,48637;0;3
1993-03-09 11:00:00Z;49,23145;0;3
1993-03-10 11:00:00Z;49,6314;0;3
1993-03-11 11:00:00Z;48,39517;0;3
1993-03-12 11:00:00Z;48,43153;0;3
1993-03-13 11:00:00Z;55,66717;0;3
1993-03-14 11:00:00Z;126,1329;1;3
1993-03-15 11:00:00Z;248,5207;0;3
1993-03-16 11:00:00Z;272,1183;0;3
1993-03-17 11:00:00Z;193,5807;0;3
1993-03-18 11:00:00Z;142,1676;0;3
1993-03-19 11:00:00Z;114,1704;0;3
1993-03-20 11:00:00Z;95,99042;0;3
1993-03-21 11:00:00Z;92,35442;1;3
1993-03-22 11:00:00Z;87,30038;0;3
1993-03-23 11:00:00Z;80,90102;0;3
1993-03-24 11:00:00Z;73,91988;0;3
1993-03-25 11:00:00Z;70,32025;0;3
1993-03-26 11:00:00Z;65,92069;0;3
1993-03-27 11:00:00Z;59,73949;0;3
1993-03-28 11:00:00Z;58,03057;0;3
1993-03-29 11:00:00Z;57,44881;1;3
1993-03-30 11:00:00Z;55,52173;0;3
1993-03-31 11:00:00Z;55,55809;0;3
1993-04-01 11:00:00Z;54,06733;0;3
1993-04-02 11:00:00Z;51,84937;0;3
1993-04-03 11:00:00Z;52,03117;0;3
1993-04-04 11:00:00Z;51,19489;0;3
1993-04-05 11:00:00Z;50,24953;1;3
1993-04-06 11:00:00Z;49,74049;0;3
1993-04-07 11:00:00Z;48,94056;0;3
1993-04-08 11:00:00Z;47,26801;0;3
1993-04-09 11:00:00Z;45,30457;0;3
1993-04-10 11:00:00Z;46,28629;0;3
1993-04-11 11:00:00Z;45,08641;0;3
1993-04-12 11:00:00Z;45,05005;1;3
1993-04-13 11:00:00Z;44,50465;0;3
1993-04-14 11:00:00Z;44,3592;0;3
1993-04-15 11:00:00Z;44,39557;0;3
1993-04-16 11:00:00Z;44,28649;0;3
1993-04-17 11:00:00Z;44,46828;0;3
1993-04-18 11:00:00Z;44,75917;0;3
1993-04-19 11:00:00Z;44,46828;1;3
1993-04-20 11:00:00Z;43,81381;0;3
1993-04-21 11:00:00Z;43,74108;0;3
1993-04-22 11:00:00Z;46,97713;0;3
1993-04-23 11:00:00Z;56,28529;0;3
1993-04-24 11:00:00Z;75,66517;0;3
1993-04-25 11:00:00Z;112,8978;0;3
1993-04-26 11:00:00Z;145,9127;1;3
1993-04-27 11:00:00Z;150,3486;0;3
1993-04-28 11:00:00Z;167,147;0;3
1993-04-29 11:00:00Z;144,7128;0;3
1993-04-30 11:00:00Z;160,1295;0;3
1993-05-01 11:00:00Z;212,4152;0;3
1993-05-02 11:00:00Z;344,6565;0;3
1993-05-03 11:00:00Z;403,7779;1;3
1993-05-04 11:00:00Z;403,5597;0;3
1993-05-05 11:00:00Z;314,9504;0;3
1993-05-06 11:00:00Z;291,7163;0;3
1993-05-07 11:00:00Z;317,2047;0;3
1993-05-08 11:00:00Z;488,7512;0;3
1993-05-09 11:00:00Z;511,0762;0;3
1993-05-10 11:00:00Z;442,2832;1;3
1993-05-11 11:00:00Z;417,7037;0;3
1993-05-12 11:00:00Z;448,028;0;3
1993-05-13 11:00:00Z;384,1071;0;3
1993-05-14 11:00:00Z;307,4239;0;3
1993-05-15 11:00:00Z;272,6273;0;3
1993-05-16 11:00:00Z;360,1459;0;3
1993-05-17 11:00:00Z;578,7422;1;3
1993-05-18 11:00:00Z;602,8489;0;3
1993-05-19 11:00:00Z;697,2394;0;3
1993-05-20 11:00:00Z;742,8351;0;3
1993-05-21 11:00:00Z;802,9017;0;3
1993-05-22 11:00:00Z;843,9885;0;3
1993-05-23 11:00:00Z;869,5497;0;3
1993-05-24 11:00:00Z;777,3043;1;3
1993-05-25 11:00:00Z;583,8691;0;3
1993-05-26 11:00:00Z;460,5722;0;3
1993-05-27 11:00:00Z;381,0892;0;3
1993-05-28 11:00:00Z;321,3861;0;3
1993-05-29 11:00:00Z;290,1165;0;3
1993-05-30 11:00:00Z;294,3706;0;3
1993-05-31 11:00:00Z;289,7529;1;3
1993-06-01 11:00:00Z;272,6273;0;3
1993-06-02 11:00:00Z;293,3889;0;3
1993-06-03 11:00:00Z;288,8802;0;3
1993-06-04 11:00:00Z;276,1179;0;3
1993-06-05 11:00:00Z;280,9537;0;3
1993-06-06 11:00:00Z;330,9851;0;3
1993-06-07 11:00:00Z;361,6003;1;3
1993-06-08 11:00:00Z;326,731;0;3
1993-06-09 11:00:00Z;296,1886;0;3
1993-06-10 11:00:00Z;289,2439;0;3
1993-06-11 11:00:00Z;298,952;0;3
1993-06-12 11:00:00Z;327,64;0;3
1993-06-13 11:00:00Z;309,1328;0;3
1993-06-14 11:00:00Z;275,0271;1;3
1993-06-15 11:00:00Z;234,6675;0;3
1993-06-16 11:00:00Z;216,9965;0;3
1993-06-17 11:00:00Z;228,2681;0;3
1993-06-18 11:00:00Z;344,2566;0;3
1993-06-19 11:00:00Z;503,6589;0;3
1993-06-20 11:00:00Z;387,3795;0;3
1993-06-21 11:00:00Z;315,1322;1;3
1993-06-22 11:00:00Z;301,8608;0;3
1993-06-23 11:00:00Z;279,2085;0;3
1993-06-24 11:00:00Z;282,99;0;3
1993-06-25 11:00:00Z;362,6911;0;3
1993-06-26 11:00:00Z;387,8159;0;3
1993-06-27 11:00:00Z;384,0708;0;3
1993-06-28 11:00:00Z;385,8887;1;3
1993-06-29 11:00:00Z;337,9662;0;3
1993-06-30 11:00:00Z;330,3671;0;3
1993-07-01 11:00:00Z;350,256;0;3
1993-07-02 11:00:00Z;374,3263;0;3
1993-07-03 11:00:00Z;374,8716;0;3
1993-07-04 11:00:00Z;377,4169;0;3
1993-07-05 11:00:00Z;350,0742;1;3
1993-07-06 11:00:00Z;355,0555;0;3
1993-07-07 11:00:00Z;376,0715;0;3
1993-07-08 11:00:00Z;343,8203;0;3
1993-07-09 11:00:00Z;324,1495;0;3
1993-07-10 11:00:00Z;409,8864;0;3
1993-07-11 11:00:00Z;584,8508;0;3
1993-07-12 11:00:00Z;558,1625;1;3
1993-07-13 11:00:00Z;609,1393;0;3
1993-07-14 11:00:00Z;595,3224;0;3
1993-07-15 11:00:00Z;493,4781;0;3
1993-07-16 11:00:00Z;397,124;0;3
1993-07-17 11:00:00Z;350,8014;0;3
1993-07-18 11:00:00Z;333,3486;0;3
1993-07-19 11:00:00Z;298,9883;0;3
1993-07-20 11:00:00Z;246,4845;1;3
1993-07-21 11:00:00Z;241,2486;0;3
1993-07-22 11:00:00Z;254,411;0;3
1993-07-23 11:00:00Z;264,6645;0;3
1993-07-24 11:00:00Z;284,3716;0;3
1993-07-25 11:00:00Z;342,9476;0;3
1993-07-26 11:00:00Z;436,9382;0;3
1993-07-27 11:00:00Z;398,542;1;3
1993-07-28 11:00:00Z;332,6577;0;3
1993-07-29 11:00:00Z;277,0269;0;3
1993-07-30 11:00:00Z;239,3579;0;3
1993-07-31 11:00:00Z;287,7531;0;3
1993-08-01 11:00:00Z;404,396;0;3
1993-08-02 11:00:00Z;393,9607;0;3
1993-08-03 11:00:00Z;289,6438;1;3
1993-08-04 11:00:00Z;281,3174;0;3
1993-08-05 11:00:00Z;334,403;0;3
1993-08-06 11:00:00Z;278,954;0;3
1993-08-07 11:00:00Z;214,1968;0;3
1993-08-08 11:00:00Z;190,4901;0;3
1993-08-09 11:00:00Z;184,8179;0;3
1993-08-10 11:00:00Z;239,9034;1;3
1993-08-11 11:00:00Z;231,3224;0;3
1993-08-12 11:00:00Z;218,16;0;3
1993-08-13 11:00:00Z;195,7986;0;3
1993-08-14 11:00:00Z;275,9361;0;3
1993-08-15 11:00:00Z;231,7587;0;3
1993-08-16 11:00:00Z;188,563;0;3
1993-08-17 11:00:00Z;207,7611;1;3
1993-08-18 11:00:00Z;269,9004;0;3
1993-08-19 11:00:00Z;214,524;0;3
1993-08-20 11:00:00Z;168,8559;0;3
1993-08-21 11:00:00Z;146,2763;0;3
1993-08-22 11:00:00Z;137,2954;0;3
1993-08-23 11:00:00Z;134,3139;0;3
1993-08-24 11:00:00Z;123,8058;1;3
1993-08-25 11:00:00Z;110,6071;0;3
1993-08-26 11:00:00Z;103,2261;0;3
1993-08-27 11:00:00Z;97,44481;0;3
1993-08-28 11:00:00Z;88,86385;0;3
1993-08-29 11:00:00Z;85,91869;0;3
1993-08-30 11:00:00Z;100,9354;0;3
1993-08-31 11:00:00Z;93,33614;1;3
1993-09-01 11:00:00Z;93,91789;0;3
1993-09-02 11:00:00Z;105,6985;0;3
1993-09-03 11:00:00Z;99,1901;0;3
1993-09-04 11:00:00Z;96,97214;0;3
1993-09-05 11:00:00Z;92,79074;0;3
1993-09-06 11:00:00Z;123,2968;0;3
1993-09-07 11:00:00Z;100,2445;1;3
1993-09-08 11:00:00Z;96,02678;0;3
1993-09-09 11:00:00Z;101,3717;0;3
1993-09-10 11:00:00Z;92,75438;0;3
1993-09-11 11:00:00Z;82,53721;0;3
1993-09-12 11:00:00Z;77,81042;0;3
1993-09-13 11:00:00Z;73,48357;0;3
1993-09-14 11:00:00Z;68,97493;1;3
1993-09-15 11:00:00Z;64,90262;0;3
1993-09-16 11:00:00Z;60,53941;0;3
1993-09-17 11:00:00Z;56,97613;0;3
1993-09-18 11:00:00Z;55,08541;0;3
1993-09-19 11:00:00Z;53,66737;0;3
1993-09-20 11:00:00Z;52,61293;0;3
1993-09-21 11:00:00Z;50,83129;1;3
1993-09-22 11:00:00Z;50,68584;0;3
1993-09-23 11:00:00Z;62,53922;0;3
1993-09-24 11:00:00Z;74,53801;0;3
1993-09-25 11:00:00Z;67,62962;0;3
1993-09-26 11:00:00Z;63,41185;0;3
1993-09-27 11:00:00Z;63,55729;0;3
1993-09-28 11:00:00Z;63,33913;1;3
1993-09-29 11:00:00Z;59,1941;0;3
1993-09-30 11:00:00Z;56,57617;0;3
1993-10-01 11:00:00Z;55,15813;0;3
1993-10-02 11:00:00Z;52,54021;0;3
1993-10-03 11:00:00Z;50,3586;0;3
1993-10-04 11:00:00Z;49,34053;0;3
1993-10-05 11:00:00Z;52,61293;1;3
1993-10-06 11:00:00Z;59,30317;0;3
1993-10-07 11:00:00Z;57,23065;0;3
1993-10-08 11:00:00Z;53,01289;0;3
1993-10-09 11:00:00Z;50,72221;0;3
1993-10-10 11:00:00Z;49,52233;0;3
1993-10-11 11:00:00Z;48,17701;0;3
1993-10-12 11:00:00Z;46,64988;1;3
1993-10-13 11:00:00Z;45,19549;0;3
1993-10-14 11:00:00Z;43,52293;0;3
1993-10-15 11:00:00Z;42,21397;2;3
1993-10-16 11:00:00Z;40,94137;2;3
1993-10-17 11:00:00Z;39,63241;1;3
1993-10-18 11:00:00Z;45,05005;0;3
1993-10-19 11:00:00Z;383,7435;1;3
1993-10-20 11:00:00Z;252,7384;0;3
1993-10-21 11:00:00Z;129,1508;0;3
1993-10-22 11:00:00Z;96,24495;0;3
1993-10-23 11:00:00Z;85,84599;0;3
1993-10-24 11:00:00Z;89,62741;0;3
1993-10-25 11:00:00Z;81,77365;0;3
1993-10-26 11:00:00Z;101,1899;1;3
1993-10-27 11:00:00Z;347,1653;0;3
1993-10-28 11:00:00Z;349,3833;0;3
1993-10-29 11:00:00Z;180,6002;0;3
1993-10-30 11:00:00Z;172,5646;0;3
1993-10-31 11:00:00Z;171,9465;0;3
1993-11-01 11:00:00Z;166,0561;0;3
1993-11-02 11:00:00Z;261,7557;0;3
1993-11-03 11:00:00Z;196,2713;1;3
1993-11-04 11:00:00Z;140,0224;0;3
1993-11-05 11:00:00Z;106,5712;0;3
1993-11-06 11:00:00Z;92,20898;0;3
1993-11-07 11:00:00Z;86,42773;0;3
1993-11-08 11:00:00Z;76,90141;0;3
1993-11-09 11:00:00Z;71,77466;0;3
1993-11-10 11:00:00Z;69,30217;1;3
1993-11-11 11:00:00Z;65,30257;0;3
1993-11-12 11:00:00Z;63,55729;0;3
1993-11-13 11:00:00Z;59,04865;0;3
1993-11-14 11:00:00Z;56,61253;0;3
1993-11-15 11:00:00Z;55,15813;0;3
1993-11-16 11:00:00Z;51,30396;0;3
1993-11-17 11:00:00Z;51,37669;1;3
1993-11-18 11:00:00Z;51,34033;0;3
1993-11-19 11:00:00Z;50,03137;2;3
1993-11-20 11:00:00Z;48,72241;2;3
1993-11-21 11:00:00Z;47,41344;2;3
1993-11-22 11:00:00Z;46,10448;0;3
1993-11-23 11:00:00Z;44,72281;2;3
1993-11-24 11:00:00Z;43,37749;2;3
1993-11-25 11:00:00Z;41,99581;2;3
1993-11-26 11:00:00Z;40,61412;2;3
1993-11-27 11:00:00Z;39,23245;2;3
1993-11-28 11:00:00Z;37,85076;2;3
1993-11-29 11:00:00Z;36,50545;2;3
1993-11-30 11:00:00Z;35,12377;0;3
1993-12-01 11:00:00Z;33,81481;1;3
1993-12-02 11:00:00Z;33,56028;2;3
1993-12-03 11:00:00Z;33,34212;2;3
1993-12-04 11:00:00Z;33,0876;1;3
1993-12-05 11:00:00Z;32,97852;2;3
1993-12-06 11:00:00Z;32,86945;2;3
1993-12-07 11:00:00Z;32,76037;2;3
1993-12-08 11:00:00Z;32,65128;2;3
1993-12-09 11:00:00Z;32,5422;2;3
1993-12-10 11:00:00Z;32,43312;2;3
1993-12-11 11:00:00Z;32,32404;2;3
1993-12-12 11:00:00Z;32,21497;2;3
1993-12-13 11:00:00Z;32,10588;2;3
1993-12-14 11:00:00Z;31,99681;1;3
1993-12-15 11:00:00Z;31,92409;2;3
1993-12-16 11:00:00Z;31,85137;2;3
1993-12-17 11:00:00Z;31,77864;2;3
1993-12-18 11:00:00Z;31,70592;2;3
1993-12-19 11:00:00Z;31,6332;2;3
1993-12-20 11:00:00Z;31,56049;2;3
1993-12-21 11:00:00Z;31,48776;2;3
1993-12-22 11:00:00Z;31,41504;2;3
1993-12-23 11:00:00Z;31,34233;2;3
1993-12-24 11:00:00Z;31,26961;1;3
1993-12-25 11:00:00Z;31,23325;2;3
1993-12-26 11:00:00Z;31,16052;2;3
1993-12-27 11:00:00Z;31,12417;2;3
1993-12-28 11:00:00Z;31,05145;2;3
1993-12-29 11:00:00Z;31,01508;2;3
1993-12-30 11:00:00Z;30,94237;2;3
1993-12-31 11:00:00Z;30,906;1;3
1994-01-01 11:00:00Z;31,8;1;3
1994-01-02 11:00:00Z;31,77001;2;3
1994-01-03 11:00:00Z;31,74001;2;3
1994-01-04 11:00:00Z;31,71;2;3
1994-01-05 11:00:00Z;31,69001;2;3
1994-01-06 11:00:00Z;31,66001;2;3
1994-01-07 11:00:00Z;31,63;2;3
1994-01-08 11:00:00Z;31,60001;2;3
1994-01-09 11:00:00Z;31,57001;2;3
1994-01-10 11:00:00Z;31,54001;2;3
1994-01-11 11:00:00Z;31,51001;2;3
1994-01-12 11:00:00Z;31,49001;2;3
1994-01-13 11:00:00Z;31,46;2;3
1994-01-14 11:00:00Z;31,43001;2;3
1994-01-15 11:00:00Z;31,40001;1;3
1994-01-16 11:00:00Z;31,39001;2;3
1994-01-17 11:00:00Z;31,37001;2;3
1994-01-18 11:00:00Z;31,36;2;3
1994-01-19 11:00:00Z;31,35;2;3
1994-01-20 11:00:00Z;31,33001;2;3
1994-01-21 11:00:00Z;31,32;2;3
1994-01-22 11:00:00Z;31,31001;2;3
1994-01-23 11:00:00Z;31,29;2;3
1994-01-24 11:00:00Z;31,28001;2;3
1994-01-25 11:00:00Z;31,27001;2;3
1994-01-26 11:00:00Z;31,25001;2;3
1994-01-27 11:00:00Z;31,24001;2;3
1994-01-28 11:00:00Z;31,23001;2;3
1994-01-29 11:00:00Z;31,21;2;3
1994-01-30 11:00:00Z;31,2;1;3
1994-01-31 11:00:00Z;36,86001;0;3
1994-02-01 11:00:00Z;31,2;1;3
1994-02-02 11:00:00Z;31,18;2;3
1994-02-03 11:00:00Z;31,16001;2;3
1994-02-04 11:00:00Z;31,13;2;3
1994-02-05 11:00:00Z;31,11001;2;3
1994-02-06 11:00:00Z;31,09;2;3
1994-02-07 11:00:00Z;31,07;2;3
1994-02-08 11:00:00Z;31,04001;2;3
1994-02-09 11:00:00Z;31,02001;2;3
1994-02-10 11:00:00Z;31;1;3
1994-02-11 11:00:00Z;30,90001;2;3
1994-02-12 11:00:00Z;30,8;2;3
1994-02-13 11:00:00Z;30,70001;2;3
1994-02-14 11:00:00Z;30,6;2;3
1994-02-15 11:00:00Z;30,50001;2;3
1994-02-16 11:00:00Z;30,4;2;3
1994-02-17 11:00:00Z;30,3;2;3
1994-02-18 11:00:00Z;30,20001;2;3
1994-02-19 11:00:00Z;30,1;2;3
1994-02-20 11:00:00Z;30;2;3
1994-02-21 11:00:00Z;29,9;2;3
1994-02-22 11:00:00Z;29,8;1;3
1994-02-23 11:00:00Z;29,78;2;3
1994-02-24 11:00:00Z;29,77001;2;3
1994-02-25 11:00:00Z;29,75001;2;3
1994-02-26 11:00:00Z;29,73;2;3
1994-02-27 11:00:00Z;29,72001;2;3
1994-02-28 11:00:00Z;29,7;1;3
1994-03-01 11:00:00Z;29,60001;1;3
1994-03-02 11:00:00Z;29,56;0;3
1994-03-03 11:00:00Z;29,55;2;3
1994-03-04 11:00:00Z;29,53;2;3
1994-03-05 11:00:00Z;29,52;2;3
1994-03-06 11:00:00Z;29,51001;2;3
1994-03-07 11:00:00Z;29,49001;2;3
1994-03-08 11:00:00Z;29,48001;2;3
1994-03-09 11:00:00Z;29,47;2;3
1994-03-10 11:00:00Z;29,45001;2;3
1994-03-11 11:00:00Z;29,44;2;3
1994-03-12 11:00:00Z;29,43001;2;3
1994-03-13 11:00:00Z;29,41;2;3
1994-03-14 11:00:00Z;29,40001;1;3
1994-03-15 11:00:00Z;29,38;2;3
1994-03-16 11:00:00Z;29,37001;2;3
1994-03-17 11:00:00Z;29,35;2;3
1994-03-18 11:00:00Z;29,34001;2;3
1994-03-19 11:00:00Z;29,32;2;3
1994-03-20 11:00:00Z;29,31001;2;3
1994-03-21 11:00:00Z;29,29;2;3
1994-03-22 11:00:00Z;29,28001;2;3
1994-03-23 11:00:00Z;29,26;2;3
1994-03-24 11:00:00Z;29,25001;2;3
1994-03-25 11:00:00Z;29,23001;2;3
1994-03-26 11:00:00Z;29,22001;2;3
1994-03-27 11:00:00Z;29,2;1;3
1994-03-28 11:00:00Z;29,19001;2;3
1994-03-29 11:00:00Z;29,17001;2;3
1994-03-30 11:00:00Z;29,16;2;3
1994-03-31 11:00:00Z;29,15;1;3
1994-04-01 11:00:00Z;32;1;3
1994-04-02 11:00:00Z;40,00001;1;3
1994-04-03 11:00:00Z;44,00001;1;3
1994-04-04 11:00:00Z;43,50001;1;3
1994-04-05 11:00:00Z;42,50001;2;3
1994-04-06 11:00:00Z;41,50001;2;3
1994-04-07 11:00:00Z;40,51001;2;3
1994-04-08 11:00:00Z;39,51;2;3
1994-04-09 11:00:00Z;38,51001;0;3
1994-04-10 11:00:00Z;37,22001;0;3
1994-04-11 11:00:00Z;36,31001;0;3
1994-04-12 11:00:00Z;35,92001;0;3
1994-04-13 11:00:00Z;36,12001;0;3
1994-04-14 11:00:00Z;38,26001;0;3
1994-04-15 11:00:00Z;40,82001;0;3
1994-04-16 11:00:00Z;43,05001;0;3
1994-04-17 11:00:00Z;45,47001;0;3
1994-04-18 11:00:00Z;43,86001;0;3
1994-04-19 11:00:00Z;41,75001;0;3
1994-04-20 11:00:00Z;40,33001;0;3
1994-04-21 11:00:00Z;39,44001;0;3
1994-04-22 11:00:00Z;40,35;0;3
1994-04-23 11:00:00Z;42,85001;0;3
1994-04-24 11:00:00Z;44,58001;0;3
1994-04-25 11:00:00Z;50,23001;0;3
1994-04-26 11:00:00Z;74,09001;0;3
1994-04-27 11:00:00Z;131,36;0;3
1994-04-28 11:00:00Z;169,9;0;3
1994-04-29 11:00:00Z;238,7301;0;3
1994-04-30 11:00:00Z;169,04;0;3
1994-05-01 11:00:00Z;119,52;0;3
1994-05-02 11:00:00Z;98,86002;0;3
1994-05-03 11:00:00Z;88,61002;0;3
1994-05-04 11:00:00Z;94,03001;0;3
1994-05-05 11:00:00Z;129,95;0;3
1994-05-06 11:00:00Z;177,55;0;3
1994-05-07 11:00:00Z;235,09;0;3
1994-05-08 11:00:00Z;254,56;0;3
1994-05-09 11:00:00Z;311,4001;0;3
1994-05-10 11:00:00Z;351,7901;0;3
1994-05-11 11:00:00Z;297,4101;0;3
1994-05-12 11:00:00Z;273,6401;0;3
1994-05-13 11:00:00Z;265,13;0;3
1994-05-14 11:00:00Z;270,1501;0;3
1994-05-15 11:00:00Z;237,05;0;3
1994-05-16 11:00:00Z;202,25;0;3
1994-05-17 11:00:00Z;168,69;0;3
1994-05-18 11:00:00Z;150,56;0;3
1994-05-19 11:00:00Z;140,92;0;3
1994-05-20 11:00:00Z;128,11;0;3
1994-05-21 11:00:00Z;119,69;0;3
1994-05-22 11:00:00Z;122,48;0;3
1994-05-23 11:00:00Z;122,83;0;3
1994-05-24 11:00:00Z;124,81;0;3
1994-05-25 11:00:00Z;130,18;0;3
1994-05-26 11:00:00Z;128,7;0;3
1994-05-27 11:00:00Z;122,39;0;3
1994-05-28 11:00:00Z;115,94;0;3
1994-05-29 11:00:00Z;110,77;0;3
1994-05-30 11:00:00Z;116,28;0;3
1994-05-31 11:00:00Z;242,4201;0;3
1994-06-01 11:00:00Z;323,7401;0;3
1994-06-02 11:00:00Z;237,97;0;3
1994-06-03 11:00:00Z;234,8201;0;3
1994-06-04 11:00:00Z;307,6701;0;3
1994-06-05 11:00:00Z;444,9201;0;3
1994-06-06 11:00:00Z;476,6801;0;3
1994-06-07 11:00:00Z;444,2201;0;3
1994-06-08 11:00:00Z;488,8501;0;3
1994-06-09 11:00:00Z;481,2902;0;3
1994-06-10 11:00:00Z;430,4501;0;3
1994-06-11 11:00:00Z;393,6901;0;3
1994-06-12 11:00:00Z;469,8601;0;3
1994-06-13 11:00:00Z;422,6501;0;3
1994-06-14 11:00:00Z;495,1602;0;3
1994-06-15 11:00:00Z;438,8001;0;3
1994-06-16 11:00:00Z;316,1501;0;3
1994-06-17 11:00:00Z;245,9101;0;3
1994-06-18 11:00:00Z;206,9;0;3
1994-06-19 11:00:00Z;203,3001;0;3
1994-06-20 11:00:00Z;226,34;0;3
1994-06-21 11:00:00Z;236,44;0;3
1994-06-22 11:00:00Z;325,48;0;3
1994-06-23 11:00:00Z;492,3102;0;3
1994-06-24 11:00:00Z;401,2901;0;3
1994-06-25 11:00:00Z;320,9801;0;3
1994-06-26 11:00:00Z;260,0301;0;3
1994-06-27 11:00:00Z;252,8501;0;3
1994-06-28 11:00:00Z;332,9201;0;3
1994-06-29 11:00:00Z;381,4101;0;3
1994-06-30 11:00:00Z;658,4102;0;3
1994-07-01 11:00:00Z;611,7201;0;3
1994-07-02 11:00:00Z;473,8001;0;3
1994-07-03 11:00:00Z;398,5001;0;3
1994-07-04 11:00:00Z;317,9001;0;3
1994-07-05 11:00:00Z;300,3201;0;3
1994-07-06 11:00:00Z;306,7801;0;3
1994-07-07 11:00:00Z;269,6401;0;3
1994-07-08 11:00:00Z;225,51;0;3
1994-07-09 11:00:00Z;197,3;0;3
1994-07-10 11:00:00Z;186,08;0;3
1994-07-11 11:00:00Z;215,9301;0;3
1994-07-12 11:00:00Z;224,72;0;3
1994-07-13 11:00:00Z;227,0401;0;3
1994-07-14 11:00:00Z;253,5101;0;3
1994-07-15 11:00:00Z;253,1801;0;3
1994-07-16 11:00:00Z;296,23;0;3
1994-07-17 11:00:00Z;234,46;0;3
1994-07-18 11:00:00Z;186,74;0;3
1994-07-19 11:00:00Z;159,94;0;3
1994-07-20 11:00:00Z;137,45;0;3
1994-07-21 11:00:00Z;125,68;0;3
1994-07-22 11:00:00Z;123,43;0;3
1994-07-23 11:00:00Z;149,6;0;3
1994-07-24 11:00:00Z;147,17;0;3
1994-07-25 11:00:00Z;134,11;0;3
1994-07-26 11:00:00Z;122,62;0;3
1994-07-27 11:00:00Z;134,1;0;3
1994-07-28 11:00:00Z;156,06;0;3
1994-07-29 11:00:00Z;141,53;0;3
1994-07-30 11:00:00Z;115,9;0;3
1994-07-31 11:00:00Z;103,41;0;3
1994-08-01 11:00:00Z;102,45;0;3
1994-08-02 11:00:00Z;113,98;0;3
1994-08-03 11:00:00Z;130,52;0;3
1994-08-04 11:00:00Z;141,31;0;3
1994-08-05 11:00:00Z;113,17;0;3
1994-08-06 11:00:00Z;122,24;0;3
1994-08-07 11:00:00Z;129,78;0;3
1994-08-08 11:00:00Z;102,41;0;3
1994-08-09 11:00:00Z;90,64001;0;3
1994-08-10 11:00:00Z;83,48002;0;3
1994-08-11 11:00:00Z;77,82001;0;3
1994-08-12 11:00:00Z;76,24001;0;3
1994-08-13 11:00:00Z;84,67001;0;3
1994-08-14 11:00:00Z;90,92002;0;3
1994-08-15 11:00:00Z;80,03001;0;3
1994-08-16 11:00:00Z;70,83002;0;3
1994-08-17 11:00:00Z;64,45;0;3
1994-08-18 11:00:00Z;61,17001;0;3
1994-08-19 11:00:00Z;61,32001;0;3
1994-08-20 11:00:00Z;62,70001;0;3
1994-08-21 11:00:00Z;61,00001;0;3
1994-08-22 11:00:00Z;59,13001;0;3
1994-08-23 11:00:00Z;59,07001;0;3
1994-08-24 11:00:00Z;57,45001;0;3
1994-08-25 11:00:00Z;56,94001;0;3
1994-08-26 11:00:00Z;56,28001;0;3
1994-08-27 11:00:00Z;59,31001;0;3
1994-08-28 11:00:00Z;65,11001;0;3
1994-08-29 11:00:00Z;65,60001;0;3
1994-08-30 11:00:00Z;82,47001;0;3
1994-08-31 11:00:00Z;85,96002;0;3
1994-09-01 11:00:00Z;76,70001;0;3
1994-09-02 11:00:00Z;67,27001;0;3
1994-09-03 11:00:00Z;60,89001;0;3
1994-09-04 11:00:00Z;57,76001;0;3
1994-09-05 11:00:00Z;55,53001;0;3
1994-09-06 11:00:00Z;53,27001;0;3
1994-09-07 11:00:00Z;51,16;0;3
1994-09-08 11:00:00Z;50,66001;0;3
1994-09-09 11:00:00Z;51,16;0;3
1994-09-10 11:00:00Z;50,27001;0;3
1994-09-11 11:00:00Z;54,28001;0;3
1994-09-12 11:00:00Z;55,95001;0;3
1994-09-13 11:00:00Z;55,95001;0;3
1994-09-14 11:00:00Z;53,66;0;3
1994-09-15 11:00:00Z;50,80001;0;3
1994-09-16 11:00:00Z;47,88001;0;3
1994-09-17 11:00:00Z;45,78;0;3
1994-09-18 11:00:00Z;43,93;0;3
1994-09-19 11:00:00Z;42,77001;0;3
1994-09-20 11:00:00Z;41,58001;0;3
1994-09-21 11:00:00Z;40,46;0;3
1994-09-22 11:00:00Z;97,12002;0;3
1994-09-23 11:00:00Z;134,22;0;3
1994-09-24 11:00:00Z;277,4601;0;3
1994-09-25 11:00:00Z;253,56;0;3
1994-09-26 11:00:00Z;162,53;0;3
1994-09-27 11:00:00Z;132,8;0;3
1994-09-28 11:00:00Z;114;1;3
1994-09-29 11:00:00Z;180,25;0;3
1994-09-30 11:00:00Z;190,07;0;3
1994-10-01 11:00:00Z;145,32;0;3
1994-10-02 11:00:00Z;111,43;0;3
1994-10-03 11:00:00Z;96,66002;0;3
1994-10-04 11:00:00Z;84,45;0;3
1994-10-05 11:00:00Z;79,41002;0;3
1994-10-06 11:00:00Z;171,3;0;3
1994-10-07 11:00:00Z;815,2302;0;3
1994-10-08 11:00:00Z;487,2401;0;3
1994-10-09 11:00:00Z;339,7801;0;3
1994-10-10 11:00:00Z;263,4601;0;3
1994-10-11 11:00:00Z;193,25;0;3
1994-10-12 11:00:00Z;188,75;0;3
1994-10-13 11:00:00Z;160,17;0;3
1994-10-14 11:00:00Z;190,8801;0;3
1994-10-15 11:00:00Z;181,62;0;3
1994-10-16 11:00:00Z;143,36;0;3
1994-10-17 11:00:00Z;114,59;0;3
1994-10-18 11:00:00Z;94,57002;0;3
1994-10-19 11:00:00Z;80,63;0;3
1994-10-20 11:00:00Z;71,2;0;3
1994-10-21 11:00:00Z;64,46001;0;3
1994-10-22 11:00:00Z;57,81001;0;3
1994-10-23 11:00:00Z;51,87001;0;3
1994-10-24 11:00:00Z;47,56001;0;3
1994-10-25 11:00:00Z;46,07001;0;3
1994-10-26 11:00:00Z;48,86001;0;3
1994-10-27 11:00:00Z;47,39001;0;3
1994-10-28 11:00:00Z;44,99001;0;3
1994-10-29 11:00:00Z;42,65001;0;3
1994-10-30 11:00:00Z;42,50001;0;3
1994-10-31 11:00:00Z;42,38001;0;3
1994-11-01 11:00:00Z;42,58001;0;3
1994-11-02 11:00:00Z;42,29001;0;3
1994-11-03 11:00:00Z;41,99001;0;3
1994-11-04 11:00:00Z;41,99001;0;3
1994-11-05 11:00:00Z;41,99001;0;3
1994-11-06 11:00:00Z;42,27001;0;3
1994-11-07 11:00:00Z;42,36001;0;3
1994-11-08 11:00:00Z;42,27001;0;3
1994-11-09 11:00:00Z;42,16001;0;3
1994-11-10 11:00:00Z;41,99001;0;3
1994-11-11 11:00:00Z;41,99001;0;3
1994-11-12 11:00:00Z;41,99001;0;3
1994-11-13 11:00:00Z;41,85;0;3
1994-11-14 11:00:00Z;41,40001;0;3
1994-11-15 11:00:00Z;41,40001;0;3
1994-11-16 11:00:00Z;41,40001;0;3
1994-11-17 11:00:00Z;41,40001;0;3
1994-11-18 11:00:00Z;41,47001;0;3
1994-11-19 11:00:00Z;41,49001;0;3
1994-11-20 11:00:00Z;41,57001;0;3
1994-11-21 11:00:00Z;41,65001;0;3
1994-11-22 11:00:00Z;44,07001;0;3
1994-11-23 11:00:00Z;68,62001;0;3
1994-11-24 11:00:00Z;81,66001;0;3
1994-11-25 11:00:00Z;76,25002;0;3
1994-11-26 11:00:00Z;70,94001;0;3
1994-11-27 11:00:00Z;70,52001;0;3
1994-11-28 11:00:00Z;86,62002;0;3
1994-11-29 11:00:00Z;88,82001;0;3
1994-11-30 11:00:00Z;83,12001;0;3
1994-12-01 11:00:00Z;82,69002;0;3
1994-12-02 11:00:00Z;108,86;0;3
1994-12-03 11:00:00Z;115,21;0;3
1994-12-04 11:00:00Z;107,43;0;3
1994-12-05 11:00:00Z;98,17002;0;3
1994-12-06 11:00:00Z;89,89001;0;3
1994-12-07 11:00:00Z;82,98002;0;3
1994-12-08 11:00:00Z;76,55001;0;3
1994-12-09 11:00:00Z;70,23001;0;3
1994-12-10 11:00:00Z;64,42001;0;3
1994-12-11 11:00:00Z;59,53001;0;3
1994-12-12 11:00:00Z;55,12001;0;3
1994-12-13 11:00:00Z;51,28001;0;3
1994-12-14 11:00:00Z;47,99001;0;3
1994-12-15 11:00:00Z;44,98001;0;3
1994-12-16 11:00:00Z;43,34001;0;3
1994-12-17 11:00:00Z;43,18001;0;3
1994-12-18 11:00:00Z;43,18001;0;3
1994-12-19 11:00:00Z;43,18001;0;3
1994-12-20 11:00:00Z;43,18001;0;3
1994-12-21 11:00:00Z;43,18001;0;3
1994-12-22 11:00:00Z;43,18001;0;3
1994-12-23 11:00:00Z;43,19001;0;3
1994-12-24 11:00:00Z;43,26001;0;3
1994-12-25 11:00:00Z;45,78;0;3
1994-12-26 11:00:00Z;57,67001;0;3
1994-12-27 11:00:00Z;65,65001;0;3
1994-12-28 11:00:00Z;68,47002;0;3
1994-12-29 11:00:00Z;68,46001;0;3
1994-12-30 11:00:00Z;66,86002;0;3
1994-12-31 11:00:00Z;64,18002;0;3
1995-01-01 11:00:00Z;60,5543;0;3
1995-01-02 11:00:00Z;56,8509;0;3
1995-01-03 11:00:00Z;53,5274;0;3
1995-01-04 11:00:00Z;50,74031;0;3
1995-01-05 11:00:00Z;48,19483;0;3
1995-01-06 11:00:00Z;45,30375;0;3
1995-01-07 11:00:00Z;43,56624;0;3
1995-01-08 11:00:00Z;43,39903;0;3
1995-01-09 11:00:00Z;43,08854;0;3
1995-01-10 11:00:00Z;43,10752;0;3
1995-01-11 11:00:00Z;42,89925;0;3
1995-01-12 11:00:00Z;42,54575;0;3
1995-01-13 11:00:00Z;41,91309;0;3
1995-01-14 11:00:00Z;42,09901;0;3
1995-01-15 11:00:00Z;43,78938;0;3
1995-01-16 11:00:00Z;46,1825;0;3
1995-01-17 11:00:00Z;47,75517;0;3
1995-01-18 11:00:00Z;48,61609;0;3
1995-01-19 11:00:00Z;48,23215;0;3
1995-01-20 11:00:00Z;47,04829;0;3
1995-01-21 11:00:00Z;45,57425;0;3
1995-01-22 11:00:00Z;43,92697;0;3
1995-01-23 11:00:00Z;43,40205;0;3
1995-01-24 11:00:00Z;43,17131;0;3
1995-01-25 11:00:00Z;42,40111;0;3
1995-01-26 11:00:00Z;42,08244;0;3
1995-01-27 11:00:00Z;41,542;0;3
1995-01-28 11:00:00Z;41,32727;0;3
1995-01-29 11:00:00Z;41,23404;0;3
1995-01-30 11:00:00Z;40,96862;0;3
1995-01-31 11:00:00Z;40,97144;0;3
1995-02-01 11:00:00Z;40,7414;0;3
1995-02-02 11:00:00Z;40,32825;0;3
1995-02-03 11:00:00Z;40,25307;0;3
1995-02-04 11:00:00Z;40,23993;0;3
1995-02-05 11:00:00Z;40,54895;0;3
1995-02-06 11:00:00Z;42,74386;0;3
1995-02-07 11:00:00Z;48,488;0;3
1995-02-08 11:00:00Z;53,14928;0;3
1995-02-09 11:00:00Z;54,87216;0;3
1995-02-10 11:00:00Z;55,42865;0;3
1995-02-11 11:00:00Z;54,83703;0;3
1995-02-12 11:00:00Z;53,21281;0;3
1995-02-13 11:00:00Z;50,98081;0;3
1995-02-14 11:00:00Z;49,04782;0;3
1995-02-15 11:00:00Z;46,7346;0;3
1995-02-16 11:00:00Z;45,1923;0;3
1995-02-17 11:00:00Z;44,38405;0;3
1995-02-18 11:00:00Z;44,31154;0;3
1995-02-19 11:00:00Z;44,224;0;3
1995-02-20 11:00:00Z;44,13656;0;3
1995-02-21 11:00:00Z;43,69307;0;3
1995-02-22 11:00:00Z;43,35651;0;3
1995-02-23 11:00:00Z;42,80707;0;3
1995-02-24 11:00:00Z;42,45509;0;3
1995-02-25 11:00:00Z;42,57982;0;3
1995-02-26 11:00:00Z;42,57982;0;3
1995-02-27 11:00:00Z;42,57982;0;3
1995-02-28 11:00:00Z;42,57982;0;3
1995-03-01 11:00:00Z;42,57982;0;3
1995-03-02 11:00:00Z;42,57982;0;3
1995-03-03 11:00:00Z;42,57281;0;3
1995-03-04 11:00:00Z;42,50268;0;3
1995-03-05 11:00:00Z;42,4176;0;3
1995-03-06 11:00:00Z;42,33263;0;3
1995-03-07 11:00:00Z;42,24776;0;3
1995-03-08 11:00:00Z;42,16299;0;3
1995-03-09 11:00:00Z;42,07837;0;3
1995-03-10 11:00:00Z;42,00115;0;3
1995-03-11 11:00:00Z;41,66644;0;3
1995-03-12 11:00:00Z;41,39914;0;3
1995-03-13 11:00:00Z;41,2748;0;3
1995-03-14 11:00:00Z;41,24229;0;3
1995-03-15 11:00:00Z;41,98678;0;3
1995-03-16 11:00:00Z;41,98678;0;3
1995-03-17 11:00:00Z;41,99511;0;3
1995-03-18 11:00:00Z;42,06477;0;3
1995-03-19 11:00:00Z;42,14691;0;3
1995-03-20 11:00:00Z;42,22914;0;3
1995-03-21 11:00:00Z;42,03701;0;3
1995-03-22 11:00:00Z;43,55996;0;3
1995-03-23 11:00:00Z;49,3292;0;3
1995-03-24 11:00:00Z;60,32047;0;3
1995-03-25 11:00:00Z;68,007;0;3
1995-03-26 11:00:00Z;70,98885;0;3
1995-03-27 11:00:00Z;71,81499;0;3
1995-03-28 11:00:00Z;70,69215;0;3
1995-03-29 11:00:00Z;67,76002;0;3
1995-03-30 11:00:00Z;64,30327;0;3
1995-03-31 11:00:00Z;60,94637;0;3
1995-04-01 11:00:00Z;57,4213;0;3
1995-04-02 11:00:00Z;54,02542;0;3
1995-04-03 11:00:00Z;51,02064;0;3
1995-04-04 11:00:00Z;48,26395;0;3
1995-04-05 11:00:00Z;45,58685;0;3
1995-04-06 11:00:00Z;43,39171;0;3
1995-04-07 11:00:00Z;42,06613;0;3
1995-04-08 11:00:00Z;41,98678;0;3
1995-04-09 11:00:00Z;41,98678;0;3
1995-04-10 11:00:00Z;41,56726;0;3
1995-04-11 11:00:00Z;41,1173;0;3
1995-04-12 11:00:00Z;40,81686;0;3
1995-04-13 11:00:00Z;40,84855;0;3
1995-04-14 11:00:00Z;40,78217;0;3
1995-04-15 11:00:00Z;41,74129;0;3
1995-04-16 11:00:00Z;45,27326;0;3
1995-04-17 11:00:00Z;48,33252;0;3
1995-04-18 11:00:00Z;50,19557;0;3
1995-04-19 11:00:00Z;51,26494;0;3
1995-04-20 11:00:00Z;51,36102;0;3
1995-04-21 11:00:00Z;50,98285;0;3
1995-04-22 11:00:00Z;50,88199;0;3
1995-04-23 11:00:00Z;51,1381;0;3
1995-04-24 11:00:00Z;52,42842;0;3
1995-04-25 11:00:00Z;53,71649;0;3
1995-04-26 11:00:00Z;54,21934;0;3
1995-04-27 11:00:00Z;54,28135;0;3
1995-04-28 11:00:00Z;53,73432;0;3
1995-04-29 11:00:00Z;52,64761;0;3
1995-04-30 11:00:00Z;51,15175;0;3
1995-05-01 11:00:00Z;49,23822;0;3
1995-05-02 11:00:00Z;48,38076;0;3
1995-05-03 11:00:00Z;51,34286;0;3
1995-05-04 11:00:00Z;68,0757;0;3
1995-05-05 11:00:00Z;101,2263;0;3
1995-05-06 11:00:00Z;130,3532;0;3
1995-05-07 11:00:00Z;147,4634;0;3
1995-05-08 11:00:00Z;153,8717;0;3
1995-05-09 11:00:00Z;153,6082;0;3
1995-05-10 11:00:00Z;143,0042;0;3
1995-05-11 11:00:00Z;127,6813;0;3
1995-05-12 11:00:00Z;116,3431;0;3
1995-05-13 11:00:00Z;107,8354;0;3
1995-05-14 11:00:00Z;100,9321;0;3
1995-05-15 11:00:00Z;95,55054;0;3
1995-05-16 11:00:00Z;91,06676;0;3
1995-05-17 11:00:00Z;86,38524;0;3
1995-05-18 11:00:00Z;82,25123;0;3
1995-05-19 11:00:00Z;78,86667;0;3
1995-05-20 11:00:00Z;75,4491;0;3
1995-05-21 11:00:00Z;72,07663;0;3
1995-05-22 11:00:00Z;69,3369;0;3
1995-05-23 11:00:00Z;67,36322;0;3
1995-05-24 11:00:00Z;67,0839;0;3
1995-05-25 11:00:00Z;70,14995;0;3
1995-05-26 11:00:00Z;74,60712;0;3
1995-05-27 11:00:00Z;87,00267;0;3
1995-05-28 11:00:00Z;97,70137;0;3
1995-05-29 11:00:00Z;104,8673;0;3
1995-05-30 11:00:00Z;116,132;0;3
1995-05-31 11:00:00Z;436,3201;1;3
1995-06-01 11:00:00Z;962,3501;0;3
1995-06-02 11:00:00Z;1059,437;0;3
1995-06-03 11:00:00Z;1300,69;0;3
1995-06-04 11:00:00Z;1379,531;0;3
1995-06-05 11:00:00Z;1157,33;0;3
1995-06-06 11:00:00Z;1103,621;0;3
1995-06-07 11:00:00Z;1019,834;0;3
1995-06-08 11:00:00Z;996,7054;0;3
1995-06-09 11:00:00Z;983,2565;0;3
1995-06-10 11:00:00Z;905,5817;0;3
1995-06-11 11:00:00Z;743,3856;0;3
1995-06-12 11:00:00Z;608,1749;0;3
1995-06-13 11:00:00Z;536,212;0;3
1995-06-14 11:00:00Z;513,8738;0;3
1995-06-15 11:00:00Z;488,968;0;3
1995-06-16 11:00:00Z;576,5648;0;3
1995-06-17 11:00:00Z;622,2199;0;3
1995-06-18 11:00:00Z;684,0148;0;3
1995-06-19 11:00:00Z;671,2724;0;3
1995-06-20 11:00:00Z;611,9;0;3
1995-06-21 11:00:00Z;577,9041;0;3
1995-06-22 11:00:00Z;546,1008;0;3
1995-06-23 11:00:00Z;481,8484;0;3
1995-06-24 11:00:00Z;483,6341;0;3
1995-06-25 11:00:00Z;573,5873;0;3
1995-06-26 11:00:00Z;617,1592;0;3
1995-06-27 11:00:00Z;504,2834;0;3
1995-06-28 11:00:00Z;417,0732;0;3
1995-06-29 11:00:00Z;409,3241;0;3
1995-06-30 11:00:00Z;354,403;0;3
1995-07-01 11:00:00Z;262,7621;0;3
1995-07-02 11:00:00Z;246,8504;0;3
1995-07-03 11:00:00Z;255,3338;0;3
1995-07-04 11:00:00Z;294,2332;0;3
1995-07-05 11:00:00Z;468,765;0;3
1995-07-06 11:00:00Z;441,9663;0;3
1995-07-07 11:00:00Z;350,4577;0;3
1995-07-08 11:00:00Z;418,7263;0;3
1995-07-09 11:00:00Z;441,4681;0;3
1995-07-10 11:00:00Z;313,6233;0;3
1995-07-11 11:00:00Z;246,2152;0;3
1995-07-12 11:00:00Z;222,6845;0;3
1995-07-13 11:00:00Z;192,8153;0;3
1995-07-14 11:00:00Z;177,7588;0;3
1995-07-15 11:00:00Z;189,3999;0;3
1995-07-16 11:00:00Z;275,8616;0;3
1995-07-17 11:00:00Z;318,2247;0;3
1995-07-18 11:00:00Z;284,0806;0;3
1995-07-19 11:00:00Z;249,5197;0;3
1995-07-20 11:00:00Z;233,116;0;3
1995-07-21 11:00:00Z;246,7851;0;3
1995-07-22 11:00:00Z;410,5453;0;3
1995-07-23 11:00:00Z;415,8755;0;3
1995-07-24 11:00:00Z;340,5004;0;3
1995-07-25 11:00:00Z;295,2551;0;3
1995-07-26 11:00:00Z;240,3937;0;3
1995-07-27 11:00:00Z;255,404;0;3
1995-07-28 11:00:00Z;249,1441;0;3
1995-07-29 11:00:00Z;241,6668;0;3
1995-07-30 11:00:00Z;218,9785;0;3
1995-07-31 11:00:00Z;206,8397;0;3
1995-08-01 11:00:00Z;202,3922;0;3
1995-08-02 11:00:00Z;201,7692;0;3
1995-08-03 11:00:00Z;205,1812;0;3
1995-08-04 11:00:00Z;190,3014;0;3
1995-08-05 11:00:00Z;161,8628;0;3
1995-08-06 11:00:00Z;184,075;0;3
1995-08-07 11:00:00Z;235,4065;0;3
1995-08-08 11:00:00Z;189,5408;0;3
1995-08-09 11:00:00Z;247,3036;0;3
1995-08-10 11:00:00Z;225,6839;0;3
1995-08-11 11:00:00Z;158,9919;0;3
1995-08-12 11:00:00Z;146,7648;0;3
1995-08-13 11:00:00Z;125,7579;0;3
1995-08-14 11:00:00Z;178,7724;0;3
1995-08-15 11:00:00Z;171,9703;0;3
1995-08-16 11:00:00Z;248,0327;0;3
1995-08-17 11:00:00Z;399,7129;0;3
1995-08-18 11:00:00Z;548,8075;0;3
1995-08-19 11:00:00Z;348,0137;0;3
1995-08-20 11:00:00Z;213,4474;0;3
1995-08-21 11:00:00Z;153,0864;0;3
1995-08-22 11:00:00Z;170,3472;0;3
1995-08-23 11:00:00Z;160,834;0;3
1995-08-24 11:00:00Z;137,3763;0;3
1995-08-25 11:00:00Z;124,1753;0;3
1995-08-26 11:00:00Z;107,594;0;3
1995-08-27 11:00:00Z;157,0899;0;3
1995-08-28 11:00:00Z;230,9335;0;3
1995-08-29 11:00:00Z;171,0832;0;3
1995-08-30 11:00:00Z;168,1742;0;3
1995-08-31 11:00:00Z;147,5916;0;3
1995-09-01 11:00:00Z;119,5302;0;3
1995-09-02 11:00:00Z;106,2769;0;3
1995-09-03 11:00:00Z;100,8997;0;3
1995-09-04 11:00:00Z;94,84764;0;3
1995-09-05 11:00:00Z;100,2672;0;3
1995-09-06 11:00:00Z;109,1453;0;3
1995-09-07 11:00:00Z;119,467;0;3
1995-09-08 11:00:00Z;107,407;0;3
1995-09-09 11:00:00Z;94,71755;0;3
1995-09-10 11:00:00Z;83,88716;0;3
1995-09-11 11:00:00Z;75,75351;0;3
1995-09-12 11:00:00Z;70,32946;0;3
1995-09-13 11:00:00Z;65,96438;0;3
1995-09-14 11:00:00Z;62,56564;0;3
1995-09-15 11:00:00Z;59,7198;0;3
1995-09-16 11:00:00Z;56,79354;0;3
1995-09-17 11:00:00Z;53,94738;0;3
1995-09-18 11:00:00Z;52,23367;0;3
1995-09-19 11:00:00Z;59,11116;0;3
1995-09-20 11:00:00Z;61,01781;0;3
1995-09-21 11:00:00Z;65,26711;0;3
1995-09-22 11:00:00Z;76,446;0;3
1995-09-23 11:00:00Z;121,7794;0;3
1995-09-24 11:00:00Z;124,3195;0;3
1995-09-25 11:00:00Z;110,8355;0;3
1995-09-26 11:00:00Z;103,338;0;3
1995-09-27 11:00:00Z;222,8419;0;3
1995-09-28 11:00:00Z;159,6257;0;3
1995-09-29 11:00:00Z;111,3628;0;3
1995-09-30 11:00:00Z;90,37367;0;3
1995-10-01 11:00:00Z;78,90472;0;3
1995-10-02 11:00:00Z;69,84085;0;3
1995-10-03 11:00:00Z;65,47845;0;3
1995-10-04 11:00:00Z;72,24805;0;3
1995-10-05 11:00:00Z;87,37971;0;3
1995-10-06 11:00:00Z;199,0963;0;3
1995-10-07 11:00:00Z;193,0384;0;3
1995-10-08 11:00:00Z;194,7138;0;3
1995-10-09 11:00:00Z;550,746;0;3
1995-10-10 11:00:00Z;379,0531;0;3
1995-10-11 11:00:00Z;368,359;0;3
1995-10-12 11:00:00Z;382,8025;0;3
1995-10-13 11:00:00Z;570,0992;0;3
1995-10-14 11:00:00Z;442,7556;0;3
1995-10-15 11:00:00Z;277,9034;0;3
1995-10-16 11:00:00Z;275,1065;0;3
1995-10-17 11:00:00Z;336,4271;0;3
1995-10-18 11:00:00Z;391,9726;0;3
1995-10-19 11:00:00Z;569,9919;0;3
1995-10-20 11:00:00Z;479,449;0;3
1995-10-21 11:00:00Z;306,1349;0;3
1995-10-22 11:00:00Z;219,0215;0;3
1995-10-23 11:00:00Z;256,2358;0;3
1995-10-24 11:00:00Z;251,1368;0;3
1995-10-25 11:00:00Z;197,4109;0;3
1995-10-26 11:00:00Z;300,9129;1;3
1995-10-27 11:00:00Z;315,2497;0;3
1995-10-28 11:00:00Z;263,6761;0;3
1995-10-29 11:00:00Z;191,4489;0;3
1995-10-30 11:00:00Z;152,1058;0;3
1995-10-31 11:00:00Z;120,1791;0;3
1995-11-01 11:00:00Z;104,3808;0;3
1995-11-02 11:00:00Z;98,644;0;3
1995-11-03 11:00:00Z;85,33781;0;3
1995-11-04 11:00:00Z;78,98896;0;3
1995-11-05 11:00:00Z;90,74277;0;3
1995-11-06 11:00:00Z;180,7981;0;3
1995-11-07 11:00:00Z;113,1421;0;3
1995-11-08 11:00:00Z;95,43942;0;3
1995-11-09 11:00:00Z;92,14001;0;3
1995-11-10 11:00:00Z;85,69941;0;3
1995-11-11 11:00:00Z;77,31544;0;3
1995-11-12 11:00:00Z;74,0169;0;3
1995-11-13 11:00:00Z;97,54797;0;3
1995-11-14 11:00:00Z;118,8102;0;3
1995-11-15 11:00:00Z;103,8872;0;3
1995-11-16 11:00:00Z;79,89594;0;3
1995-11-17 11:00:00Z;78,29001;0;3
1995-11-18 11:00:00Z;85,82732;0;3
1995-11-19 11:00:00Z;80,62911;0;3
1995-11-20 11:00:00Z;76,93875;0;3
1995-11-21 11:00:00Z;79,77293;0;3
1995-11-22 11:00:00Z;75,93369;0;3
1995-11-23 11:00:00Z;84,60728;0;3
1995-11-24 11:00:00Z;77,81526;0;3
1995-11-25 11:00:00Z;69,61578;0;3
1995-11-26 11:00:00Z;67,14141;0;3
1995-11-27 11:00:00Z;64,61356;0;3
1995-11-28 11:00:00Z;62,10289;2;3
1995-11-29 11:00:00Z;59,59405;2;3
1995-11-30 11:00:00Z;57,04885;2;3
1995-12-01 11:00:00Z;54,54001;1;3
1995-12-02 11:00:00Z;59,13564;0;3
1995-12-03 11:00:00Z;73,39588;0;3
1995-12-04 11:00:00Z;81,10336;0;3
1995-12-05 11:00:00Z;68,63337;0;3
1995-12-06 11:00:00Z;60,76003;0;3
1995-12-07 11:00:00Z;51,75963;0;3
1995-12-08 11:00:00Z;48,63716;0;3
1995-12-09 11:00:00Z;52,41813;0;3
1995-12-10 11:00:00Z;57,32231;0;3
1995-12-11 11:00:00Z;57,91699;0;3
1995-12-12 11:00:00Z;60,4058;0;3
1995-12-13 11:00:00Z;75,76909;0;3
1995-12-14 11:00:00Z;81,86605;0;3
1995-12-15 11:00:00Z;128,3288;0;3
1995-12-16 11:00:00Z;125,4621;0;3
1995-12-17 11:00:00Z;91,09338;0;3
1995-12-18 11:00:00Z;72,10281;0;3
1995-12-19 11:00:00Z;63,39792;0;3
1995-12-20 11:00:00Z;54,70631;0;3
1995-12-21 11:00:00Z;54,70045;0;3
1995-12-22 11:00:00Z;54,15393;0;3
1995-12-23 11:00:00Z;52,54793;0;3
1995-12-24 11:00:00Z;50,48613;0;3
1995-12-25 11:00:00Z;47,00314;0;3
1995-12-26 11:00:00Z;45,84997;2;3
1995-12-27 11:00:00Z;44,68645;2;3
1995-12-28 11:00:00Z;43,52293;2;3
1995-12-29 11:00:00Z;42,32305;2;3
1995-12-30 11:00:00Z;41,15953;2;3
1995-12-31 11:00:00Z;39,99601;1;3
1996-01-01 11:00:00Z;38,9052;1;3
1996-01-02 11:00:00Z;39,30516;1;3
1996-01-03 11:00:00Z;36,61452;1;3
1996-01-04 11:00:00Z;34,28749;1;3
1996-01-05 11:00:00Z;36,54181;1;3
1996-01-06 11:00:00Z;35,70552;1;3
1996-01-07 11:00:00Z;33,2694;1;3
1996-01-08 11:00:00Z;33,66937;1;3
1996-01-09 11:00:00Z;35,52373;1;3
1996-01-10 11:00:00Z;33,9966;1;3
1996-01-11 11:00:00Z;33,9966;1;3
1996-01-12 11:00:00Z;33,4512;1;3
1996-01-13 11:00:00Z;32,90581;1;3
1996-01-14 11:00:00Z;32,50585;1;3
1996-01-15 11:00:00Z;32,724;1;3
1996-01-16 11:00:00Z;39,97547;0;3
1996-01-17 11:00:00Z;39,5648;0;3
1996-01-18 11:00:00Z;39,24856;0;3
1996-01-19 11:00:00Z;38,22905;0;3
1996-01-20 11:00:00Z;36,48327;0;3
1996-01-21 11:00:00Z;34,87833;0;3
1996-01-22 11:00:00Z;35,87397;0;3
1996-01-23 11:00:00Z;34,90617;0;3
1996-01-24 11:00:00Z;33,95897;0;3
1996-01-25 11:00:00Z;34,18907;0;3
1996-01-26 11:00:00Z;35,19509;0;3
1996-01-27 11:00:00Z;35,21793;0;3
1996-01-28 11:00:00Z;35,28111;0;3
1996-01-29 11:00:00Z;35,72514;0;3
1996-01-30 11:00:00Z;35,56295;0;3
1996-01-31 11:00:00Z;35,05096;0;3
1996-02-01 11:00:00Z;34,97645;0;3
1996-02-02 11:00:00Z;34,90203;0;3
1996-02-03 11:00:00Z;34,82772;0;3
1996-02-04 11:00:00Z;34,73729;0;3
1996-02-05 11:00:00Z;33,78193;0;3
1996-02-06 11:00:00Z;33,45765;0;3
1996-02-07 11:00:00Z;34,75969;0;3
1996-02-08 11:00:00Z;35,1208;0;3
1996-02-09 11:00:00Z;34,75969;0;3
1996-02-10 11:00:00Z;34,45604;0;3
1996-02-11 11:00:00Z;33,8477;0;3
1996-02-12 11:00:00Z;33,80826;0;3
1996-02-13 11:00:00Z;33,88173;0;3
1996-02-14 11:00:00Z;33,95529;0;3
1996-02-15 11:00:00Z;34,05056;0;3
1996-02-16 11:00:00Z;33,66937;2;3
1996-02-17 11:00:00Z;33,34212;2;3
1996-02-18 11:00:00Z;32,97852;2;3
1996-02-19 11:00:00Z;32,61493;2;3
1996-02-20 11:00:00Z;32,25133;2;3
1996-02-21 11:00:00Z;31,92409;2;3
1996-02-22 11:00:00Z;31,56049;2;3
1996-02-23 11:00:00Z;31,19688;2;3
1996-02-24 11:00:00Z;30,86964;2;3
1996-02-25 11:00:00Z;30,50605;2;3
1996-02-26 11:00:00Z;30,14244;2;3
1996-02-27 11:00:00Z;29,77884;2;3
1996-02-28 11:00:00Z;29,4516;2;3
1996-02-29 11:00:00Z;29,088;1;3
1996-03-01 11:00:00Z;28,7244;2;3
1996-03-02 11:00:00Z;28,36081;2;3
1996-03-03 11:00:00Z;27,99721;1;3
1996-03-04 11:00:00Z;30,906;1;3
1996-03-05 11:00:00Z;32,724;1;3
1996-03-06 11:00:00Z;32,5422;1;3
1996-03-07 11:00:00Z;32,28769;1;3
1996-03-08 11:00:00Z;32,25133;1;3
1996-03-09 11:00:00Z;32,65128;1;3
1996-03-10 11:00:00Z;33,01488;1;3
1996-03-11 11:00:00Z;32,68764;1;3
1996-03-12 11:00:00Z;31,26961;1;3
1996-03-13 11:00:00Z;28,9062;1;3
1996-03-14 11:00:00Z;28,7244;2;3
1996-03-15 11:00:00Z;28,50625;2;3
1996-03-16 11:00:00Z;28,32444;2;3
1996-03-17 11:00:00Z;28,14264;2;3
1996-03-18 11:00:00Z;27,96084;2;3
1996-03-19 11:00:00Z;27,74268;2;3
1996-03-20 11:00:00Z;27,56088;2;3
1996-03-21 11:00:00Z;27,37908;2;3
1996-03-22 11:00:00Z;27,16092;2;3
1996-03-23 11:00:00Z;26,97912;2;3
1996-03-24 11:00:00Z;26,79733;2;3
1996-03-25 11:00:00Z;26,61552;2;3
1996-03-26 11:00:00Z;26,39737;2;3
1996-03-27 11:00:00Z;26,21556;2;3
1996-03-28 11:00:00Z;26,03377;2;3
1996-03-29 11:00:00Z;25,85196;2;3
1996-03-30 11:00:00Z;25,6338;2;3
1996-03-31 11:00:00Z;25,452;1;3
1996-04-01 11:00:00Z;25,452;1;3
1996-04-02 11:00:00Z;25,452;2;3
1996-04-03 11:00:00Z;25,452;1;3
1996-04-04 11:00:00Z;34,542;1;3
1996-04-05 11:00:00Z;48,72241;1;3
1996-04-06 11:00:00Z;63,52093;1;3
1996-04-07 11:00:00Z;67,48417;1;3
1996-04-08 11:00:00Z;58,50325;1;3
1996-04-09 11:00:00Z;50,06773;1;3
1996-04-10 11:00:00Z;48,10429;1;3
1996-04-11 11:00:00Z;44,72281;1;3
1996-04-12 11:00:00Z;40,35961;1;3
1996-04-13 11:00:00Z;37,15993;1;3
1996-04-14 11:00:00Z;35,59645;1;3
1996-04-15 11:00:00Z;34,97833;1;3
1996-04-16 11:00:00Z;33,88752;1;3
1996-04-17 11:00:00Z;53,55828;1;3
1996-04-18 11:00:00Z;128,4599;1;3
1996-04-19 11:00:00Z;146,9308;1;3
1996-04-20 11:00:00Z;140,386;1;3
1996-04-21 11:00:00Z;198,672;1;3
1996-04-22 11:00:00Z;210,0394;0;3
1996-04-23 11:00:00Z;148,8078;0;3
1996-04-24 11:00:00Z;119,0983;0;3
1996-04-25 11:00:00Z;98,85362;0;3
1996-04-26 11:00:00Z;90,83495;0;3
1996-04-27 11:00:00Z;85,93774;0;3
1996-04-28 11:00:00Z;87,00019;0;3
1996-04-29 11:00:00Z;81,11272;0;3
1996-04-30 11:00:00Z;75,16791;0;3
1996-05-01 11:00:00Z;71,07294;0;3
1996-05-02 11:00:00Z;70,12061;0;3
1996-05-03 11:00:00Z;67,86335;0;3
1996-05-04 11:00:00Z;67,99909;0;3
1996-05-05 11:00:00Z;67,3552;0;3
1996-05-06 11:00:00Z;77,45171;0;3
1996-05-07 11:00:00Z;74,83212;0;3
1996-05-08 11:00:00Z;70,93353;0;3
1996-05-09 11:00:00Z;67,83691;0;3
1996-05-10 11:00:00Z;65,79449;0;3
1996-05-11 11:00:00Z;71,46783;0;3
1996-05-12 11:00:00Z;90,68047;0;3
1996-05-13 11:00:00Z;145,2783;0;3
1996-05-14 11:00:00Z;223,8371;0;3
1996-05-15 11:00:00Z;192,3475;0;3
1996-05-16 11:00:00Z;156,5913;0;3
1996-05-17 11:00:00Z;130,8159;0;3
1996-05-18 11:00:00Z;118,979;0;3
1996-05-19 11:00:00Z;113,8235;0;3
1996-05-20 11:00:00Z;133,992;0;3
1996-05-21 11:00:00Z;179,1255;0;3
1996-05-22 11:00:00Z;216,3679;0;3
1996-05-23 11:00:00Z;258,535;0;3
1996-05-24 11:00:00Z;296,7953;0;3
1996-05-25 11:00:00Z;427,3115;0;3
1996-05-26 11:00:00Z;498,1265;0;3
1996-05-27 11:00:00Z;439,2513;0;3
1996-05-28 11:00:00Z;339,8942;0;3
1996-05-29 11:00:00Z;275,1173;0;3
1996-05-30 11:00:00Z;316,9029;0;3
1996-05-31 11:00:00Z;426,5133;0;3
1996-06-01 11:00:00Z;640,8046;0;3
1996-06-02 11:00:00Z;585,3792;0;3
1996-06-03 11:00:00Z;653,3047;0;3
1996-06-04 11:00:00Z;528,3698;0;3
1996-06-05 11:00:00Z;516,7364;0;3
1996-06-06 11:00:00Z;750,2576;0;3
1996-06-07 11:00:00Z;871,8155;0;3
1996-06-08 11:00:00Z;643,8647;0;3
1996-06-09 11:00:00Z;853,6379;0;3
1996-06-10 11:00:00Z;655,6613;0;3
1996-06-11 11:00:00Z;542,5082;0;3
1996-06-12 11:00:00Z;479,3429;0;3
1996-06-13 11:00:00Z;558,6158;0;3
1996-06-14 11:00:00Z;466,0817;0;3
1996-06-15 11:00:00Z;365,2003;0;3
1996-06-16 11:00:00Z;292,461;0;3
1996-06-17 11:00:00Z;245,8231;0;3
1996-06-18 11:00:00Z;255,1488;0;3
1996-06-19 11:00:00Z;268,8453;0;3
1996-06-20 11:00:00Z;287,4105;0;3
1996-06-21 11:00:00Z;331,1036;0;3
1996-06-22 11:00:00Z;345,442;0;3
1996-06-23 11:00:00Z;395,7274;0;3
1996-06-24 11:00:00Z;299,7332;0;3
1996-06-25 11:00:00Z;251,2083;0;3
1996-06-26 11:00:00Z;214,7335;0;3
1996-06-27 11:00:00Z;243,5886;0;3
1996-06-28 11:00:00Z;222,611;0;3
1996-06-29 11:00:00Z;188,0658;0;3
1996-06-30 11:00:00Z;162,2791;0;3
1996-07-01 11:00:00Z;169,4807;0;3
1996-07-02 11:00:00Z;189,4696;0;3
1996-07-03 11:00:00Z;222,5573;0;3
1996-07-04 11:00:00Z;208,7944;0;3
1996-07-05 11:00:00Z;207,8451;0;3
1996-07-06 11:00:00Z;225,3804;0;3
1996-07-07 11:00:00Z;181,4292;0;3
1996-07-08 11:00:00Z;151,4441;0;3
1996-07-09 11:00:00Z;134,3485;0;3
1996-07-10 11:00:00Z;119,7305;0;3
1996-07-11 11:00:00Z;120,3358;0;3
1996-07-12 11:00:00Z;124,5801;0;3
1996-07-13 11:00:00Z;120,3436;0;3
1996-07-14 11:00:00Z;118,4972;0;3
1996-07-15 11:00:00Z;148,9936;0;3
1996-07-16 11:00:00Z;172,8325;1;3
1996-07-17 11:00:00Z;207,94;0;3
1996-07-18 11:00:00Z;144,2881;0;3
1996-07-19 11:00:00Z;115,2769;0;3
1996-07-20 11:00:00Z;103,469;0;3
1996-07-21 11:00:00Z;102,3004;0;3
1996-07-22 11:00:00Z;109,4225;0;3
1996-07-23 11:00:00Z;128,3083;1;3
1996-07-24 11:00:00Z;132,7199;0;3
1996-07-25 11:00:00Z;124,6798;0;3
1996-07-26 11:00:00Z;107,0219;0;3
1996-07-27 11:00:00Z;99,86834;0;3
1996-07-28 11:00:00Z;107,8356;0;3
1996-07-29 11:00:00Z;319,2354;0;3
1996-07-30 11:00:00Z;306,2932;0;3
1996-07-31 11:00:00Z;197,7122;0;3
1996-08-01 11:00:00Z;153,7161;0;3
1996-08-02 11:00:00Z;141,7859;0;3
1996-08-03 11:00:00Z;205,0652;0;3
1996-08-04 11:00:00Z;197,9987;0;3
1996-08-05 11:00:00Z;183,7941;0;3
1996-08-06 11:00:00Z;153,1767;0;3
1996-08-07 11:00:00Z;137,8486;0;3
1996-08-08 11:00:00Z;128,3142;0;3
1996-08-09 11:00:00Z;118,1879;0;3
1996-08-10 11:00:00Z;110,3589;1;3
1996-08-11 11:00:00Z;103,9528;1;3
1996-08-12 11:00:00Z;98,6438;0;3
1996-08-13 11:00:00Z;93,74902;0;3
1996-08-14 11:00:00Z;88,99121;0;3
1996-08-15 11:00:00Z;94,38288;0;3
1996-08-16 11:00:00Z;94,65215;0;3
1996-08-17 11:00:00Z;85,28297;0;3
1996-08-18 11:00:00Z;94,41917;0;3
1996-08-19 11:00:00Z;181,7372;0;3
1996-08-20 11:00:00Z;150,0774;0;3
1996-08-21 11:00:00Z;148,2238;0;3
1996-08-22 11:00:00Z;116,2773;0;3
1996-08-23 11:00:00Z;92,73856;0;3
1996-08-24 11:00:00Z;87,79599;0;3
1996-08-25 11:00:00Z;88,59382;0;3
1996-08-26 11:00:00Z;116,4752;0;3
1996-08-27 11:00:00Z;109,5651;0;3
1996-08-28 11:00:00Z;92,47809;0;3
1996-08-29 11:00:00Z;85,28159;0;3
1996-08-30 11:00:00Z;81,53844;0;3
1996-08-31 11:00:00Z;94,73919;0;3
1996-09-01 11:00:00Z;86,96906;0;3
1996-09-02 11:00:00Z;80,09613;0;3
1996-09-03 11:00:00Z;98,94644;0;3
1996-09-04 11:00:00Z;111,1775;0;3
1996-09-05 11:00:00Z;89,9038;0;3
1996-09-06 11:00:00Z;75,50197;0;3
1996-09-07 11:00:00Z;67,46636;0;3
1996-09-08 11:00:00Z;64,48414;0;3
1996-09-09 11:00:00Z;66,03773;0;3
1996-09-10 11:00:00Z;83,58727;0;3
1996-09-11 11:00:00Z;75,95536;0;3
1996-09-12 11:00:00Z;67,13775;0;3
1996-09-13 11:00:00Z;61,77984;0;3
1996-09-14 11:00:00Z;57,77752;0;3
1996-09-15 11:00:00Z;54,64648;0;3
1996-09-16 11:00:00Z;52,90727;0;3
1996-09-17 11:00:00Z;51,13699;0;3
1996-09-18 11:00:00Z;49,76277;0;3
1996-09-19 11:00:00Z;48,54971;0;3
1996-09-20 11:00:00Z;48,31321;0;3
1996-09-21 11:00:00Z;47,53795;0;3
1996-09-22 11:00:00Z;48,49895;1;3
1996-09-23 11:00:00Z;48,09491;0;3
1996-09-24 11:00:00Z;57,88675;0;3
1996-09-25 11:00:00Z;61,85798;0;3
1996-09-26 11:00:00Z;55,69792;0;3
1996-09-27 11:00:00Z;51,80799;0;3
1996-09-28 11:00:00Z;49,61615;0;3
1996-09-29 11:00:00Z;53,92813;0;3
1996-09-30 11:00:00Z;70,94355;0;3
1996-10-01 11:00:00Z;141,9313;0;3
1996-10-02 11:00:00Z;172,2171;0;3
1996-10-03 11:00:00Z;138,5015;0;3
1996-10-04 11:00:00Z;136,0704;0;3
1996-10-05 11:00:00Z;254,7081;0;3
1996-10-06 11:00:00Z;247,0751;0;3
1996-10-07 11:00:00Z;326,0276;0;3
1996-10-08 11:00:00Z;404,6351;0;3
1996-10-09 11:00:00Z;328,1651;0;3
1996-10-10 11:00:00Z;332,3889;0;3
1996-10-11 11:00:00Z;301,7763;0;3
1996-10-12 11:00:00Z;491,034;1;3
1996-10-13 11:00:00Z;301,9861;0;3
1996-10-14 11:00:00Z;198,6475;0;3
1996-10-15 11:00:00Z;154,3185;0;3
1996-10-16 11:00:00Z;137,958;0;3
1996-10-17 11:00:00Z;137,1342;0;3
1996-10-18 11:00:00Z;166,7208;0;3
1996-10-19 11:00:00Z;167,4955;0;3
1996-10-20 11:00:00Z;141,807;0;3
1996-10-21 11:00:00Z;118,5844;0;3
1996-10-22 11:00:00Z;103,0802;0;3
1996-10-23 11:00:00Z;115,5026;1;3
1996-10-24 11:00:00Z;156,0834;0;3
1996-10-25 11:00:00Z;147,8905;1;3
1996-10-26 11:00:00Z;130,7194;1;3
1996-10-27 11:00:00Z;111,4358;0;3
1996-10-28 11:00:00Z;100,9152;0;3
1996-10-29 11:00:00Z;97,28996;0;3
1996-10-30 11:00:00Z;91,35017;0;3
1996-10-31 11:00:00Z;80,43108;0;3
1996-11-01 11:00:00Z;72,10223;0;3
1996-11-02 11:00:00Z;69,15253;1;3
1996-11-03 11:00:00Z;68,49602;0;3
1996-11-04 11:00:00Z;65,84508;0;3
1996-11-05 11:00:00Z;63,20597;0;3
1996-11-06 11:00:00Z;62,80778;0;3
1996-11-07 11:00:00Z;61,37264;0;3
1996-11-08 11:00:00Z;61,48776;0;3
1996-11-09 11:00:00Z;60,06924;0;3
1996-11-10 11:00:00Z;57,52153;2;3
1996-11-11 11:00:00Z;54,93997;2;3
1996-11-12 11:00:00Z;52,39476;2;3
1996-11-13 11:00:00Z;49,81321;2;3
1996-11-14 11:00:00Z;47,26801;1;3
1996-11-15 11:00:00Z;45,70453;2;3
1996-11-16 11:00:00Z;44,14105;2;3
1996-11-17 11:00:00Z;42,57757;2;3
1996-11-18 11:00:00Z;41,05045;2;3
1996-11-19 11:00:00Z;39,48697;2;3
1996-11-20 11:00:00Z;37,92348;2;3
1996-11-21 11:00:00Z;36,36;1;3
1996-11-22 11:00:00Z;35,96004;2;3
1996-11-23 11:00:00Z;35,56009;2;3
1996-11-24 11:00:00Z;35,16013;2;3
1996-11-25 11:00:00Z;34,76017;2;3
1996-11-26 11:00:00Z;34,32384;2;3
1996-11-27 11:00:00Z;33,92389;2;3
1996-11-28 11:00:00Z;33,52393;2;3
1996-11-29 11:00:00Z;33,12397;2;3
1996-11-30 11:00:00Z;32,724;1;3
1996-12-01 11:00:00Z;32,3604;1;3
1996-12-02 11:00:00Z;32,10588;1;3
1996-12-03 11:00:00Z;34,10568;1;3
1996-12-04 11:00:00Z;33,41484;1;3
1996-12-05 11:00:00Z;34,17841;1;3
1996-12-06 11:00:00Z;35,56009;1;3
1996-12-07 11:00:00Z;35,19649;1;3
1996-12-08 11:00:00Z;33,77845;1;3
1996-12-09 11:00:00Z;49,88593;1;3
1996-12-10 11:00:00Z;89,44563;2;3
1996-12-11 11:00:00Z;128,9689;1;3
1996-12-12 11:00:00Z;90,75458;1;3
1996-12-13 11:00:00Z;67,84778;1;3
1996-12-14 11:00:00Z;52,46749;1;3
1996-12-15 11:00:00Z;51,52213;1;3
1996-12-16 11:00:00Z;50,03137;2;3
1996-12-17 11:00:00Z;48,54061;2;3
1996-12-18 11:00:00Z;47,04984;2;3
1996-12-19 11:00:00Z;45,55909;2;3
1996-12-20 11:00:00Z;44,10469;2;3
1996-12-21 11:00:00Z;42,61393;2;3
1996-12-22 11:00:00Z;41,12317;2;3
1996-12-23 11:00:00Z;39,63241;2;3
1996-12-24 11:00:00Z;38,14164;2;3
1996-12-25 11:00:00Z;36,65089;1;3
1996-12-26 11:00:00Z;38,14164;1;3
1996-12-27 11:00:00Z;43,66837;1;3
1996-12-28 11:00:00Z;42,50484;1;3
1996-12-29 11:00:00Z;39,05064;1;3
1996-12-30 11:00:00Z;35,01468;1;3
1996-12-31 11:00:00Z;34,39656;1;3
1997-01-01 11:00:00Z;34,25113;2;3
1997-01-02 11:00:00Z;34,10568;2;3
1997-01-03 11:00:00Z;33,9966;2;3
1997-01-04 11:00:00Z;33,85117;2;3
1997-01-05 11:00:00Z;33,70573;2;3
1997-01-06 11:00:00Z;33,56028;2;3
1997-01-07 11:00:00Z;33,41484;2;3
1997-01-08 11:00:00Z;33,2694;2;3
1997-01-09 11:00:00Z;33,12397;2;3
1997-01-10 11:00:00Z;33,01488;2;3
1997-01-11 11:00:00Z;32,86945;2;3
1997-01-12 11:00:00Z;32,724;1;3
1997-01-13 11:00:00Z;39,99601;1;3
1997-01-14 11:00:00Z;48,10902;0;3
1997-01-15 11:00:00Z;114,1209;0;3
1997-01-16 11:00:00Z;213,9676;0;3
1997-01-17 11:00:00Z;122,7006;0;3
1997-01-18 11:00:00Z;104,1431;1;3
1997-01-19 11:00:00Z;95,41436;0;3
1997-01-20 11:00:00Z;80,87251;0;3
1997-01-21 11:00:00Z;223,197;0;3
1997-01-22 11:00:00Z;798,5527;0;3
1997-01-23 11:00:00Z;424,0831;0;3
1997-01-24 11:00:00Z;233,0979;0;3
1997-01-25 11:00:00Z;172,6288;0;3
1997-01-26 11:00:00Z;142,4378;0;3
1997-01-27 11:00:00Z;157,4813;0;3
1997-01-28 11:00:00Z;120,133;0;3
1997-01-29 11:00:00Z;134,3975;0;3
1997-01-30 11:00:00Z;450,1134;0;3
1997-01-31 11:00:00Z;312,895;0;3
1997-02-01 11:00:00Z;198,8202;0;3
1997-02-02 11:00:00Z;153,255;0;3
1997-02-03 11:00:00Z;130,7652;0;3
1997-02-04 11:00:00Z;113,4432;1;3
1997-02-05 11:00:00Z;100,3536;2;3
1997-02-06 11:00:00Z;87,26402;1;3
1997-02-07 11:00:00Z;79,62841;2;3
1997-02-08 11:00:00Z;71,99281;1;3
1997-02-09 11:00:00Z;65,0844;2;3
1997-02-10 11:00:00Z;58,17601;1;3
1997-02-11 11:00:00Z;54,54001;2;3
1997-02-12 11:00:00Z;50,90401;1;3
1997-02-13 11:00:00Z;49,6314;2;3
1997-02-14 11:00:00Z;48,35881;1;3
1997-02-15 11:00:00Z;48,54061;2;3
1997-02-16 11:00:00Z;48,72241;1;3
1997-02-17 11:00:00Z;48,90421;2;3
1997-02-18 11:00:00Z;49,08601;1;3
1997-02-19 11:00:00Z;47,74069;2;3
1997-02-20 11:00:00Z;46,35901;2;3
1997-02-21 11:00:00Z;45,01369;2;3
1997-02-22 11:00:00Z;43,63201;1;3
1997-02-23 11:00:00Z;43,19569;2;3
1997-02-24 11:00:00Z;42,72301;2;3
1997-02-25 11:00:00Z;42,28669;2;3
1997-02-26 11:00:00Z;41,81401;1;3
1997-02-27 11:00:00Z;41,19589;2;3
1997-02-28 11:00:00Z;40,61412;2;3
1997-03-01 11:00:00Z;39,99601;1;3
1997-03-02 11:00:00Z;43,26841;2;3
1997-03-03 11:00:00Z;46,54081;1;3
1997-03-04 11:00:00Z;45,45001;2;3
1997-03-05 11:00:00Z;44,3592;1;3
1997-03-06 11:00:00Z;44,90461;2;3
1997-03-07 11:00:00Z;45,45001;1;3
1997-03-08 11:00:00Z;50,90401;1;3
1997-03-09 11:00:00Z;109,08;1;3
1997-03-10 11:00:00Z;256,5089;0;3
1997-03-11 11:00:00Z;247,2647;0;3
1997-03-12 11:00:00Z;192,6976;0;3
1997-03-13 11:00:00Z;269,3942;0;3
1997-03-14 11:00:00Z;166,4698;0;3
1997-03-15 11:00:00Z;123,0359;0;3
1997-03-16 11:00:00Z;101,5506;0;3
1997-03-17 11:00:00Z;87,26402;1;3
1997-03-18 11:00:00Z;78,17402;2;3
1997-03-19 11:00:00Z;69,08401;1;3
1997-03-20 11:00:00Z;61,44841;2;3
1997-03-21 11:00:00Z;53,81281;1;3
1997-03-22 11:00:00Z;49,08601;2;3
1997-03-23 11:00:00Z;44,3592;1;3
1997-03-24 11:00:00Z;41,2686;2;3
1997-03-25 11:00:00Z;38,17801;1;3
1997-03-26 11:00:00Z;37,08721;2;3
1997-03-27 11:00:00Z;35,99641;2;3
1997-03-28 11:00:00Z;34,90561;2;3
1997-03-29 11:00:00Z;33,81481;2;3
1997-03-30 11:00:00Z;32,724;1;3
1997-03-31 11:00:00Z;43,63201;1;3
1997-04-01 11:00:00Z;54,54001;2;3
1997-04-02 11:00:00Z;65,44801;1;3
1997-04-03 11:00:00Z;58,17601;2;3
1997-04-04 11:00:00Z;50,90401;1;3
1997-04-05 11:00:00Z;46,35901;2;3
1997-04-06 11:00:00Z;41,81401;1;3
1997-04-07 11:00:00Z;39,99601;2;3
1997-04-08 11:00:00Z;38,17801;1;3
1997-04-09 11:00:00Z;36,36;2;3
1997-04-10 11:00:00Z;34,542;1;3
1997-04-11 11:00:00Z;34,3602;2;3
1997-04-12 11:00:00Z;34,17841;1;3
1997-04-13 11:00:00Z;35,63281;1;3
1997-04-14 11:00:00Z;47,26801;1;3
1997-04-15 11:00:00Z;48,17701;2;3
1997-04-16 11:00:00Z;49,08601;1;3
1997-04-17 11:00:00Z;56,35801;1;3
1997-04-18 11:00:00Z;68,73235;0;3
1997-04-19 11:00:00Z;63,38896;0;3
1997-04-20 11:00:00Z;58,44858;0;3
1997-04-21 11:00:00Z;57,22345;0;3
1997-04-22 11:00:00Z;54,95631;0;3
1997-04-23 11:00:00Z;52,75694;0;3
1997-04-24 11:00:00Z;51,46504;0;3
1997-04-25 11:00:00Z;50,69731;0;3
1997-04-26 11:00:00Z;49,22734;0;3
1997-04-27 11:00:00Z;48,81174;0;3
1997-04-28 11:00:00Z;48,27517;0;3
1997-04-29 11:00:00Z;46,57329;0;3
1997-04-30 11:00:00Z;46,74146;0;3
1997-05-01 11:00:00Z;49,37535;0;3
1997-05-02 11:00:00Z;107,2312;0;3
1997-05-03 11:00:00Z;132,5226;0;3
1997-05-04 11:00:00Z;104,4324;0;3
1997-05-05 11:00:00Z;89,08394;0;3
1997-05-06 11:00:00Z;80,50684;0;3
1997-05-07 11:00:00Z;81,04658;0;3
1997-05-08 11:00:00Z;118,2473;0;3
1997-05-09 11:00:00Z;155,4181;0;3
1997-05-10 11:00:00Z;188,926;0;3
1997-05-11 11:00:00Z;297,2516;0;3
1997-05-12 11:00:00Z;297,6216;0;3
1997-05-13 11:00:00Z;320,0858;0;3
1997-05-14 11:00:00Z;332,5616;0;3
1997-05-15 11:00:00Z;333,5948;0;3
1997-05-16 11:00:00Z;333,4984;0;3
1997-05-17 11:00:00Z;348,814;0;3
1997-05-18 11:00:00Z;315,3871;0;3
1997-05-19 11:00:00Z;261,1802;0;3
1997-05-20 11:00:00Z;219,3495;0;3
1997-05-21 11:00:00Z;199,0455;0;3
1997-05-22 11:00:00Z;186,0754;0;3
1997-05-23 11:00:00Z;189,1193;0;3
1997-05-24 11:00:00Z;187,4196;0;3
1997-05-25 11:00:00Z;173,5403;0;3
1997-05-26 11:00:00Z;223,5759;0;3
1997-05-27 11:00:00Z;284,8896;0;3
1997-05-28 11:00:00Z;296,3733;0;3
1997-05-29 11:00:00Z;249,1051;0;3
1997-05-30 11:00:00Z;248,3664;1;3
1997-05-31 11:00:00Z;273,6111;0;3
1997-06-01 11:00:00Z;335,7253;0;3
1997-06-02 11:00:00Z;462,7341;0;3
1997-06-03 11:00:00Z;527,7684;0;3
1997-06-04 11:00:00Z;458,8589;0;3
1997-06-05 11:00:00Z;422,7317;0;3
1997-06-06 11:00:00Z;473,7432;0;3
1997-06-07 11:00:00Z;533,0121;0;3
1997-06-08 11:00:00Z;722,7463;0;3
1997-06-09 11:00:00Z;895,9263;0;3
1997-06-10 11:00:00Z;949,1682;0;3
1997-06-11 11:00:00Z;920,8864;0;3
1997-06-12 11:00:00Z;828,8979;0;3
1997-06-13 11:00:00Z;899,7313;0;3
1997-06-14 11:00:00Z;1045,113;0;3
1997-06-15 11:00:00Z;985,6802;0;3
1997-06-16 11:00:00Z;1045,148;0;3
1997-06-17 11:00:00Z;982,6099;0;3
1997-06-18 11:00:00Z;834,2953;0;3
1997-06-19 11:00:00Z;742,8968;0;3
1997-06-20 11:00:00Z;687,2587;0;3
1997-06-21 11:00:00Z;667,6072;0;3
1997-06-22 11:00:00Z;694,4596;0;3
1997-06-23 11:00:00Z;699,5088;0;3
1997-06-24 11:00:00Z;652,9089;0;3
1997-06-25 11:00:00Z;638,524;0;3
1997-06-26 11:00:00Z;542,5453;0;3
1997-06-27 11:00:00Z;464,5935;0;3
1997-06-28 11:00:00Z;436,4371;0;3
1997-06-29 11:00:00Z;539,8935;0;3
1997-06-30 11:00:00Z;560,7736;0;3
1997-07-01 11:00:00Z;598,8897;0;3
1997-07-02 11:00:00Z;650,9728;0;3
1997-07-03 11:00:00Z;802,6086;0;3
1997-07-04 11:00:00Z;709,0354;0;3
1997-07-05 11:00:00Z;579,7039;0;3
1997-07-06 11:00:00Z;498,1555;0;3
1997-07-07 11:00:00Z;461,2275;0;3
1997-07-08 11:00:00Z;447,7531;0;3
1997-07-09 11:00:00Z;387,6818;0;3
1997-07-10 11:00:00Z;337,5818;0;3
1997-07-11 11:00:00Z;340,0565;0;3
1997-07-12 11:00:00Z;340,9576;0;3
1997-07-13 11:00:00Z;343,454;0;3
1997-07-14 11:00:00Z;342,2165;0;3
1997-07-15 11:00:00Z;359,081;0;3
1997-07-16 11:00:00Z;343,3786;0;3
1997-07-17 11:00:00Z;319,5964;0;3
1997-07-18 11:00:00Z;300,5128;0;3
1997-07-19 11:00:00Z;290,3542;0;3
1997-07-20 11:00:00Z;271,261;0;3
1997-07-21 11:00:00Z;241,0417;0;3
1997-07-22 11:00:00Z;212,8854;0;3
1997-07-23 11:00:00Z;200,0634;0;3
1997-07-24 11:00:00Z;185,3386;0;3
1997-07-25 11:00:00Z;189,8284;0;3
1997-07-26 11:00:00Z;210,7177;0;3
1997-07-27 11:00:00Z;211,2068;0;3
1997-07-28 11:00:00Z;229,859;0;3
1997-07-29 11:00:00Z;287,0469;0;3
1997-07-30 11:00:00Z;244,0141;0;3
1997-07-31 11:00:00Z;195,158;0;3
1997-08-01 11:00:00Z;200,3176;0;3
1997-08-02 11:00:00Z;207,5916;0;3
1997-08-03 11:00:00Z;254,6699;0;3
1997-08-04 11:00:00Z;205,4395;0;3
1997-08-05 11:00:00Z;170,5789;0;3
1997-08-06 11:00:00Z;160,4577;0;3
1997-08-07 11:00:00Z;150,4111;0;3
1997-08-08 11:00:00Z;149,1175;0;3
1997-08-09 11:00:00Z;162,2972;0;3
1997-08-10 11:00:00Z;200,0287;0;3
1997-08-11 11:00:00Z;173,6985;0;3
1997-08-12 11:00:00Z;125,2235;0;3
1997-08-13 11:00:00Z;109,3032;0;3
1997-08-14 11:00:00Z;103,9486;0;3
1997-08-15 11:00:00Z;97,78686;0;3
1997-08-16 11:00:00Z;86,73247;0;3
1997-08-17 11:00:00Z;83,84685;0;3
1997-08-18 11:00:00Z;86,00723;0;3
1997-08-19 11:00:00Z;95,57069;0;3
1997-08-20 11:00:00Z;97,98733;0;3
1997-08-21 11:00:00Z;94,26889;0;3
1997-08-22 11:00:00Z;102,1217;0;3
1997-08-23 11:00:00Z;150,6216;0;3
1997-08-24 11:00:00Z;165,3522;0;3
1997-08-25 11:00:00Z;162,8515;0;3
1997-08-26 11:00:00Z;137,8129;0;3
1997-08-27 11:00:00Z;142,3819;0;3
1997-08-28 11:00:00Z;109,8427;0;3
1997-08-29 11:00:00Z;108,0983;0;3
1997-08-30 11:00:00Z;133,1011;0;3
1997-08-31 11:00:00Z;190,5032;0;3
1997-09-01 11:00:00Z;304,912;0;3
1997-09-02 11:00:00Z;174,3869;0;3
1997-09-03 11:00:00Z;171,8783;0;3
1997-09-04 11:00:00Z;160,9389;0;3
1997-09-05 11:00:00Z;134,911;0;3
1997-09-06 11:00:00Z;117,7145;0;3
1997-09-07 11:00:00Z;108,6137;0;3
1997-09-08 11:00:00Z;147,2136;0;3
1997-09-09 11:00:00Z;150,5594;0;3
1997-09-10 11:00:00Z;124,2451;0;3
1997-09-11 11:00:00Z;127,9627;0;3
1997-09-12 11:00:00Z;108,7099;0;3
1997-09-13 11:00:00Z;114,9707;0;3
1997-09-14 11:00:00Z;134,4855;0;3
1997-09-15 11:00:00Z;294,6257;0;3
1997-09-16 11:00:00Z;223,2993;0;3
1997-09-17 11:00:00Z;286,4631;0;3
1997-09-18 11:00:00Z;291,4154;0;3
1997-09-19 11:00:00Z;247,4399;0;3
1997-09-20 11:00:00Z;279,7208;0;3
1997-09-21 11:00:00Z;338,6952;0;3
1997-09-22 11:00:00Z;320,5112;0;3
1997-09-23 11:00:00Z;320,0061;0;3
1997-09-24 11:00:00Z;241,6293;0;3
1997-09-25 11:00:00Z;333,8156;0;3
1997-09-26 11:00:00Z;324,9241;0;3
1997-09-27 11:00:00Z;275,1498;0;3
1997-09-28 11:00:00Z;193,4624;0;3
1997-09-29 11:00:00Z;153,6296;0;3
1997-09-30 11:00:00Z;162,6264;0;3
1997-10-01 11:00:00Z;180,5493;0;3
1997-10-02 11:00:00Z;144,7485;0;3
1997-10-03 11:00:00Z;136,2272;0;3
1997-10-04 11:00:00Z;142,4666;0;3
1997-10-05 11:00:00Z;132,4036;0;3
1997-10-06 11:00:00Z;117,2579;0;3
1997-10-07 11:00:00Z;101,9884;0;3
1997-10-08 11:00:00Z;92,56198;0;3
1997-10-09 11:00:00Z;87,16337;0;3
1997-10-10 11:00:00Z;85,5356;0;3
1997-10-11 11:00:00Z;79,74869;0;3
1997-10-12 11:00:00Z;75,71829;0;3
1997-10-13 11:00:00Z;73,63126;0;3
1997-10-14 11:00:00Z;70,05434;0;3
1997-10-15 11:00:00Z;65,23679;0;3
1997-10-16 11:00:00Z;60,44257;0;3
1997-10-17 11:00:00Z;57,56662;0;3
1997-10-18 11:00:00Z;75,19021;0;3
1997-10-19 11:00:00Z;139,5426;0;3
1997-10-20 11:00:00Z;100,1043;0;3
1997-10-21 11:00:00Z;87,39526;0;3
1997-10-22 11:00:00Z;80,48342;0;3
1997-10-23 11:00:00Z;76,09437;0;3
1997-10-24 11:00:00Z;68,20174;0;3
1997-10-25 11:00:00Z;65,53657;0;3
1997-10-26 11:00:00Z;62,71571;0;3
1997-10-27 11:00:00Z;64,46374;0;3
1997-10-28 11:00:00Z;68,09572;0;3
1997-10-29 11:00:00Z;117,7798;0;3
1997-10-30 11:00:00Z;234,2844;0;3
1997-10-31 11:00:00Z;333,1503;0;3
1997-11-01 11:00:00Z;193,6208;0;3
1997-11-02 11:00:00Z;136,5286;0;3
1997-11-03 11:00:00Z;110,4894;0;3
1997-11-04 11:00:00Z;97,98904;0;3
1997-11-05 11:00:00Z;88,1712;0;3
1997-11-06 11:00:00Z;79,26482;1;3
1997-11-07 11:00:00Z;73,26541;2;3
1997-11-08 11:00:00Z;67,26601;1;3
1997-11-09 11:00:00Z;61,81201;2;3
1997-11-10 11:00:00Z;56,35801;1;3
1997-11-11 11:00:00Z;55,15813;2;3
1997-11-12 11:00:00Z;53,92189;2;3
1997-11-13 11:00:00Z;52,72201;1;3
1997-11-14 11:00:00Z;51,95845;2;3
1997-11-15 11:00:00Z;51,15853;2;3
1997-11-16 11:00:00Z;50,39497;2;3
1997-11-17 11:00:00Z;49,59505;2;3
1997-11-18 11:00:00Z;48,83149;2;3
1997-11-19 11:00:00Z;48,03157;2;3
1997-11-20 11:00:00Z;47,26801;1;3
1997-11-21 11:00:00Z;46,83169;2;3
1997-11-22 11:00:00Z;46,39537;2;3
1997-11-23 11:00:00Z;45,95905;2;3
1997-11-24 11:00:00Z;45,52272;2;3
1997-11-25 11:00:00Z;45,08641;1;3
1997-11-26 11:00:00Z;43,88653;2;3
1997-11-27 11:00:00Z;42,68665;2;3
1997-11-28 11:00:00Z;41,4504;2;3
1997-11-29 11:00:00Z;40,25053;2;3
1997-11-30 11:00:00Z;39,06144;0;3
1997-12-01 11:00:00Z;40,44266;1;3
1997-12-02 11:00:00Z;39,52303;0;3
1997-12-03 11:00:00Z;36,98934;0;3
1997-12-04 11:00:00Z;36,36;1;3
1997-12-05 11:00:00Z;35,451;2;3
1997-12-06 11:00:00Z;34,542;1;3
1997-12-07 11:00:00Z;36,36;1;3
1997-12-08 11:00:00Z;98,17201;1;3
1997-12-09 11:00:00Z;123,8241;0;3
1997-12-10 11:00:00Z;87,2887;0;3
1997-12-11 11:00:00Z;73,50463;0;3
1997-12-12 11:00:00Z;66,493;0;3
1997-12-13 11:00:00Z;56,19147;0;3
1997-12-14 11:00:00Z;52,59507;1;3
1997-12-15 11:00:00Z;54,43227;1;3
1997-12-16 11:00:00Z;104,3669;0;3
1997-12-17 11:00:00Z;120,7493;1;3
1997-12-18 11:00:00Z;112,4634;0;3
1997-12-19 11:00:00Z;86,19044;0;3
1997-12-20 11:00:00Z;66,80897;0;3
1997-12-21 11:00:00Z;54,16932;0;3
1997-12-22 11:00:00Z;55,84356;0;3
1997-12-23 11:00:00Z;56,45121;0;3
1997-12-24 11:00:00Z;47,34739;0;3
1997-12-25 11:00:00Z;44,23999;1;3
1997-12-26 11:00:00Z;44,49203;0;3
1997-12-27 11:00:00Z;41,93557;0;3
1997-12-28 11:00:00Z;38,63276;0;3
1997-12-29 11:00:00Z;36,90205;0;3
1997-12-30 11:00:00Z;36,79015;0;3
1997-12-31 11:00:00Z;35,86003;0;3
1998-01-01 11:00:00Z;35,16013;2;3
1998-01-02 11:00:00Z;34,50564;2;3
1998-01-03 11:00:00Z;33,81481;2;3
1998-01-04 11:00:00Z;33,16033;2;3
1998-01-05 11:00:00Z;32,46949;2;3
1998-01-06 11:00:00Z;31,77864;2;3
1998-01-07 11:00:00Z;31,12417;2;3
1998-01-08 11:00:00Z;30,43332;2;3
1998-01-09 11:00:00Z;29,77884;2;3
1998-01-10 11:00:00Z;29,088;1;3
1998-01-11 11:00:00Z;31,4514;2;3
1998-01-12 11:00:00Z;33,77845;2;3
1998-01-13 11:00:00Z;36,10548;2;3
1998-01-14 11:00:00Z;38,45897;0;3
1998-01-15 11:00:00Z;39,47974;0;3
1998-01-16 11:00:00Z;39,97234;0;3
1998-01-17 11:00:00Z;40,31691;0;3
1998-01-18 11:00:00Z;39,37484;0;3
1998-01-19 11:00:00Z;37,60568;0;3
1998-01-20 11:00:00Z;36,61452;2;3
1998-01-21 11:00:00Z;35,63281;2;3
1998-01-22 11:00:00Z;34,68745;2;3
1998-01-23 11:00:00Z;33,70573;2;3
1998-01-24 11:00:00Z;32,724;1;3
1998-01-25 11:00:00Z;42,8241;0;3
1998-01-26 11:00:00Z;81,67674;0;3
1998-01-27 11:00:00Z;307,1018;0;3
1998-01-28 11:00:00Z;124,5145;0;3
1998-01-29 11:00:00Z;94,21651;0;3
1998-01-30 11:00:00Z;85,18287;0;3
1998-01-31 11:00:00Z;74,92725;0;3
1998-02-01 11:00:00Z;73,7381;2;3
1998-02-02 11:00:00Z;72,57456;2;3
1998-02-03 11:00:00Z;71,37469;2;3
1998-02-04 11:00:00Z;70,21117;2;3
1998-02-05 11:00:00Z;69,01128;2;3
1998-02-06 11:00:00Z;67,81142;2;3
1998-02-07 11:00:00Z;66,64789;2;3
1998-02-08 11:00:00Z;65,44801;2;3
1998-02-09 11:00:00Z;64,28449;2;3
1998-02-10 11:00:00Z;63,08462;2;3
1998-02-11 11:00:00Z;61,92109;2;3
1998-02-12 11:00:00Z;60,72121;2;3
1998-02-13 11:00:00Z;59,52134;2;3
1998-02-14 11:00:00Z;58,35781;2;3
1998-02-15 11:00:00Z;57,15793;2;3
1998-02-16 11:00:00Z;55,99441;2;3
1998-02-17 11:00:00Z;54,77927;0;3
1998-02-18 11:00:00Z;73,04282;0;3
1998-02-19 11:00:00Z;256,3059;0;3
1998-02-20 11:00:00Z;232,3735;0;3
1998-02-21 11:00:00Z;222,854;0;3
1998-02-22 11:00:00Z;249,6991;0;3
1998-02-23 11:00:00Z;159,1003;0;3
1998-02-24 11:00:00Z;121,5925;0;3
1998-02-25 11:00:00Z;124,2668;0;3
1998-02-26 11:00:00Z;568,2159;0;3
1998-02-27 11:00:00Z;365,872;0;3
1998-02-28 11:00:00Z;212,414;0;3
1998-03-01 11:00:00Z;156,146;0;3
1998-03-02 11:00:00Z;126,724;0;3
1998-03-03 11:00:00Z;116,0327;0;3
1998-03-04 11:00:00Z;109,7226;0;3
1998-03-05 11:00:00Z;98,11405;0;3
1998-03-06 11:00:00Z;89,99446;0;3
1998-03-07 11:00:00Z;85,34383;0;3
1998-03-08 11:00:00Z;82,88466;0;3
1998-03-09 11:00:00Z;80,00336;0;3
1998-03-10 11:00:00Z;76,70962;0;3
1998-03-11 11:00:00Z;74,3612;0;3
1998-03-12 11:00:00Z;67,8392;1;3
1998-03-13 11:00:00Z;60,49834;0;3
1998-03-14 11:00:00Z;57,92825;0;3
1998-03-15 11:00:00Z;57,44542;0;3
1998-03-16 11:00:00Z;56,06618;0;3
1998-03-17 11:00:00Z;56,95488;0;3
1998-03-18 11:00:00Z;57,51961;0;3
1998-03-19 11:00:00Z;54,38274;0;3
1998-03-20 11:00:00Z;52,49024;0;3
1998-03-21 11:00:00Z;52,23748;0;3
1998-03-22 11:00:00Z;51,33216;0;3
1998-03-23 11:00:00Z;53,02557;0;3
1998-03-24 11:00:00Z;55,75599;0;3
1998-03-25 11:00:00Z;53,13465;0;3
1998-03-26 11:00:00Z;52,16814;0;3
1998-03-27 11:00:00Z;51,89584;0;3
1998-03-28 11:00:00Z;50,86694;0;3
1998-03-29 11:00:00Z;51,80128;0;3
1998-03-30 11:00:00Z;59,90607;0;3
1998-03-31 11:00:00Z;71,17382;0;3
1998-04-01 11:00:00Z;66,23828;0;3
1998-04-02 11:00:00Z;60,38435;0;3
1998-04-03 11:00:00Z;55,55823;0;3
1998-04-04 11:00:00Z;53,78338;0;3
1998-04-05 11:00:00Z;51,28727;0;3
1998-04-06 11:00:00Z;49,266;0;3
1998-04-07 11:00:00Z;47,78376;0;3
1998-04-08 11:00:00Z;46,33618;0;3
1998-04-09 11:00:00Z;45,47778;0;3
1998-04-10 11:00:00Z;43,50639;0;3
1998-04-11 11:00:00Z;42,21717;0;3
1998-04-12 11:00:00Z;42,03133;0;3
1998-04-13 11:00:00Z;39,96679;0;3
1998-04-14 11:00:00Z;39,67439;0;3
1998-04-15 11:00:00Z;39,14132;0;3
1998-04-16 11:00:00Z;38,8767;1;3
1998-04-17 11:00:00Z;38,46204;1;3
1998-04-18 11:00:00Z;39,13474;0;3
1998-04-19 11:00:00Z;40,28156;0;3
1998-04-20 11:00:00Z;39,95345;0;3
1998-04-21 11:00:00Z;40,47084;0;3
1998-04-22 11:00:00Z;42,50539;0;3
1998-04-23 11:00:00Z;46,47691;0;3
1998-04-24 11:00:00Z;55,82669;0;3
1998-04-25 11:00:00Z;83,58542;0;3
1998-04-26 11:00:00Z;140,4986;0;3
1998-04-27 11:00:00Z;239,4601;0;3
1998-04-28 11:00:00Z;280,9841;0;3
1998-04-29 11:00:00Z;340,8948;0;3
1998-04-30 11:00:00Z;351,3453;0;3
1998-05-01 11:00:00Z;322,6186;0;3
1998-05-02 11:00:00Z;295,3979;0;3
1998-05-03 11:00:00Z;262,1346;0;3
1998-05-04 11:00:00Z;238,7149;0;3
1998-05-05 11:00:00Z;237,6313;0;3
1998-05-06 11:00:00Z;239,4112;0;3
1998-05-07 11:00:00Z;212,4129;0;3
1998-05-08 11:00:00Z;204,8244;0;3
1998-05-09 11:00:00Z;251,8443;0;3
1998-05-10 11:00:00Z;319,882;0;3
1998-05-11 11:00:00Z;356,2139;0;3
1998-05-12 11:00:00Z;321,2351;0;3
1998-05-13 11:00:00Z;289,971;0;3
1998-05-14 11:00:00Z;347,0607;0;3
1998-05-15 11:00:00Z;417,062;0;3
1998-05-16 11:00:00Z;504,8036;0;3
1998-05-17 11:00:00Z;609,2324;0;3
1998-05-18 11:00:00Z;669,7344;0;3
1998-05-19 11:00:00Z;837,9663;0;3
1998-05-20 11:00:00Z;598,3418;0;3
1998-05-21 11:00:00Z;421,5404;0;3
1998-05-22 11:00:00Z;325,0797;0;3
1998-05-23 11:00:00Z;262,608;0;3
1998-05-24 11:00:00Z;223,2492;0;3
1998-05-25 11:00:00Z;196,4557;0;3
1998-05-26 11:00:00Z;170,3922;0;3
1998-05-27 11:00:00Z;173,3431;0;3
1998-05-28 11:00:00Z;174,7248;0;3
1998-05-29 11:00:00Z;192,2621;0;3
1998-05-30 11:00:00Z;199,7716;0;3
1998-05-31 11:00:00Z;217,5785;0;3
1998-06-01 11:00:00Z;189,1474;0;3
1998-06-02 11:00:00Z;195,8069;0;3
1998-06-03 11:00:00Z;208,3939;0;3
1998-06-04 11:00:00Z;238,5257;0;3
1998-06-05 11:00:00Z;268,2839;0;3
1998-06-06 11:00:00Z;247,0794;0;3
1998-06-07 11:00:00Z;262,2165;0;3
1998-06-08 11:00:00Z;294,872;0;3
1998-06-09 11:00:00Z;441,0364;0;3
1998-06-10 11:00:00Z;442,6108;0;3
1998-06-11 11:00:00Z;533,407;0;3
1998-06-12 11:00:00Z;540,8614;0;3
1998-06-13 11:00:00Z;522,8649;0;3
1998-06-14 11:00:00Z;584,0652;0;3
1998-06-15 11:00:00Z;500,0832;0;3
1998-06-16 11:00:00Z;512,6625;0;3
1998-06-17 11:00:00Z;684,7253;0;3
1998-06-18 11:00:00Z;705,232;0;3
1998-06-19 11:00:00Z;660,0592;0;3
1998-06-20 11:00:00Z;599,1652;0;3
1998-06-21 11:00:00Z;581,5308;0;3
1998-06-22 11:00:00Z;626,9772;0;3
1998-06-23 11:00:00Z;620,0065;0;3
1998-06-24 11:00:00Z;485,1796;0;3
1998-06-25 11:00:00Z;402,7057;0;3
1998-06-26 11:00:00Z;357,3194;0;3
1998-06-27 11:00:00Z;411,7561;0;3
1998-06-28 11:00:00Z;464,2658;0;3
1998-06-29 11:00:00Z;491,9965;0;3
1998-06-30 11:00:00Z;449,9867;0;3
1998-07-01 11:00:00Z;389,9928;0;3
1998-07-02 11:00:00Z;361,6764;0;3
1998-07-03 11:00:00Z;291,0848;0;3
1998-07-04 11:00:00Z;236,6631;0;3
1998-07-05 11:00:00Z;196,7829;0;3
1998-07-06 11:00:00Z;199,1885;0;3
1998-07-07 11:00:00Z;254,0248;0;3
1998-07-08 11:00:00Z;252,5373;0;3
1998-07-09 11:00:00Z;237,1927;0;3
1998-07-10 11:00:00Z;285,5802;0;3
1998-07-11 11:00:00Z;227,2493;0;3
1998-07-12 11:00:00Z;199,2075;0;3
1998-07-13 11:00:00Z;309,7266;0;3
1998-07-14 11:00:00Z;383,1334;1;3
1998-07-15 11:00:00Z;340,371;0;3
1998-07-16 11:00:00Z;261,1357;0;3
1998-07-17 11:00:00Z;253,0412;0;3
1998-07-18 11:00:00Z;202,6924;0;3
1998-07-19 11:00:00Z;176,9814;0;3
1998-07-20 11:00:00Z;243,9798;0;3
1998-07-21 11:00:00Z;331,5051;0;3
1998-07-22 11:00:00Z;238,8632;0;3
1998-07-23 11:00:00Z;338,29;0;3
1998-07-24 11:00:00Z;255,5427;0;3
1998-07-25 11:00:00Z;230,7776;0;3
1998-07-26 11:00:00Z;227,2049;0;3
1998-07-27 11:00:00Z;237,6726;0;3
1998-07-28 11:00:00Z;198,6834;0;3
1998-07-29 11:00:00Z;183,8386;0;3
1998-07-30 11:00:00Z;162,0926;0;3
1998-07-31 11:00:00Z;185,4296;0;3
1998-08-01 11:00:00Z;180,2778;0;3
1998-08-02 11:00:00Z;207,3463;0;3
1998-08-03 11:00:00Z;164,5345;0;3
1998-08-04 11:00:00Z;142,7533;0;3
1998-08-05 11:00:00Z;138,8282;0;3
1998-08-06 11:00:00Z;128,7431;1;3
1998-08-07 11:00:00Z;132,4459;0;3
1998-08-08 11:00:00Z;128,6098;0;3
1998-08-09 11:00:00Z;119,9197;0;3
1998-08-10 11:00:00Z;120,4695;0;3
1998-08-11 11:00:00Z;113,5382;0;3
1998-08-12 11:00:00Z;98,22688;0;3
1998-08-13 11:00:00Z;93,80752;0;3
1998-08-14 11:00:00Z;93,33432;0;3
1998-08-15 11:00:00Z;99,53426;0;3
1998-08-16 11:00:00Z;170,4101;0;3
1998-08-17 11:00:00Z;134,0989;0;3
1998-08-18 11:00:00Z;140,656;0;3
1998-08-19 11:00:00Z;225,5366;0;3
1998-08-20 11:00:00Z;176,7175;0;3
1998-08-21 11:00:00Z;144,7804;0;3
1998-08-22 11:00:00Z;124,2493;0;3
1998-08-23 11:00:00Z;124,4004;0;3
1998-08-24 11:00:00Z;130,6143;0;3
1998-08-25 11:00:00Z;131,7724;0;3
1998-08-26 11:00:00Z;112,1582;0;3
1998-08-27 11:00:00Z;106,2638;0;3
1998-08-28 11:00:00Z;101,5182;0;3
1998-08-29 11:00:00Z;93,9804;0;3
1998-08-30 11:00:00Z;88,25269;0;3
1998-08-31 11:00:00Z;83,22942;0;3
1998-09-01 11:00:00Z;78,17902;0;3
1998-09-02 11:00:00Z;73,48007;0;3
1998-09-03 11:00:00Z;69,53535;0;3
1998-09-04 11:00:00Z;66,07979;0;3
1998-09-05 11:00:00Z;63,74178;0;3
1998-09-06 11:00:00Z;62,08437;0;3
1998-09-07 11:00:00Z;60,30079;0;3
1998-09-08 11:00:00Z;58,74303;0;3
1998-09-09 11:00:00Z;60,68285;0;3
1998-09-10 11:00:00Z;64,26855;0;3
1998-09-11 11:00:00Z;86,93128;0;3
1998-09-12 11:00:00Z;87,72414;0;3
1998-09-13 11:00:00Z;82,1943;0;3
1998-09-14 11:00:00Z;263,8575;0;3
1998-09-15 11:00:00Z;158,8064;0;3
1998-09-16 11:00:00Z;121,3446;0;3
1998-09-17 11:00:00Z;111,1876;0;3
1998-09-18 11:00:00Z;128,1193;0;3
1998-09-19 11:00:00Z;110,275;0;3
1998-09-20 11:00:00Z;123,0757;0;3
1998-09-21 11:00:00Z;299,7377;0;3
1998-09-22 11:00:00Z;249,7704;0;3
1998-09-23 11:00:00Z;172,8302;0;3
1998-09-24 11:00:00Z;164,4245;0;3
1998-09-25 11:00:00Z;129,0919;0;3
1998-09-26 11:00:00Z;107,1645;0;3
1998-09-27 11:00:00Z;93,67314;0;3
1998-09-28 11:00:00Z;84,97842;0;3
1998-09-29 11:00:00Z;80,34044;0;3
1998-09-30 11:00:00Z;74,71034;0;3
1998-10-01 11:00:00Z;71,01006;0;3
1998-10-02 11:00:00Z;67,41098;0;3
1998-10-03 11:00:00Z;64,90731;0;3
1998-10-04 11:00:00Z;67,90044;0;3
1998-10-05 11:00:00Z;66,7968;0;3
1998-10-06 11:00:00Z;62,23748;0;3
1998-10-07 11:00:00Z;59,89233;0;3
1998-10-08 11:00:00Z;67,57061;0;3
1998-10-09 11:00:00Z;264,2461;0;3
1998-10-10 11:00:00Z;284,0706;0;3
1998-10-11 11:00:00Z;167,2558;0;3
1998-10-12 11:00:00Z;123,5777;0;3
1998-10-13 11:00:00Z;103,0079;0;3
1998-10-14 11:00:00Z;97,50563;0;3
1998-10-15 11:00:00Z;101,699;0;3
1998-10-16 11:00:00Z;103,9974;0;3
1998-10-17 11:00:00Z;113,559;0;3
1998-10-18 11:00:00Z;95,61639;0;3
1998-10-19 11:00:00Z;84,27641;0;3
1998-10-20 11:00:00Z;76,40122;0;3
1998-10-21 11:00:00Z;72,21183;0;3
1998-10-22 11:00:00Z;67,03509;0;3
1998-10-23 11:00:00Z;77,70237;0;3
1998-10-24 11:00:00Z;154,9285;0;3
1998-10-25 11:00:00Z;123,7621;0;3
1998-10-26 11:00:00Z;136,3264;0;3
1998-10-27 11:00:00Z;187,9295;0;3
1998-10-28 11:00:00Z;147,7964;0;3
1998-10-29 11:00:00Z;115,2379;0;3
1998-10-30 11:00:00Z;100,1713;0;3
1998-10-31 11:00:00Z;89,62542;0;3
1998-11-01 11:00:00Z;80,5069;0;3
1998-11-02 11:00:00Z;71,51208;0;3
1998-11-03 11:00:00Z;62,42148;0;3
1998-11-04 11:00:00Z;56,68525;2;3
1998-11-05 11:00:00Z;50,90401;1;3
1998-11-06 11:00:00Z;47,26801;2;3
1998-11-07 11:00:00Z;43,63201;2;3
1998-11-08 11:00:00Z;39,99601;1;3
1998-11-09 11:00:00Z;37,55988;2;3
1998-11-10 11:00:00Z;35,16013;2;3
1998-11-11 11:00:00Z;32,724;1;3
1998-11-12 11:00:00Z;32,3604;2;3
1998-11-13 11:00:00Z;31,99681;2;3
1998-11-14 11:00:00Z;31,6332;2;3
1998-11-15 11:00:00Z;31,26961;2;3
1998-11-16 11:00:00Z;30,906;2;3
1998-11-17 11:00:00Z;30,5424;2;3
1998-11-18 11:00:00Z;30,17881;2;3
1998-11-19 11:00:00Z;29,8152;2;3
1998-11-20 11:00:00Z;29,4516;2;3
1998-11-21 11:00:00Z;29,088;1;3
1998-11-22 11:00:00Z;83,62801;1;3
1998-11-23 11:00:00Z;154,6562;0;3
1998-11-24 11:00:00Z;99,48122;0;3
1998-11-25 11:00:00Z;69,3651;0;3
1998-11-26 11:00:00Z;56,2603;0;3
1998-11-27 11:00:00Z;51,58869;0;3
1998-11-28 11:00:00Z;50,28748;0;3
1998-11-29 11:00:00Z;44,58541;0;3
1998-11-30 11:00:00Z;48,81092;0;3
1998-12-01 11:00:00Z;111,3109;0;3
1998-12-02 11:00:00Z;429,53;0;3
1998-12-03 11:00:00Z;433,4333;0;3
1998-12-04 11:00:00Z;188,1976;0;3
1998-12-05 11:00:00Z;124,7586;0;3
1998-12-06 11:00:00Z;96,51655;0;3
1998-12-07 11:00:00Z;84,60973;2;3
1998-12-08 11:00:00Z;72,72001;1;3
1998-12-09 11:00:00Z;67,26601;2;3
1998-12-10 11:00:00Z;61,81201;1;3
1998-12-11 11:00:00Z;56,35801;2;3
1998-12-12 11:00:00Z;50,90401;1;3
1998-12-13 11:00:00Z;49,70413;2;3
1998-12-14 11:00:00Z;48,46789;2;3
1998-12-15 11:00:00Z;47,26801;1;3
1998-12-16 11:00:00Z;109,08;1;3
1998-12-17 11:00:00Z;282,2203;0;3
1998-12-18 11:00:00Z;591,2263;0;3
1998-12-19 11:00:00Z;237,644;0;3
1998-12-20 11:00:00Z;144,0074;0;3
1998-12-21 11:00:00Z;109,2523;0;3
1998-12-22 11:00:00Z;90,86352;0;3
1998-12-23 11:00:00Z;79,99201;1;3
1998-12-24 11:00:00Z;71,81101;2;3
1998-12-25 11:00:00Z;63,63001;1;3
1998-12-26 11:00:00Z;58,17601;2;3
1998-12-27 11:00:00Z;52,72201;1;3
1998-12-28 11:00:00Z;48,17701;2;3
1998-12-29 11:00:00Z;43,63201;1;3
1998-12-30 11:00:00Z;41,81401;2;3
1998-12-31 11:00:00Z;39,99601;1;3
1999-01-01 11:00:00Z;35,74188;2;3
1999-01-02 11:00:00Z;31,52412;2;3
1999-01-03 11:00:00Z;27,27;1;3
1999-01-04 11:00:00Z;25,452;2;3
1999-01-05 11:00:00Z;23,634;2;3
1999-01-06 11:00:00Z;21,816;1;3
1999-01-07 11:00:00Z;20,61612;2;3
1999-01-08 11:00:00Z;19,37988;2;3
1999-01-09 11:00:00Z;18,18;1;3
1999-01-10 11:00:00Z;17,9982;2;3
1999-01-11 11:00:00Z;17,8164;2;3
1999-01-12 11:00:00Z;17,6346;2;3
1999-01-13 11:00:00Z;17,4528;1;3
1999-01-14 11:00:00Z;17,8164;2;3
1999-01-15 11:00:00Z;18,18;1;3
1999-01-16 11:00:00Z;19,998;2;3
1999-01-17 11:00:00Z;21,816;2;3
1999-01-18 11:00:00Z;23,634;1;3
1999-01-19 11:00:00Z;26,361;2;3
1999-01-20 11:00:00Z;29,088;1;3
1999-01-21 11:00:00Z;34,542;2;3
1999-01-22 11:00:00Z;39,996;1;3
1999-01-23 11:00:00Z;39,996;1;3
1999-01-24 11:00:00Z;38,178;2;3
1999-01-25 11:00:00Z;36,36;1;3
1999-01-26 11:00:00Z;34,542;2;3
1999-01-27 11:00:00Z;32,724;2;3
1999-01-28 11:00:00Z;30,906;1;3
1999-01-29 11:00:00Z;30,28788;2;3
1999-01-30 11:00:00Z;29,70612;2;3
1999-01-31 11:00:00Z;29,088;1;3
1999-02-01 11:00:00Z;90,9;1;3
1999-02-02 11:00:00Z;310,4625;0;3
1999-02-03 11:00:00Z;266,3652;0;3
1999-02-04 11:00:00Z;129,737;0;3
1999-02-05 11:00:00Z;96,82229;0;3
1999-02-06 11:00:00Z;81,0828;1;3
1999-02-07 11:00:00Z;71,4474;2;3
1999-02-08 11:00:00Z;61,812;1;3
1999-02-09 11:00:00Z;56,97612;2;3
1999-02-10 11:00:00Z;52,10388;2;3
1999-02-11 11:00:00Z;47,268;1;3
1999-02-12 11:00:00Z;43,632;2;3
1999-02-13 11:00:00Z;39,996;1;3
1999-02-14 11:00:00Z;65,448;1;3
1999-02-15 11:00:00Z;83,27493;0;3
1999-02-16 11:00:00Z;67,39365;0;3
1999-02-17 11:00:00Z;59,49747;0;3
1999-02-18 11:00:00Z;54,28548;2;3
1999-02-19 11:00:00Z;49,086;1;3
1999-02-20 11:00:00Z;44,541;2;3
1999-02-21 11:00:00Z;39,996;1;3
1999-02-22 11:00:00Z;37,6326;2;3
1999-02-23 11:00:00Z;35,2692;1;3
1999-02-24 11:00:00Z;33,4512;2;3
1999-02-25 11:00:00Z;31,6332;2;3
1999-02-26 11:00:00Z;29,8152;1;3
1999-02-27 11:00:00Z;33,0876;2;3
1999-02-28 11:00:00Z;36,36;1;3
1999-03-01 11:00:00Z;34,542;1;3
1999-03-02 11:00:00Z;31,9968;1;3
1999-03-03 11:00:00Z;29,088;1;3
1999-03-04 11:00:00Z;29,088;2;3
1999-03-05 11:00:00Z;29,088;1;3
1999-03-06 11:00:00Z;28,179;2;3
1999-03-07 11:00:00Z;27,27;2;3
1999-03-08 11:00:00Z;26,361;2;3
1999-03-09 11:00:00Z;25,452;1;3
1999-03-10 11:00:00Z;25,01568;2;3
1999-03-11 11:00:00Z;24,543;2;3
1999-03-12 11:00:00Z;24,07032;2;3
1999-03-13 11:00:00Z;23,634;1;3
1999-03-14 11:00:00Z;23,37948;2;3
1999-03-15 11:00:00Z;23,16132;2;3
1999-03-16 11:00:00Z;22,9068;1;3
1999-03-17 11:00:00Z;22,1796;2;3
1999-03-18 11:00:00Z;21,4524;2;3
1999-03-19 11:00:00Z;20,7252;1;3
1999-03-20 11:00:00Z;24,9066;2;3
1999-03-21 11:00:00Z;29,088;1;3
1999-03-22 11:00:00Z;26,5428;2;3
1999-03-23 11:00:00Z;23,9976;1;3
1999-03-24 11:00:00Z;21,9978;2;3
1999-03-25 11:00:00Z;19,998;1;3
1999-03-26 11:00:00Z;19,52532;2;3
1999-03-27 11:00:00Z;19,01628;2;3
1999-03-28 11:00:00Z;18,5436;1;3
1999-03-29 11:00:00Z;18,3618;2;3
1999-03-30 11:00:00Z;18,18;1;3
1999-03-31 11:00:00Z;36,36;1;3
1999-04-01 11:00:00Z;59,994;1;3
1999-04-02 11:00:00Z;96,73096;0;3
1999-04-03 11:00:00Z;70,30667;0;3
1999-04-04 11:00:00Z;57,19987;0;3
1999-04-05 11:00:00Z;50,46845;0;3
1999-04-06 11:00:00Z;50,57502;0;3
1999-04-07 11:00:00Z;79,20645;0;3
1999-04-08 11:00:00Z;88,5907;0;3
1999-04-09 11:00:00Z;96,47573;0;3
1999-04-10 11:00:00Z;119,0305;0;3
1999-04-11 11:00:00Z;84,53318;0;3
1999-04-12 11:00:00Z;68,35692;0;3
1999-04-13 11:00:00Z;59,83232;0;3
1999-04-14 11:00:00Z;54,5467;0;3
1999-04-15 11:00:00Z;52,0295;0;3
1999-04-16 11:00:00Z;55,22648;0;3
1999-04-17 11:00:00Z;45,45;1;3
1999-04-18 11:00:00Z;44,541;2;3
1999-04-19 11:00:00Z;43,632;1;3
1999-04-20 11:00:00Z;44,9046;2;3
1999-04-21 11:00:00Z;46,1772;1;3
1999-04-22 11:00:00Z;63,63;1;3
1999-04-23 11:00:00Z;83,62801;1;3
1999-04-24 11:00:00Z;89,4584;0;3
1999-04-25 11:00:00Z;93,51468;0;3
1999-04-26 11:00:00Z;102,8013;0;3
1999-04-27 11:00:00Z;126,3527;0;3
1999-04-28 11:00:00Z;158,9451;0;3
1999-04-29 11:00:00Z;163,8176;0;3
1999-04-30 11:00:00Z;108,7038;0;3
1999-05-01 11:00:00Z;93,70785;0;3
1999-05-02 11:00:00Z;83,00114;0;3
1999-05-03 11:00:00Z;76,98418;0;3
1999-05-04 11:00:00Z;79,5389;0;3
1999-05-05 11:00:00Z;86,18696;0;3
1999-05-06 11:00:00Z;90,74965;0;3
1999-05-07 11:00:00Z;99,62944;0;3
1999-05-08 11:00:00Z;104,7485;0;3
1999-05-09 11:00:00Z;91,03033;0;3
1999-05-10 11:00:00Z;82,02078;0;3
1999-05-11 11:00:00Z;77,01313;0;3
1999-05-12 11:00:00Z;72,49406;0;3
1999-05-13 11:00:00Z;72,88181;0;3
1999-05-14 11:00:00Z;76,71397;0;3
1999-05-15 11:00:00Z;86,57269;0;3
1999-05-16 11:00:00Z;99,42259;0;3
1999-05-17 11:00:00Z;112,5758;0;3
1999-05-18 11:00:00Z;138,3841;0;3
1999-05-19 11:00:00Z;271,265;0;3
1999-05-20 11:00:00Z;275,7953;0;3
1999-05-21 11:00:00Z;347,3529;0;3
1999-05-22 11:00:00Z;571,8971;0;3
1999-05-23 11:00:00Z;622,1066;0;3
1999-05-24 11:00:00Z;534,7778;0;3
1999-05-25 11:00:00Z;462,875;0;3
1999-05-26 11:00:00Z;403,9923;0;3
1999-05-27 11:00:00Z;363,7643;0;3
1999-05-28 11:00:00Z;374,5797;0;3
1999-05-29 11:00:00Z;397,1617;0;3
1999-05-30 11:00:00Z;412,2424;0;3
1999-05-31 11:00:00Z;317,9147;0;3
1999-06-01 11:00:00Z;347,1683;0;3
1999-06-02 11:00:00Z;504,1959;0;3
1999-06-03 11:00:00Z;471,8587;0;3
1999-06-04 11:00:00Z;380,0581;0;3
1999-06-05 11:00:00Z;341,0729;0;3
1999-06-06 11:00:00Z;378,5094;0;3
1999-06-07 11:00:00Z;384,1681;0;3
1999-06-08 11:00:00Z;416,3171;0;3
1999-06-09 11:00:00Z;438,0497;0;3
1999-06-10 11:00:00Z;499,5331;0;3
1999-06-11 11:00:00Z;467,7599;0;3
1999-06-12 11:00:00Z;433,499;0;3
1999-06-13 11:00:00Z;415,2367;0;3
1999-06-14 11:00:00Z;526,3923;0;3
1999-06-15 11:00:00Z;486,0674;0;3
1999-06-16 11:00:00Z;390,1958;0;3
1999-06-17 11:00:00Z;395,8078;0;3
1999-06-18 11:00:00Z;351,8683;0;3
1999-06-19 11:00:00Z;315,5379;0;3
1999-06-20 11:00:00Z;341,3998;0;3
1999-06-21 11:00:00Z;351,0871;0;3
1999-06-22 11:00:00Z;372,9603;0;3
1999-06-23 11:00:00Z;321,1542;0;3
1999-06-24 11:00:00Z;232,9431;0;3
1999-06-25 11:00:00Z;198,7094;0;3
1999-06-26 11:00:00Z;186,3234;0;3
1999-06-27 11:00:00Z;258,5912;0;3
1999-06-28 11:00:00Z;316,049;0;3
1999-06-29 11:00:00Z;329,4554;0;3
1999-06-30 11:00:00Z;294,9776;0;3
1999-07-01 11:00:00Z;240,2081;0;3
1999-07-02 11:00:00Z;215,5186;0;3
1999-07-03 11:00:00Z;245,3718;0;3
1999-07-04 11:00:00Z;220,2265;0;3
1999-07-05 11:00:00Z;159,0225;0;3
1999-07-06 11:00:00Z;133,4921;0;3
1999-07-07 11:00:00Z;125,1138;0;3
1999-07-08 11:00:00Z;120,7041;0;3
1999-07-09 11:00:00Z;112,9298;0;3
1999-07-10 11:00:00Z;133,4851;0;3
1999-07-11 11:00:00Z;158,3668;0;3
1999-07-12 11:00:00Z;196,8848;0;3
1999-07-13 11:00:00Z;181,4838;0;3
1999-07-14 11:00:00Z;147,1225;0;3
1999-07-15 11:00:00Z;236,2663;0;3
1999-07-16 11:00:00Z;342,0533;0;3
1999-07-17 11:00:00Z;244,2816;0;3
1999-07-18 11:00:00Z;181,8696;0;3
1999-07-19 11:00:00Z;207,1919;0;3
1999-07-20 11:00:00Z;171,5089;0;3
1999-07-21 11:00:00Z;154,8123;0;3
1999-07-22 11:00:00Z;186,4795;0;3
1999-07-23 11:00:00Z;178,3786;0;3
1999-07-24 11:00:00Z;152,3453;0;3
1999-07-25 11:00:00Z;201,126;0;3
1999-07-26 11:00:00Z;199,7895;0;3
1999-07-27 11:00:00Z;253,9555;0;3
1999-07-28 11:00:00Z;263,749;0;3
1999-07-29 11:00:00Z;223,0833;0;3
1999-07-30 11:00:00Z;180,5187;0;3
1999-07-31 11:00:00Z;135,3681;0;3
1999-08-01 11:00:00Z;113,3794;0;3
1999-08-02 11:00:00Z;104,4043;0;3
1999-08-03 11:00:00Z;100,7602;0;3
1999-08-04 11:00:00Z;97,55751;1;3
1999-08-05 11:00:00Z;89,49838;0;3
1999-08-06 11:00:00Z;78,23491;0;3
1999-08-07 11:00:00Z;72,03455;0;3
1999-08-08 11:00:00Z;69,46577;0;3
1999-08-09 11:00:00Z;68,16017;0;3
1999-08-10 11:00:00Z;65,17575;0;3
1999-08-11 11:00:00Z;61,36351;0;3
1999-08-12 11:00:00Z;58,61308;0;3
1999-08-13 11:00:00Z;56,31176;0;3
1999-08-14 11:00:00Z;54,36155;0;3
1999-08-15 11:00:00Z;52,79309;0;3
1999-08-16 11:00:00Z;52,38236;0;3
1999-08-17 11:00:00Z;51,45575;0;3
1999-08-18 11:00:00Z;50,34887;0;3
1999-08-19 11:00:00Z;49,0049;0;3
1999-08-20 11:00:00Z;47,48597;0;3
1999-08-21 11:00:00Z;46,67533;0;3
1999-08-22 11:00:00Z;47,89806;0;3
1999-08-23 11:00:00Z;57,87141;0;3
1999-08-24 11:00:00Z;77,74871;0;3
1999-08-25 11:00:00Z;95,77349;0;3
1999-08-26 11:00:00Z;81,27634;0;3
1999-08-27 11:00:00Z;70,19563;0;3
1999-08-28 11:00:00Z;70,60756;0;3
1999-08-29 11:00:00Z;80,60935;0;3
1999-08-30 11:00:00Z;76,03253;0;3
1999-08-31 11:00:00Z;79,83767;0;3
1999-09-01 11:00:00Z;72,23228;0;3
1999-09-02 11:00:00Z;167,1389;0;3
1999-09-03 11:00:00Z;405,2234;0;3
1999-09-04 11:00:00Z;373,1652;0;3
1999-09-05 11:00:00Z;227,8573;0;3
1999-09-06 11:00:00Z;159,044;0;3
1999-09-07 11:00:00Z;120,594;0;3
1999-09-08 11:00:00Z;118,6124;0;3
1999-09-09 11:00:00Z;115,0815;0;3
1999-09-10 11:00:00Z;145,5945;0;3
1999-09-11 11:00:00Z;159,7188;0;3
1999-09-12 11:00:00Z;114,7407;0;3
1999-09-13 11:00:00Z;98,77528;0;3
1999-09-14 11:00:00Z;90,41341;0;3
1999-09-15 11:00:00Z;83,06284;0;3
1999-09-16 11:00:00Z;76,33372;0;3
1999-09-17 11:00:00Z;72,64127;0;3
1999-09-18 11:00:00Z;70,0059;0;3
1999-09-19 11:00:00Z;67,49739;0;3
1999-09-20 11:00:00Z;67,21858;0;3
1999-09-21 11:00:00Z;64,37949;0;3
1999-09-22 11:00:00Z;61,46431;0;3
1999-09-23 11:00:00Z;60,27485;0;3
1999-09-24 11:00:00Z;57,8125;0;3
1999-09-25 11:00:00Z;55,6596;0;3
1999-09-26 11:00:00Z;53,8796;0;3
1999-09-27 11:00:00Z;52,36848;0;3
1999-09-28 11:00:00Z;58,54322;0;3
1999-09-29 11:00:00Z;64,94928;0;3
1999-09-30 11:00:00Z;60,41365;0;3
1999-10-01 11:00:00Z;56,74984;0;3
1999-10-02 11:00:00Z;53,69651;0;3
1999-10-03 11:00:00Z;60,88892;0;3
1999-10-04 11:00:00Z;81,09656;0;3
1999-10-05 11:00:00Z;75,60403;0;3
1999-10-06 11:00:00Z;70,18339;0;3
1999-10-07 11:00:00Z;65,64461;0;3
1999-10-08 11:00:00Z;60,95393;0;3
1999-10-09 11:00:00Z;58,71088;0;3
1999-10-10 11:00:00Z;58,25889;0;3
1999-10-11 11:00:00Z;58,39783;0;3
1999-10-12 11:00:00Z;59,08184;0;3
1999-10-13 11:00:00Z;64,31158;0;3
1999-10-14 11:00:00Z;92,56087;0;3
1999-10-15 11:00:00Z;80,326;0;3
1999-10-16 11:00:00Z;67,57159;0;3
1999-10-17 11:00:00Z;60,75254;0;3
1999-10-18 11:00:00Z;59,86575;0;3
1999-10-19 11:00:00Z;56,43316;0;3
1999-10-20 11:00:00Z;53,2902;0;3
1999-10-21 11:00:00Z;52,24749;0;3
1999-10-22 11:00:00Z;50,2693;0;3
1999-10-23 11:00:00Z;47,62457;0;3
1999-10-24 11:00:00Z;47,49648;0;3
1999-10-25 11:00:00Z;49,51127;0;3
1999-10-26 11:00:00Z;50,4516;0;3
1999-10-27 11:00:00Z;56,90728;0;3
1999-10-28 11:00:00Z;62,48464;0;3
1999-10-29 11:00:00Z;154,685;0;3
1999-10-30 11:00:00Z;723,5541;0;3
1999-10-31 11:00:00Z;528,0514;0;3
1999-11-01 11:00:00Z;355,6155;0;3
1999-11-02 11:00:00Z;280,2139;0;3
1999-11-03 11:00:00Z;431,9568;0;3
1999-11-04 11:00:00Z;321,0346;0;3
1999-11-05 11:00:00Z;240,0507;0;3
1999-11-06 11:00:00Z;181,2982;0;3
1999-11-07 11:00:00Z;142,1055;0;3
1999-11-08 11:00:00Z;120,6399;0;3
1999-11-09 11:00:00Z;131,829;0;3
1999-11-10 11:00:00Z;135,248;0;3
1999-11-11 11:00:00Z;328,7398;0;3
1999-11-12 11:00:00Z;368,9204;0;3
1999-11-13 11:00:00Z;486,4526;0;3
1999-11-14 11:00:00Z;265,0708;0;3
1999-11-15 11:00:00Z;184,3214;0;3
1999-11-16 11:00:00Z;151,9822;0;3
1999-11-17 11:00:00Z;128,3324;0;3
1999-11-18 11:00:00Z;110,8789;0;3
1999-11-19 11:00:00Z;97,26435;0;3
1999-11-20 11:00:00Z;90,65105;0;3
1999-11-21 11:00:00Z;118,6102;0;3
1999-11-22 11:00:00Z;173,7612;0;3
1999-11-23 11:00:00Z;142,9075;0;3
1999-11-24 11:00:00Z;116,9907;0;3
1999-11-25 11:00:00Z;105,4171;0;3
1999-11-26 11:00:00Z;100,2359;0;3
1999-11-27 11:00:00Z;99,01888;0;3
1999-11-28 11:00:00Z;113,8872;0;3
1999-11-29 11:00:00Z;98,7403;0;3
1999-11-30 11:00:00Z;98,55257;0;3
1999-12-01 11:00:00Z;93,77673;0;3
1999-12-02 11:00:00Z;88,63074;0;3
1999-12-03 11:00:00Z;83,01841;0;3
1999-12-04 11:00:00Z;81,25704;0;3
1999-12-05 11:00:00Z;77,04908;0;3
1999-12-06 11:00:00Z;73,77444;2;3
1999-12-07 11:00:00Z;70,5384;2;3
1999-12-08 11:00:00Z;67,266;1;3
1999-12-09 11:00:00Z;64,72079;2;3
1999-12-10 11:00:00Z;62,17561;2;3
1999-12-11 11:00:00Z;59,6304;1;3
1999-12-12 11:00:00Z;57,33972;2;3
1999-12-13 11:00:00Z;55,01268;2;3
1999-12-14 11:00:00Z;52,722;1;3
1999-12-15 11:00:00Z;50,904;2;3
1999-12-16 11:00:00Z;49,086;2;3
1999-12-17 11:00:00Z;47,268;1;3
1999-12-18 11:00:00Z;45,88632;2;3
1999-12-19 11:00:00Z;44,46828;2;3
1999-12-20 11:00:00Z;43,0866;2;3
1999-12-21 11:00:00Z;41,70492;2;3
1999-12-22 11:00:00Z;40,28688;2;3
1999-12-23 11:00:00Z;38,9052;1;3
1999-12-24 11:00:00Z;38,5416;2;3
1999-12-25 11:00:00Z;38,178;1;3
1999-12-26 11:00:00Z;39,087;2;3
1999-12-27 11:00:00Z;39,996;1;3
1999-12-28 11:00:00Z;40,7232;1;3
1999-12-29 11:00:00Z;38,5416;2;3
1999-12-30 11:00:00Z;36,36;1;3
1999-12-31 11:00:00Z;35,6328;1;3
2000-01-01 11:00:00Z;35,451;2;3
2000-01-02 11:00:00Z;35,2692;2;3
2000-01-03 11:00:00Z;35,0874;2;3
2000-01-04 11:00:00Z;34,9056;2;3
2000-01-05 11:00:00Z;34,7238;2;3
2000-01-06 11:00:00Z;34,542;1;3
2000-01-07 11:00:00Z;38,79612;2;3
2000-01-08 11:00:00Z;43,01388;2;3
2000-01-09 11:00:00Z;47,268;1;3
2000-01-10 11:00:00Z;45,45;1;3
2000-01-11 11:00:00Z;44,61372;2;3
2000-01-12 11:00:00Z;43,8138;2;3
2000-01-13 11:00:00Z;43,01388;2;3
2000-01-14 11:00:00Z;42,1776;1;3
2000-01-15 11:00:00Z;45,45;1;3
2000-01-16 11:00:00Z;59,994;1;3
2000-01-17 11:00:00Z;93,61499;0;3
2000-01-18 11:00:00Z;79,92223;0;3
2000-01-19 11:00:00Z;70,31653;0;3
2000-01-20 11:00:00Z;64,87253;0;3
2000-01-21 11:00:00Z;59,32921;0;3
2000-01-22 11:00:00Z;54,66829;0;3
2000-01-23 11:00:00Z;53,15832;2;3
2000-01-24 11:00:00Z;51,6312;1;3
2000-01-25 11:00:00Z;50,7222;2;3
2000-01-26 11:00:00Z;49,8132;1;3
2000-01-27 11:00:00Z;55,2672;1;3
2000-01-28 11:00:00Z;54,54;1;3
2000-01-29 11:00:00Z;53,34012;2;3
2000-01-30 11:00:00Z;52,10388;2;3
2000-01-31 11:00:00Z;50,904;1;3
2000-02-01 11:00:00Z;52,05305;0;3
2000-02-02 11:00:00Z;50,16934;0;3
2000-02-03 11:00:00Z;49,30388;0;3
2000-02-04 11:00:00Z;52,30456;0;3
2000-02-05 11:00:00Z;53,88945;0;3
2000-02-06 11:00:00Z;56,77898;0;3
2000-02-07 11:00:00Z;70,28434;0;3
2000-02-08 11:00:00Z;67,35109;0;3
2000-02-09 11:00:00Z;61,71722;0;3
2000-02-10 11:00:00Z;58,5208;0;3
2000-02-11 11:00:00Z;59,35607;0;3
2000-02-12 11:00:00Z;58,85887;0;3
2000-02-13 11:00:00Z;56,5906;0;3
2000-02-14 11:00:00Z;53,99612;0;3
2000-02-15 11:00:00Z;52,46748;2;3
2000-02-16 11:00:00Z;50,904;1;3
2000-02-17 11:00:00Z;49,086;2;3
2000-02-18 11:00:00Z;47,268;1;3
2000-02-19 11:00:00Z;45,45;2;3
2000-02-20 11:00:00Z;43,632;1;3
2000-02-21 11:00:00Z;42,43212;2;3
2000-02-22 11:00:00Z;41,19588;2;3
2000-02-23 11:00:00Z;39,996;1;3
2000-02-24 11:00:00Z;38,79612;2;3
2000-02-25 11:00:00Z;37,55988;2;3
2000-02-26 11:00:00Z;36,36;1;3
2000-02-27 11:00:00Z;41,814;1;3
2000-02-28 11:00:00Z;50,68584;2;3
2000-02-29 11:00:00Z;59,51916;0;3
2000-03-01 11:00:00Z;55,17035;0;3
2000-03-02 11:00:00Z;51,46738;0;3
2000-03-03 11:00:00Z;47,15835;0;3
2000-03-04 11:00:00Z;44,50749;0;3
2000-03-05 11:00:00Z;44,25188;0;3
2000-03-06 11:00:00Z;44,91783;0;3
2000-03-07 11:00:00Z;44,22729;0;3
2000-03-08 11:00:00Z;43,56964;0;3
2000-03-09 11:00:00Z;42,64396;0;3
2000-03-10 11:00:00Z;43,44248;0;3
2000-03-11 11:00:00Z;42,65722;0;3
2000-03-12 11:00:00Z;42,92993;0;3
2000-03-13 11:00:00Z;44,77455;0;3
2000-03-14 11:00:00Z;48,78732;0;3
2000-03-15 11:00:00Z;48,77406;0;3
2000-03-16 11:00:00Z;47,04358;0;3
2000-03-17 11:00:00Z;45,40755;0;3
2000-03-18 11:00:00Z;45,92658;0;3
2000-03-19 11:00:00Z;52,33285;0;3
2000-03-20 11:00:00Z;178,6153;0;3
2000-03-21 11:00:00Z;179,6519;0;3
2000-03-22 11:00:00Z;130,4414;0;3
2000-03-23 11:00:00Z;102,0626;0;3
2000-03-24 11:00:00Z;87,47256;0;3
2000-03-25 11:00:00Z;79,08488;0;3
2000-03-26 11:00:00Z;70,20618;0;3
2000-03-27 11:00:00Z;66,11851;0;3
2000-03-28 11:00:00Z;65,42692;0;3
2000-03-29 11:00:00Z;65,17614;0;3
2000-03-30 11:00:00Z;73,6675;0;3
2000-03-31 11:00:00Z;97,5291;0;3
2000-04-01 11:00:00Z;88,85785;0;3
2000-04-02 11:00:00Z;75,9676;0;3
2000-04-03 11:00:00Z;70,63568;0;3
2000-04-04 11:00:00Z;65,19889;0;3
2000-04-05 11:00:00Z;59,88528;0;3
2000-04-06 11:00:00Z;58,9674;0;3
2000-04-07 11:00:00Z;56,36603;0;3
2000-04-08 11:00:00Z;54,5526;0;3
2000-04-09 11:00:00Z;53,88538;0;3
2000-04-10 11:00:00Z;61,20743;0;3
2000-04-11 11:00:00Z;66,52702;0;3
2000-04-12 11:00:00Z;65,99728;0;3
2000-04-13 11:00:00Z;63,53993;0;3
2000-04-14 11:00:00Z;60,96424;0;3
2000-04-15 11:00:00Z;59,8429;0;3
2000-04-16 11:00:00Z;60,35671;0;3
2000-04-17 11:00:00Z;61,97278;0;3
2000-04-18 11:00:00Z;64,3305;0;3
2000-04-19 11:00:00Z;83,06071;0;3
2000-04-20 11:00:00Z;105,9922;0;3
2000-04-21 11:00:00Z;107,5408;0;3
2000-04-22 11:00:00Z;167,5975;0;3
2000-04-23 11:00:00Z;230,595;0;3
2000-04-24 11:00:00Z;281,8303;0;3
2000-04-25 11:00:00Z;227,8898;0;3
2000-04-26 11:00:00Z;191,2618;0;3
2000-04-27 11:00:00Z;155,209;0;3
2000-04-28 11:00:00Z;137,7915;0;3
2000-04-29 11:00:00Z;146,237;0;3
2000-04-30 11:00:00Z;172,3645;0;3
2000-05-01 11:00:00Z;226,8205;0;3
2000-05-02 11:00:00Z;249,011;0;3
2000-05-03 11:00:00Z;258,9076;0;3
2000-05-04 11:00:00Z;252,8251;0;3
2000-05-05 11:00:00Z;272,5921;0;3
2000-05-06 11:00:00Z;253,0652;0;3
2000-05-07 11:00:00Z;229,6583;0;3
2000-05-08 11:00:00Z;316,7499;0;3
2000-05-09 11:00:00Z;363,7155;0;3
2000-05-10 11:00:00Z;520,0859;0;3
2000-05-11 11:00:00Z;431,7504;0;3
2000-05-12 11:00:00Z;309,3538;0;3
2000-05-13 11:00:00Z;331,5598;0;3
2000-05-14 11:00:00Z;435,0528;0;3
2000-05-15 11:00:00Z;498,3035;0;3
2000-05-16 11:00:00Z;505,6575;0;3
2000-05-17 11:00:00Z;626,9344;0;3
2000-05-18 11:00:00Z;904,6453;0;3
2000-05-19 11:00:00Z;912,2717;0;3
2000-05-20 11:00:00Z;870,3237;0;3
2000-05-21 11:00:00Z;777,5004;0;3
2000-05-22 11:00:00Z;631,5255;0;3
2000-05-23 11:00:00Z;572,0313;0;3
2000-05-24 11:00:00Z;575,9041;0;3
2000-05-25 11:00:00Z;708,8207;0;3
2000-05-26 11:00:00Z;601,0374;0;3
2000-05-27 11:00:00Z;517,082;0;3
2000-05-28 11:00:00Z;527,8434;0;3
2000-05-29 11:00:00Z;589,3353;0;3
2000-05-30 11:00:00Z;587,558;0;3
2000-05-31 11:00:00Z;509,9802;0;3
2000-06-01 11:00:00Z;439,9142;0;3
2000-06-02 11:00:00Z;368,6124;0;3
2000-06-03 11:00:00Z;466,8788;0;3
2000-06-04 11:00:00Z;393,5136;0;3
2000-06-05 11:00:00Z;300,8335;0;3
2000-06-06 11:00:00Z;255,4315;0;3
2000-06-07 11:00:00Z;256,5618;0;3
2000-06-08 11:00:00Z;282,0176;0;3
2000-06-09 11:00:00Z;263,5393;0;3
2000-06-10 11:00:00Z;263,9177;0;3
2000-06-11 11:00:00Z;452,9095;0;3
2000-06-12 11:00:00Z;546,5778;0;3
2000-06-13 11:00:00Z;520,2663;0;3
2000-06-14 11:00:00Z;793,6171;0;3
2000-06-15 11:00:00Z;704,235;0;3
2000-06-16 11:00:00Z;482,0384;0;3
2000-06-17 11:00:00Z;355,1241;0;3
2000-06-18 11:00:00Z;303,2212;0;3
2000-06-19 11:00:00Z;370,2168;0;3
2000-06-20 11:00:00Z;534,2972;0;3
2000-06-21 11:00:00Z;447,0805;0;3
2000-06-22 11:00:00Z;462,8165;0;3
2000-06-23 11:00:00Z;642,3812;0;3
2000-06-24 11:00:00Z;544,2015;0;3
2000-06-25 11:00:00Z;422,2248;0;3
2000-06-26 11:00:00Z;350,855;0;3
2000-06-27 11:00:00Z;371,4854;0;3
2000-06-28 11:00:00Z;551,152;0;3
2000-06-29 11:00:00Z;508,1991;0;3
2000-06-30 11:00:00Z;462,7567;0;3
2000-07-01 11:00:00Z;567,6415;0;3
2000-07-02 11:00:00Z;540,571;0;3
2000-07-03 11:00:00Z;464,7906;0;3
2000-07-04 11:00:00Z;372,9004;0;3
2000-07-05 11:00:00Z;293,4896;0;3
2000-07-06 11:00:00Z;225,5886;1;3
2000-07-07 11:00:00Z;199,7619;1;3
2000-07-08 11:00:00Z;292,7678;0;3
2000-07-09 11:00:00Z;269,216;0;3
2000-07-10 11:00:00Z;238,4428;0;3
2000-07-11 11:00:00Z;201,0713;0;3
2000-07-12 11:00:00Z;228,6515;0;3
2000-07-13 11:00:00Z;241,5055;0;3
2000-07-14 11:00:00Z;228,713;0;3
2000-07-15 11:00:00Z;254,6064;0;3
2000-07-16 11:00:00Z;239,1723;0;3
2000-07-17 11:00:00Z;233,1955;0;3
2000-07-18 11:00:00Z;252,7694;0;3
2000-07-19 11:00:00Z;234,006;0;3
2000-07-20 11:00:00Z;427,6125;0;3
2000-07-21 11:00:00Z;350,9677;0;3
2000-07-22 11:00:00Z;249,9234;0;3
2000-07-23 11:00:00Z;216,0507;0;3
2000-07-24 11:00:00Z;208,8383;0;3
2000-07-25 11:00:00Z;252,0868;0;3
2000-07-26 11:00:00Z;219,2047;0;3
2000-07-27 11:00:00Z;173,7882;0;3
2000-07-28 11:00:00Z;151,3519;0;3
2000-07-29 11:00:00Z;132,5174;0;3
2000-07-30 11:00:00Z;120,2008;0;3
2000-07-31 11:00:00Z;108,7908;0;3
2000-08-01 11:00:00Z;99,90022;0;3
2000-08-02 11:00:00Z;92,1563;0;3
2000-08-03 11:00:00Z;88,9004;0;3
2000-08-04 11:00:00Z;102,2921;0;3
2000-08-05 11:00:00Z;103,8579;0;3
2000-08-06 11:00:00Z;135,0887;0;3
2000-08-07 11:00:00Z;279,5269;0;3
2000-08-08 11:00:00Z;523,0597;0;3
2000-08-09 11:00:00Z;404,694;0;3
2000-08-10 11:00:00Z;340,0434;0;3
2000-08-11 11:00:00Z;228,0975;0;3
2000-08-12 11:00:00Z;173,9153;0;3
2000-08-13 11:00:00Z;145,6803;0;3
2000-08-14 11:00:00Z;128,8396;0;3
2000-08-15 11:00:00Z;127,5338;0;3
2000-08-16 11:00:00Z;371,4543;0;3
2000-08-17 11:00:00Z;321,0287;0;3
2000-08-18 11:00:00Z;222,4315;0;3
2000-08-19 11:00:00Z;204,7613;0;3
2000-08-20 11:00:00Z;178,7723;0;3
2000-08-21 11:00:00Z;152,9388;0;3
2000-08-22 11:00:00Z;142,065;0;3
2000-08-23 11:00:00Z;135,4685;0;3
2000-08-24 11:00:00Z;195,8338;0;3
2000-08-25 11:00:00Z;176,4435;0;3
2000-08-26 11:00:00Z;155,9857;0;3
2000-08-27 11:00:00Z;143,2058;0;3
2000-08-28 11:00:00Z;127,0797;0;3
2000-08-29 11:00:00Z;112,3311;0;3
2000-08-30 11:00:00Z;106,2113;0;3
2000-08-31 11:00:00Z;121,3297;0;3
2000-09-01 11:00:00Z;104,7162;0;3
2000-09-02 11:00:00Z;105,1534;0;3
2000-09-03 11:00:00Z;107,0778;0;3
2000-09-04 11:00:00Z;96,4212;0;3
2000-09-05 11:00:00Z;85,50826;0;3
2000-09-06 11:00:00Z;77,442;0;3
2000-09-07 11:00:00Z;72,1702;0;3
2000-09-08 11:00:00Z;114,921;0;3
2000-09-09 11:00:00Z;203,0538;0;3
2000-09-10 11:00:00Z;669,7905;0;3
2000-09-11 11:00:00Z;669,4133;0;3
2000-09-12 11:00:00Z;354,2596;0;3
2000-09-13 11:00:00Z;225,228;0;3
2000-09-14 11:00:00Z;165,9314;0;3
2000-09-15 11:00:00Z;134,5635;0;3
2000-09-16 11:00:00Z;115,4527;0;3
2000-09-17 11:00:00Z;112,7248;0;3
2000-09-18 11:00:00Z;111,8366;0;3
2000-09-19 11:00:00Z;101,0623;0;3
2000-09-20 11:00:00Z;91,69155;0;3
2000-09-21 11:00:00Z;85,33588;0;3
2000-09-22 11:00:00Z;79,04149;0;3
2000-09-23 11:00:00Z;74,27215;0;3
2000-09-24 11:00:00Z;79,22567;0;3
2000-09-25 11:00:00Z;93,74087;0;3
2000-09-26 11:00:00Z;80,8413;0;3
2000-09-27 11:00:00Z;72,82725;0;3
2000-09-28 11:00:00Z;68,4228;0;3
2000-09-29 11:00:00Z;66,90839;0;3
2000-09-30 11:00:00Z;67,4955;0;3
2000-10-01 11:00:00Z;71,00192;0;3
2000-10-02 11:00:00Z;69,92555;0;3
2000-10-03 11:00:00Z;66,14703;0;3
2000-10-04 11:00:00Z;64,26678;0;3
2000-10-05 11:00:00Z;63,29557;0;3
2000-10-06 11:00:00Z;63,58484;0;3
2000-10-07 11:00:00Z;61,13936;0;3
2000-10-08 11:00:00Z;61,91493;0;3
2000-10-09 11:00:00Z;67,65615;0;3
2000-10-10 11:00:00Z;87,1057;0;3
2000-10-11 11:00:00Z;81,95927;0;3
2000-10-12 11:00:00Z;70,67397;0;3
2000-10-13 11:00:00Z;78,48091;0;3
2000-10-14 11:00:00Z;83,16638;0;3
2000-10-15 11:00:00Z;73,98035;0;3
2000-10-16 11:00:00Z;70,41326;0;3
2000-10-17 11:00:00Z;72,46393;0;3
2000-10-18 11:00:00Z;72,20085;0;3
2000-10-19 11:00:00Z;71,9417;0;3
2000-10-20 11:00:00Z;75,413;0;3
2000-10-21 11:00:00Z;75,22536;0;3
2000-10-22 11:00:00Z;127,9835;0;3
2000-10-23 11:00:00Z;163,0413;0;3
2000-10-24 11:00:00Z;118,2874;0;3
2000-10-25 11:00:00Z;111,779;0;3
2000-10-26 11:00:00Z;99,47446;0;3
2000-10-27 11:00:00Z;84,05504;0;3
2000-10-28 11:00:00Z;73,28563;0;3
2000-10-29 11:00:00Z;69,33861;0;3
2000-10-30 11:00:00Z;64,25571;0;3
2000-10-31 11:00:00Z;60,14561;0;3
2000-11-01 11:00:00Z;62,21167;0;3
2000-11-02 11:00:00Z;63,00682;0;3
2000-11-03 11:00:00Z;66,28211;0;3
2000-11-04 11:00:00Z;67,51001;0;3
2000-11-05 11:00:00Z;66,67665;0;3
2000-11-06 11:00:00Z;63,49084;0;3
2000-11-07 11:00:00Z;61,64223;0;3
2000-11-08 11:00:00Z;59,47195;0;3
2000-11-09 11:00:00Z;58,74949;0;3
2000-11-10 11:00:00Z;58,17008;0;3
2000-11-11 11:00:00Z;57,7599;0;3
2000-11-12 11:00:00Z;56,41074;0;3
2000-11-13 11:00:00Z;56,58825;0;3
2000-11-14 11:00:00Z;57,28041;0;3
2000-11-15 11:00:00Z;63,62965;0;3
2000-11-16 11:00:00Z;60,65175;0;3
2000-11-17 11:00:00Z;51,3378;0;3
2000-11-18 11:00:00Z;56,93679;0;3
2000-11-19 11:00:00Z;56,05547;0;3
2000-11-20 11:00:00Z;51,87072;0;3
2000-11-21 11:00:00Z;57,94103;0;3
2000-11-22 11:00:00Z;61,85186;0;3
2000-11-23 11:00:00Z;58,5863;0;3
2000-11-24 11:00:00Z;55,84662;0;3
2000-11-25 11:00:00Z;54,81732;0;3
2000-11-26 11:00:00Z;58,24865;0;3
2000-11-27 11:00:00Z;56,62001;0;3
2000-11-28 11:00:00Z;55,56474;0;3
2000-11-29 11:00:00Z;53,79827;0;3
2000-11-30 11:00:00Z;54,55293;0;3
2000-12-01 11:00:00Z;56,90217;0;3
2000-12-02 11:00:00Z;66,82407;0;3
2000-12-03 11:00:00Z;70,96335;0;3
2000-12-04 11:00:00Z;71,6579;0;3
2000-12-05 11:00:00Z;61,66274;0;3
2000-12-06 11:00:00Z;68,14134;0;3
2000-12-07 11:00:00Z;265,1277;0;3
2000-12-08 11:00:00Z;144,173;0;3
2000-12-09 11:00:00Z;100,349;0;3
2000-12-10 11:00:00Z;83,46938;0;3
2000-12-11 11:00:00Z;75,79936;0;3
2000-12-12 11:00:00Z;76,06512;2;3
2000-12-13 11:00:00Z;76,356;1;3
2000-12-14 11:00:00Z;71,811;2;3
2000-12-15 11:00:00Z;67,266;2;3
2000-12-16 11:00:00Z;62,721;2;3
2000-12-17 11:00:00Z;58,176;1;3
2000-12-18 11:00:00Z;53,631;2;3
2000-12-19 11:00:00Z;49,086;1;3
2000-12-20 11:00:00Z;45,45;2;3
2000-12-21 11:00:00Z;41,814;1;3
2000-12-22 11:00:00Z;39,996;2;3
2000-12-23 11:00:00Z;38,178;1;3
2000-12-24 11:00:00Z;37,269;2;3
2000-12-25 11:00:00Z;36,36;1;3
2000-12-26 11:00:00Z;35,74188;2;3
2000-12-27 11:00:00Z;35,16012;2;3
2000-12-28 11:00:00Z;34,542;2;3
2000-12-29 11:00:00Z;33,92388;2;3
2000-12-30 11:00:00Z;33,34212;2;3
2000-12-31 11:00:00Z;32,724;1;3
2001-01-01 11:00:00Z;31,92408;2;3
2001-01-02 11:00:00Z;31,12416;2;3
2001-01-03 11:00:00Z;30,28788;2;3
2001-01-04 11:00:00Z;29,48796;2;3
2001-01-05 11:00:00Z;28,68804;2;3
2001-01-06 11:00:00Z;27,88812;2;3
2001-01-07 11:00:00Z;27,05184;2;3
2001-01-08 11:00:00Z;26,25192;2;3
2001-01-09 11:00:00Z;25,452;1;3
2001-01-10 11:00:00Z;26,361;2;3
2001-01-11 11:00:00Z;27,27;2;3
2001-01-12 11:00:00Z;28,179;2;3
2001-01-13 11:00:00Z;29,088;1;3
2001-01-14 11:00:00Z;48,27628;0;3
2001-01-15 11:00:00Z;114,855;0;3
2001-01-16 11:00:00Z;122,4561;0;3
2001-01-17 11:00:00Z;115,6099;0;3
2001-01-18 11:00:00Z;74,19664;0;3
2001-01-19 11:00:00Z;61,56022;0;3
2001-01-20 11:00:00Z;57,77571;0;3
2001-01-21 11:00:00Z;44,50497;0;3
2001-01-22 11:00:00Z;42,2899;0;3
2001-01-23 11:00:00Z;42,44725;0;3
2001-01-24 11:00:00Z;45,85429;0;3
2001-01-25 11:00:00Z;47,47644;0;3
2001-01-26 11:00:00Z;43,84644;0;3
2001-01-27 11:00:00Z;40,4791;0;3
2001-01-28 11:00:00Z;36,52971;0;3
2001-01-29 11:00:00Z;36,15916;0;3
2001-01-30 11:00:00Z;37,64461;0;3
2001-01-31 11:00:00Z;37,80611;0;3
2001-02-01 11:00:00Z;35,67951;0;3
2001-02-02 11:00:00Z;32,54325;0;3
2001-02-03 11:00:00Z;31,30378;0;3
2001-02-04 11:00:00Z;31,3445;0;3
2001-02-05 11:00:00Z;32,52008;0;3
2001-02-06 11:00:00Z;32,74762;0;3
2001-02-07 11:00:00Z;31,99035;0;3
2001-02-08 11:00:00Z;31,6193;0;3
2001-02-09 11:00:00Z;31,6193;0;3
2001-02-10 11:00:00Z;31,71183;0;3
2001-02-11 11:00:00Z;32,33088;0;3
2001-02-12 11:00:00Z;32,77908;0;3
2001-02-13 11:00:00Z;33,14787;0;3
2001-02-14 11:00:00Z;677,0106;0;3
2001-02-15 11:00:00Z;1065,511;0;3
2001-02-16 11:00:00Z;323,6314;0;3
2001-02-17 11:00:00Z;181,5191;0;3
2001-02-18 11:00:00Z;126,0006;0;3
2001-02-19 11:00:00Z;126,3498;0;3
2001-02-20 11:00:00Z;126,7579;0;3
2001-02-21 11:00:00Z;112,3164;0;3
2001-02-22 11:00:00Z;90,10374;0;3
2001-02-23 11:00:00Z;77,16882;0;3
2001-02-24 11:00:00Z;73,30176;2;3
2001-02-25 11:00:00Z;69,48396;2;3
2001-02-26 11:00:00Z;65,66616;2;3
2001-02-27 11:00:00Z;61,812;1;3
2001-02-28 11:00:00Z;60,61212;2;3
2001-03-01 11:00:00Z;59,37588;2;3
2001-03-02 11:00:00Z;58,176;2;3
2001-03-03 11:00:00Z;56,97612;2;3
2001-03-04 11:00:00Z;55,73988;2;3
2001-03-05 11:00:00Z;54,54;1;3
2001-03-06 11:00:00Z;54,50364;2;3
2001-03-07 11:00:00Z;54,50364;2;3
2001-03-08 11:00:00Z;54,46103;0;3
2001-03-09 11:00:00Z;56,02766;0;3
2001-03-10 11:00:00Z;53,91684;0;3
2001-03-11 11:00:00Z;51,46013;0;3
2001-03-12 11:00:00Z;50,22579;0;3
2001-03-13 11:00:00Z;48,60514;0;3
2001-03-14 11:00:00Z;47,22749;0;3
2001-03-15 11:00:00Z;44,64035;0;3
2001-03-16 11:00:00Z;43,20924;0;3
2001-03-17 11:00:00Z;40,72637;0;3
2001-03-18 11:00:00Z;39,04372;0;3
2001-03-19 11:00:00Z;38,19053;0;3
2001-03-20 11:00:00Z;38,13737;0;3
2001-03-21 11:00:00Z;38,98126;0;3
2001-03-22 11:00:00Z;37,82141;0;3
2001-03-23 11:00:00Z;37,50346;0;3
2001-03-24 11:00:00Z;36,41255;0;3
2001-03-25 11:00:00Z;36,67482;0;3
2001-03-26 11:00:00Z;36,5619;0;3
2001-03-27 11:00:00Z;36,83133;0;3
2001-03-28 11:00:00Z;37,22155;0;3
2001-03-29 11:00:00Z;36,39322;0;3
2001-03-30 11:00:00Z;35,85179;0;3
2001-03-31 11:00:00Z;35,71802;0;3
2001-04-01 11:00:00Z;36,3942;0;3
2001-04-02 11:00:00Z;61,30812;0;3
2001-04-03 11:00:00Z;68,54855;0;3
2001-04-04 11:00:00Z;70,93628;0;3
2001-04-05 11:00:00Z;76,70496;0;3
2001-04-06 11:00:00Z;68,18919;0;3
2001-04-07 11:00:00Z;59,4199;0;3
2001-04-08 11:00:00Z;51,1346;0;3
2001-04-09 11:00:00Z;47,06868;0;3
2001-04-10 11:00:00Z;44,29606;0;3
2001-04-11 11:00:00Z;42,74213;0;3
2001-04-12 11:00:00Z;40,5879;0;3
2001-04-13 11:00:00Z;39,3543;0;3
2001-04-14 11:00:00Z;38,73784;0;3
2001-04-15 11:00:00Z;37,67883;0;3
2001-04-16 11:00:00Z;37,05779;0;3
2001-04-17 11:00:00Z;36,59198;0;3
2001-04-18 11:00:00Z;36,20213;0;3
2001-04-19 11:00:00Z;35,72306;0;3
2001-04-20 11:00:00Z;35,56235;0;3
2001-04-21 11:00:00Z;35,44738;0;3
2001-04-22 11:00:00Z;36,67648;0;3
2001-04-23 11:00:00Z;39,24667;0;3
2001-04-24 11:00:00Z;41,69288;0;3
2001-04-25 11:00:00Z;57,38459;0;3
2001-04-26 11:00:00Z;83,83315;0;3
2001-04-27 11:00:00Z;122,0251;0;3
2001-04-28 11:00:00Z;153,1924;0;3
2001-04-29 11:00:00Z;143,9847;0;3
2001-04-30 11:00:00Z;153,618;0;3
2001-05-01 11:00:00Z;149,6031;0;3
2001-05-02 11:00:00Z;159,9041;0;3
2001-05-03 11:00:00Z;315,3708;0;3
2001-05-04 11:00:00Z;215,0836;0;3
2001-05-05 11:00:00Z;159,9548;0;3
2001-05-06 11:00:00Z;134,2243;0;3
2001-05-07 11:00:00Z;163,5013;0;3
2001-05-08 11:00:00Z;245,2764;0;3
2001-05-09 11:00:00Z;320,0238;0;3
2001-05-10 11:00:00Z;299,8232;0;3
2001-05-11 11:00:00Z;314,0191;0;3
2001-05-12 11:00:00Z;341,3396;0;3
2001-05-13 11:00:00Z;330,7821;0;3
2001-05-14 11:00:00Z;283,6229;0;3
2001-05-15 11:00:00Z;223,438;0;3
2001-05-16 11:00:00Z;217,362;0;3
2001-05-17 11:00:00Z;272,2574;0;3
2001-05-18 11:00:00Z;283,2219;0;3
2001-05-19 11:00:00Z;298,8147;0;3
2001-05-20 11:00:00Z;289,0314;0;3
2001-05-21 11:00:00Z;234,273;0;3
2001-05-22 11:00:00Z;199,7293;0;3
2001-05-23 11:00:00Z;217,9983;0;3
2001-05-24 11:00:00Z;187,652;0;3
2001-05-25 11:00:00Z;176,4865;0;3
2001-05-26 11:00:00Z;163,0406;0;3
2001-05-27 11:00:00Z;180,8577;0;3
2001-05-28 11:00:00Z;164,0938;0;3
2001-05-29 11:00:00Z;150,7716;0;3
2001-05-30 11:00:00Z;150,1994;0;3
2001-05-31 11:00:00Z;158,2924;0;3
2001-06-01 11:00:00Z;191,8054;0;3
2001-06-02 11:00:00Z;199,7953;0;3
2001-06-03 11:00:00Z;185,8095;0;3
2001-06-04 11:00:00Z;177,6391;0;3
2001-06-05 11:00:00Z;179,5147;0;3
2001-06-06 11:00:00Z;279,8493;0;3
2001-06-07 11:00:00Z;332,0555;0;3
2001-06-08 11:00:00Z;343,8509;0;3
2001-06-09 11:00:00Z;446,4447;0;3
2001-06-10 11:00:00Z;365,8222;0;3
2001-06-11 11:00:00Z;386,3796;0;3
2001-06-12 11:00:00Z;364,9474;0;3
2001-06-13 11:00:00Z;333,9561;0;3
2001-06-14 11:00:00Z;308,6429;0;3
2001-06-15 11:00:00Z;276,1376;0;3
2001-06-16 11:00:00Z;257,6719;0;3
2001-06-17 11:00:00Z;235,0155;0;3
2001-06-18 11:00:00Z;218,7517;0;3
2001-06-19 11:00:00Z;230,0253;0;3
2001-06-20 11:00:00Z;339,0767;0;3
2001-06-21 11:00:00Z;447,7346;0;3
2001-06-22 11:00:00Z;379,0822;0;3
2001-06-23 11:00:00Z;310,8886;0;3
2001-06-24 11:00:00Z;283,7282;0;3
2001-06-25 11:00:00Z;259,4911;0;3
2001-06-26 11:00:00Z;243,5564;0;3
2001-06-27 11:00:00Z;207,5854;0;3
2001-06-28 11:00:00Z;185,6418;0;3
2001-06-29 11:00:00Z;215,1518;0;3
2001-06-30 11:00:00Z;211,2897;0;3
2001-07-01 11:00:00Z;215,2572;0;3
2001-07-02 11:00:00Z;388,0706;0;3
2001-07-03 11:00:00Z;329,103;0;3
2001-07-04 11:00:00Z;302,799;0;3
2001-07-05 11:00:00Z;347,0326;0;3
2001-07-06 11:00:00Z;280,8977;0;3
2001-07-07 11:00:00Z;200,4031;0;3
2001-07-08 11:00:00Z;173,5435;0;3
2001-07-09 11:00:00Z;178,5428;0;3
2001-07-10 11:00:00Z;275,7186;0;3
2001-07-11 11:00:00Z;264,53;0;3
2001-07-12 11:00:00Z;289,8277;0;3
2001-07-13 11:00:00Z;250,82;0;3
2001-07-14 11:00:00Z;247,73;0;3
2001-07-15 11:00:00Z;229,7509;0;3
2001-07-16 11:00:00Z;277,5873;0;3
2001-07-17 11:00:00Z;231,8089;0;3
2001-07-18 11:00:00Z;168,4712;0;3
2001-07-19 11:00:00Z;161,5556;0;3
2001-07-20 11:00:00Z;396,5356;0;3
2001-07-21 11:00:00Z;374,5195;0;3
2001-07-22 11:00:00Z;236,2529;0;3
2001-07-23 11:00:00Z;206,2556;0;3
2001-07-24 11:00:00Z;244,4733;0;3
2001-07-25 11:00:00Z;224,1786;0;3
2001-07-26 11:00:00Z;193,4194;0;3
2001-07-27 11:00:00Z;181,7006;0;3
2001-07-28 11:00:00Z;160,4723;0;3
2001-07-29 11:00:00Z;193,4953;0;3
2001-07-30 11:00:00Z;343,5909;0;3
2001-07-31 11:00:00Z;383,3801;0;3
2001-08-01 11:00:00Z;432,2927;0;3
2001-08-02 11:00:00Z;301,436;0;3
2001-08-03 11:00:00Z;211,1941;0;3
2001-08-04 11:00:00Z;168,3454;0;3
2001-08-05 11:00:00Z;159,6553;0;3
2001-08-06 11:00:00Z;179,7533;0;3
2001-08-07 11:00:00Z;192,8911;0;3
2001-08-08 11:00:00Z;230,3332;0;3
2001-08-09 11:00:00Z;173,8102;0;3
2001-08-10 11:00:00Z;164,8203;0;3
2001-08-11 11:00:00Z;169,8931;0;3
2001-08-12 11:00:00Z;159,3625;0;3
2001-08-13 11:00:00Z;138,3467;0;3
2001-08-14 11:00:00Z;136,0492;0;3
2001-08-15 11:00:00Z;137,2894;0;3
2001-08-16 11:00:00Z;166,6987;0;3
2001-08-17 11:00:00Z;259,3061;0;3
2001-08-18 11:00:00Z;323,7147;0;3
2001-08-19 11:00:00Z;229,5172;0;3
2001-08-20 11:00:00Z;169,8556;0;3
2001-08-21 11:00:00Z;155,8553;0;3
2001-08-22 11:00:00Z;154,4616;0;3
2001-08-23 11:00:00Z;126,8529;0;3
2001-08-24 11:00:00Z;111,3401;0;3
2001-08-25 11:00:00Z;101,9386;0;3
2001-08-26 11:00:00Z;97,29588;0;3
2001-08-27 11:00:00Z;105,5977;0;3
2001-08-28 11:00:00Z;178,195;0;3
2001-08-29 11:00:00Z;286,5204;0;3
2001-08-30 11:00:00Z;203,3815;0;3
2001-08-31 11:00:00Z;159,8066;0;3
2001-09-01 11:00:00Z;146,2238;0;3
2001-09-02 11:00:00Z;183,4184;0;3
2001-09-03 11:00:00Z;242,9936;0;3
2001-09-04 11:00:00Z;212,8898;0;3
2001-09-05 11:00:00Z;210,2594;0;3
2001-09-06 11:00:00Z;168,9301;0;3
2001-09-07 11:00:00Z;172,0661;0;3
2001-09-08 11:00:00Z;190,268;0;3
2001-09-09 11:00:00Z;176,1306;0;3
2001-09-10 11:00:00Z;188,603;0;3
2001-09-11 11:00:00Z;169,7244;0;3
2001-09-12 11:00:00Z;145,5508;0;3
2001-09-13 11:00:00Z;142,8116;0;3
2001-09-14 11:00:00Z;174,1781;0;3
2001-09-15 11:00:00Z;153,8162;0;3
2001-09-16 11:00:00Z;139,5696;0;3
2001-09-17 11:00:00Z;123,7327;0;3
2001-09-18 11:00:00Z;113,3341;2;3
2001-09-19 11:00:00Z;102,9358;0;3
2001-09-20 11:00:00Z;97,79499;0;3
2001-09-21 11:00:00Z;93,84574;0;3
2001-09-22 11:00:00Z;87,23971;0;3
2001-09-23 11:00:00Z;81,9268;0;3
2001-09-24 11:00:00Z;75,91632;0;3
2001-09-25 11:00:00Z;71,25668;0;3
2001-09-26 11:00:00Z;68,48711;0;3
2001-09-27 11:00:00Z;71,91955;0;3
2001-09-28 11:00:00Z;81,42363;0;3
2001-09-29 11:00:00Z;76,93619;0;3
2001-09-30 11:00:00Z;72,45173;0;3
2001-10-01 11:00:00Z;69,08828;0;3
2001-10-02 11:00:00Z;90,80781;0;3
2001-10-03 11:00:00Z;126,2486;0;3
2001-10-04 11:00:00Z;110,9193;0;3
2001-10-05 11:00:00Z;131,4705;0;3
2001-10-06 11:00:00Z;118,0764;0;3
2001-10-07 11:00:00Z;99,57922;0;3
2001-10-08 11:00:00Z;95,09723;0;3
2001-10-09 11:00:00Z;95,70748;0;3
2001-10-10 11:00:00Z;92,10302;0;3
2001-10-11 11:00:00Z;95,52827;0;3
2001-10-12 11:00:00Z;110,1491;0;3
2001-10-13 11:00:00Z;184,5614;0;3
2001-10-14 11:00:00Z;212,1909;0;3
2001-10-15 11:00:00Z;177,3323;0;3
2001-10-16 11:00:00Z;130,7255;0;3
2001-10-17 11:00:00Z;156,8011;0;3
2001-10-18 11:00:00Z;143,5275;0;3
2001-10-19 11:00:00Z;115,5823;0;3
2001-10-20 11:00:00Z;102,2044;0;3
2001-10-21 11:00:00Z;92,27165;0;3
2001-10-22 11:00:00Z;85,58604;0;3
2001-10-23 11:00:00Z;77,3837;0;3
2001-10-24 11:00:00Z;69,50265;0;3
2001-10-25 11:00:00Z;65,5171;0;3
2001-10-26 11:00:00Z;72,81705;0;3
2001-10-27 11:00:00Z;94,60919;0;3
2001-10-28 11:00:00Z;97,4574;0;3
2001-10-29 11:00:00Z;82,32554;0;3
2001-10-30 11:00:00Z;72,13017;0;3
2001-10-31 11:00:00Z;68,81944;0;3
2001-11-01 11:00:00Z;65,49614;0;3
2001-11-02 11:00:00Z;64,86667;0;3
2001-11-03 11:00:00Z;161,8573;0;3
2001-11-04 11:00:00Z;132,0493;0;3
2001-11-05 11:00:00Z;103,1689;0;3
2001-11-06 11:00:00Z;88,17332;0;3
2001-11-07 11:00:00Z;82,69479;0;3
2001-11-08 11:00:00Z;75,91242;0;3
2001-11-09 11:00:00Z;72,27164;0;3
2001-11-10 11:00:00Z;75,4249;0;3
2001-11-11 11:00:00Z;111,8986;0;3
2001-11-12 11:00:00Z;95,97792;0;3
2001-11-13 11:00:00Z;86,67171;0;3
2001-11-14 11:00:00Z;80,6805;0;3
2001-11-15 11:00:00Z;83,5256;0;3
2001-11-16 11:00:00Z;85,57876;0;3
2001-11-17 11:00:00Z;126,7373;0;3
2001-11-18 11:00:00Z;172,4661;0;3
2001-11-19 11:00:00Z;123,2416;0;3
2001-11-20 11:00:00Z;148,9692;0;3
2001-11-21 11:00:00Z;169,8023;0;3
2001-11-22 11:00:00Z;135,6494;0;3
2001-11-23 11:00:00Z;109,9376;0;3
2001-11-24 11:00:00Z;95,93016;0;3
2001-11-25 11:00:00Z;91,3439;0;3
2001-11-26 11:00:00Z;90,13718;0;3
2001-11-27 11:00:00Z;85,64806;0;3
2001-11-28 11:00:00Z;79,59697;0;3
2001-11-29 11:00:00Z;75,53302;0;3
2001-11-30 11:00:00Z;71,17011;0;3
2001-12-01 11:00:00Z;68,49273;0;3
2001-12-02 11:00:00Z;68,10928;0;3
2001-12-03 11:00:00Z;64,62331;0;3
2001-12-04 11:00:00Z;66,61641;0;3
2001-12-05 11:00:00Z;75,24102;0;3
2001-12-06 11:00:00Z;70,77033;0;3
2001-12-07 11:00:00Z;70,327;0;3
2001-12-08 11:00:00Z;59,68632;1;3
2001-12-09 11:00:00Z;72,65858;0;3
2001-12-10 11:00:00Z;74,07639;0;3
2001-12-11 11:00:00Z;128,2792;0;3
2001-12-12 11:00:00Z;125,9079;0;3
2001-12-13 11:00:00Z;108,7655;0;3
2001-12-14 11:00:00Z;101,0539;0;3
2001-12-15 11:00:00Z;87,44382;0;3
2001-12-16 11:00:00Z;86,02867;0;3
2001-12-17 11:00:00Z;110,642;0;3
2001-12-18 11:00:00Z;105,651;0;3
2001-12-19 11:00:00Z;153,8144;0;3
2001-12-20 11:00:00Z;94,04855;0;3
2001-12-21 11:00:00Z;84,35861;0;3
2001-12-22 11:00:00Z;78,5376;2;3
2001-12-23 11:00:00Z;72,72;1;3
2001-12-24 11:00:00Z;70,28388;2;3
2001-12-25 11:00:00Z;67,88412;2;3
2001-12-26 11:00:00Z;65,448;2;3
2001-12-27 11:00:00Z;63,01188;2;3
2001-12-28 11:00:00Z;60,61212;2;3
2001-12-29 11:00:00Z;58,176;2;3
2001-12-30 11:00:00Z;55,73988;2;3
2001-12-31 11:00:00Z;53,34012;2;3
2002-01-01 11:00:00Z;50,904;1;3
2002-01-02 11:00:00Z;49,086;2;3
2002-01-03 11:00:00Z;47,268;1;3
2002-01-04 11:00:00Z;60,43033;2;3
2002-01-05 11:00:00Z;73,59264;2;3
2002-01-06 11:00:00Z;86,75976;0;3
2002-01-07 11:00:00Z;111,5171;0;3
2002-01-08 11:00:00Z;273,0508;0;3
2002-01-09 11:00:00Z;180,534;0;3
2002-01-10 11:00:00Z;623,6844;0;3
2002-01-11 11:00:00Z;1028,145;0;3
2002-01-12 11:00:00Z;829,3113;0;3
2002-01-13 11:00:00Z;571,2623;0;3
2002-01-14 11:00:00Z;797,2875;0;3
2002-01-15 11:00:00Z;677,8743;0;3
2002-01-16 11:00:00Z;415,7962;0;3
2002-01-17 11:00:00Z;272,0628;0;3
2002-01-18 11:00:00Z;198,1737;0;3
2002-01-19 11:00:00Z;159,5613;0;3
2002-01-20 11:00:00Z;132,9001;0;3
2002-01-21 11:00:00Z;120,8606;2;3
2002-01-22 11:00:00Z;108,8255;2;3
2002-01-23 11:00:00Z;96,79032;2;3
2002-01-24 11:00:00Z;84,75516;2;3
2002-01-25 11:00:00Z;72,72;1;3
2002-01-26 11:00:00Z;68,175;2;3
2002-01-27 11:00:00Z;63,63;2;3
2002-01-28 11:00:00Z;59,085;2;3
2002-01-29 11:00:00Z;54,54;1;3
2002-01-30 11:00:00Z;50,904;2;3
2002-01-31 11:00:00Z;47,268;2;3
2002-02-01 11:00:00Z;43,632;2;3
2002-02-02 11:00:00Z;39,996;1;3
2002-02-03 11:00:00Z;72,72;1;3
2002-02-04 11:00:00Z;86,97141;0;3
2002-02-05 11:00:00Z;74,0411;0;3
2002-02-06 11:00:00Z;54,54;1;3
2002-02-07 11:00:00Z;53,631;2;3
2002-02-08 11:00:00Z;52,722;2;3
2002-02-09 11:00:00Z;51,813;2;3
2002-02-10 11:00:00Z;50,904;2;3
2002-02-11 11:00:00Z;49,995;2;3
2002-02-12 11:00:00Z;49,086;2;3
2002-02-13 11:00:00Z;48,177;2;3
2002-02-14 11:00:00Z;47,268;1;3
2002-02-15 11:00:00Z;58,64824;0;3
2002-02-16 11:00:00Z;435,8156;0;3
2002-02-17 11:00:00Z;592,836;0;3
2002-02-18 11:00:00Z;247,7364;0;3
2002-02-19 11:00:00Z;167,1938;0;3
2002-02-20 11:00:00Z;126,7403;0;3
2002-02-21 11:00:00Z;111,6629;0;3
2002-02-22 11:00:00Z;99,17657;0;3
2002-02-23 11:00:00Z;90,48853;0;3
2002-02-24 11:00:00Z;78,58567;0;3
2002-02-25 11:00:00Z;76,10318;0;3
2002-02-26 11:00:00Z;71,08533;0;3
2002-02-27 11:00:00Z;67,72984;0;3
2002-02-28 11:00:00Z;66,44117;0;3
2002-03-01 11:00:00Z;62,71888;0;3
2002-03-02 11:00:00Z;60,57461;0;3
2002-03-03 11:00:00Z;57,33291;0;3
2002-03-04 11:00:00Z;55,95099;0;3
2002-03-05 11:00:00Z;55,74592;0;3
2002-03-06 11:00:00Z;55,19746;0;3
2002-03-07 11:00:00Z;53,492;0;3
2002-03-08 11:00:00Z;52,3476;0;3
2002-03-09 11:00:00Z;51,3667;0;3
2002-03-10 11:00:00Z;51,34817;0;3
2002-03-11 11:00:00Z;49,5553;0;3
2002-03-12 11:00:00Z;50,43827;0;3
2002-03-13 11:00:00Z;47,59119;0;3
2002-03-14 11:00:00Z;50,40506;0;3
2002-03-15 11:00:00Z;50,09954;0;3
2002-03-16 11:00:00Z;48,27827;0;3
2002-03-17 11:00:00Z;47,04375;0;3
2002-03-18 11:00:00Z;47,56545;0;3
2002-03-19 11:00:00Z;47,32261;0;3
2002-03-20 11:00:00Z;46,3714;0;3
2002-03-21 11:00:00Z;45,66581;0;3
2002-03-22 11:00:00Z;44,94379;0;3
2002-03-23 11:00:00Z;43,05224;0;3
2002-03-24 11:00:00Z;43,07931;0;3
2002-03-25 11:00:00Z;43,92477;0;3
2002-03-26 11:00:00Z;44,24695;0;3
2002-03-27 11:00:00Z;48,5942;0;3
2002-03-28 11:00:00Z;182,4015;0;3
2002-03-29 11:00:00Z;285,912;0;3
2002-03-30 11:00:00Z;155,901;0;3
2002-03-31 11:00:00Z;104,6264;0;3
2002-04-01 11:00:00Z;87,14835;0;3
2002-04-02 11:00:00Z;77,63286;0;3
2002-04-03 11:00:00Z;72,4353;0;3
2002-04-04 11:00:00Z;85,6788;0;3
2002-04-05 11:00:00Z;107,685;0;3
2002-04-06 11:00:00Z;99,51109;0;3
2002-04-07 11:00:00Z;88,95563;0;3
2002-04-08 11:00:00Z;80,97921;0;3
2002-04-09 11:00:00Z;76,03443;0;3
2002-04-10 11:00:00Z;81,90302;0;3
2002-04-11 11:00:00Z;131,3992;0;3
2002-04-12 11:00:00Z;123,1568;0;3
2002-04-13 11:00:00Z;104,6389;0;3
2002-04-14 11:00:00Z;88,9306;0;3
2002-04-15 11:00:00Z;79,38976;0;3
2002-04-16 11:00:00Z;75,46938;0;3
2002-04-17 11:00:00Z;75,97402;0;3
2002-04-18 11:00:00Z;73,9311;0;3
2002-04-19 11:00:00Z;73,14853;0;3
2002-04-20 11:00:00Z;76,49643;0;3
2002-04-21 11:00:00Z;86,12789;0;3
2002-04-22 11:00:00Z;145,1222;0;3
2002-04-23 11:00:00Z;354,1332;0;3
2002-04-24 11:00:00Z;461,525;0;3
2002-04-25 11:00:00Z;495,4492;0;3
2002-04-26 11:00:00Z;470,5888;0;3
2002-04-27 11:00:00Z;418,6707;0;3
2002-04-28 11:00:00Z;557,7062;0;3
2002-04-29 11:00:00Z;543,543;0;3
2002-04-30 11:00:00Z;426,3195;0;3
2002-05-01 11:00:00Z;411,3692;0;3
2002-05-02 11:00:00Z;478,336;0;3
2002-05-03 11:00:00Z;433,7872;0;3
2002-05-04 11:00:00Z;378,7467;0;3
2002-05-05 11:00:00Z;327,0691;0;3
2002-05-06 11:00:00Z;282,5197;0;3
2002-05-07 11:00:00Z;258,9589;0;3
2002-05-08 11:00:00Z;269,0681;0;3
2002-05-09 11:00:00Z;283,5379;0;3
2002-05-10 11:00:00Z;253,1305;0;3
2002-05-11 11:00:00Z;282,3911;0;3
2002-05-12 11:00:00Z;421,457;0;3
2002-05-13 11:00:00Z;569,6227;0;3
2002-05-14 11:00:00Z;468,1055;0;3
2002-05-15 11:00:00Z;496,5459;0;3
2002-05-16 11:00:00Z;550,6199;0;3
2002-05-17 11:00:00Z;477,2936;0;3
2002-05-18 11:00:00Z;364,5279;0;3
2002-05-19 11:00:00Z;279,033;0;3
2002-05-20 11:00:00Z;232,7415;0;3
2002-05-21 11:00:00Z;224,5268;0;3
2002-05-22 11:00:00Z;264,2873;0;3
2002-05-23 11:00:00Z;416,4847;0;3
2002-05-24 11:00:00Z;515,8542;0;3
2002-05-25 11:00:00Z;423,4285;0;3
2002-05-26 11:00:00Z;313,781;0;3
2002-05-27 11:00:00Z;282,3665;0;3
2002-05-28 11:00:00Z;332,1558;0;3
2002-05-29 11:00:00Z;424,1534;0;3
2002-05-30 11:00:00Z;424,8041;0;3
2002-05-31 11:00:00Z;383,6139;0;3
2002-06-01 11:00:00Z;333,9265;0;3
2002-06-02 11:00:00Z;323,1367;0;3
2002-06-03 11:00:00Z;291,2538;0;3
2002-06-04 11:00:00Z;314,2103;0;3
2002-06-05 11:00:00Z;352,7494;0;3
2002-06-06 11:00:00Z;363,5358;0;3
2002-06-07 11:00:00Z;364,765;0;3
2002-06-08 11:00:00Z;345,7192;0;3
2002-06-09 11:00:00Z;329,088;0;3
2002-06-10 11:00:00Z;356,2733;0;3
2002-06-11 11:00:00Z;393,5984;0;3
2002-06-12 11:00:00Z;387,2797;0;3
2002-06-13 11:00:00Z;370,2826;0;3
2002-06-14 11:00:00Z;271,7057;0;3
2002-06-15 11:00:00Z;242,5066;0;3
2002-06-16 11:00:00Z;216,0402;0;3
2002-06-17 11:00:00Z;213,0934;0;3
2002-06-18 11:00:00Z;195,4213;0;3
2002-06-19 11:00:00Z;210,8181;0;3
2002-06-20 11:00:00Z;318,4884;0;3
2002-06-21 11:00:00Z;380,6747;0;3
2002-06-22 11:00:00Z;244,3775;0;3
2002-06-23 11:00:00Z;172,2706;0;3
2002-06-24 11:00:00Z;137,1928;0;3
2002-06-25 11:00:00Z;119,9094;0;3
2002-06-26 11:00:00Z;112,6117;0;3
2002-06-27 11:00:00Z;115,3969;0;3
2002-06-28 11:00:00Z;113,3278;0;3
2002-06-29 11:00:00Z;116,0679;0;3
2002-06-30 11:00:00Z;127,6322;0;3
2002-07-01 11:00:00Z;141,2044;0;3
2002-07-02 11:00:00Z;136,358;0;3
2002-07-03 11:00:00Z;143,0227;0;3
2002-07-04 11:00:00Z;139,5707;0;3
2002-07-05 11:00:00Z;125,3954;0;3
2002-07-06 11:00:00Z;116,5757;0;3
2002-07-07 11:00:00Z;119,6989;0;3
2002-07-08 11:00:00Z;118,4396;0;3
2002-07-09 11:00:00Z;109,5899;0;3
2002-07-10 11:00:00Z;111,6149;0;3
2002-07-11 11:00:00Z;142,7085;0;3
2002-07-12 11:00:00Z;177,2427;0;3
2002-07-13 11:00:00Z;146,6118;0;3
2002-07-14 11:00:00Z;114,4186;0;3
2002-07-15 11:00:00Z;99,72089;0;3
2002-07-16 11:00:00Z;91,44858;0;3
2002-07-17 11:00:00Z;92,18552;0;3
2002-07-18 11:00:00Z;93,43475;0;3
2002-07-19 11:00:00Z;84,89238;0;3
2002-07-20 11:00:00Z;81,03156;0;3
2002-07-21 11:00:00Z;77,94378;0;3
2002-07-22 11:00:00Z;72,66473;0;3
2002-07-23 11:00:00Z;68,47059;0;3
2002-07-24 11:00:00Z;77,81419;0;3
2002-07-25 11:00:00Z;87,21049;0;3
2002-07-26 11:00:00Z;78,08839;0;3
2002-07-27 11:00:00Z;84,85934;0;3
2002-07-28 11:00:00Z;88,36919;0;3
2002-07-29 11:00:00Z;90,81011;0;3
2002-07-30 11:00:00Z;83,32552;0;3
2002-07-31 11:00:00Z;74,76521;0;3
2002-08-01 11:00:00Z;74,14728;0;3
2002-08-02 11:00:00Z;68,87315;0;3
2002-08-03 11:00:00Z;62,88826;0;3
2002-08-04 11:00:00Z;58,6455;0;3
2002-08-05 11:00:00Z;56,05278;0;3
2002-08-06 11:00:00Z;55,53498;0;3
2002-08-07 11:00:00Z;53,63875;0;3
2002-08-08 11:00:00Z;52,60696;0;3
2002-08-09 11:00:00Z;51,99688;0;3
2002-08-10 11:00:00Z;53,65948;0;3
2002-08-11 11:00:00Z;54,88753;0;3
2002-08-12 11:00:00Z;53,95657;0;3
2002-08-13 11:00:00Z;59,01109;0;3
2002-08-14 11:00:00Z;66,03275;0;3
2002-08-15 11:00:00Z;63,78658;0;3
2002-08-16 11:00:00Z;60,06094;0;3
2002-08-17 11:00:00Z;57,70714;0;3
2002-08-18 11:00:00Z;55,24023;0;3
2002-08-19 11:00:00Z;55,89022;0;3
2002-08-20 11:00:00Z;54,175;0;3
2002-08-21 11:00:00Z;53,48068;0;3
2002-08-22 11:00:00Z;53,7832;0;3
2002-08-23 11:00:00Z;52,21142;0;3
2002-08-24 11:00:00Z;50,18208;0;3
2002-08-25 11:00:00Z;49,79583;0;3
2002-08-26 11:00:00Z;51,46142;0;3
2002-08-27 11:00:00Z;50,34921;0;3
2002-08-28 11:00:00Z;53,06612;0;3
2002-08-29 11:00:00Z;58,20704;0;3
2002-08-30 11:00:00Z;84,12294;0;3
2002-08-31 11:00:00Z;121,9021;0;3
2002-09-01 11:00:00Z;125,5136;0;3
2002-09-02 11:00:00Z;161,3128;0;3
2002-09-03 11:00:00Z;310,8112;0;3
2002-09-04 11:00:00Z;154,9142;0;3
2002-09-05 11:00:00Z;110,8458;0;3
2002-09-06 11:00:00Z;97,80661;0;3
2002-09-07 11:00:00Z;93,30434;0;3
2002-09-08 11:00:00Z;79,85802;0;3
2002-09-09 11:00:00Z;70,87339;0;3
2002-09-10 11:00:00Z;65,52669;0;3
2002-09-11 11:00:00Z;61,53594;0;3
2002-09-12 11:00:00Z;59,56458;0;3
2002-09-13 11:00:00Z;62,07828;0;3
2002-09-14 11:00:00Z;66,06579;0;3
2002-09-15 11:00:00Z;60,40889;0;3
2002-09-16 11:00:00Z;80,1317;0;3
2002-09-17 11:00:00Z;102,1144;0;3
2002-09-18 11:00:00Z;122,9971;0;3
2002-09-19 11:00:00Z;98,17577;0;3
2002-09-20 11:00:00Z;79,45847;0;3
2002-09-21 11:00:00Z;70,51685;0;3
2002-09-22 11:00:00Z;64,48643;0;3
2002-09-23 11:00:00Z;59,6164;0;3
2002-09-24 11:00:00Z;80,1323;0;3
2002-09-25 11:00:00Z;97,72419;0;3
2002-09-26 11:00:00Z;81,91346;0;3
2002-09-27 11:00:00Z;71,96069;0;3
2002-09-28 11:00:00Z;325,9218;0;3
2002-09-29 11:00:00Z;354,6972;0;3
2002-09-30 11:00:00Z;242,382;0;3
2002-10-01 11:00:00Z;163,6303;0;3
2002-10-02 11:00:00Z;130,3952;0;3
2002-10-03 11:00:00Z;110,8433;0;3
2002-10-04 11:00:00Z;94,83309;0;3
2002-10-05 11:00:00Z;83,29665;0;3
2002-10-06 11:00:00Z;73,21406;0;3
2002-10-07 11:00:00Z;67,0992;0;3
2002-10-08 11:00:00Z;62,36404;0;3
2002-10-09 11:00:00Z;58,72432;0;3
2002-10-10 11:00:00Z;56,15739;0;3
2002-10-11 11:00:00Z;54,2338;0;3
2002-10-12 11:00:00Z;51,63561;0;3
2002-10-13 11:00:00Z;50,04422;0;3
2002-10-14 11:00:00Z;48,34121;0;3
2002-10-15 11:00:00Z;46,47849;0;3
2002-10-16 11:00:00Z;44,93122;0;3
2002-10-17 11:00:00Z;43,78296;0;3
2002-10-18 11:00:00Z;40,56659;0;3
2002-10-19 11:00:00Z;39,77103;0;3
2002-10-20 11:00:00Z;41,09721;0;3
2002-10-21 11:00:00Z;39,8045;0;3
2002-10-22 11:00:00Z;38,89856;0;3
2002-10-23 11:00:00Z;39,41195;0;3
2002-10-24 11:00:00Z;39,15129;0;3
2002-10-25 11:00:00Z;38,2405;0;3
2002-10-26 11:00:00Z;39,22779;0;3
2002-10-27 11:00:00Z;44,21547;0;3
2002-10-28 11:00:00Z;45,29066;0;3
2002-10-29 11:00:00Z;61,50836;0;3
2002-10-30 11:00:00Z;68,14326;0;3
2002-10-31 11:00:00Z;55,20126;0;3
2002-11-01 11:00:00Z;50,47775;0;3
2002-11-02 11:00:00Z;48,44949;0;3
2002-11-03 11:00:00Z;46,91598;0;3
2002-11-04 11:00:00Z;49,06718;0;3
2002-11-05 11:00:00Z;52,44009;0;3
2002-11-06 11:00:00Z;50,42245;0;3
2002-11-07 11:00:00Z;48,95232;0;3
2002-11-08 11:00:00Z;44,85794;0;3
2002-11-09 11:00:00Z;38,853;0;3
2002-11-10 11:00:00Z;35,23507;0;3
2002-11-11 11:00:00Z;31,63829;0;3
2002-11-12 11:00:00Z;30,1788;2;3
2002-11-13 11:00:00Z;29,088;2;3
2002-11-14 11:00:00Z;29,4516;2;3
2002-11-15 11:00:00Z;29,06982;2;3
2002-11-16 11:00:00Z;28,68804;2;3
2002-11-17 11:00:00Z;28,27608;2;3
2002-11-18 11:00:00Z;27,86376;2;3
2002-11-19 11:00:00Z;27,4518;2;3
2002-11-20 11:00:00Z;27,13656;2;3
2002-11-21 11:00:00Z;26,82168;2;3
2002-11-22 11:00:00Z;26,50644;2;3
2002-11-23 11:00:00Z;26,25192;2;3
2002-11-24 11:00:00Z;25,9974;2;3
2002-11-25 11:00:00Z;26,87004;2;3
2002-11-26 11:00:00Z;29,4516;2;3
2002-11-27 11:00:00Z;29,30616;2;3
2002-11-28 11:00:00Z;29,088;2;3
2002-11-29 11:00:00Z;28,8153;2;3
2002-11-30 11:00:00Z;28,5426;2;3
2002-12-01 11:00:00Z;29,58342;0;3
2002-12-02 11:00:00Z;29,21361;0;3
2002-12-03 11:00:00Z;29,10644;0;3
2002-12-04 11:00:00Z;28,97038;0;3
2002-12-05 11:00:00Z;30,05608;0;3
2002-12-06 11:00:00Z;30,26381;0;3
2002-12-07 11:00:00Z;30,11543;0;3
2002-12-08 11:00:00Z;29,36804;0;3
2002-12-09 11:00:00Z;29,15507;0;3
2002-12-10 11:00:00Z;29,78902;0;3
2002-12-11 11:00:00Z;30,10666;0;3
2002-12-12 11:00:00Z;43,8773;0;3
2002-12-13 11:00:00Z;54,7896;0;3
2002-12-14 11:00:00Z;42,83522;0;3
2002-12-15 11:00:00Z;38,17507;0;3
2002-12-16 11:00:00Z;37,43468;0;3
2002-12-17 11:00:00Z;37,43468;0;3
2002-12-18 11:00:00Z;37,43468;0;3
2002-12-19 11:00:00Z;64,92153;0;3
2002-12-20 11:00:00Z;117,1896;0;3
2002-12-21 11:00:00Z;71,7898;0;3
2002-12-22 11:00:00Z;52,14793;0;3
2002-12-23 11:00:00Z;46,6389;0;3
2002-12-24 11:00:00Z;43,886;0;3
2002-12-25 11:00:00Z;42,39576;2;3
2002-12-26 11:00:00Z;40,86864;2;3
2002-12-27 11:00:00Z;39,37788;2;3
2002-12-28 11:00:00Z;37,85076;2;3
2002-12-29 11:00:00Z;36,36;1;3
2002-12-30 11:00:00Z;36,36;2;3
2002-12-31 11:00:00Z;36,36;1;3
2003-01-01 11:00:00Z;38,541;0;3
2003-01-02 11:00:00Z;37,08683;2;3
2003-01-03 11:00:00Z;35,63243;2;3
2003-01-04 11:00:00Z;34,1784;2;3
2003-01-05 11:00:00Z;32,724;1;3
2003-01-06 11:00:00Z;34,01587;2;3
2003-01-07 11:00:00Z;35,30774;2;3
2003-01-08 11:00:00Z;36,59964;1;3
2003-01-09 11:00:00Z;34,05349;1;3
2003-01-10 11:00:00Z;31,82893;1;3
2003-01-11 11:00:00Z;36,13897;1;3
2003-01-12 11:00:00Z;36,67163;1;3
2003-01-13 11:00:00Z;39,18482;1;3
2003-01-14 11:00:00Z;38,01366;1;3
2003-01-15 11:00:00Z;38,01887;1;3
2003-01-16 11:00:00Z;39,80518;1;3
2003-01-17 11:00:00Z;42,1157;1;3
2003-01-18 11:00:00Z;48,87829;1;3
2003-01-19 11:00:00Z;49,09765;1;3
2003-01-20 11:00:00Z;48,87307;1;3
2003-01-21 11:00:00Z;52,31004;1;3
2003-01-22 11:00:00Z;51,15213;1;3
2003-01-23 11:00:00Z;48,00968;1;3
2003-01-24 11:00:00Z;45,14162;1;3
2003-01-25 11:00:00Z;42,4458;1;3
2003-01-26 11:00:00Z;39,00814;1;3
2003-01-27 11:00:00Z;35,75667;1;3
2003-01-28 11:00:00Z;32,85997;1;3
2003-01-29 11:00:00Z;31,29135;1;3
2003-01-30 11:00:00Z;32,03803;1;3
2003-01-31 11:00:00Z;32,70344;1;3
2003-02-01 11:00:00Z;34,61057;1;3
2003-02-02 11:00:00Z;36,48643;1;3
2003-02-03 11:00:00Z;34,92046;1;3
2003-02-04 11:00:00Z;32,50865;1;3
2003-02-05 11:00:00Z;30,7431;1;3
2003-02-06 11:00:00Z;30,16611;1;3
2003-02-07 11:00:00Z;30,46301;1;3
2003-02-08 11:00:00Z;34,34959;1;3
2003-02-09 11:00:00Z;41,75905;1;3
2003-02-10 11:00:00Z;54,89763;1;3
2003-02-11 11:00:00Z;63,27673;0;3
2003-02-12 11:00:00Z;57,14354;0;3
2003-02-13 11:00:00Z;59,72886;0;3
2003-02-14 11:00:00Z;79,70754;0;3
2003-02-15 11:00:00Z;71,13919;0;3
2003-02-16 11:00:00Z;62,22976;0;3
2003-02-17 11:00:00Z;68,0613;0;3
2003-02-18 11:00:00Z;68,85242;0;3
2003-02-19 11:00:00Z;59,61422;0;3
2003-02-20 11:00:00Z;51,10649;0;3
2003-02-21 11:00:00Z;46,76042;0;3
2003-02-22 11:00:00Z;45,4038;0;3
2003-02-23 11:00:00Z;44,5112;0;3
2003-02-24 11:00:00Z;42,56803;0;3
2003-02-25 11:00:00Z;46,59459;0;3
2003-02-26 11:00:00Z;64,56252;0;3
2003-02-27 11:00:00Z;60,10923;0;3
2003-02-28 11:00:00Z;52,78865;0;3
2003-03-01 11:00:00Z;48,02738;0;3
2003-03-02 11:00:00Z;44,303;0;3
2003-03-03 11:00:00Z;41,17228;0;3
2003-03-04 11:00:00Z;39,82618;0;3
2003-03-05 11:00:00Z;38,89622;0;3
2003-03-06 11:00:00Z;39,17381;0;3
2003-03-07 11:00:00Z;39,02269;0;3
2003-03-08 11:00:00Z;46,89317;0;3
2003-03-09 11:00:00Z;58,95533;0;3
2003-03-10 11:00:00Z;58,65602;0;3
2003-03-11 11:00:00Z;73,82098;0;3
2003-03-12 11:00:00Z;63,18435;0;3
2003-03-13 11:00:00Z;58,00619;0;3
2003-03-14 11:00:00Z;100,8747;0;3
2003-03-15 11:00:00Z;130,5086;0;3
2003-03-16 11:00:00Z;102,0475;0;3
2003-03-17 11:00:00Z;122,9442;0;3
2003-03-18 11:00:00Z;200,4315;0;3
2003-03-19 11:00:00Z;230,0821;0;3
2003-03-20 11:00:00Z;129,1506;0;3
2003-03-21 11:00:00Z;96,2975;0;3
2003-03-22 11:00:00Z;210,1951;0;3
2003-03-23 11:00:00Z;336,1238;0;3
2003-03-24 11:00:00Z;281,1822;0;3
2003-03-25 11:00:00Z;198,2691;0;3
2003-03-26 11:00:00Z;265,078;0;3
2003-03-27 11:00:00Z;462,3972;0;3
2003-03-28 11:00:00Z;219,6402;0;3
2003-03-29 11:00:00Z;182,8162;0;3
2003-03-30 11:00:00Z;173,7435;0;3
2003-03-31 11:00:00Z;129,9006;0;3
2003-04-01 11:00:00Z;107,3398;0;3
2003-04-02 11:00:00Z;96,52139;0;3
2003-04-03 11:00:00Z;88,05595;0;3
2003-04-04 11:00:00Z;82,53207;0;3
2003-04-05 11:00:00Z;77,55747;0;3
2003-04-06 11:00:00Z;70,90086;0;3
2003-04-07 11:00:00Z;66,23508;0;3
2003-04-08 11:00:00Z;62,6485;0;3
2003-04-09 11:00:00Z;61,57329;0;3
2003-04-10 11:00:00Z;59,73169;0;3
2003-04-11 11:00:00Z;60,57726;0;3
2003-04-12 11:00:00Z;58,79552;0;3
2003-04-13 11:00:00Z;58,28915;0;3
2003-04-14 11:00:00Z;59,74916;0;3
2003-04-15 11:00:00Z;60,57704;0;3
2003-04-16 11:00:00Z;76,34474;0;3
2003-04-17 11:00:00Z;95,49648;0;3
2003-04-18 11:00:00Z;98,59923;0;3
2003-04-19 11:00:00Z;117,0039;0;3
2003-04-20 11:00:00Z;146,3733;0;3
2003-04-21 11:00:00Z;173,7522;0;3
2003-04-22 11:00:00Z;187,2001;0;3
2003-04-23 11:00:00Z;152,7147;0;3
2003-04-24 11:00:00Z;133,3818;0;3
2003-04-25 11:00:00Z;115,7377;0;3
2003-04-26 11:00:00Z;104,6984;0;3
2003-04-27 11:00:00Z;97,21351;0;3
2003-04-28 11:00:00Z;90,44377;0;3
2003-04-29 11:00:00Z;86,84884;0;3
2003-04-30 11:00:00Z;85,06644;0;3
2003-05-01 11:00:00Z;79,50986;0;3
2003-05-02 11:00:00Z;75,77106;0;3
2003-05-03 11:00:00Z;72,6514;0;3
2003-05-04 11:00:00Z;70,7965;0;3
2003-05-05 11:00:00Z;72,9083;0;3
2003-05-06 11:00:00Z;154,1854;0;3
2003-05-07 11:00:00Z;196,0319;0;3
2003-05-08 11:00:00Z;148,3571;0;3
2003-05-09 11:00:00Z;144,2861;0;3
2003-05-10 11:00:00Z;170,7211;0;3
2003-05-11 11:00:00Z;180,2935;0;3
2003-05-12 11:00:00Z;206,0192;0;3
2003-05-13 11:00:00Z;362,4366;0;3
2003-05-14 11:00:00Z;388,6091;0;3
2003-05-15 11:00:00Z;396,219;0;3
2003-05-16 11:00:00Z;323,1087;0;3
2003-05-17 11:00:00Z;282,9978;0;3
2003-05-18 11:00:00Z;320,4276;0;3
2003-05-19 11:00:00Z;469,5419;0;3
2003-05-20 11:00:00Z;556,0375;0;3
2003-05-21 11:00:00Z;577,3339;0;3
2003-05-22 11:00:00Z;620,4356;0;3
2003-05-23 11:00:00Z;621,4769;0;3
2003-05-24 11:00:00Z;621,2849;0;3
2003-05-25 11:00:00Z;609,1409;0;3
2003-05-26 11:00:00Z;652,778;0;3
2003-05-27 11:00:00Z;731,2496;0;3
2003-05-28 11:00:00Z;827,1929;0;3
2003-05-29 11:00:00Z;657,301;0;3
2003-05-30 11:00:00Z;689,1603;0;3
2003-05-31 11:00:00Z;622,9573;0;3
2003-06-01 11:00:00Z;501,8926;0;3
2003-06-02 11:00:00Z;402,8188;0;3
2003-06-03 11:00:00Z;405,9006;0;3
2003-06-04 11:00:00Z;506,84;0;3
2003-06-05 11:00:00Z;553,4912;0;3
2003-06-06 11:00:00Z;688,0641;0;3
2003-06-07 11:00:00Z;592,1514;0;3
2003-06-08 11:00:00Z;517,6748;0;3
2003-06-09 11:00:00Z;473,9193;0;3
2003-06-10 11:00:00Z;422,2616;0;3
2003-06-11 11:00:00Z;342,9835;0;3
2003-06-12 11:00:00Z;297,9245;0;3
2003-06-13 11:00:00Z;273,7687;0;3
2003-06-14 11:00:00Z;234,3085;0;3
2003-06-15 11:00:00Z;201,9942;0;3
2003-06-16 11:00:00Z;179,4975;0;3
2003-06-17 11:00:00Z;162,9455;0;3
2003-06-18 11:00:00Z;160,5671;0;3
2003-06-19 11:00:00Z;221,4662;0;3
2003-06-20 11:00:00Z;406,2314;0;3
2003-06-21 11:00:00Z;366,0049;0;3
2003-06-22 11:00:00Z;338,6246;0;3
2003-06-23 11:00:00Z;310,431;0;3
2003-06-24 11:00:00Z;303,1562;0;3
2003-06-25 11:00:00Z;312,7386;0;3
2003-06-26 11:00:00Z;301,05;0;3
2003-06-27 11:00:00Z;270,4945;0;3
2003-06-28 11:00:00Z;247,1761;0;3
2003-06-29 11:00:00Z;242,9781;0;3
2003-06-30 11:00:00Z;258,285;0;3
2003-07-01 11:00:00Z;249,6604;0;3
2003-07-02 11:00:00Z;219,8362;0;3
2003-07-03 11:00:00Z;203,4234;0;3
2003-07-04 11:00:00Z;187,8041;0;3
2003-07-05 11:00:00Z;185,6065;0;3
2003-07-06 11:00:00Z;156,509;0;3
2003-07-07 11:00:00Z;130,679;0;3
2003-07-08 11:00:00Z;115,9772;0;3
2003-07-09 11:00:00Z;141,2863;0;3
2003-07-10 11:00:00Z;165,8065;0;3
2003-07-11 11:00:00Z;147,904;0;3
2003-07-12 11:00:00Z;150,0645;0;3
2003-07-13 11:00:00Z;140,1988;0;3
2003-07-14 11:00:00Z;126,911;0;3
2003-07-15 11:00:00Z;125,7272;0;3
2003-07-16 11:00:00Z;131,0244;0;3
2003-07-17 11:00:00Z;132,4462;0;3
2003-07-18 11:00:00Z;119,4921;0;3
2003-07-19 11:00:00Z;123,4111;0;3
2003-07-20 11:00:00Z;134,5911;0;3
2003-07-21 11:00:00Z;124,3418;0;3
2003-07-22 11:00:00Z;120,9368;0;3
2003-07-23 11:00:00Z;115,2281;0;3
2003-07-24 11:00:00Z;114,2502;0;3
2003-07-25 11:00:00Z;100,4268;0;3
2003-07-26 11:00:00Z;93,83266;0;3
2003-07-27 11:00:00Z;92,63891;0;3
2003-07-28 11:00:00Z;98,08944;0;3
2003-07-29 11:00:00Z;110,4305;0;3
2003-07-30 11:00:00Z;91,19775;0;3
2003-07-31 11:00:00Z;88,57204;0;3
2003-08-01 11:00:00Z;90,84325;0;3
2003-08-02 11:00:00Z;101,3558;0;3
2003-08-03 11:00:00Z;101,0935;0;3
2003-08-04 11:00:00Z;85,79499;0;3
2003-08-05 11:00:00Z;115,9252;0;3
2003-08-06 11:00:00Z;104,4125;0;3
2003-08-07 11:00:00Z;93,3907;0;3
2003-08-08 11:00:00Z;93,86102;0;3
2003-08-09 11:00:00Z;80,04773;0;3
2003-08-10 11:00:00Z;72,71106;0;3
2003-08-11 11:00:00Z;67,33728;0;3
2003-08-12 11:00:00Z;64,89728;0;3
2003-08-13 11:00:00Z;61,98891;0;3
2003-08-14 11:00:00Z;71,02557;0;3
2003-08-15 11:00:00Z;92,67238;0;3
2003-08-16 11:00:00Z;94,30559;0;3
2003-08-17 11:00:00Z;79,25285;0;3
2003-08-18 11:00:00Z;70,90051;0;3
2003-08-19 11:00:00Z;64,53965;0;3
2003-08-20 11:00:00Z;77,00817;0;3
2003-08-21 11:00:00Z;136,0327;0;3
2003-08-22 11:00:00Z;111,9326;0;3
2003-08-23 11:00:00Z;89,88696;0;3
2003-08-24 11:00:00Z;81,86954;0;3
2003-08-25 11:00:00Z;76,40718;0;3
2003-08-26 11:00:00Z;85,438;0;3
2003-08-27 11:00:00Z;91,48779;0;3
2003-08-28 11:00:00Z;80,64862;0;3
2003-08-29 11:00:00Z;72,68108;0;3
2003-08-30 11:00:00Z;68,06693;0;3
2003-08-31 11:00:00Z;63,17122;0;3
2003-09-01 11:00:00Z;58,72875;0;3
2003-09-02 11:00:00Z;55,35751;0;3
2003-09-03 11:00:00Z;109,9222;0;3
2003-09-04 11:00:00Z;276,5937;0;3
2003-09-05 11:00:00Z;166,5331;0;3
2003-09-06 11:00:00Z;121,3808;0;3
2003-09-07 11:00:00Z;98,51107;0;3
2003-09-08 11:00:00Z;87,2704;0;3
2003-09-09 11:00:00Z;78,60895;0;3
2003-09-10 11:00:00Z;72,38692;0;3
2003-09-11 11:00:00Z;67,70968;0;3
2003-09-12 11:00:00Z;61,8923;0;3
2003-09-13 11:00:00Z;59,70238;0;3
2003-09-14 11:00:00Z;67,13445;0;3
2003-09-15 11:00:00Z;217,9151;0;3
2003-09-16 11:00:00Z;500,6795;0;3
2003-09-17 11:00:00Z;284,1366;0;3
2003-09-18 11:00:00Z;314,7906;0;3
2003-09-19 11:00:00Z;505,5027;0;3
2003-09-20 11:00:00Z;298,4566;0;3
2003-09-21 11:00:00Z;294,6618;0;3
2003-09-22 11:00:00Z;201,8898;0;3
2003-09-23 11:00:00Z;184,7209;0;3
2003-09-24 11:00:00Z;192,8133;0;3
2003-09-25 11:00:00Z;211,4901;0;3
2003-09-26 11:00:00Z;165,1499;0;3
2003-09-27 11:00:00Z;145,0841;0;3
2003-09-28 11:00:00Z;125,7421;0;3
2003-09-29 11:00:00Z;108,4378;0;3
2003-09-30 11:00:00Z;97,75826;0;3
2003-10-01 11:00:00Z;90,26273;0;3
2003-10-02 11:00:00Z;87,51305;0;3
2003-10-03 11:00:00Z;99,98932;0;3
2003-10-04 11:00:00Z;123,9114;0;3
2003-10-05 11:00:00Z;110,2876;0;3
2003-10-06 11:00:00Z;101,6473;0;3
2003-10-07 11:00:00Z;91,83561;0;3
2003-10-08 11:00:00Z;81,51824;0;3
2003-10-09 11:00:00Z;78,73458;0;3
2003-10-10 11:00:00Z;82,63092;0;3
2003-10-11 11:00:00Z;77,32345;0;3
2003-10-12 11:00:00Z;81,71225;0;3
2003-10-13 11:00:00Z;79,29758;0;3
2003-10-14 11:00:00Z;72,2215;0;3
2003-10-15 11:00:00Z;66,99674;0;3
2003-10-16 11:00:00Z;70,52229;0;3
2003-10-17 11:00:00Z;126,966;0;3
2003-10-18 11:00:00Z;143,6865;0;3
2003-10-19 11:00:00Z;98,72238;0;3
2003-10-20 11:00:00Z;81,35516;0;3
2003-10-21 11:00:00Z;69,84611;0;3
2003-10-22 11:00:00Z;59,32172;0;3
2003-10-23 11:00:00Z;60,78308;0;3
2003-10-24 11:00:00Z;60,45258;0;3
2003-10-25 11:00:00Z;55,3965;0;3
2003-10-26 11:00:00Z;50,73649;0;3
2003-10-27 11:00:00Z;62,7576;0;3
2003-10-28 11:00:00Z;224,7905;0;3
2003-10-29 11:00:00Z;131,6124;0;3
2003-10-30 11:00:00Z;100,0252;0;3
2003-10-31 11:00:00Z;86,41389;0;3
2003-11-01 11:00:00Z;79,20651;0;3
2003-11-02 11:00:00Z;75,0202;0;3
2003-11-03 11:00:00Z;72,07841;0;3
2003-11-04 11:00:00Z;80,06525;0;3
2003-11-05 11:00:00Z;108,0716;0;3
2003-11-06 11:00:00Z;226,1846;0;3
2003-11-07 11:00:00Z;230,7595;0;3
2003-11-08 11:00:00Z;151,8387;0;3
2003-11-09 11:00:00Z;113,7709;0;3
2003-11-10 11:00:00Z;94,82858;0;3
2003-11-11 11:00:00Z;86,59202;0;3
2003-11-12 11:00:00Z;75,90421;0;3
2003-11-13 11:00:00Z;70,36401;0;3
2003-11-14 11:00:00Z;68,95728;0;3
2003-11-15 11:00:00Z;64,26256;0;3
2003-11-16 11:00:00Z;59,03397;0;3
2003-11-17 11:00:00Z;54,54;2;3
2003-11-18 11:00:00Z;52,3584;2;3
2003-11-19 11:00:00Z;50,06772;2;3
2003-11-20 11:00:00Z;48,7224;2;3
2003-11-21 11:00:00Z;47,268;2;3
2003-11-22 11:00:00Z;45,9954;2;3
2003-11-23 11:00:00Z;44,7228;2;3
2003-11-24 11:00:00Z;44,1774;2;3
2003-11-25 11:00:00Z;43,632;1;3
2003-11-26 11:00:00Z;44,39872;0;3
2003-11-27 11:00:00Z;47,46356;0;3
2003-11-28 11:00:00Z;46,88161;0;3
2003-11-29 11:00:00Z;40,59827;0;3
2003-11-30 11:00:00Z;39,95166;0;3
2003-12-01 11:00:00Z;42,83142;0;3
2003-12-02 11:00:00Z;44,27494;0;3
2003-12-03 11:00:00Z;42,65338;0;3
2003-12-04 11:00:00Z;77,75963;0;3
2003-12-05 11:00:00Z;78,57088;0;3
2003-12-06 11:00:00Z;55,11529;0;3
2003-12-07 11:00:00Z;137,5632;0;3
2003-12-08 11:00:00Z;150,6343;0;3
2003-12-09 11:00:00Z;92,15742;0;3
2003-12-10 11:00:00Z;100,3341;0;3
2003-12-11 11:00:00Z;143,6962;0;3
2003-12-12 11:00:00Z;93,06317;0;3
2003-12-13 11:00:00Z;76,15723;0;3
2003-12-14 11:00:00Z;74,13479;0;3
2003-12-15 11:00:00Z;67,46422;0;3
2003-12-16 11:00:00Z;62,75333;0;3
2003-12-17 11:00:00Z;63,67782;0;3
2003-12-18 11:00:00Z;67,67555;0;3
2003-12-19 11:00:00Z;71,65629;0;3
2003-12-20 11:00:00Z;72,52487;0;3
2003-12-21 11:00:00Z;67,30864;0;3
2003-12-22 11:00:00Z;61,84036;2;3
2003-12-23 11:00:00Z;56,37218;2;3
2003-12-24 11:00:00Z;50,904;1;3
2003-12-25 11:00:00Z;54,72034;2;3
2003-12-26 11:00:00Z;58,53633;2;3
2003-12-27 11:00:00Z;62,3527;0;3
2003-12-28 11:00:00Z;58,5724;0;3
2003-12-29 11:00:00Z;55,33952;0;3
2003-12-30 11:00:00Z;54,23778;0;3
2003-12-31 11:00:00Z;54,19156;0;3
2004-01-01 11:00:00Z;53,05089;0;3
2004-01-02 11:00:00Z;50,80912;0;3
2004-01-03 11:00:00Z;52,12365;0;3
2004-01-04 11:00:00Z;52,50258;0;3
2004-01-05 11:00:00Z;49,72344;0;3
2004-01-06 11:00:00Z;47,80368;0;3
2004-01-07 11:00:00Z;50,53621;0;3
2004-01-08 11:00:00Z;52,15155;0;3
2004-01-09 11:00:00Z;47,76772;0;3
2004-01-10 11:00:00Z;45,84109;0;3
2004-01-11 11:00:00Z;45,71107;0;3
2004-01-12 11:00:00Z;47,81345;0;3
2004-01-13 11:00:00Z;47,96672;0;3
2004-01-14 11:00:00Z;44,85654;0;3
2004-01-15 11:00:00Z;44,05073;0;3
2004-01-16 11:00:00Z;42,78346;0;3
2004-01-17 11:00:00Z;40,54249;0;3
2004-01-18 11:00:00Z;41,11793;0;3
2004-01-19 11:00:00Z;42,1009;0;3
2004-01-20 11:00:00Z;41,00254;0;3
2004-01-21 11:00:00Z;38,56161;0;3
2004-01-22 11:00:00Z;37,52677;0;3
2004-01-23 11:00:00Z;40,73006;0;3
2004-01-24 11:00:00Z;42,38619;0;3
2004-01-25 11:00:00Z;40,09846;0;3
2004-01-26 11:00:00Z;39,2318;0;3
2004-01-27 11:00:00Z;38,15999;0;3
2004-01-28 11:00:00Z;36,75529;0;3
2004-01-29 11:00:00Z;36,74664;0;3
2004-01-30 11:00:00Z;37,39021;0;3
2004-01-31 11:00:00Z;36,49551;0;3
2004-02-01 11:00:00Z;35,18041;0;3
2004-02-02 11:00:00Z;33,97208;0;3
2004-02-03 11:00:00Z;34,59964;0;3
2004-02-04 11:00:00Z;35,95998;0;3
2004-02-05 11:00:00Z;40,26238;0;3
2004-02-06 11:00:00Z;46,73944;0;3
2004-02-07 11:00:00Z;45,70226;0;3
2004-02-08 11:00:00Z;42,11462;0;3
2004-02-09 11:00:00Z;42,19168;0;3
2004-02-10 11:00:00Z;40,7217;0;3
2004-02-11 11:00:00Z;39,69402;0;3
2004-02-12 11:00:00Z;39,25539;0;3
2004-02-13 11:00:00Z;41,2253;0;3
2004-02-14 11:00:00Z;61,58944;0;3
2004-02-15 11:00:00Z;67,97396;0;3
2004-02-16 11:00:00Z;60,65092;0;3
2004-02-17 11:00:00Z;59,30373;0;3
2004-02-18 11:00:00Z;58,24622;0;3
2004-02-19 11:00:00Z;52,99854;0;3
2004-02-20 11:00:00Z;128,9079;0;3
2004-02-21 11:00:00Z;433,1437;0;3
2004-02-22 11:00:00Z;216,4552;0;3
2004-02-23 11:00:00Z;135,38;0;3
2004-02-24 11:00:00Z;107,2485;0;3
2004-02-25 11:00:00Z;93,29002;0;3
2004-02-26 11:00:00Z;82,2905;0;3
2004-02-27 11:00:00Z;84,60575;0;3
2004-02-28 11:00:00Z;83,39845;0;3
2004-02-29 11:00:00Z;87,6532;0;3
2004-03-01 11:00:00Z;76,80144;0;3
2004-03-02 11:00:00Z;71,94451;0;3
2004-03-03 11:00:00Z;65,83228;0;3
2004-03-04 11:00:00Z;65,09679;0;3
2004-03-05 11:00:00Z;71,4261;0;3
2004-03-06 11:00:00Z;61,38393;0;3
2004-03-07 11:00:00Z;58,01638;0;3
2004-03-08 11:00:00Z;54,03653;0;3
2004-03-09 11:00:00Z;50,96546;0;3
2004-03-10 11:00:00Z;49,55493;0;3
2004-03-11 11:00:00Z;49,40044;0;3
2004-03-12 11:00:00Z;52,40194;0;3
2004-03-13 11:00:00Z;51,38435;0;3
2004-03-14 11:00:00Z;46,11382;0;3
2004-03-15 11:00:00Z;44,7969;0;3
2004-03-16 11:00:00Z;44,25188;0;3
2004-03-17 11:00:00Z;45,62505;0;3
2004-03-18 11:00:00Z;70,08619;0;3
2004-03-19 11:00:00Z;94,5178;0;3
2004-03-20 11:00:00Z;85,71339;0;3
2004-03-21 11:00:00Z;72,68781;0;3
2004-03-22 11:00:00Z;62,71797;0;3
2004-03-23 11:00:00Z;57,83672;0;3
2004-03-24 11:00:00Z;54,03389;0;3
2004-03-25 11:00:00Z;51,04482;0;3
2004-03-26 11:00:00Z;47,846;0;3
2004-03-27 11:00:00Z;48,47661;0;3
2004-03-28 11:00:00Z;48,45647;0;3
2004-03-29 11:00:00Z;48,12456;0;3
2004-03-30 11:00:00Z;48,50866;0;3
2004-03-31 11:00:00Z;48,70613;0;3
2004-04-01 11:00:00Z;47,05525;0;3
2004-04-02 11:00:00Z;46,21957;0;3
2004-04-03 11:00:00Z;46,08185;0;3
2004-04-04 11:00:00Z;46,69032;0;3
2004-04-05 11:00:00Z;49,52864;0;3
2004-04-06 11:00:00Z;52,94987;0;3
2004-04-07 11:00:00Z;56,13395;0;3
2004-04-08 11:00:00Z;55,19171;0;3
2004-04-09 11:00:00Z;75,15578;0;3
2004-04-10 11:00:00Z;68,67005;0;3
2004-04-11 11:00:00Z;60,01394;0;3
2004-04-12 11:00:00Z;54,78665;0;3
2004-04-13 11:00:00Z;52,94025;0;3
2004-04-14 11:00:00Z;78,1863;0;3
2004-04-15 11:00:00Z;104,2038;0;3
2004-04-16 11:00:00Z;111,9042;0;3
2004-04-17 11:00:00Z;131,1178;0;3
2004-04-18 11:00:00Z;128,7072;0;3
2004-04-19 11:00:00Z;178,9484;0;3
2004-04-20 11:00:00Z;228,6008;0;3
2004-04-21 11:00:00Z;247,0975;0;3
2004-04-22 11:00:00Z;234,3466;0;3
2004-04-23 11:00:00Z;208,2622;0;3
2004-04-24 11:00:00Z;322,7597;0;3
2004-04-25 11:00:00Z;268,8646;0;3
2004-04-26 11:00:00Z;216,1616;0;3
2004-04-27 11:00:00Z;214,1257;0;3
2004-04-28 11:00:00Z;217,7126;0;3
2004-04-29 11:00:00Z;250,5105;0;3
2004-04-30 11:00:00Z;286,5519;0;3
2004-05-01 11:00:00Z;273,9781;0;3
2004-05-02 11:00:00Z;281,8011;0;3
2004-05-03 11:00:00Z;324,9173;0;3
2004-05-04 11:00:00Z;457,654;0;3
2004-05-05 11:00:00Z;608,2159;0;3
2004-05-06 11:00:00Z;887,5641;0;3
2004-05-07 11:00:00Z;985,7548;0;3
2004-05-08 11:00:00Z;928,1278;0;3
2004-05-09 11:00:00Z;843,635;0;3
2004-05-10 11:00:00Z;748,0602;0;3
2004-05-11 11:00:00Z;592,2182;0;3
2004-05-12 11:00:00Z;447,4907;0;3
2004-05-13 11:00:00Z;339,9162;0;3
2004-05-14 11:00:00Z;273,5154;0;3
2004-05-15 11:00:00Z;228,3476;0;3
2004-05-16 11:00:00Z;195,6517;0;3
2004-05-17 11:00:00Z;198,0249;0;3
2004-05-18 11:00:00Z;387,4215;0;3
2004-05-19 11:00:00Z;411,3592;0;3
2004-05-20 11:00:00Z;300,0847;0;3
2004-05-21 11:00:00Z;226,4008;0;3
2004-05-22 11:00:00Z;184,1355;0;3
2004-05-23 11:00:00Z;155,6492;0;3
2004-05-24 11:00:00Z;143,0377;0;3
2004-05-25 11:00:00Z;148,5076;0;3
2004-05-26 11:00:00Z;169,0175;0;3
2004-05-27 11:00:00Z;170,3617;0;3
2004-05-28 11:00:00Z;198,3796;0;3
2004-05-29 11:00:00Z;182,2346;0;3
2004-05-30 11:00:00Z;164,059;0;3
2004-05-31 11:00:00Z;167,2232;0;3
2004-06-01 11:00:00Z;181,5169;0;3
2004-06-02 11:00:00Z;194,3051;0;3
2004-06-03 11:00:00Z;209,7658;0;3
2004-06-04 11:00:00Z;218,8934;0;3
2004-06-05 11:00:00Z;258,9401;0;3
2004-06-06 11:00:00Z;378,6868;0;3
2004-06-07 11:00:00Z;264,5182;0;3
2004-06-08 11:00:00Z;197,4018;0;3
2004-06-09 11:00:00Z;173,2047;0;3
2004-06-10 11:00:00Z;159,906;0;3
2004-06-11 11:00:00Z;162,1707;0;3
2004-06-12 11:00:00Z;191,109;0;3
2004-06-13 11:00:00Z;215,5132;0;3
2004-06-14 11:00:00Z;593,4305;0;3
2004-06-15 11:00:00Z;626,1732;0;3
2004-06-16 11:00:00Z;379,6926;0;3
2004-06-17 11:00:00Z;262,6236;0;3
2004-06-18 11:00:00Z;206,3954;0;3
2004-06-19 11:00:00Z;171,1;0;3
2004-06-20 11:00:00Z;162,74;0;3
2004-06-21 11:00:00Z;187,3205;0;3
2004-06-22 11:00:00Z;223,2274;0;3
2004-06-23 11:00:00Z;230,0748;0;3
2004-06-24 11:00:00Z;205,8183;0;3
2004-06-25 11:00:00Z;269,9826;0;3
2004-06-26 11:00:00Z;315,1465;0;3
2004-06-27 11:00:00Z;297,6776;0;3
2004-06-28 11:00:00Z;258,3525;0;3
2004-06-29 11:00:00Z;267,4042;0;3
2004-06-30 11:00:00Z;246,8733;0;3
2004-07-01 11:00:00Z;236,7177;0;3
2004-07-02 11:00:00Z;263,4129;0;3
2004-07-03 11:00:00Z;278,1841;0;3
2004-07-04 11:00:00Z;379,6567;0;3
2004-07-05 11:00:00Z;405,2464;0;3
2004-07-06 11:00:00Z;336,6936;1;3
2004-07-07 11:00:00Z;531,9468;1;3
2004-07-08 11:00:00Z;389,052;1;3
2004-07-09 11:00:00Z;298,152;1;3
2004-07-10 11:00:00Z;229,068;1;3
2004-07-11 11:00:00Z;203,616;1;3
2004-07-12 11:00:00Z;189,072;1;3
2004-07-13 11:00:00Z;170,0672;0;3
2004-07-14 11:00:00Z;149,0242;0;3
2004-07-15 11:00:00Z;138,2803;0;3
2004-07-16 11:00:00Z;130,9047;0;3
2004-07-17 11:00:00Z;138,4737;0;3
2004-07-18 11:00:00Z;134,8193;0;3
2004-07-19 11:00:00Z;167,0814;0;3
2004-07-20 11:00:00Z;201,0247;0;3
2004-07-21 11:00:00Z;183,5834;0;3
2004-07-22 11:00:00Z;152,1151;0;3
2004-07-23 11:00:00Z;153,8305;0;3
2004-07-24 11:00:00Z;159,14;0;3
2004-07-25 11:00:00Z;155,7605;0;3
2004-07-26 11:00:00Z;147,0638;0;3
2004-07-27 11:00:00Z;135,387;0;3
2004-07-28 11:00:00Z;121,9617;0;3
2004-07-29 11:00:00Z;109,8042;0;3
2004-07-30 11:00:00Z;101,3426;0;3
2004-07-31 11:00:00Z;105,517;0;3
2004-08-01 11:00:00Z;105,0371;0;3
2004-08-02 11:00:00Z;95,04613;0;3
2004-08-03 11:00:00Z;90,70786;0;3
2004-08-04 11:00:00Z;89,92719;0;3
2004-08-05 11:00:00Z;99,6719;0;3
2004-08-06 11:00:00Z;113,8835;0;3
2004-08-07 11:00:00Z;114,4565;0;3
2004-08-08 11:00:00Z;101,2591;0;3
2004-08-09 11:00:00Z;88,12227;0;3
2004-08-10 11:00:00Z;79,91264;0;3
2004-08-11 11:00:00Z;77,4253;0;3
2004-08-12 11:00:00Z;73,85989;0;3
2004-08-13 11:00:00Z;64,26838;0;3
2004-08-14 11:00:00Z;58,27023;0;3
2004-08-15 11:00:00Z;57,11913;0;3
2004-08-16 11:00:00Z;75,24995;0;3
2004-08-17 11:00:00Z;67,2815;0;3
2004-08-18 11:00:00Z;58,83961;0;3
2004-08-19 11:00:00Z;54,81764;0;3
2004-08-20 11:00:00Z;117,5352;0;3
2004-08-21 11:00:00Z;176,3585;0;3
2004-08-22 11:00:00Z;139,6064;0;3
2004-08-23 11:00:00Z;111,2373;0;3
2004-08-24 11:00:00Z;91,90971;0;3
2004-08-25 11:00:00Z;78,33397;0;3
2004-08-26 11:00:00Z;70,19473;0;3
2004-08-27 11:00:00Z;65,73369;0;3
2004-08-28 11:00:00Z;69,31124;0;3
2004-08-29 11:00:00Z;92,7869;0;3
2004-08-30 11:00:00Z;102,6346;0;3
2004-08-31 11:00:00Z;83,37445;0;3
2004-09-01 11:00:00Z;89,9175;0;3
2004-09-02 11:00:00Z;112,048;0;3
2004-09-03 11:00:00Z;92,43503;0;3
2004-09-04 11:00:00Z;84,20142;0;3
2004-09-05 11:00:00Z;86,26574;0;3
2004-09-06 11:00:00Z;193,2206;0;3
2004-09-07 11:00:00Z;316,4723;0;3
2004-09-08 11:00:00Z;286,1484;0;3
2004-09-09 11:00:00Z;225,3393;0;3
2004-09-10 11:00:00Z;328,5968;0;3
2004-09-11 11:00:00Z;272,7844;0;3
2004-09-12 11:00:00Z;174,1712;0;3
2004-09-13 11:00:00Z;152,1417;0;3
2004-09-14 11:00:00Z;148,8371;0;3
2004-09-15 11:00:00Z;145,7836;0;3
2004-09-16 11:00:00Z;118,6603;0;3
2004-09-17 11:00:00Z;110,5203;0;3
2004-09-18 11:00:00Z;130,8756;0;3
2004-09-19 11:00:00Z;192,7526;0;3
2004-09-20 11:00:00Z;168,9458;0;3
2004-09-21 11:00:00Z;140,8369;0;3
2004-09-22 11:00:00Z;132,3107;0;3
2004-09-23 11:00:00Z;136,9583;0;3
2004-09-24 11:00:00Z;186,2837;0;3
2004-09-25 11:00:00Z;192,1209;0;3
2004-09-26 11:00:00Z;161,6249;0;3
2004-09-27 11:00:00Z;136,63;0;3
2004-09-28 11:00:00Z;138,8819;0;3
2004-09-29 11:00:00Z;128,5048;0;3
2004-09-30 11:00:00Z;114,1543;0;3
2004-10-01 11:00:00Z;101,3946;0;3
2004-10-02 11:00:00Z;92,07681;0;3
2004-10-03 11:00:00Z;85,07983;0;3
2004-10-04 11:00:00Z;79,48594;0;3
2004-10-05 11:00:00Z;102,8107;0;3
2004-10-06 11:00:00Z;113,3148;0;3
2004-10-07 11:00:00Z;95,22605;0;3
2004-10-08 11:00:00Z;86,21741;0;3
2004-10-09 11:00:00Z;80,6429;0;3
2004-10-10 11:00:00Z;76,4809;0;3
2004-10-11 11:00:00Z;70,66573;0;3
2004-10-12 11:00:00Z;85,3326;0;3
2004-10-13 11:00:00Z;90,33807;0;3
2004-10-14 11:00:00Z;76,49695;0;3
2004-10-15 11:00:00Z;69,22363;0;3
2004-10-16 11:00:00Z;65,8945;0;3
2004-10-17 11:00:00Z;62,9768;0;3
2004-10-18 11:00:00Z;60,68875;0;3
2004-10-19 11:00:00Z;57,89608;0;3
2004-10-20 11:00:00Z;55,50401;0;3
2004-10-21 11:00:00Z;54,01196;0;3
2004-10-22 11:00:00Z;55,64886;0;3
2004-10-23 11:00:00Z;61,38905;0;3
2004-10-24 11:00:00Z;57,57404;0;3
2004-10-25 11:00:00Z;54,16692;0;3
2004-10-26 11:00:00Z;52,49618;0;3
2004-10-27 11:00:00Z;62,14931;0;3
2004-10-28 11:00:00Z;80,03366;0;3
2004-10-29 11:00:00Z;65,93548;0;3
2004-10-30 11:00:00Z;58,66217;0;3
2004-10-31 11:00:00Z;77,07072;0;3
2004-11-01 11:00:00Z;104,2539;0;3
2004-11-02 11:00:00Z;84,22741;0;3
2004-11-03 11:00:00Z;194,6893;0;3
2004-11-04 11:00:00Z;160,2938;0;3
2004-11-05 11:00:00Z;138,9269;0;3
2004-11-06 11:00:00Z;132,887;0;3
2004-11-07 11:00:00Z;111,4754;0;3
2004-11-08 11:00:00Z;142,2582;0;3
2004-11-09 11:00:00Z;163,1089;0;3
2004-11-10 11:00:00Z;165,1682;0;3
2004-11-11 11:00:00Z;135,407;0;3
2004-11-12 11:00:00Z;161,4516;0;3
2004-11-13 11:00:00Z;131,0954;0;3
2004-11-14 11:00:00Z;115,2297;0;3
2004-11-15 11:00:00Z;115,4693;0;3
2004-11-16 11:00:00Z;107,8255;0;3
2004-11-17 11:00:00Z;99,59492;0;3
2004-11-18 11:00:00Z;89,29887;0;3
2004-11-19 11:00:00Z;79,992;1;3
2004-11-20 11:00:00Z;75,447;2;3
2004-11-21 11:00:00Z;70,902;2;3
2004-11-22 11:00:00Z;66,357;2;3
2004-11-23 11:00:00Z;61,812;1;3
2004-11-24 11:00:00Z;58,176;1;3
2004-11-25 11:00:00Z;56,358;2;3
2004-11-26 11:00:00Z;54,54;1;3
2004-11-27 11:00:00Z;53,32812;2;3
2004-11-28 11:00:00Z;52,11588;2;3
2004-11-29 11:00:00Z;50,904;1;3
2004-11-30 11:00:00Z;50,38441;2;3
2004-12-01 11:00:00Z;49,8652;2;3
2004-12-02 11:00:00Z;49,34561;2;3
2004-12-03 11:00:00Z;48,82639;2;3
2004-12-04 11:00:00Z;48,3068;2;3
2004-12-05 11:00:00Z;47,78759;2;3
2004-12-06 11:00:00Z;47,268;1;3
2004-12-07 11:00:00Z;54,54;1;3
2004-12-08 11:00:00Z;126,442;0;3
2004-12-09 11:00:00Z;106,5026;0;3
2004-12-10 11:00:00Z;169,0882;0;3
2004-12-11 11:00:00Z;226,1484;0;3
2004-12-12 11:00:00Z;152,9619;0;3
2004-12-13 11:00:00Z;130,4658;0;3
2004-12-14 11:00:00Z;185,2714;0;3
2004-12-15 11:00:00Z;187,9411;0;3
2004-12-16 11:00:00Z;136,5539;0;3
2004-12-17 11:00:00Z;111,6611;0;3
2004-12-18 11:00:00Z;97,43184;0;3
2004-12-19 11:00:00Z;85,89481;0;3
2004-12-20 11:00:00Z;76,82603;0;3
2004-12-21 11:00:00Z;72,87723;0;3
2004-12-22 11:00:00Z;75,40514;0;3
2004-12-23 11:00:00Z;71,50451;0;3
2004-12-24 11:00:00Z;67,36572;0;3
2004-12-25 11:00:00Z;68,29938;0;3
2004-12-26 11:00:00Z;69,53613;0;3
2004-12-27 11:00:00Z;69,45645;0;3
2004-12-28 11:00:00Z;68,24393;0;3
2004-12-29 11:00:00Z;66,21082;0;3
2004-12-30 11:00:00Z;64,77675;0;3
2004-12-31 11:00:00Z;68,50196;0;3
2005-01-01 11:00:00Z;75,97041;0;3
2005-01-02 11:00:00Z;77,33604;0;3
2005-01-03 11:00:00Z;69,26016;0;3
2005-01-04 11:00:00Z;66,94264;0;3
2005-01-05 11:00:00Z;66,55437;0;3
2005-01-06 11:00:00Z;63,61079;0;3
2005-01-07 11:00:00Z;63,22314;0;3
2005-01-08 11:00:00Z;63,38346;0;3
2005-01-09 11:00:00Z;60,72764;0;3
2005-01-10 11:00:00Z;59,80407;0;3
2005-01-11 11:00:00Z;64,18073;0;3
2005-01-12 11:00:00Z;66,16925;0;3
2005-01-13 11:00:00Z;59,04372;0;3
2005-01-14 11:00:00Z;58,68694;0;3
2005-01-15 11:00:00Z;58,01285;0;3
2005-01-16 11:00:00Z;56,40034;0;3
2005-01-17 11:00:00Z;61,49072;0;3
2005-01-18 11:00:00Z;64,13034;0;3
2005-01-19 11:00:00Z;62,41175;0;3
2005-01-20 11:00:00Z;57,15719;0;3
2005-01-21 11:00:00Z;56,56353;0;3
2005-01-22 11:00:00Z;52,51409;0;3
2005-01-23 11:00:00Z;51,81264;0;3
2005-01-24 11:00:00Z;51,44169;0;3
2005-01-25 11:00:00Z;50,25572;0;3
2005-01-26 11:00:00Z;53,99686;0;3
2005-01-27 11:00:00Z;54,20536;0;3
2005-01-28 11:00:00Z;52,48391;0;3
2005-01-29 11:00:00Z;50,49889;0;3
2005-01-30 11:00:00Z;84,09072;0;3
2005-01-31 11:00:00Z;156,8141;0;3
2005-02-01 11:00:00Z;111,2813;0;3
2005-02-02 11:00:00Z;91,98256;0;3
2005-02-03 11:00:00Z;83,38042;0;3
2005-02-04 11:00:00Z;90,45916;0;3
2005-02-05 11:00:00Z;94,67329;0;3
2005-02-06 11:00:00Z;75,70001;0;3
2005-02-07 11:00:00Z;66,76415;0;3
2005-02-08 11:00:00Z;64,75959;0;3
2005-02-09 11:00:00Z;62,95471;0;3
2005-02-10 11:00:00Z;64,10841;0;3
2005-02-11 11:00:00Z;62,11108;0;3
2005-02-12 11:00:00Z;59,53352;0;3
2005-02-13 11:00:00Z;57,6258;0;3
2005-02-14 11:00:00Z;53,52259;0;3
2005-02-15 11:00:00Z;49,97186;0;3
2005-02-16 11:00:00Z;48,77238;0;3
2005-02-17 11:00:00Z;54,65551;0;3
2005-02-18 11:00:00Z;54,92419;0;3
2005-02-19 11:00:00Z;53,23838;0;3
2005-02-20 11:00:00Z;50,84274;0;3
2005-02-21 11:00:00Z;47,54753;0;3
2005-02-22 11:00:00Z;46,05293;0;3
2005-02-23 11:00:00Z;43,02287;0;3
2005-02-24 11:00:00Z;44,52452;0;3
2005-02-25 11:00:00Z;47,25367;0;3
2005-02-26 11:00:00Z;44,10977;0;3
2005-02-27 11:00:00Z;42,51052;0;3
2005-02-28 11:00:00Z;43,87937;0;3
2005-03-01 11:00:00Z;41,15947;0;3
2005-03-02 11:00:00Z;39,64898;0;3
2005-03-03 11:00:00Z;42,25976;0;3
2005-03-04 11:00:00Z;44,52358;0;3
2005-03-05 11:00:00Z;42,63203;0;3
2005-03-06 11:00:00Z;43,83072;0;3
2005-03-07 11:00:00Z;44,31591;0;3
2005-03-08 11:00:00Z;42,64894;0;3
2005-03-09 11:00:00Z;41,21785;0;3
2005-03-10 11:00:00Z;41,34846;0;3
2005-03-11 11:00:00Z;41,82495;0;3
2005-03-12 11:00:00Z;40,48533;0;3
2005-03-13 11:00:00Z;38,03121;0;3
2005-03-14 11:00:00Z;37,9261;0;3
2005-03-15 11:00:00Z;38,01129;0;3
2005-03-16 11:00:00Z;38,8891;0;3
2005-03-17 11:00:00Z;39,0174;0;3
2005-03-18 11:00:00Z;38,04871;0;3
2005-03-19 11:00:00Z;37,52849;0;3
2005-03-20 11:00:00Z;37,485;0;3
2005-03-21 11:00:00Z;37,68512;0;3
2005-03-22 11:00:00Z;38,59042;0;3
2005-03-23 11:00:00Z;39,74253;0;3
2005-03-24 11:00:00Z;44,42394;0;3
2005-03-25 11:00:00Z;91,45084;0;3
2005-03-26 11:00:00Z;117,9817;0;3
2005-03-27 11:00:00Z;93,28667;0;3
2005-03-28 11:00:00Z;77,83768;0;3
2005-03-29 11:00:00Z;69,43421;0;3
2005-03-30 11:00:00Z;64,50272;0;3
2005-03-31 11:00:00Z;60,85516;0;3
2005-04-01 11:00:00Z;58,00054;0;3
2005-04-02 11:00:00Z;68,02151;0;3
2005-04-03 11:00:00Z;152,5563;0;3
2005-04-04 11:00:00Z;135,379;0;3
2005-04-05 11:00:00Z;123,9279;0;3
2005-04-06 11:00:00Z;115,4707;0;3
2005-04-07 11:00:00Z;100,0403;0;3
2005-04-08 11:00:00Z;93,72032;0;3
2005-04-09 11:00:00Z;88,1554;0;3
2005-04-10 11:00:00Z;78,61643;0;3
2005-04-11 11:00:00Z;74,7712;0;3
2005-04-12 11:00:00Z;71,0351;0;3
2005-04-13 11:00:00Z;77,2541;0;3
2005-04-14 11:00:00Z;83,19751;0;3
2005-04-15 11:00:00Z;84,36637;0;3
2005-04-16 11:00:00Z;79,28059;0;3
2005-04-17 11:00:00Z;79,47863;0;3
2005-04-18 11:00:00Z;77,80817;0;3
2005-04-19 11:00:00Z;73,66228;0;3
2005-04-20 11:00:00Z;69,90967;0;3
2005-04-21 11:00:00Z;67,13836;0;3
2005-04-22 11:00:00Z;65,67967;0;3
2005-04-23 11:00:00Z;63,99282;0;3
2005-04-24 11:00:00Z;62,97066;0;3
2005-04-25 11:00:00Z;67,46902;0;3
2005-04-26 11:00:00Z;71,73914;0;3
2005-04-27 11:00:00Z;80,03609;0;3
2005-04-28 11:00:00Z;90,3564;0;3
2005-04-29 11:00:00Z;107,0872;0;3
2005-04-30 11:00:00Z;156,2113;0;3
2005-05-01 11:00:00Z;171,2076;0;3
2005-05-02 11:00:00Z;164,7852;0;3
2005-05-03 11:00:00Z;204,3949;0;3
2005-05-04 11:00:00Z;219,2352;0;3
2005-05-05 11:00:00Z;242,7602;0;3
2005-05-06 11:00:00Z;190,762;0;3
2005-05-07 11:00:00Z;198,7437;0;3
2005-05-08 11:00:00Z;204,5863;0;3
2005-05-09 11:00:00Z;204,2453;0;3
2005-05-10 11:00:00Z;193,6733;0;3
2005-05-11 11:00:00Z;199,1837;0;3
2005-05-12 11:00:00Z;195,8331;0;3
2005-05-13 11:00:00Z;172,2901;0;3
2005-05-14 11:00:00Z;175,3739;0;3
2005-05-15 11:00:00Z;190,9961;0;3
2005-05-16 11:00:00Z;152,7952;0;3
2005-05-17 11:00:00Z;137,7294;0;3
2005-05-18 11:00:00Z;134,532;1;3
2005-05-19 11:00:00Z;130,896;1;3
2005-05-20 11:00:00Z;136,35;1;3
2005-05-21 11:00:00Z;176,042;0;3
2005-05-22 11:00:00Z;317,729;0;3
2005-05-23 11:00:00Z;400,114;0;3
2005-05-24 11:00:00Z;449,8578;0;3
2005-05-25 11:00:00Z;489,0819;0;3
2005-05-26 11:00:00Z;495,4201;0;3
2005-05-27 11:00:00Z;710,1309;0;3
2005-05-28 11:00:00Z;563,7286;0;3
2005-05-29 11:00:00Z;431,8672;0;3
2005-05-30 11:00:00Z;363,7042;0;3
2005-05-31 11:00:00Z;314,8806;0;3
2005-06-01 11:00:00Z;296,0902;0;3
2005-06-02 11:00:00Z;288,5095;0;3
2005-06-03 11:00:00Z;277,8872;0;3
2005-06-04 11:00:00Z;315,4766;0;3
2005-06-05 11:00:00Z;408,4864;0;3
2005-06-06 11:00:00Z;405,5557;0;3
2005-06-07 11:00:00Z;345,3098;0;3
2005-06-08 11:00:00Z;323,3;0;3
2005-06-09 11:00:00Z;631,1815;0;3
2005-06-10 11:00:00Z;794,3571;0;3
2005-06-11 11:00:00Z;609,2004;0;3
2005-06-12 11:00:00Z;619,3907;0;3
2005-06-13 11:00:00Z;976,4958;0;3
2005-06-14 11:00:00Z;1034,848;0;3
2005-06-15 11:00:00Z;832,1846;0;3
2005-06-16 11:00:00Z;773,5475;0;3
2005-06-17 11:00:00Z;752,6432;0;3
2005-06-18 11:00:00Z;750,6505;0;3
2005-06-19 11:00:00Z;629,791;0;3
2005-06-20 11:00:00Z;632,0943;0;3
2005-06-21 11:00:00Z;793,4436;0;3
2005-06-22 11:00:00Z;796,1071;0;3
2005-06-23 11:00:00Z;709,97;0;3
2005-06-24 11:00:00Z;836,8956;0;3
2005-06-25 11:00:00Z;752,5464;0;3
2005-06-26 11:00:00Z;615,8226;0;3
2005-06-27 11:00:00Z;614,6055;0;3
2005-06-28 11:00:00Z;636,4045;0;3
2005-06-29 11:00:00Z;467,2307;0;3
2005-06-30 11:00:00Z;348,4391;0;3
2005-07-01 11:00:00Z;350,1413;0;3
2005-07-02 11:00:00Z;363,9565;0;3
2005-07-03 11:00:00Z;366,1921;0;3
2005-07-04 11:00:00Z;396,7077;0;3
2005-07-05 11:00:00Z;424,4167;0;3
2005-07-06 11:00:00Z;405,1129;0;3
2005-07-07 11:00:00Z;358,2803;0;3
2005-07-08 11:00:00Z;331,111;0;3
2005-07-09 11:00:00Z;309,5713;0;3
2005-07-10 11:00:00Z;313,918;0;3
2005-07-11 11:00:00Z;289,7094;0;3
2005-07-12 11:00:00Z;308,2878;0;3
2005-07-13 11:00:00Z;403,0397;0;3
2005-07-14 11:00:00Z;341,4286;0;3
2005-07-15 11:00:00Z;276,4348;0;3
2005-07-16 11:00:00Z;216,733;0;3
2005-07-17 11:00:00Z;184,3326;0;3
2005-07-18 11:00:00Z;167,6017;0;3
2005-07-19 11:00:00Z;174,0831;0;3
2005-07-20 11:00:00Z;196,5509;0;3
2005-07-21 11:00:00Z;229,8274;0;3
2005-07-22 11:00:00Z;198,5749;0;3
2005-07-23 11:00:00Z;172,4292;0;3
2005-07-24 11:00:00Z;151,7048;0;3
2005-07-25 11:00:00Z;137,6579;0;3
2005-07-26 11:00:00Z;138,9451;0;3
2005-07-27 11:00:00Z;151,5511;0;3
2005-07-28 11:00:00Z;141,8383;0;3
2005-07-29 11:00:00Z;125,2852;0;3
2005-07-30 11:00:00Z;104,6995;0;3
2005-07-31 11:00:00Z;93,41198;0;3
2005-08-01 11:00:00Z;86,12749;0;3
2005-08-02 11:00:00Z;80,65582;0;3
2005-08-03 11:00:00Z;75,81978;0;3
2005-08-04 11:00:00Z;95,5479;0;3
2005-08-05 11:00:00Z;111,74;0;3
2005-08-06 11:00:00Z;107,7743;0;3
2005-08-07 11:00:00Z;99,2687;0;3
2005-08-08 11:00:00Z;155,2702;0;3
2005-08-09 11:00:00Z;175,5844;0;3
2005-08-10 11:00:00Z;181,3337;0;3
2005-08-11 11:00:00Z;178,2578;0;3
2005-08-12 11:00:00Z;150,5303;0;3
2005-08-13 11:00:00Z;139,8322;0;3
2005-08-14 11:00:00Z;125,9631;0;3
2005-08-15 11:00:00Z;112,1302;0;3
2005-08-16 11:00:00Z;123,4232;0;3
2005-08-17 11:00:00Z;160,1374;0;3
2005-08-18 11:00:00Z;137,2667;0;3
2005-08-19 11:00:00Z;150,1798;0;3
2005-08-20 11:00:00Z;137,2733;0;3
2005-08-21 11:00:00Z;131,1574;0;3
2005-08-22 11:00:00Z;105,1626;0;3
2005-08-23 11:00:00Z;111,2951;0;3
2005-08-24 11:00:00Z;197,4033;0;3
2005-08-25 11:00:00Z;157,8465;0;3
2005-08-26 11:00:00Z;180,0054;0;3
2005-08-27 11:00:00Z;198,6264;0;3
2005-08-28 11:00:00Z;172,8706;0;3
2005-08-29 11:00:00Z;180,1327;0;3
2005-08-30 11:00:00Z;684,1479;0;3
2005-08-31 11:00:00Z;551,7988;0;3
2005-09-01 11:00:00Z;320,1143;0;3
2005-09-02 11:00:00Z;222,6888;0;3
2005-09-03 11:00:00Z;196,2011;0;3
2005-09-04 11:00:00Z;177,3847;0;3
2005-09-05 11:00:00Z;193,7693;0;3
2005-09-06 11:00:00Z;156,1775;0;3
2005-09-07 11:00:00Z;292,9336;0;3
2005-09-08 11:00:00Z;324,8413;0;3
2005-09-09 11:00:00Z;547,1187;0;3
2005-09-10 11:00:00Z;415,2678;0;3
2005-09-11 11:00:00Z;241,7844;0;3
2005-09-12 11:00:00Z;343,1521;0;3
2005-09-13 11:00:00Z;321,8726;0;3
2005-09-14 11:00:00Z;508,7184;0;3
2005-09-15 11:00:00Z;391,188;0;3
2005-09-16 11:00:00Z;277,9024;0;3
2005-09-17 11:00:00Z;235,5333;0;3
2005-09-18 11:00:00Z;338,9386;0;3
2005-09-19 11:00:00Z;430,1124;0;3
2005-09-20 11:00:00Z;396,1061;0;3
2005-09-21 11:00:00Z;327,8196;0;3
2005-09-22 11:00:00Z;275,5862;0;3
2005-09-23 11:00:00Z;413,5927;0;3
2005-09-24 11:00:00Z;331,1088;0;3
2005-09-25 11:00:00Z;258,773;0;3
2005-09-26 11:00:00Z;191,9856;0;3
2005-09-27 11:00:00Z;165,837;0;3
2005-09-28 11:00:00Z;196,2696;0;3
2005-09-29 11:00:00Z;198,0297;0;3
2005-09-30 11:00:00Z;154,9816;0;3
2005-10-01 11:00:00Z;135,6918;0;3
2005-10-02 11:00:00Z;135,8027;0;3
2005-10-03 11:00:00Z;172,2432;0;3
2005-10-04 11:00:00Z;222,8777;0;3
2005-10-05 11:00:00Z;228,3479;0;3
2005-10-06 11:00:00Z;338,6854;0;3
2005-10-07 11:00:00Z;249,1707;0;3
2005-10-08 11:00:00Z;165,1851;0;3
2005-10-09 11:00:00Z;139,8157;0;3
2005-10-10 11:00:00Z;153,8109;0;3
2005-10-11 11:00:00Z;139,5003;0;3
2005-10-12 11:00:00Z;120,4169;0;3
2005-10-13 11:00:00Z;105,14;0;3
2005-10-14 11:00:00Z;228,4473;0;3
2005-10-15 11:00:00Z;310,2799;0;3
2005-10-16 11:00:00Z;165,4851;0;3
2005-10-17 11:00:00Z;130,4288;0;3
2005-10-18 11:00:00Z;113,453;0;3
2005-10-19 11:00:00Z;104,9398;0;3
2005-10-20 11:00:00Z;100,8845;0;3
2005-10-21 11:00:00Z;92,67726;0;3
2005-10-22 11:00:00Z;83,47672;0;3
2005-10-23 11:00:00Z;73,05581;0;3
2005-10-24 11:00:00Z;67,06198;0;3
2005-10-25 11:00:00Z;64,77901;0;3
2005-10-26 11:00:00Z;61,45008;0;3
2005-10-27 11:00:00Z;58,74836;0;3
2005-10-28 11:00:00Z;57,2565;0;3
2005-10-29 11:00:00Z;75,92844;0;3
2005-10-30 11:00:00Z;158,6458;0;3
2005-10-31 11:00:00Z;142,8189;0;3
2005-11-01 11:00:00Z;153,0698;0;3
2005-11-02 11:00:00Z;163,48;0;3
2005-11-03 11:00:00Z;230,7548;0;3
2005-11-04 11:00:00Z;159,9836;0;3
2005-11-05 11:00:00Z;131,196;0;3
2005-11-06 11:00:00Z;114,4906;0;3
2005-11-07 11:00:00Z;105,4922;0;3
2005-11-08 11:00:00Z;122,8055;0;3
2005-11-09 11:00:00Z;127,9365;0;3
2005-11-10 11:00:00Z;233,0728;0;3
2005-11-11 11:00:00Z;232,5927;0;3
2005-11-12 11:00:00Z;175,7535;0;3
2005-11-13 11:00:00Z;140,8623;0;3
2005-11-14 11:00:00Z;130,623;0;3
2005-11-15 11:00:00Z;133,6575;0;3
2005-11-16 11:00:00Z;107,7476;0;3
2005-11-17 11:00:00Z;92,98228;0;3
2005-11-18 11:00:00Z;84,68822;0;3
2005-11-19 11:00:00Z;81,18098;0;3
2005-11-20 11:00:00Z;74,84769;0;3
2005-11-21 11:00:00Z;68,59419;0;3
2005-11-22 11:00:00Z;89,07954;0;3
2005-11-23 11:00:00Z;524,6896;0;3
2005-11-24 11:00:00Z;415,0505;0;3
2005-11-25 11:00:00Z;214,6773;0;3
2005-11-26 11:00:00Z;152,9591;0;3
2005-11-27 11:00:00Z;122,168;0;3
2005-11-28 11:00:00Z;106,3394;0;3
2005-11-29 11:00:00Z;93,81303;0;3
2005-11-30 11:00:00Z;84,74532;0;3
2005-12-01 11:00:00Z;83,34282;0;3
2005-12-02 11:00:00Z;78,38931;0;3
2005-12-03 11:00:00Z;74,0547;0;3
2005-12-04 11:00:00Z;71,73879;0;3
2005-12-05 11:00:00Z;84,18387;0;3
2005-12-06 11:00:00Z;61,812;1;3
2005-12-07 11:00:00Z;58,176;1;3
2005-12-08 11:00:00Z;110,6842;0;3
2005-12-09 11:00:00Z;107,913;0;3
2005-12-10 11:00:00Z;91,79477;0;3
2005-12-11 11:00:00Z;164,5563;0;3
2005-12-12 11:00:00Z;336,8657;0;3
2005-12-13 11:00:00Z;166,499;0;3
2005-12-14 11:00:00Z;128,1447;0;3
2005-12-15 11:00:00Z;111,0823;0;3
2005-12-16 11:00:00Z;96,4851;0;3
2005-12-17 11:00:00Z;88,77427;0;3
2005-12-18 11:00:00Z;79,13589;0;3
2005-12-19 11:00:00Z;93,73633;0;3
2005-12-20 11:00:00Z;108,3124;0;3
2005-12-21 11:00:00Z;108,188;0;3
2005-12-22 11:00:00Z;90,67739;0;3
2005-12-23 11:00:00Z;88,26247;0;3
2005-12-24 11:00:00Z;84,90517;0;3
2005-12-25 11:00:00Z;81,09604;0;3
2005-12-26 11:00:00Z;73,78333;0;3
2005-12-27 11:00:00Z;76,32407;0;3
2005-12-28 11:00:00Z;83,98582;0;3
2005-12-29 11:00:00Z;89,66937;0;3
2005-12-30 11:00:00Z;84,20692;0;3
2005-12-31 11:00:00Z;74,12;0;3
2006-01-01 11:00:00Z;62,26832;0;3
2006-01-02 11:00:00Z;63,11816;0;3
2006-01-03 11:00:00Z;60,27721;0;3
2006-01-04 11:00:00Z;57,47689;0;3
2006-01-05 11:00:00Z;56,16161;0;3
2006-01-06 11:00:00Z;50,96504;0;3
2006-01-07 11:00:00Z;46,6181;0;3
2006-01-08 11:00:00Z;44,29662;0;3
2006-01-09 11:00:00Z;45,47401;0;3
2006-01-10 11:00:00Z;45,45232;0;3
2006-01-11 11:00:00Z;49,1186;0;3
2006-01-12 11:00:00Z;53,83238;0;3
2006-01-13 11:00:00Z;53,95695;0;3
2006-01-14 11:00:00Z;55,6052;0;3
2006-01-15 11:00:00Z;52,12123;0;3
2006-01-16 11:00:00Z;48,64789;0;3
2006-01-17 11:00:00Z;45,17799;0;3
2006-01-18 11:00:00Z;43,66179;0;3
2006-01-19 11:00:00Z;39,43492;0;3
2006-01-20 11:00:00Z;35,79147;0;3
2006-01-21 11:00:00Z;38,14147;0;3
2006-01-22 11:00:00Z;40,9128;0;3
2006-01-23 11:00:00Z;43,97392;0;3
2006-01-24 11:00:00Z;76,91904;0;3
2006-01-25 11:00:00Z;84,23071;0;3
2006-01-26 11:00:00Z;62,55427;0;3
2006-01-27 11:00:00Z;57,89404;0;3
2006-01-28 11:00:00Z;60,78248;0;3
2006-01-29 11:00:00Z;86,00946;0;3
2006-01-30 11:00:00Z;183,8339;0;3
2006-01-31 11:00:00Z;217,014;0;3
2006-02-01 11:00:00Z;323,1643;0;3
2006-02-02 11:00:00Z;195,5285;0;3
2006-02-03 11:00:00Z;126,7423;0;3
2006-02-04 11:00:00Z;102,3702;0;3
2006-02-05 11:00:00Z;91,00938;2;3
2006-02-06 11:00:00Z;80,50157;1;3
2006-02-07 11:00:00Z;73,22102;2;3
2006-02-08 11:00:00Z;66,37444;2;3
2006-02-09 11:00:00Z;59,96543;1;3
2006-02-10 11:00:00Z;58,73105;2;3
2006-02-11 11:00:00Z;57,52055;2;3
2006-02-12 11:00:00Z;56,31923;1;3
2006-02-13 11:00:00Z;54,5515;2;3
2006-02-14 11:00:00Z;52,82022;2;3
2006-02-15 11:00:00Z;51,12503;2;3
2006-02-16 11:00:00Z;49,4656;1;3
2006-02-17 11:00:00Z;48,37683;2;3
2006-02-18 11:00:00Z;47,31013;2;3
2006-02-19 11:00:00Z;46,25255;1;3
2006-02-20 11:00:00Z;45,47108;2;3
2006-02-21 11:00:00Z;44,69824;2;3
2006-02-22 11:00:00Z;43,93398;2;3
2006-02-23 11:00:00Z;43,17827;1;3
2006-02-24 11:00:00Z;42,74684;2;3
2006-02-25 11:00:00Z;42,31821;2;3
2006-02-26 11:00:00Z;41,89239;2;3
2006-02-27 11:00:00Z;41,46936;2;3
2006-02-28 11:00:00Z;41,04912;2;3
2006-03-01 11:00:00Z;40,63166;1;3
2006-03-02 11:00:00Z;39,4015;1;3
2006-03-03 11:00:00Z;39,03441;1;3
2006-03-04 11:00:00Z;37,99075;1;3
2006-03-05 11:00:00Z;37,99075;1;3
2006-03-06 11:00:00Z;36,35459;1;3
2006-03-07 11:00:00Z;36,34922;1;3
2006-03-08 11:00:00Z;36,75383;1;3
2006-03-09 11:00:00Z;35,59108;1;3
2006-03-10 11:00:00Z;34,77013;1;3
2006-03-11 11:00:00Z;34,52523;1;3
2006-03-12 11:00:00Z;34,42655;1;3
2006-03-13 11:00:00Z;34,36432;1;3
2006-03-14 11:00:00Z;34,56163;1;3
2006-03-15 11:00:00Z;34,53043;1;3
2006-03-16 11:00:00Z;34,22973;1;3
2006-03-17 11:00:00Z;33,659;0;3
2006-03-18 11:00:00Z;33,55173;2;3
2006-03-19 11:00:00Z;33,44977;2;3
2006-03-20 11:00:00Z;33,34293;2;3
2006-03-21 11:00:00Z;33,24138;2;3
2006-03-22 11:00:00Z;33,13498;2;3
2006-03-23 11:00:00Z;33,02879;2;3
2006-03-24 11:00:00Z;32,92786;2;3
2006-03-25 11:00:00Z;32,82211;2;3
2006-03-26 11:00:00Z;32,71658;2;3
2006-03-27 11:00:00Z;32,61627;2;3
2006-03-28 11:00:00Z;32,51117;2;3
2006-03-29 11:00:00Z;32,41128;2;3
2006-03-30 11:00:00Z;32,30583;0;3
2006-03-31 11:00:00Z;32,29341;0;3
2006-04-01 11:00:00Z;31,8926;0;3
2006-04-02 11:00:00Z;31,89441;0;3
2006-04-03 11:00:00Z;31,7423;0;3
2006-04-04 11:00:00Z;31,65416;0;3
2006-04-05 11:00:00Z;31,3908;0;3
2006-04-06 11:00:00Z;31,01962;0;3
2006-04-07 11:00:00Z;30,94893;0;3
2006-04-08 11:00:00Z;30,92069;0;3
2006-04-09 11:00:00Z;30,99143;0;3
2006-04-10 11:00:00Z;31,48554;0;3
2006-04-11 11:00:00Z;31,82872;0;3
2006-04-12 11:00:00Z;31,75258;0;3
2006-04-13 11:00:00Z;32,04872;0;3
2006-04-14 11:00:00Z;33,64898;0;3
2006-04-15 11:00:00Z;35,34251;0;3
2006-04-16 11:00:00Z;40,36359;0;3
2006-04-17 11:00:00Z;45,08052;0;3
2006-04-18 11:00:00Z;45,70974;0;3
2006-04-19 11:00:00Z;46,16447;0;3
2006-04-20 11:00:00Z;47,73463;0;3
2006-04-21 11:00:00Z;46,72382;0;3
2006-04-22 11:00:00Z;45,18256;0;3
2006-04-23 11:00:00Z;47,01448;0;3
2006-04-24 11:00:00Z;58,72538;0;3
2006-04-25 11:00:00Z;76,61094;0;3
2006-04-26 11:00:00Z;140,3233;0;3
2006-04-27 11:00:00Z;203,8205;0;3
2006-04-28 11:00:00Z;161,408;0;3
2006-04-29 11:00:00Z;133,2771;0;3
2006-04-30 11:00:00Z;155,5097;0;3
2006-05-01 11:00:00Z;175,5837;0;3
2006-05-02 11:00:00Z;165,7815;0;3
2006-05-03 11:00:00Z;215,8339;0;3
2006-05-04 11:00:00Z;272,3298;0;3
2006-05-05 11:00:00Z;310,3548;0;3
2006-05-06 11:00:00Z;427,7116;0;3
2006-05-07 11:00:00Z;442,1336;0;3
2006-05-08 11:00:00Z;444,1984;0;3
2006-05-09 11:00:00Z;424,0829;0;3
2006-05-10 11:00:00Z;381,2289;0;3
2006-05-11 11:00:00Z;368,4602;0;3
2006-05-12 11:00:00Z;322,9402;0;3
2006-05-13 11:00:00Z;276,9468;0;3
2006-05-14 11:00:00Z;238,3826;0;3
2006-05-15 11:00:00Z;192,2831;0;3
2006-05-16 11:00:00Z;158,2963;0;3
2006-05-17 11:00:00Z;135,223;0;3
2006-05-18 11:00:00Z;120,5824;0;3
2006-05-19 11:00:00Z;118,5494;0;3
2006-05-20 11:00:00Z;136,4974;0;3
2006-05-21 11:00:00Z;194,9611;0;3
2006-05-22 11:00:00Z;261,6744;0;3
2006-05-23 11:00:00Z;350,4918;0;3
2006-05-24 11:00:00Z;337,3799;0;3
2006-05-25 11:00:00Z;294,4151;0;3
2006-05-26 11:00:00Z;271,0642;0;3
2006-05-27 11:00:00Z;304,6505;0;3
2006-05-28 11:00:00Z;231,7168;0;3
2006-05-29 11:00:00Z;198,8908;0;3
2006-05-30 11:00:00Z;191,7672;0;3
2006-05-31 11:00:00Z;179,9703;0;3
2006-06-01 11:00:00Z;155,2522;0;3
2006-06-02 11:00:00Z;140,7628;0;3
2006-06-03 11:00:00Z;235,843;0;3
2006-06-04 11:00:00Z;290,9554;0;3
2006-06-05 11:00:00Z;213,4365;0;3
2006-06-06 11:00:00Z;165,1817;0;3
2006-06-07 11:00:00Z;153,4525;0;3
2006-06-08 11:00:00Z;161,7541;0;3
2006-06-09 11:00:00Z;230,5008;0;3
2006-06-10 11:00:00Z;233,2253;0;3
2006-06-11 11:00:00Z;208,6563;0;3
2006-06-12 11:00:00Z;242,4693;0;3
2006-06-13 11:00:00Z;281,0072;0;3
2006-06-14 11:00:00Z;313,2777;0;3
2006-06-15 11:00:00Z;238,6148;0;3
2006-06-16 11:00:00Z;246,4757;0;3
2006-06-17 11:00:00Z;258,7897;0;3
2006-06-18 11:00:00Z;238,8786;0;3
2006-06-19 11:00:00Z;296,5076;0;3
2006-06-20 11:00:00Z;295,6378;0;3
2006-06-21 11:00:00Z;322,1602;0;3
2006-06-22 11:00:00Z;298,6597;0;3
2006-06-23 11:00:00Z;248,5544;0;3
2006-06-24 11:00:00Z;202,8175;0;3
2006-06-25 11:00:00Z;169,2633;0;3
2006-06-26 11:00:00Z;201,8688;0;3
2006-06-27 11:00:00Z;175,5449;0;3
2006-06-28 11:00:00Z;139,2897;0;3
2006-06-29 11:00:00Z;116,9103;0;3
2006-06-30 11:00:00Z;106,1759;0;3
2006-07-01 11:00:00Z;108,5167;0;3
2006-07-02 11:00:00Z;113,3611;0;3
2006-07-03 11:00:00Z;111,3376;0;3
2006-07-04 11:00:00Z;116,3129;0;3
2006-07-05 11:00:00Z;103,69;0;3
2006-07-06 11:00:00Z;96,45148;0;3
2006-07-07 11:00:00Z;102,4681;0;3
2006-07-08 11:00:00Z;104,321;0;3
2006-07-09 11:00:00Z;99,10831;0;3
2006-07-10 11:00:00Z;96,91058;0;3
2006-07-11 11:00:00Z;146,3127;0;3
2006-07-12 11:00:00Z;133,8833;0;3
2006-07-13 11:00:00Z;213,4485;0;3
2006-07-14 11:00:00Z;321,4297;0;3
2006-07-15 11:00:00Z;243,5664;0;3
2006-07-16 11:00:00Z;174,4005;0;3
2006-07-17 11:00:00Z;146,5984;0;3
2006-07-18 11:00:00Z;148,1205;0;3
2006-07-19 11:00:00Z;132,4725;0;3
2006-07-20 11:00:00Z;106,21;0;3
2006-07-21 11:00:00Z;90,37564;0;3
2006-07-22 11:00:00Z;81,44672;0;3
2006-07-23 11:00:00Z;74,61351;0;3
2006-07-24 11:00:00Z;72,06706;0;3
2006-07-25 11:00:00Z;68,48287;0;3
2006-07-26 11:00:00Z;65,40849;0;3
2006-07-27 11:00:00Z;64,37468;0;3
2006-07-28 11:00:00Z;66,39326;0;3
2006-07-29 11:00:00Z;75,75658;0;3
2006-07-30 11:00:00Z;72,95641;0;3
2006-07-31 11:00:00Z;68,94383;0;3
2006-08-01 11:00:00Z;69,13688;0;3
2006-08-02 11:00:00Z;65,21446;0;3
2006-08-03 11:00:00Z;61,27561;0;3
2006-08-04 11:00:00Z;58,23861;0;3
2006-08-05 11:00:00Z;56,65815;0;3
2006-08-06 11:00:00Z;55,13733;0;3
2006-08-07 11:00:00Z;54,82194;0;3
2006-08-08 11:00:00Z;53,60236;0;3
2006-08-09 11:00:00Z;53,01611;0;3
2006-08-10 11:00:00Z;50,49269;0;3
2006-08-11 11:00:00Z;49,69918;0;3
2006-08-12 11:00:00Z;49,97522;0;3
2006-08-13 11:00:00Z;52,09854;0;3
2006-08-14 11:00:00Z;49,92635;0;3
2006-08-15 11:00:00Z;48,21081;0;3
2006-08-16 11:00:00Z;50,63822;0;3
2006-08-17 11:00:00Z;51,82847;0;3
2006-08-18 11:00:00Z;55,92752;0;3
2006-08-19 11:00:00Z;51,3356;0;3
2006-08-20 11:00:00Z;46,90585;0;3
2006-08-21 11:00:00Z;48,78936;0;3
2006-08-22 11:00:00Z;48,04645;0;3
2006-08-23 11:00:00Z;47,37505;0;3
2006-08-24 11:00:00Z;46,66074;0;3
2006-08-25 11:00:00Z;45,29108;0;3
2006-08-26 11:00:00Z;43,90962;0;3
2006-08-27 11:00:00Z;43,2669;0;3
2006-08-28 11:00:00Z;43,28005;0;3
2006-08-29 11:00:00Z;44,47431;0;3
2006-08-30 11:00:00Z;46,62117;0;3
2006-08-31 11:00:00Z;45,05332;0;3
2006-09-01 11:00:00Z;44,88751;0;3
2006-09-02 11:00:00Z;49,26909;0;3
2006-09-03 11:00:00Z;48,93076;0;3
2006-09-04 11:00:00Z;57,86642;0;3
2006-09-05 11:00:00Z;100,554;0;3
2006-09-06 11:00:00Z;125,9407;0;3
2006-09-07 11:00:00Z;85,69704;0;3
2006-09-08 11:00:00Z;76,22736;0;3
2006-09-09 11:00:00Z;72,99452;0;3
2006-09-10 11:00:00Z;109,2601;0;3
2006-09-11 11:00:00Z;174,6276;0;3
2006-09-12 11:00:00Z;152,5596;0;3
2006-09-13 11:00:00Z;217,6771;0;3
2006-09-14 11:00:00Z;184,9787;0;3
2006-09-15 11:00:00Z;120,1214;0;3
2006-09-16 11:00:00Z;96,69364;0;3
2006-09-17 11:00:00Z;83,60326;0;3
2006-09-18 11:00:00Z;76,41618;0;3
2006-09-19 11:00:00Z;72,59595;0;3
2006-09-20 11:00:00Z;105,2261;0;3
2006-09-21 11:00:00Z;167,9487;0;3
2006-09-22 11:00:00Z;226,0125;0;3
2006-09-23 11:00:00Z;144,6427;0;3
2006-09-24 11:00:00Z;196,8779;0;3
2006-09-25 11:00:00Z;152,6331;0;3
2006-09-26 11:00:00Z;111,7937;0;3
2006-09-27 11:00:00Z;95,99581;0;3
2006-09-28 11:00:00Z;162,2218;0;3
2006-09-29 11:00:00Z;144,4253;0;3
2006-09-30 11:00:00Z;149,4674;0;3
2006-10-01 11:00:00Z;119,6879;0;3
2006-10-02 11:00:00Z;136,0564;0;3
2006-10-03 11:00:00Z;113,9854;0;3
2006-10-04 11:00:00Z;109,2666;0;3
2006-10-05 11:00:00Z;96,53197;0;3
2006-10-06 11:00:00Z;86,99037;0;3
2006-10-07 11:00:00Z;81,52718;0;3
2006-10-08 11:00:00Z;108,7778;0;3
2006-10-09 11:00:00Z;110,5169;0;3
2006-10-10 11:00:00Z;95,55765;0;3
2006-10-11 11:00:00Z;91,77571;0;3
2006-10-12 11:00:00Z;83,16016;0;3
2006-10-13 11:00:00Z;77,28802;0;3
2006-10-14 11:00:00Z;240,1203;0;3
2006-10-15 11:00:00Z;179,9753;0;3
2006-10-16 11:00:00Z;230,1868;0;3
2006-10-17 11:00:00Z;312,9528;0;3
2006-10-18 11:00:00Z;206,3163;0;3
2006-10-19 11:00:00Z;147,8067;0;3
2006-10-20 11:00:00Z;117,5381;0;3
2006-10-21 11:00:00Z;102,9668;0;3
2006-10-22 11:00:00Z;93,72608;0;3
2006-10-23 11:00:00Z;85,86947;0;3
2006-10-24 11:00:00Z;79,50539;0;3
2006-10-25 11:00:00Z;74,22915;0;3
2006-10-26 11:00:00Z;72,50138;0;3
2006-10-27 11:00:00Z;69,01601;0;3
2006-10-28 11:00:00Z;67,15246;0;3
2006-10-29 11:00:00Z;61,05327;0;3
2006-10-30 11:00:00Z;61,45219;0;3
2006-10-31 11:00:00Z;58,60294;0;3
2006-11-01 11:00:00Z;53,92983;0;3
2006-11-02 11:00:00Z;54,92383;0;3
2006-11-03 11:00:00Z;57,37645;0;3
2006-11-04 11:00:00Z;59,83022;0;3
2006-11-05 11:00:00Z;70,17954;0;3
2006-11-06 11:00:00Z;78,71401;0;3
2006-11-07 11:00:00Z;126,9954;0;3
2006-11-08 11:00:00Z;111,6449;0;3
2006-11-09 11:00:00Z;93,05447;0;3
2006-11-10 11:00:00Z;85,90874;0;3
2006-11-11 11:00:00Z;78,5577;0;3
2006-11-12 11:00:00Z;72,72569;0;3
2006-11-13 11:00:00Z;71,3;0;3
2006-11-14 11:00:00Z;70,96765;0;3
2006-11-15 11:00:00Z;65,79348;0;3
2006-11-16 11:00:00Z;61,94669;0;3
2006-11-17 11:00:00Z;66,57537;0;3
2006-11-18 11:00:00Z;75,21768;0;3
2006-11-19 11:00:00Z;73,12594;0;3
2006-11-20 11:00:00Z;65,93277;0;3
2006-11-21 11:00:00Z;67,18937;0;3
2006-11-22 11:00:00Z;63,16216;0;3
2006-11-23 11:00:00Z;61,24638;0;3
2006-11-24 11:00:00Z;59,61247;0;3
2006-11-25 11:00:00Z;58,33145;0;3
2006-11-26 11:00:00Z;86,96473;0;3
2006-11-27 11:00:00Z;312,6594;0;3
2006-11-28 11:00:00Z;227,1951;0;3
2006-11-29 11:00:00Z;156,2956;0;3
2006-11-30 11:00:00Z;205,2536;0;3
2006-12-01 11:00:00Z;218,7929;0;3
2006-12-02 11:00:00Z;332,8895;0;3
2006-12-03 11:00:00Z;200,4937;0;3
2006-12-04 11:00:00Z;148,044;0;3
2006-12-05 11:00:00Z;121,021;0;3
2006-12-06 11:00:00Z;107,2894;0;3
2006-12-07 11:00:00Z;95,718;0;3
2006-12-08 11:00:00Z;87,00893;0;3
2006-12-09 11:00:00Z;82,02952;0;3
2006-12-10 11:00:00Z;78,09818;0;3
2006-12-11 11:00:00Z;79,86275;0;3
2006-12-12 11:00:00Z;91,2433;0;3
2006-12-13 11:00:00Z;91,20628;0;3
2006-12-14 11:00:00Z;81,16525;0;3
2006-12-15 11:00:00Z;99,26494;0;3
2006-12-16 11:00:00Z;97,53681;0;3
2006-12-17 11:00:00Z;79,99771;0;3
2006-12-18 11:00:00Z;73,5106;0;3
2006-12-19 11:00:00Z;70,89545;0;3
2006-12-20 11:00:00Z;96,57926;0;3
2006-12-21 11:00:00Z;332,386;0;3
2006-12-22 11:00:00Z;458,9689;0;3
2006-12-23 11:00:00Z;313,029;0;3
2006-12-24 11:00:00Z;527,6693;0;3
2006-12-25 11:00:00Z;287,0246;0;3
2006-12-26 11:00:00Z;347,2754;0;3
2006-12-27 11:00:00Z;297,2228;0;3
2006-12-28 11:00:00Z;215,8507;0;3
2006-12-29 11:00:00Z;161,5791;0;3
2006-12-30 11:00:00Z;133,8309;0;3
2006-12-31 11:00:00Z;128,196;0;3
2007-01-01 11:00:00Z;123,1513;1;3
2007-01-02 11:00:00Z;118,0865;1;3
2007-01-03 11:00:00Z;128,2624;0;3
2007-01-04 11:00:00Z;108,1904;0;3
2007-01-05 11:00:00Z;97,66769;0;3
2007-01-06 11:00:00Z;89,0909;0;3
2007-01-07 11:00:00Z;84,65345;0;3
2007-01-08 11:00:00Z;79,74068;0;3
2007-01-09 11:00:00Z;78,17279;0;3
2007-01-10 11:00:00Z;74,47099;0;3
2007-01-11 11:00:00Z;68,26932;0;3
2007-01-12 11:00:00Z;63,23004;1;3
2007-01-13 11:00:00Z;58,176;1;3
2007-01-14 11:00:00Z;57,267;1;3
2007-01-15 11:00:00Z;56,358;1;3
2007-01-16 11:00:00Z;65,448;1;3
2007-01-17 11:00:00Z;58,176;1;3
2007-01-18 11:00:00Z;51,813;1;3
2007-01-19 11:00:00Z;45,45;1;3
2007-01-20 11:00:00Z;42,723;1;3
2007-01-21 11:00:00Z;39,996;1;3
2007-01-22 11:00:00Z;39,37788;1;3
2007-01-23 11:00:00Z;38,79612;1;3
2007-01-24 11:00:00Z;38,178;1;3
2007-01-25 11:00:00Z;43,632;1;3
2007-01-26 11:00:00Z;39,996;1;3
2007-01-27 11:00:00Z;36,36;1;3
2007-01-28 11:00:00Z;34,542;1;3
2007-01-29 11:00:00Z;32,724;1;3
2007-01-30 11:00:00Z;31,815;1;3
2007-01-31 11:00:00Z;30,906;1;3
2007-02-01 11:00:00Z;29,088;1;3
2007-02-02 11:00:00Z;32,724;1;3
2007-02-03 11:00:00Z;52,722;1;3
2007-02-04 11:00:00Z;63,63;1;3
2007-02-05 11:00:00Z;58,176;1;3
2007-02-06 11:00:00Z;52,722;2;3
2007-02-07 11:00:00Z;47,268;1;3
2007-02-08 11:00:00Z;43,632;2;3
2007-02-09 11:00:00Z;39,996;1;3
2007-02-10 11:00:00Z;38,79612;1;3
2007-02-11 11:00:00Z;37,55988;1;3
2007-02-12 11:00:00Z;36,36;1;3
2007-02-13 11:00:00Z;35,92368;1;3
2007-02-14 11:00:00Z;35,451;1;3
2007-02-15 11:00:00Z;34,97832;1;3
2007-02-16 11:00:00Z;34,542;1;3
2007-02-17 11:00:00Z;34,10568;1;3
2007-02-18 11:00:00Z;33,633;1;3
2007-02-19 11:00:00Z;33,16032;1;3
2007-02-20 11:00:00Z;32,724;1;3
2007-02-21 11:00:00Z;32,28768;1;3
2007-02-22 11:00:00Z;31,815;1;3
2007-02-23 11:00:00Z;31,34232;1;3
2007-02-24 11:00:00Z;30,906;1;3
2007-02-25 11:00:00Z;30,46968;1;3
2007-02-26 11:00:00Z;29,997;1;3
2007-02-27 11:00:00Z;29,52432;1;3
2007-02-28 11:00:00Z;29,088;1;3
2007-03-01 11:00:00Z;28,76076;1;3
2007-03-02 11:00:00Z;28,43352;1;3
2007-03-03 11:00:00Z;28,10628;1;3
2007-03-04 11:00:00Z;27,77904;1;3
2007-03-05 11:00:00Z;27,4518;1;3
2007-03-06 11:00:00Z;27,0882;1;3
2007-03-07 11:00:00Z;26,76096;1;3
2007-03-08 11:00:00Z;26,43372;1;3
2007-03-09 11:00:00Z;26,10648;1;3
2007-03-10 11:00:00Z;25,77924;1;3
2007-03-11 11:00:00Z;25,452;1;3
2007-03-12 11:00:00Z;32,724;1;3
2007-03-13 11:00:00Z;64,24812;1;3
2007-03-14 11:00:00Z;95,72073;0;3
2007-03-15 11:00:00Z;97,06326;0;3
2007-03-16 11:00:00Z;138,1282;0;3
2007-03-17 11:00:00Z;109,6904;0;3
2007-03-18 11:00:00Z;83,46918;0;3
2007-03-19 11:00:00Z;72,96032;0;3
2007-03-20 11:00:00Z;64,80795;0;3
2007-03-21 11:00:00Z;60,72778;0;3
2007-03-22 11:00:00Z;58,00128;0;3
2007-03-23 11:00:00Z;55,5566;0;3
2007-03-24 11:00:00Z;54,66902;0;3
2007-03-25 11:00:00Z;55,12305;0;3
2007-03-26 11:00:00Z;56,03782;0;3
2007-03-27 11:00:00Z;55,78063;0;3
2007-03-28 11:00:00Z;54,82745;0;3
2007-03-29 11:00:00Z;54,26542;0;3
2007-03-30 11:00:00Z;59,2049;0;3
2007-03-31 11:00:00Z;58,34296;0;3
2007-04-01 11:00:00Z;67,16238;0;3
2007-04-02 11:00:00Z;195,0191;0;3
2007-04-03 11:00:00Z;155,7679;0;3
2007-04-04 11:00:00Z;120,2661;0;3
2007-04-05 11:00:00Z;143,6291;0;3
2007-04-06 11:00:00Z;107,176;0;3
2007-04-07 11:00:00Z;89,65253;0;3
2007-04-08 11:00:00Z;85,11414;0;3
2007-04-09 11:00:00Z;77,34547;0;3
2007-04-10 11:00:00Z;74,27411;0;3
2007-04-11 11:00:00Z;75,71666;0;3
2007-04-12 11:00:00Z;76,33186;0;3
2007-04-13 11:00:00Z;99,4117;0;3
2007-04-14 11:00:00Z;203,303;0;3
2007-04-15 11:00:00Z;286,2509;0;3
2007-04-16 11:00:00Z;359,8759;0;3
2007-04-17 11:00:00Z;345,2396;0;3
2007-04-18 11:00:00Z;238,9079;0;3
2007-04-19 11:00:00Z;177,0629;0;3
2007-04-20 11:00:00Z;144,5403;0;3
2007-04-21 11:00:00Z;122,1134;0;3
2007-04-22 11:00:00Z;108,4853;0;3
2007-04-23 11:00:00Z;119,8445;0;3
2007-04-24 11:00:00Z;176,021;0;3
2007-04-25 11:00:00Z;360,3632;0;3
2007-04-26 11:00:00Z;434,9373;0;3
2007-04-27 11:00:00Z;548,7991;0;3
2007-04-28 11:00:00Z;441,7258;0;3
2007-04-29 11:00:00Z;317,3535;0;3
2007-04-30 11:00:00Z;287,5598;0;3
2007-05-01 11:00:00Z;239,618;0;3
2007-05-02 11:00:00Z;230,5855;0;3
2007-05-03 11:00:00Z;229,7273;0;3
2007-05-04 11:00:00Z;207,8126;0;3
2007-05-05 11:00:00Z;226,0148;0;3
2007-05-06 11:00:00Z;220,3772;0;3
2007-05-07 11:00:00Z;268,5895;0;3
2007-05-08 11:00:00Z;310,5461;0;3
2007-05-09 11:00:00Z;272,1649;0;3
2007-05-10 11:00:00Z;226,2787;0;3
2007-05-11 11:00:00Z;192,8396;0;3
2007-05-12 11:00:00Z;182,5976;0;3
2007-05-13 11:00:00Z;194,097;0;3
2007-05-14 11:00:00Z;248,8524;0;3
2007-05-15 11:00:00Z;303,6206;0;3
2007-05-16 11:00:00Z;373,4327;0;3
2007-05-17 11:00:00Z;297,5562;0;3
2007-05-18 11:00:00Z;248,9637;0;3
2007-05-19 11:00:00Z;322,5468;0;3
2007-05-20 11:00:00Z;465,7018;0;3
2007-05-21 11:00:00Z;716,4407;0;3
2007-05-22 11:00:00Z;597,6873;0;3
2007-05-23 11:00:00Z;602,3093;0;3
2007-05-24 11:00:00Z;492,6396;0;3
2007-05-25 11:00:00Z;432,9142;0;3
2007-05-26 11:00:00Z;378,5564;0;3
2007-05-27 11:00:00Z;339,8035;0;3
2007-05-28 11:00:00Z;318,2093;0;3
2007-05-29 11:00:00Z;317,7189;0;3
2007-05-30 11:00:00Z;428,1473;0;3
2007-05-31 11:00:00Z;498,1743;0;3
2007-06-01 11:00:00Z;525,4359;0;3
2007-06-02 11:00:00Z;522,2991;0;3
2007-06-03 11:00:00Z;535,0714;0;3
2007-06-04 11:00:00Z;555,8641;0;3
2007-06-05 11:00:00Z;575,4227;0;3
2007-06-06 11:00:00Z;580,2523;0;3
2007-06-07 11:00:00Z;530,216;0;3
2007-06-08 11:00:00Z;508,3671;0;3
2007-06-09 11:00:00Z;485,528;0;3
2007-06-10 11:00:00Z;444,1198;0;3
2007-06-11 11:00:00Z;425,8782;0;3
2007-06-12 11:00:00Z;395,9719;0;3
2007-06-13 11:00:00Z;308,396;0;3
2007-06-14 11:00:00Z;243,0849;0;3
2007-06-15 11:00:00Z;209,8071;0;3
2007-06-16 11:00:00Z;198,2224;0;3
2007-06-17 11:00:00Z;197,2663;0;3
2007-06-18 11:00:00Z;193,9059;0;3
2007-06-19 11:00:00Z;186,0585;0;3
2007-06-20 11:00:00Z;186,1077;0;3
2007-06-21 11:00:00Z;178,346;0;3
2007-06-22 11:00:00Z;237,6278;0;3
2007-06-23 11:00:00Z;317,1008;0;3
2007-06-24 11:00:00Z;293,7007;0;3
2007-06-25 11:00:00Z;295,7458;0;3
2007-06-26 11:00:00Z;316,6542;0;3
2007-06-27 11:00:00Z;323,4395;0;3
2007-06-28 11:00:00Z;292,7595;0;3
2007-06-29 11:00:00Z;301,541;0;3
2007-06-30 11:00:00Z;271,3798;0;3
2007-07-01 11:00:00Z;261,3823;0;3
2007-07-02 11:00:00Z;334,0989;0;3
2007-07-03 11:00:00Z;391,7308;0;3
2007-07-04 11:00:00Z;410,0741;0;3
2007-07-05 11:00:00Z;390,0932;0;3
2007-07-06 11:00:00Z;363,4504;0;3
2007-07-07 11:00:00Z;359,119;0;3
2007-07-08 11:00:00Z;325,582;0;3
2007-07-09 11:00:00Z;281,8522;0;3
2007-07-10 11:00:00Z;231,2338;0;3
2007-07-11 11:00:00Z;212,1703;0;3
2007-07-12 11:00:00Z;208,8239;0;3
2007-07-13 11:00:00Z;212,2203;0;3
2007-07-14 11:00:00Z;222,1875;0;3
2007-07-15 11:00:00Z;195,6127;0;3
2007-07-16 11:00:00Z;197,0325;0;3
2007-07-17 11:00:00Z;178,3415;0;3
2007-07-18 11:00:00Z;196,9958;0;3
2007-07-19 11:00:00Z;251,2218;0;3
2007-07-20 11:00:00Z;186,1448;0;3
2007-07-21 11:00:00Z;175,1602;0;3
2007-07-22 11:00:00Z;168,5919;0;3
2007-07-23 11:00:00Z;149,3166;0;3
2007-07-24 11:00:00Z;143,3859;0;3
2007-07-25 11:00:00Z;129,6414;0;3
2007-07-26 11:00:00Z;127,5863;0;3
2007-07-27 11:00:00Z;117,8252;0;3
2007-07-28 11:00:00Z;118,7775;0;3
2007-07-29 11:00:00Z;204,9146;0;3
2007-07-30 11:00:00Z;197,7238;0;3
2007-07-31 11:00:00Z;165,9358;0;3
2007-08-01 11:00:00Z;158,6663;0;3
2007-08-02 11:00:00Z;147,0808;0;3
2007-08-03 11:00:00Z;131,314;0;3
2007-08-04 11:00:00Z;116,9986;0;3
2007-08-05 11:00:00Z;126,3678;0;3
2007-08-06 11:00:00Z;120,9059;0;3
2007-08-07 11:00:00Z;122,556;0;3
2007-08-08 11:00:00Z;130,1351;0;3
2007-08-09 11:00:00Z;140,8925;0;3
2007-08-10 11:00:00Z;126,4238;0;3
2007-08-11 11:00:00Z;103,1052;0;3
2007-08-12 11:00:00Z;99,65767;0;3
2007-08-13 11:00:00Z;97,98757;0;3
2007-08-14 11:00:00Z;111,0904;0;3
2007-08-15 11:00:00Z;96,61327;0;3
2007-08-16 11:00:00Z;156,8831;0;3
2007-08-17 11:00:00Z;214,3191;0;3
2007-08-18 11:00:00Z;174,6072;0;3
2007-08-19 11:00:00Z;156,9018;0;3
2007-08-20 11:00:00Z;134,4951;0;3
2007-08-21 11:00:00Z;111,6087;0;3
2007-08-22 11:00:00Z;98,4426;0;3
2007-08-23 11:00:00Z;89,08713;0;3
2007-08-24 11:00:00Z;98,43722;0;3
2007-08-25 11:00:00Z;145,3916;0;3
2007-08-26 11:00:00Z;250,9946;0;3
2007-08-27 11:00:00Z;172,4867;0;3
2007-08-28 11:00:00Z;136,8744;0;3
2007-08-29 11:00:00Z;118,5543;0;3
2007-08-30 11:00:00Z;108,8328;0;3
2007-08-31 11:00:00Z;113,4071;0;3
2007-09-01 11:00:00Z;99,86237;0;3
2007-09-02 11:00:00Z;103,2634;0;3
2007-09-03 11:00:00Z;140,6181;0;3
2007-09-04 11:00:00Z;114,8479;0;3
2007-09-05 11:00:00Z;102,1219;0;3
2007-09-06 11:00:00Z;235,7855;0;3
2007-09-07 11:00:00Z;284,4474;0;3
2007-09-08 11:00:00Z;181,9397;0;3
2007-09-09 11:00:00Z;159,5661;0;3
2007-09-10 11:00:00Z;134,4603;0;3
2007-09-11 11:00:00Z;123,2972;0;3
2007-09-12 11:00:00Z;246,5977;0;3
2007-09-13 11:00:00Z;244,3818;0;3
2007-09-14 11:00:00Z;187,1353;0;3
2007-09-15 11:00:00Z;200,22;0;3
2007-09-16 11:00:00Z;252,0997;0;3
2007-09-17 11:00:00Z;176,4841;0;3
2007-09-18 11:00:00Z;204,4067;0;3
2007-09-19 11:00:00Z;171,1572;0;3
2007-09-20 11:00:00Z;131,0265;0;3
2007-09-21 11:00:00Z;128,9767;0;3
2007-09-22 11:00:00Z;156,0979;0;3
2007-09-23 11:00:00Z;233,7166;0;3
2007-09-24 11:00:00Z;201,9688;0;3
2007-09-25 11:00:00Z;214,8991;0;3
2007-09-26 11:00:00Z;164,6382;0;3
2007-09-27 11:00:00Z;134,8848;0;3
2007-09-28 11:00:00Z;109,8365;0;3
2007-09-29 11:00:00Z;95,69048;0;3
2007-09-30 11:00:00Z;86,36527;0;3
2007-10-01 11:00:00Z;85,49028;0;3
2007-10-02 11:00:00Z;83,78839;0;3
2007-10-03 11:00:00Z;80,60656;0;3
2007-10-04 11:00:00Z;82,00868;0;3
2007-10-05 11:00:00Z;78,65386;0;3
2007-10-06 11:00:00Z;71,7221;0;3
2007-10-07 11:00:00Z;74,77142;0;3
2007-10-08 11:00:00Z;113,5082;0;3
2007-10-09 11:00:00Z;115,2608;0;3
2007-10-10 11:00:00Z;107,4487;0;3
2007-10-11 11:00:00Z;92,35043;0;3
2007-10-12 11:00:00Z;81,53722;0;3
2007-10-13 11:00:00Z;75,33002;0;3
2007-10-14 11:00:00Z;239,1992;0;3
2007-10-15 11:00:00Z;306,8326;0;3
2007-10-16 11:00:00Z;202,5388;0;3
2007-10-17 11:00:00Z;283,3904;0;3
2007-10-18 11:00:00Z;383,3573;0;3
2007-10-19 11:00:00Z;211,2178;0;3
2007-10-20 11:00:00Z;175,5805;0;3
2007-10-21 11:00:00Z;296,9309;0;3
2007-10-22 11:00:00Z;253,2041;0;3
2007-10-23 11:00:00Z;201,4772;1;3
2007-10-24 11:00:00Z;171,5024;0;3
2007-10-25 11:00:00Z;216,7721;0;3
2007-10-26 11:00:00Z;160,0582;0;3
2007-10-27 11:00:00Z;125,5715;0;3
2007-10-28 11:00:00Z;145,1973;0;3
2007-10-29 11:00:00Z;186,9352;0;3
2007-10-30 11:00:00Z;171,9974;0;3
2007-10-31 11:00:00Z;141,0505;0;3
2007-11-01 11:00:00Z;189,9079;0;3
2007-11-02 11:00:00Z;177,8911;0;3
2007-11-03 11:00:00Z;129,3147;0;3
2007-11-04 11:00:00Z;115,2307;0;3
2007-11-05 11:00:00Z;106,1373;0;3
2007-11-06 11:00:00Z;99,48441;0;3
2007-11-07 11:00:00Z;90,96181;0;3
2007-11-08 11:00:00Z;85,70069;0;3
2007-11-09 11:00:00Z;81,4733;0;3
2007-11-10 11:00:00Z;75,48006;0;3
2007-11-11 11:00:00Z;72,78165;0;3
2007-11-12 11:00:00Z;69,47578;0;3
2007-11-13 11:00:00Z;62,07105;0;3
2007-11-14 11:00:00Z;57,37608;1;3
2007-11-15 11:00:00Z;52,722;1;3
2007-11-16 11:00:00Z;51,813;1;3
2007-11-17 11:00:00Z;50,904;1;3
2007-11-18 11:00:00Z;79,37388;1;3
2007-11-19 11:00:00Z;107,8869;0;3
2007-11-20 11:00:00Z;102,2664;0;3
2007-11-21 11:00:00Z;106,7489;0;3
2007-11-22 11:00:00Z;91,85316;0;3
2007-11-23 11:00:00Z;80,52895;0;3
2007-11-24 11:00:00Z;75,23459;0;3
2007-11-25 11:00:00Z;71,34921;0;3
2007-11-26 11:00:00Z;68,88664;0;3
2007-11-27 11:00:00Z;63,2116;0;3
2007-11-28 11:00:00Z;61,01208;1;3
2007-11-29 11:00:00Z;58,86684;1;3
2007-11-30 11:00:00Z;56,68524;1;3
2007-12-01 11:00:00Z;54,54;1;3
2007-12-02 11:00:00Z;51,813;1;3
2007-12-03 11:00:00Z;49,086;1;3
2007-12-04 11:00:00Z;47,268;1;3
2007-12-05 11:00:00Z;45,45;1;3
2007-12-06 11:00:00Z;43,632;1;3
2007-12-07 11:00:00Z;42,723;1;3
2007-12-08 11:00:00Z;41,814;1;3
2007-12-09 11:00:00Z;40,905;1;3
2007-12-10 11:00:00Z;39,996;1;3
2007-12-11 11:00:00Z;39,087;1;3
2007-12-12 11:00:00Z;38,178;1;3
2007-12-13 11:00:00Z;40,5414;1;3
2007-12-14 11:00:00Z;42,9048;1;3
2007-12-15 11:00:00Z;48,7224;1;3
2007-12-16 11:00:00Z;54,54;1;3
2007-12-17 11:00:00Z;88,14467;0;3
2007-12-18 11:00:00Z;121,8598;0;3
2007-12-19 11:00:00Z;185,1763;0;3
2007-12-20 11:00:00Z;409,6408;0;3
2007-12-21 11:00:00Z;410,9732;0;3
2007-12-22 11:00:00Z;253,7045;0;3
2007-12-23 11:00:00Z;163,7855;0;3
2007-12-24 11:00:00Z;127,6794;0;3
2007-12-25 11:00:00Z;121,3708;0;3
2007-12-26 11:00:00Z;100,2934;0;3
2007-12-27 11:00:00Z;157,2044;0;3
2007-12-28 11:00:00Z;207,4641;0;3
2007-12-29 11:00:00Z;130,7193;0;3
2007-12-30 11:00:00Z;100,8747;0;3
2007-12-31 11:00:00Z;83,62801;1;3
2008-01-01 11:00:00Z;73,629;1;3
2008-01-02 11:00:00Z;63,63;1;3
2008-01-03 11:00:00Z;57,267;1;3
2008-01-04 11:00:00Z;50,904;1;3
2008-01-05 11:00:00Z;45,45;1;3
2008-01-06 11:00:00Z;39,996;1;3
2008-01-07 11:00:00Z;37,269;1;3
2008-01-08 11:00:00Z;34,542;1;3
2008-01-09 11:00:00Z;33,34212;1;3
2008-01-10 11:00:00Z;32,10588;1;3
2008-01-11 11:00:00Z;30,906;1;3
2008-01-12 11:00:00Z;30,28788;1;3
2008-01-13 11:00:00Z;29,70612;1;3
2008-01-14 11:00:00Z;29,088;1;3
2008-01-15 11:00:00Z;45,45;1;3
2008-01-16 11:00:00Z;38,178;1;3
2008-01-17 11:00:00Z;30,906;1;3
2008-01-18 11:00:00Z;29,997;1;3
2008-01-19 11:00:00Z;29,088;1;3
2008-01-20 11:00:00Z;27,88812;1;3
2008-01-21 11:00:00Z;26,65188;1;3
2008-01-22 11:00:00Z;25,452;1;3
2008-01-23 11:00:00Z;24,83388;1;3
2008-01-24 11:00:00Z;24,25212;1;3
2008-01-25 11:00:00Z;23,634;1;3
2008-01-26 11:00:00Z;23,01588;1;3
2008-01-27 11:00:00Z;22,43412;1;3
2008-01-28 11:00:00Z;21,816;1;3
2008-01-29 11:00:00Z;98,42519;0;3
2008-01-30 11:00:00Z;85,29568;0;3
2008-01-31 11:00:00Z;67,38206;0;3
2008-02-01 11:00:00Z;59,87875;0;3
2008-02-02 11:00:00Z;55,63179;0;3
2008-02-03 11:00:00Z;50,77656;0;3
2008-02-04 11:00:00Z;45,4585;0;3
2008-02-05 11:00:00Z;45,99184;0;3
2008-02-06 11:00:00Z;48,7662;0;3
2008-02-07 11:00:00Z;48,42028;0;3
2008-02-08 11:00:00Z;46,12943;0;3
2008-02-09 11:00:00Z;45,82879;0;3
2008-02-10 11:00:00Z;45,1162;0;3
2008-02-11 11:00:00Z;45,00635;0;3
2008-02-12 11:00:00Z;45,73094;0;3
2008-02-13 11:00:00Z;65,67386;0;3
2008-02-14 11:00:00Z;72,1626;0;3
2008-02-15 11:00:00Z;63,23925;0;3
2008-02-16 11:00:00Z;64,17599;0;3
2008-02-17 11:00:00Z;104,6478;0;3
2008-02-18 11:00:00Z;87,79514;0;3
2008-02-19 11:00:00Z;72,48588;0;3
2008-02-20 11:00:00Z;71,10506;0;3
2008-02-21 11:00:00Z;73,62788;0;3
2008-02-22 11:00:00Z;72,15664;0;3
2008-02-23 11:00:00Z;69,09011;0;3
2008-02-24 11:00:00Z;75,3426;0;3
2008-02-25 11:00:00Z;104,463;0;3
2008-02-26 11:00:00Z;85,4032;0;3
2008-02-27 11:00:00Z;76,69194;0;3
2008-02-28 11:00:00Z;70,67708;0;3
2008-02-29 11:00:00Z;66,15046;0;3
2008-03-01 11:00:00Z;66,32115;0;3
2008-03-02 11:00:00Z;64,53399;0;3
2008-03-03 11:00:00Z;61,70019;0;3
2008-03-04 11:00:00Z;59,99115;0;3
2008-03-05 11:00:00Z;57,19093;0;3
2008-03-06 11:00:00Z;58,9586;0;3
2008-03-07 11:00:00Z;59,55624;0;3
2008-03-08 11:00:00Z;57,82956;0;3
2008-03-09 11:00:00Z;57,08384;0;3
2008-03-10 11:00:00Z;56,68539;0;3
2008-03-11 11:00:00Z;55,5215;0;3
2008-03-12 11:00:00Z;56,30717;0;3
2008-03-13 11:00:00Z;57,65442;0;3
2008-03-14 11:00:00Z;56,6182;0;3
2008-03-15 11:00:00Z;55,35875;0;3
2008-03-16 11:00:00Z;52,97107;0;3
2008-03-17 11:00:00Z;52,90601;0;3
2008-03-18 11:00:00Z;49,75004;0;3
2008-03-19 11:00:00Z;51,61871;0;3
2008-03-20 11:00:00Z;50,24256;0;3
2008-03-21 11:00:00Z;48,58101;0;3
2008-03-22 11:00:00Z;47,07354;0;3
2008-03-23 11:00:00Z;46,6735;0;3
2008-03-24 11:00:00Z;46,47618;0;3
2008-03-25 11:00:00Z;46,79189;0;3
2008-03-26 11:00:00Z;47,04525;0;3
2008-03-27 11:00:00Z;46,9598;0;3
2008-03-28 11:00:00Z;47,229;0;3
2008-03-29 11:00:00Z;47,05095;0;3
2008-03-30 11:00:00Z;47,73585;0;3
2008-03-31 11:00:00Z;48,84911;0;3
2008-04-01 11:00:00Z;51,75862;0;3
2008-04-02 11:00:00Z;54,08133;0;3
2008-04-03 11:00:00Z;53,49567;0;3
2008-04-04 11:00:00Z;52,7998;0;3
2008-04-05 11:00:00Z;52,59276;0;3
2008-04-06 11:00:00Z;52,34397;0;3
2008-04-07 11:00:00Z;51,6874;0;3
2008-04-08 11:00:00Z;50,66557;0;3
2008-04-09 11:00:00Z;49,85918;0;3
2008-04-10 11:00:00Z;49,31575;0;3
2008-04-11 11:00:00Z;48,98296;0;3
2008-04-12 11:00:00Z;49,29644;0;3
2008-04-13 11:00:00Z;49,91901;0;3
2008-04-14 11:00:00Z;50,06488;0;3
2008-04-15 11:00:00Z;51,00694;0;3
2008-04-16 11:00:00Z;51,23111;0;3
2008-04-17 11:00:00Z;52,30969;0;3
2008-04-18 11:00:00Z;54,21675;0;3
2008-04-19 11:00:00Z;58,22343;0;3
2008-04-20 11:00:00Z;57,12077;0;3
2008-04-21 11:00:00Z;60,35694;0;3
2008-04-22 11:00:00Z;61,35754;0;3
2008-04-23 11:00:00Z;61,49079;0;3
2008-04-24 11:00:00Z;61,55761;0;3
2008-04-25 11:00:00Z;68,68874;0;3
2008-04-26 11:00:00Z;75,90199;0;3
2008-04-27 11:00:00Z;87,18137;0;3
2008-04-28 11:00:00Z;116,4529;0;3
2008-04-29 11:00:00Z;173,3434;0;3
2008-04-30 11:00:00Z;272,4693;0;3
2008-05-01 11:00:00Z;326,1372;0;3
2008-05-02 11:00:00Z;426,6601;0;3
2008-05-03 11:00:00Z;494,608;0;3
2008-05-04 11:00:00Z;509,7659;0;3
2008-05-05 11:00:00Z;484,3559;0;3
2008-05-06 11:00:00Z;453,5294;0;3
2008-05-07 11:00:00Z;618,4;0;3
2008-05-08 11:00:00Z;667,5438;0;3
2008-05-09 11:00:00Z;749,9775;0;3
2008-05-10 11:00:00Z;708,9957;0;3
2008-05-11 11:00:00Z;708,6541;0;3
2008-05-12 11:00:00Z;685,9456;0;3
2008-05-13 11:00:00Z;475,8878;1;3
2008-05-14 11:00:00Z;338,8985;0;3
2008-05-15 11:00:00Z;267,0261;0;3
2008-05-16 11:00:00Z;224,3658;0;3
2008-05-17 11:00:00Z;193,4249;0;3
2008-05-18 11:00:00Z;171,7405;0;3
2008-05-19 11:00:00Z;157,0877;0;3
2008-05-20 11:00:00Z;149,7127;0;3
2008-05-21 11:00:00Z;152,3987;0;3
2008-05-22 11:00:00Z;164,0534;0;3
2008-05-23 11:00:00Z;178,8885;0;3
2008-05-24 11:00:00Z;204,2687;0;3
2008-05-25 11:00:00Z;222,4492;0;3
2008-05-26 11:00:00Z;230,1406;0;3
2008-05-27 11:00:00Z;210,8045;0;3
2008-05-28 11:00:00Z;201,4691;0;3
2008-05-29 11:00:00Z;218,8702;0;3
2008-05-30 11:00:00Z;254,446;0;3
2008-05-31 11:00:00Z;291,0783;0;3
2008-06-01 11:00:00Z;398,1079;0;3
2008-06-02 11:00:00Z;422,7157;0;3
2008-06-03 11:00:00Z;438,3869;0;3
2008-06-04 11:00:00Z;482,5662;0;3
2008-06-05 11:00:00Z;498,132;0;3
2008-06-06 11:00:00Z;509,2071;0;3
2008-06-07 11:00:00Z;490,4455;0;3
2008-06-08 11:00:00Z;470,2397;0;3
2008-06-09 11:00:00Z;628,5114;0;3
2008-06-10 11:00:00Z;641,0692;0;3
2008-06-11 11:00:00Z;489,2834;0;3
2008-06-12 11:00:00Z;327,8189;0;3
2008-06-13 11:00:00Z;270,9297;0;3
2008-06-14 11:00:00Z;229,3783;0;3
2008-06-15 11:00:00Z;216,5341;0;3
2008-06-16 11:00:00Z;225,4686;0;3
2008-06-17 11:00:00Z;231,0925;0;3
2008-06-18 11:00:00Z;229,5262;0;3
2008-06-19 11:00:00Z;234,3769;0;3
2008-06-20 11:00:00Z;246,6418;0;3
2008-06-21 11:00:00Z;285,4827;0;3
2008-06-22 11:00:00Z;262,4831;0;3
2008-06-23 11:00:00Z;227,333;0;3
2008-06-24 11:00:00Z;286,6486;0;3
2008-06-25 11:00:00Z;244,9978;0;3
2008-06-26 11:00:00Z;226,6983;0;3
2008-06-27 11:00:00Z;182,7014;0;3
2008-06-28 11:00:00Z;153,7037;0;3
2008-06-29 11:00:00Z;155,481;0;3
2008-06-30 11:00:00Z;172,2336;0;3
2008-07-01 11:00:00Z;226,1658;0;3
2008-07-02 11:00:00Z;212,5653;0;3
2008-07-03 11:00:00Z;197,3336;0;3
2008-07-04 11:00:00Z;206,4589;0;3
2008-07-05 11:00:00Z;193,4928;0;3
2008-07-06 11:00:00Z;177,7257;0;3
2008-07-07 11:00:00Z;147,4529;0;3
2008-07-08 11:00:00Z;125,5189;0;3
2008-07-09 11:00:00Z;112,3888;0;3
2008-07-10 11:00:00Z;110,313;0;3
2008-07-11 11:00:00Z;100,3899;0;3
2008-07-12 11:00:00Z;93,09879;0;3
2008-07-13 11:00:00Z;99,92344;0;3
2008-07-14 11:00:00Z;115,8108;0;3
2008-07-15 11:00:00Z;121,3797;0;3
2008-07-16 11:00:00Z;127,1314;0;3
2008-07-17 11:00:00Z;120,4675;0;3
2008-07-18 11:00:00Z;112,1706;0;3
2008-07-19 11:00:00Z;115,3056;0;3
2008-07-20 11:00:00Z;103,9165;0;3
2008-07-21 11:00:00Z;105,5608;0;3
2008-07-22 11:00:00Z;105,9958;0;3
2008-07-23 11:00:00Z;98,51184;0;3
2008-07-24 11:00:00Z;103,672;0;3
2008-07-25 11:00:00Z;103,8636;0;3
2008-07-26 11:00:00Z;90,7111;0;3
2008-07-27 11:00:00Z;84,67633;0;3
2008-07-28 11:00:00Z;81,27454;0;3
2008-07-29 11:00:00Z;89,00821;0;3
2008-07-30 11:00:00Z;89,89994;0;3
2008-07-31 11:00:00Z;81,15439;0;3
2008-08-01 11:00:00Z;75,73524;0;3
2008-08-02 11:00:00Z;68,91287;0;3
2008-08-03 11:00:00Z;66,56309;0;3
2008-08-04 11:00:00Z;64,07607;0;3
2008-08-05 11:00:00Z;58,0611;0;3
2008-08-06 11:00:00Z;53,4878;0;3
2008-08-07 11:00:00Z;69,32844;0;3
2008-08-08 11:00:00Z;81,82393;0;3
2008-08-09 11:00:00Z;63,83527;0;3
2008-08-10 11:00:00Z;57,05507;0;3
2008-08-11 11:00:00Z;52,79518;0;3
2008-08-12 11:00:00Z;54,2966;0;3
2008-08-13 11:00:00Z;56,69081;0;3
2008-08-14 11:00:00Z;72,38448;0;3
2008-08-15 11:00:00Z;75,36237;0;3
2008-08-16 11:00:00Z;64,70007;0;3
2008-08-17 11:00:00Z;57,10518;0;3
2008-08-18 11:00:00Z;52,94049;0;3
2008-08-19 11:00:00Z;59,91832;0;3
2008-08-20 11:00:00Z;63,08802;0;3
2008-08-21 11:00:00Z;61,7654;0;3
2008-08-22 11:00:00Z;63,11503;0;3
2008-08-23 11:00:00Z;65,67941;0;3
2008-08-24 11:00:00Z;59,73642;0;3
2008-08-25 11:00:00Z;54,54824;0;3
2008-08-26 11:00:00Z;53,16095;0;3
2008-08-27 11:00:00Z;53,36211;0;3
2008-08-28 11:00:00Z;57,06734;0;3
2008-08-29 11:00:00Z;75,32499;0;3
2008-08-30 11:00:00Z;94,34873;0;3
2008-08-31 11:00:00Z;74,53426;0;3
2008-09-01 11:00:00Z;63,75822;0;3
2008-09-02 11:00:00Z;57,45361;0;3
2008-09-03 11:00:00Z;56,11863;0;3
2008-09-04 11:00:00Z;113,3605;0;3
2008-09-05 11:00:00Z;96,97034;0;3
2008-09-06 11:00:00Z;78,51443;0;3
2008-09-07 11:00:00Z;69,7902;0;3
2008-09-08 11:00:00Z;63,14435;0;3
2008-09-09 11:00:00Z;58,73926;0;3
2008-09-10 11:00:00Z;55,51538;0;3
2008-09-11 11:00:00Z;52,66699;0;3
2008-09-12 11:00:00Z;50,3653;0;3
2008-09-13 11:00:00Z;48,10519;0;3
2008-09-14 11:00:00Z;46,27496;0;3
2008-09-15 11:00:00Z;45,08929;0;3
2008-09-16 11:00:00Z;44,26711;0;3
2008-09-17 11:00:00Z;43,24093;1;3
2008-09-18 11:00:00Z;42,00097;1;3
2008-09-19 11:00:00Z;41,18682;1;3
2008-09-20 11:00:00Z;43,04116;1;3
2008-09-21 11:00:00Z;46,47025;1;3
2008-09-22 11:00:00Z;46,2625;1;3
2008-09-23 11:00:00Z;51,6465;1;3
2008-09-24 11:00:00Z;66,38047;1;3
2008-09-25 11:00:00Z;63,82325;1;3
2008-09-26 11:00:00Z;78,13052;1;3
2008-09-27 11:00:00Z;231,1268;1;3
2008-09-28 11:00:00Z;441,5965;1;3
2008-09-29 11:00:00Z;294,8957;1;3
2008-09-30 11:00:00Z;168,1093;1;3
2008-10-01 11:00:00Z;119,8675;1;3
2008-10-02 11:00:00Z;104,3822;1;3
2008-10-03 11:00:00Z;92,92643;1;3
2008-10-04 11:00:00Z;81,89897;1;3
2008-10-05 11:00:00Z;74,27399;1;3
2008-10-06 11:00:00Z;78,71756;1;3
2008-10-07 11:00:00Z;184,7133;1;3
2008-10-08 11:00:00Z;139,0948;1;3
2008-10-09 11:00:00Z;128,8749;1;3
2008-10-10 11:00:00Z;192,8237;1;3
2008-10-11 11:00:00Z;266,8226;1;3
2008-10-12 11:00:00Z;656,7976;1;3
2008-10-13 11:00:00Z;551,5524;1;3
2008-10-14 11:00:00Z;643,8683;1;3
2008-10-15 11:00:00Z;504,5607;1;3
2008-10-16 11:00:00Z;291,4711;1;3
2008-10-17 11:00:00Z;200,1655;1;3
2008-10-18 11:00:00Z;158,9005;1;3
2008-10-19 11:00:00Z;143,9453;1;3
2008-10-20 11:00:00Z;140,2784;1;3
2008-10-21 11:00:00Z;171,762;1;3
2008-10-22 11:00:00Z;168,3426;1;3
2008-10-23 11:00:00Z;183,8653;1;3
2008-10-24 11:00:00Z;203,6796;1;3
2008-10-25 11:00:00Z;200,312;1;3
2008-10-26 11:00:00Z;244,1381;1;3
2008-10-27 11:00:00Z;191,4;1;3
2008-10-28 11:00:00Z;147,5881;1;3
2008-10-29 11:00:00Z;123,2427;1;3
2008-10-30 11:00:00Z;103,2844;1;3
2008-10-31 11:00:00Z;91,50719;1;3
2008-11-01 11:00:00Z;81,09504;1;3
2008-11-02 11:00:00Z;83,33764;1;3
2008-11-03 11:00:00Z;96,0947;1;3
2008-11-04 11:00:00Z;209,5111;1;3
2008-11-05 11:00:00Z;313,7349;1;3
2008-11-06 11:00:00Z;191,5059;1;3
2008-11-07 11:00:00Z;131,3994;1;3
2008-11-08 11:00:00Z;107,7366;1;3
2008-11-09 11:00:00Z;95,26667;1;3
2008-11-10 11:00:00Z;86,81451;1;3
2008-11-11 11:00:00Z;80,98965;1;3
2008-11-12 11:00:00Z;76,32755;1;3
2008-11-13 11:00:00Z;70,8754;1;3
2008-11-14 11:00:00Z;63,75207;1;3
2008-11-15 11:00:00Z;63,97328;1;3
2008-11-16 11:00:00Z;61,0156;1;3
2008-11-17 11:00:00Z;60,87171;1;3
2008-11-18 11:00:00Z;114,3533;0;3
2008-11-19 11:00:00Z;87,27499;0;3
2008-11-20 11:00:00Z;74,18201;0;3
2008-11-21 11:00:00Z;65,03946;0;3
2008-11-22 11:00:00Z;60,32124;2;3
2008-11-23 11:00:00Z;55,6308;1;3
2008-11-24 11:00:00Z;51,4494;2;3
2008-11-25 11:00:00Z;47,268;1;3
2008-11-26 11:00:00Z;45,45;2;3
2008-11-27 11:00:00Z;43,632;1;3
2008-11-28 11:00:00Z;41,814;1;3
2008-11-29 11:00:00Z;39,087;2;3
2008-11-30 11:00:00Z;36,36;1;3
2008-12-01 11:00:00Z;32,724;1;3
2008-12-02 11:00:00Z;30,3606;2;3
2008-12-03 11:00:00Z;27,9972;1;3
2008-12-04 11:00:00Z;26,9064;2;3
2008-12-05 11:00:00Z;25,8156;2;3
2008-12-06 11:00:00Z;24,7248;1;3
2008-12-07 11:00:00Z;24,3612;2;3
2008-12-08 11:00:00Z;23,9976;2;3
2008-12-09 11:00:00Z;23,634;1;3
2008-12-10 11:00:00Z;23,34312;2;3
2008-12-11 11:00:00Z;23,01588;2;3
2008-12-12 11:00:00Z;22,725;2;3
2008-12-13 11:00:00Z;22,43412;2;3
2008-12-14 11:00:00Z;22,10688;2;3
2008-12-15 11:00:00Z;21,816;1;3
2008-12-16 11:00:00Z;25,19748;2;3
2008-12-17 11:00:00Z;28,61532;2;3
2008-12-18 11:00:00Z;31,9968;1;3
2008-12-19 11:00:00Z;44,3592;1;3
2008-12-20 11:00:00Z;41,2686;2;3
2008-12-21 11:00:00Z;38,178;1;3
2008-12-22 11:00:00Z;36,61452;2;3
2008-12-23 11:00:00Z;35,01468;2;3
2008-12-24 11:00:00Z;33,4512;1;3
2008-12-25 11:00:00Z;39,996;1;3
2008-12-26 11:00:00Z;172,5935;1;3
2008-12-27 11:00:00Z;216,985;1;3
2008-12-28 11:00:00Z;128,1532;1;3
2008-12-29 11:00:00Z;102,2554;1;3
2008-12-30 11:00:00Z;108,1951;1;3
2008-12-31 11:00:00Z;152,5367;1;3
2009-01-01 11:00:00Z;105,7113;1;3
2009-01-02 11:00:00Z;86,32726;1;3
2009-01-03 11:00:00Z;73,34871;1;3
2009-01-04 11:00:00Z;65,448;1;3
2009-01-05 11:00:00Z;58,176;1;3
2009-01-06 11:00:00Z;50,904;1;3
2009-01-07 11:00:00Z;47,88612;1;3
2009-01-08 11:00:00Z;44,83188;1;3
2009-01-09 11:00:00Z;41,814;1;3
2009-01-10 11:00:00Z;99,99;1;3
2009-01-11 11:00:00Z;158,166;1;3
2009-01-12 11:00:00Z;235,431;1;3
2009-01-13 11:00:00Z;312,696;1;3
2009-01-14 11:00:00Z;229,165;1;3
2009-01-15 11:00:00Z;156,9183;1;3
2009-01-16 11:00:00Z;127,26;1;3
2009-01-17 11:00:00Z;105,444;1;3
2009-01-18 11:00:00Z;89,082;1;3
2009-01-19 11:00:00Z;79,2648;1;3
2009-01-20 11:00:00Z;72,72;1;3
2009-01-21 11:00:00Z;66,357;1;3
2009-01-22 11:00:00Z;59,994;1;3
2009-01-23 11:00:00Z;57,267;1;3
2009-01-24 11:00:00Z;54,54;1;3
2009-01-25 11:00:00Z;50,904;1;3
2009-01-26 11:00:00Z;47,268;1;3
2009-01-27 11:00:00Z;45,45;1;3
2009-01-28 11:00:00Z;43,632;1;3
2009-01-29 11:00:00Z;43,01388;1;3
2009-01-30 11:00:00Z;42,43212;1;3
2009-01-31 11:00:00Z;41,814;1;3
2009-02-01 11:00:00Z;39,996;1;3
2009-02-02 11:00:00Z;38,178;1;3
2009-02-03 11:00:00Z;36,36;1;3
2009-02-04 11:00:00Z;34,542;1;3
2009-02-05 11:00:00Z;32,724;1;3
2009-02-06 11:00:00Z;31,6332;1;3
2009-02-07 11:00:00Z;30,5424;1;3
2009-02-08 11:00:00Z;29,4516;1;3
2009-02-09 11:00:00Z;28,3608;1;3
2009-02-10 11:00:00Z;27,27;1;3
2009-02-11 11:00:00Z;26,83368;1;3
2009-02-12 11:00:00Z;26,39736;1;3
2009-02-13 11:00:00Z;25,9974;1;3
2009-02-14 11:00:00Z;25,56108;1;3
2009-02-15 11:00:00Z;25,12476;1;3
2009-02-16 11:00:00Z;24,68844;1;3
2009-02-17 11:00:00Z;24,25212;1;3
2009-02-18 11:00:00Z;23,8158;1;3
2009-02-19 11:00:00Z;23,41584;1;3
2009-02-20 11:00:00Z;22,97952;1;3
2009-02-21 11:00:00Z;22,5432;1;3
2009-02-22 11:00:00Z;39,996;1;3
2009-02-23 11:00:00Z;36,36;1;3
2009-02-24 11:00:00Z;32,724;1;3
2009-02-25 11:00:00Z;30,906;1;3
2009-02-26 11:00:00Z;29,088;1;3
2009-02-27 11:00:00Z;28,7244;1;3
2009-02-28 11:00:00Z;28,3608;1;3
2009-03-01 11:00:00Z;28,25172;1;3
2009-03-02 11:00:00Z;28,10628;1;3
2009-03-03 11:00:00Z;27,9972;1;3
2009-03-04 11:00:00Z;27,88812;1;3
2009-03-05 11:00:00Z;27,74268;1;3
2009-03-06 11:00:00Z;27,6336;1;3
2009-03-07 11:00:00Z;27,52452;1;3
2009-03-08 11:00:00Z;27,37908;1;3
2009-03-09 11:00:00Z;27,27;1;3
2009-03-10 11:00:00Z;27,12456;1;3
2009-03-11 11:00:00Z;26,97912;1;3
2009-03-12 11:00:00Z;26,83368;1;3
2009-03-13 11:00:00Z;26,68824;1;3
2009-03-14 11:00:00Z;26,5428;1;3
2009-03-15 11:00:00Z;27,19728;1;3
2009-03-16 11:00:00Z;27,8154;1;3
2009-03-17 11:00:00Z;28,43352;1;3
2009-03-18 11:00:00Z;29,088;1;3
2009-03-19 11:00:00Z;31,6332;1;3
2009-03-20 11:00:00Z;48,5406;1;3
2009-03-21 11:00:00Z;65,448;1;3
2009-03-22 11:00:00Z;52,722;1;3
2009-03-23 11:00:00Z;44,3592;1;3
2009-03-24 11:00:00Z;38,178;1;3
2009-03-25 11:00:00Z;34,542;1;3
2009-03-26 11:00:00Z;32,724;1;3
2009-03-27 11:00:00Z;30,906;1;3
2009-03-28 11:00:00Z;29,997;1;3
2009-03-29 11:00:00Z;29,088;1;3
2009-03-30 11:00:00Z;28,179;1;3
2009-03-31 11:00:00Z;27,27;1;3
2009-04-01 11:00:00Z;27,27;1;3
2009-04-02 11:00:00Z;43,632;1;3
2009-04-03 11:00:00Z;105,444;1;3
2009-04-04 11:00:00Z;184,3476;1;3
2009-04-05 11:00:00Z;139,0798;1;3
2009-04-06 11:00:00Z;118,9433;1;3
2009-04-07 11:00:00Z;107,6945;1;3
2009-04-08 11:00:00Z;100,6338;1;3
2009-04-09 11:00:00Z;95,84875;1;3
2009-04-10 11:00:00Z;100,2766;1;3
2009-04-11 11:00:00Z;118,4478;1;3
2009-04-12 11:00:00Z;159,8708;1;3
2009-04-13 11:00:00Z;189,5759;1;3
2009-04-14 11:00:00Z;174,6953;1;3
2009-04-15 11:00:00Z;127,6075;1;3
2009-04-16 11:00:00Z;106,3256;1;3
2009-04-17 11:00:00Z;94,22733;1;3
2009-04-18 11:00:00Z;84,4538;0;3
2009-04-19 11:00:00Z;78,13833;0;3
2009-04-20 11:00:00Z;72,11607;0;3
2009-04-21 11:00:00Z;68,41107;0;3
2009-04-22 11:00:00Z;66,15852;0;3
2009-04-23 11:00:00Z;71,03806;0;3
2009-04-24 11:00:00Z;87,77332;0;3
2009-04-25 11:00:00Z;138,9056;0;3
2009-04-26 11:00:00Z;205,5275;0;3
2009-04-27 11:00:00Z;245,7223;0;3
2009-04-28 11:00:00Z;212,629;0;3
2009-04-29 11:00:00Z;219,4807;1;3
2009-04-30 11:00:00Z;239,7425;1;3
2009-05-01 11:00:00Z;295,9843;1;3
2009-05-02 11:00:00Z;367,2383;1;3
2009-05-03 11:00:00Z;420,5336;1;3
2009-05-04 11:00:00Z;361,1664;1;3
2009-05-05 11:00:00Z;305,7576;1;3
2009-05-06 11:00:00Z;278,5054;1;3
2009-05-07 11:00:00Z;269,2326;0;3
2009-05-08 11:00:00Z;280,4745;0;3
2009-05-09 11:00:00Z;368,6824;0;3
2009-05-10 11:00:00Z;372,1745;0;3
2009-05-11 11:00:00Z;315,2482;0;3
2009-05-12 11:00:00Z;258,686;0;3
2009-05-13 11:00:00Z;250,3885;0;3
2009-05-14 11:00:00Z;264,3543;0;3
2009-05-15 11:00:00Z;313,5699;0;3
2009-05-16 11:00:00Z;374,6386;0;3
2009-05-17 11:00:00Z;412,277;0;3
2009-05-18 11:00:00Z;395,842;0;3
2009-05-19 11:00:00Z;387,3319;0;3
2009-05-20 11:00:00Z;374,2733;0;3
2009-05-21 11:00:00Z;405,8599;0;3
2009-05-22 11:00:00Z;409,235;0;3
2009-05-23 11:00:00Z;397,3258;0;3
2009-05-24 11:00:00Z;367,4147;0;3
2009-05-25 11:00:00Z;383,3176;0;3
2009-05-26 11:00:00Z;423,5782;0;3
2009-05-27 11:00:00Z;480,1036;0;3
2009-05-28 11:00:00Z;411,243;0;3
2009-05-29 11:00:00Z;366,0766;0;3
2009-05-30 11:00:00Z;733,0701;0;3
2009-05-31 11:00:00Z;904,7011;0;3
2009-06-01 11:00:00Z;815,4446;0;3
2009-06-02 11:00:00Z;563,9976;0;3
2009-06-03 11:00:00Z;391,1717;0;3
2009-06-04 11:00:00Z;324,66;0;3
2009-06-05 11:00:00Z;268,8495;0;3
2009-06-06 11:00:00Z;218,5003;0;3
2009-06-07 11:00:00Z;226,9498;0;3
2009-06-08 11:00:00Z;227,9949;0;3
2009-06-09 11:00:00Z;243,9338;0;3
2009-06-10 11:00:00Z;294,0144;0;3
2009-06-11 11:00:00Z;337,9059;0;3
2009-06-12 11:00:00Z;294,516;3;3
2009-06-13 11:00:00Z;399,96;3;3
2009-06-14 11:00:00Z;519,948;3;3
2009-06-15 11:00:00Z;349,056;3;3
2009-06-16 11:00:00Z;250,884;3;3
2009-06-17 11:00:00Z;167,256;3;3
2009-06-18 11:00:00Z;138,168;3;3
2009-06-19 11:00:00Z;178,164;3;3
2009-06-20 11:00:00Z;196,344;3;3
2009-06-21 11:00:00Z;214,524;3;3
2009-06-22 11:00:00Z;189,072;3;3
2009-06-23 11:00:00Z;210,888;3;3
2009-06-24 11:00:00Z;207,252;3;3
2009-06-25 11:00:00Z;194,1169;0;3
2009-06-26 11:00:00Z;223,1358;0;3
2009-06-27 11:00:00Z;279,973;0;3
2009-06-28 11:00:00Z;289,863;0;3
2009-06-29 11:00:00Z;265,3393;0;3
2009-06-30 11:00:00Z;237,8408;0;3
2009-07-01 11:00:00Z;242,3014;0;3
2009-07-02 11:00:00Z;235,4032;0;3
2009-07-03 11:00:00Z;228,2265;0;3
2009-07-04 11:00:00Z;211,9749;0;3
2009-07-05 11:00:00Z;178,9162;0;3
2009-07-06 11:00:00Z;163,4502;0;3
2009-07-07 11:00:00Z;153,9053;0;3
2009-07-08 11:00:00Z;134,4049;0;3
2009-07-09 11:00:00Z;127,0382;0;3
2009-07-10 11:00:00Z;142,1734;0;3
2009-07-11 11:00:00Z;177,7991;0;3
2009-07-12 11:00:00Z;171,0712;0;3
2009-07-13 11:00:00Z;157,9481;0;3
2009-07-14 11:00:00Z;140,5292;0;3
2009-07-15 11:00:00Z;137,7587;0;3
2009-07-16 11:00:00Z;122,4768;0;3
2009-07-17 11:00:00Z;114,7285;0;3
2009-07-18 11:00:00Z;105,1128;0;3
2009-07-19 11:00:00Z;93,81494;0;3
2009-07-20 11:00:00Z;93,09576;0;3
2009-07-21 11:00:00Z;93,94596;0;3
2009-07-22 11:00:00Z;89,4357;0;3
2009-07-23 11:00:00Z;89,082;1;3
2009-07-24 11:00:00Z;100,8483;0;3
2009-07-25 11:00:00Z;143,3738;0;3
2009-07-26 11:00:00Z;290,88;1;3
2009-07-27 11:00:00Z;218,16;1;3
2009-07-28 11:00:00Z;171,8713;0;3
2009-07-29 11:00:00Z;167,5549;0;3
2009-07-30 11:00:00Z;136,2026;0;3
2009-07-31 11:00:00Z;127,2119;0;3
2009-08-01 11:00:00Z;125,1622;0;3
2009-08-02 11:00:00Z;107,0539;0;3
2009-08-03 11:00:00Z;110,6058;0;3
2009-08-04 11:00:00Z;103,6225;0;3
2009-08-05 11:00:00Z;93,66336;2;3
2009-08-06 11:00:00Z;83,69572;0;3
2009-08-07 11:00:00Z;79,07469;0;3
2009-08-08 11:00:00Z;79,43151;0;3
2009-08-09 11:00:00Z;80,45737;0;3
2009-08-10 11:00:00Z;77,10642;0;3
2009-08-11 11:00:00Z;74,73247;0;3
2009-08-12 11:00:00Z;71,83329;0;3
2009-08-13 11:00:00Z;81,40561;0;3
2009-08-14 11:00:00Z;124,0268;0;3
2009-08-15 11:00:00Z;137,771;0;3
2009-08-16 11:00:00Z;98,91935;0;3
2009-08-17 11:00:00Z;78,55218;0;3
2009-08-18 11:00:00Z;68,43625;0;3
2009-08-19 11:00:00Z;62,64367;0;3
2009-08-20 11:00:00Z;58,70714;0;3
2009-08-21 11:00:00Z;65,31801;0;3
2009-08-22 11:00:00Z;75,45074;0;3
2009-08-23 11:00:00Z;90,13328;0;3
2009-08-24 11:00:00Z;86,54977;0;3
2009-08-25 11:00:00Z;73,95875;0;3
2009-08-26 11:00:00Z;69,10631;0;3
2009-08-27 11:00:00Z;65,28611;0;3
2009-08-28 11:00:00Z;63,85213;0;3
2009-08-29 11:00:00Z;68,93015;0;3
2009-08-30 11:00:00Z;72,63676;0;3
2009-08-31 11:00:00Z;165,9048;0;3
2009-09-01 11:00:00Z;198,5141;0;3
2009-09-02 11:00:00Z;289,9531;0;3
2009-09-03 11:00:00Z;191,8507;0;3
2009-09-04 11:00:00Z;137,5027;0;3
2009-09-05 11:00:00Z;143,2939;1;3
2009-09-06 11:00:00Z;123,5667;1;3
2009-09-07 11:00:00Z;101,9172;1;3
2009-09-08 11:00:00Z;259,3572;1;3
2009-09-09 11:00:00Z;453,0239;0;3
2009-09-10 11:00:00Z;569,6909;0;3
2009-09-11 11:00:00Z;555,5829;0;3
2009-09-12 11:00:00Z;521,5319;0;3
2009-09-13 11:00:00Z;339,3007;0;3
2009-09-14 11:00:00Z;227,6014;0;3
2009-09-15 11:00:00Z;167,5797;0;3
2009-09-16 11:00:00Z;157,3931;0;3
2009-09-17 11:00:00Z;206,9153;0;3
2009-09-18 11:00:00Z;225,9838;0;3
2009-09-19 11:00:00Z;322,935;0;3
2009-09-20 11:00:00Z;186,0701;0;3
2009-09-21 11:00:00Z;243,6913;0;3
2009-09-22 11:00:00Z;350,718;0;3
2009-09-23 11:00:00Z;770,6284;0;3
2009-09-24 11:00:00Z;535,95;0;3
2009-09-25 11:00:00Z;423,3794;0;3
2009-09-26 11:00:00Z;758,7323;0;3
2009-09-27 11:00:00Z;992,36;0;3
2009-09-28 11:00:00Z;712,5452;0;3
2009-09-29 11:00:00Z;467,114;0;3
2009-09-30 11:00:00Z;412,228;0;3
2009-10-01 11:00:00Z;302,4875;0;3
2009-10-02 11:00:00Z;230,2931;0;3
2009-10-03 11:00:00Z;188,5885;0;3
2009-10-04 11:00:00Z;156,9189;0;3
2009-10-05 11:00:00Z;136,1407;0;3
2009-10-06 11:00:00Z;121,0244;0;3
2009-10-07 11:00:00Z;110,8029;0;3
2009-10-08 11:00:00Z;105,7057;0;3
2009-10-09 11:00:00Z;99,4643;0;3
2009-10-10 11:00:00Z;94,7707;0;3
2009-10-11 11:00:00Z;89,66257;0;3
2009-10-12 11:00:00Z;83,67581;0;3
2009-10-13 11:00:00Z;77,1312;0;3
2009-10-14 11:00:00Z;73,541;0;3
2009-10-15 11:00:00Z;84,33299;0;3
2009-10-16 11:00:00Z;178,5783;0;3
2009-10-17 11:00:00Z;147,85;0;3
2009-10-18 11:00:00Z;119,3436;0;3
2009-10-19 11:00:00Z;123,5198;0;3
2009-10-20 11:00:00Z;129,2884;0;3
2009-10-21 11:00:00Z;111,9447;0;3
2009-10-22 11:00:00Z;95,15412;0;3
2009-10-23 11:00:00Z;85,09566;0;3
2009-10-24 11:00:00Z;75,67718;0;3
2009-10-25 11:00:00Z;71,43975;0;3
2009-10-26 11:00:00Z;70,50069;0;3
2009-10-27 11:00:00Z;69,17537;0;3
2009-10-28 11:00:00Z;68,48513;0;3
2009-10-29 11:00:00Z;62,27848;0;3
2009-10-30 11:00:00Z;59,76109;0;3
2009-10-31 11:00:00Z;68,54028;0;3
2009-11-01 11:00:00Z;67,83589;0;3
2009-11-02 11:00:00Z;63,24644;0;3
2009-11-03 11:00:00Z;61,82749;0;3
2009-11-04 11:00:00Z;58,88712;0;3
2009-11-05 11:00:00Z;55,52454;0;3
2009-11-06 11:00:00Z;52,7719;0;3
2009-11-07 11:00:00Z;52,57887;0;3
2009-11-08 11:00:00Z;51,48942;0;3
2009-11-09 11:00:00Z;50,16133;0;3
2009-11-10 11:00:00Z;48,71483;0;3
2009-11-11 11:00:00Z;43,86966;0;3
2009-11-12 11:00:00Z;45,28978;0;3
2009-11-13 11:00:00Z;45,10111;0;3
2009-11-14 11:00:00Z;42,79056;0;3
2009-11-15 11:00:00Z;47,85952;0;3
2009-11-16 11:00:00Z;48,13084;0;3
2009-11-17 11:00:00Z;46,03362;0;3
2009-11-18 11:00:00Z;47,87141;0;3
2009-11-19 11:00:00Z;46,70259;0;3
2009-11-20 11:00:00Z;45,32628;0;3
2009-11-21 11:00:00Z;123,92;0;3
2009-11-22 11:00:00Z;216,9967;0;3
2009-11-23 11:00:00Z;121,4093;0;3
2009-11-24 11:00:00Z;92,10377;0;3
2009-11-25 11:00:00Z;80,89273;0;3
2009-11-26 11:00:00Z;84,89316;0;3
2009-11-27 11:00:00Z;77,27805;0;3
2009-11-28 11:00:00Z;76,07212;0;3
2009-11-29 11:00:00Z;65,246;0;3
2009-11-30 11:00:00Z;61,53472;0;3
2009-12-01 11:00:00Z;61,37794;0;3
2009-12-02 11:00:00Z;60,86212;0;3
2009-12-03 11:00:00Z;61,69261;0;3
2009-12-04 11:00:00Z;69,06473;0;3
2009-12-05 11:00:00Z;75,80486;0;3
2009-12-06 11:00:00Z;81,60003;0;3
2009-12-07 11:00:00Z;83,61993;0;3
2009-12-08 11:00:00Z;78,89727;0;3
2009-12-09 11:00:00Z;67,46851;0;3
2009-12-10 11:00:00Z;69,67373;0;3
2009-12-11 11:00:00Z;76,85877;0;3
2009-12-12 11:00:00Z;76,00686;0;3
2009-12-13 11:00:00Z;67,69067;0;3
2009-12-14 11:00:00Z;62,18578;0;3
2009-12-15 11:00:00Z;53,13645;0;3
2009-12-16 11:00:00Z;48,45976;0;3
2009-12-17 11:00:00Z;44,55732;0;3
2009-12-18 11:00:00Z;41,1665;0;3
2009-12-19 11:00:00Z;45,89521;0;3
2009-12-20 11:00:00Z;45,02113;0;3
2009-12-21 11:00:00Z;43,72784;0;3
2009-12-22 11:00:00Z;40,61015;0;3
2009-12-23 11:00:00Z;39,30932;0;3
2009-12-24 11:00:00Z;39,56904;0;3
2009-12-25 11:00:00Z;38,83185;0;3
2009-12-26 11:00:00Z;38,90169;0;3
2009-12-27 11:00:00Z;38,77454;0;3
2009-12-28 11:00:00Z;38,26779;0;3
2009-12-29 11:00:00Z;35,41764;0;3
2009-12-30 11:00:00Z;35,25844;0;3
2009-12-31 11:00:00Z;38,39755;0;3
2010-01-01 11:00:00Z;39,14048;0;3
2010-01-02 11:00:00Z;37,48128;0;3
2010-01-03 11:00:00Z;36,86119;0;3
2010-01-04 11:00:00Z;37,59043;0;3
2010-01-05 11:00:00Z;36,96485;0;3
2010-01-06 11:00:00Z;35,36166;0;3
2010-01-07 11:00:00Z;35,28824;0;3
2010-01-08 11:00:00Z;36,39317;0;3
2010-01-09 11:00:00Z;36,47594;0;3
2010-01-10 11:00:00Z;36,3393;0;3
2010-01-11 11:00:00Z;36,27246;0;3
2010-01-12 11:00:00Z;36,26091;11;3
2010-01-13 11:00:00Z;37,02912;11;3
2010-01-14 11:00:00Z;36,30658;11;3
2010-01-15 11:00:00Z;35,32899;11;3
2010-01-16 11:00:00Z;35,46378;11;3
2010-01-17 11:00:00Z;34,87925;11;3
2010-01-18 11:00:00Z;34,14697;11;3
2010-01-19 11:00:00Z;33,94593;11;3
2010-01-20 11:00:00Z;33,73301;11;3
2010-01-21 11:00:00Z;33,34532;11;3
2010-01-22 11:00:00Z;32,86773;11;3
2010-01-23 11:00:00Z;32,65095;11;3
2010-01-24 11:00:00Z;32,27073;11;3
2010-01-25 11:00:00Z;31,96425;11;3
2010-01-26 11:00:00Z;32,03345;11;3
2010-01-27 11:00:00Z;32,7887;11;3
2010-01-28 11:00:00Z;33,90882;11;3
2010-01-29 11:00:00Z;34,24871;11;3
2010-01-30 11:00:00Z;33,82835;11;3
2010-01-31 11:00:00Z;33,64433;11;3
2010-02-01 11:00:00Z;36,49798;11;3
2010-02-02 11:00:00Z;34,46346;11;3
2010-02-03 11:00:00Z;33,00356;11;3
2010-02-04 11:00:00Z;32,15153;11;3
2010-02-05 11:00:00Z;31,64605;11;3
2010-02-06 11:00:00Z;31,25459;11;3
2010-02-07 11:00:00Z;31,00237;11;3
2010-02-08 11:00:00Z;31,12383;11;3
2010-02-09 11:00:00Z;31,27177;11;3
2010-02-10 11:00:00Z;31,09742;0;3
2010-02-11 11:00:00Z;30,84612;0;3
2010-02-12 11:00:00Z;31,06803;0;3
2010-02-13 11:00:00Z;31,13588;0;3
2010-02-14 11:00:00Z;31,13989;0;3
2010-02-15 11:00:00Z;31,15407;0;3
2010-02-16 11:00:00Z;30,9711;0;3
2010-02-17 11:00:00Z;30,27159;0;3
2010-02-18 11:00:00Z;30,5361;0;3
2010-02-19 11:00:00Z;30,19248;0;3
2010-02-20 11:00:00Z;30,08526;0;3
2010-02-21 11:00:00Z;30,46418;0;3
2010-02-22 11:00:00Z;30,96763;0;3
2010-02-23 11:00:00Z;30,26645;0;3
2010-02-24 11:00:00Z;29,72529;0;3
2010-02-25 11:00:00Z;29,47427;0;3
2010-02-26 11:00:00Z;29,56232;0;3
2010-02-27 11:00:00Z;29,856;0;3
2010-02-28 11:00:00Z;29,89544;0;3
2010-03-01 11:00:00Z;29,90332;0;3
2010-03-02 11:00:00Z;29,76941;0;3
2010-03-03 11:00:00Z;29,45474;0;3
2010-03-04 11:00:00Z;29,1995;0;3
2010-03-05 11:00:00Z;29,46542;0;3
2010-03-06 11:00:00Z;30,09557;0;3
2010-03-07 11:00:00Z;31,76251;0;3
2010-03-08 11:00:00Z;43,23693;0;3
2010-03-09 11:00:00Z;44,60044;0;3
2010-03-10 11:00:00Z;83,40514;0;3
2010-03-11 11:00:00Z;158,5023;0;3
2010-03-12 11:00:00Z;133,4288;0;3
2010-03-13 11:00:00Z;85,93814;0;3
2010-03-14 11:00:00Z;65,11523;0;3
2010-03-15 11:00:00Z;57,20951;0;3
2010-03-16 11:00:00Z;52,37499;0;3
2010-03-17 11:00:00Z;49,08981;0;3
2010-03-18 11:00:00Z;46,29052;0;3
2010-03-19 11:00:00Z;45,2501;0;3
2010-03-20 11:00:00Z;44,52997;0;3
2010-03-21 11:00:00Z;41,96635;0;3
2010-03-22 11:00:00Z;42,04445;0;3
2010-03-23 11:00:00Z;41,89184;0;3
2010-03-24 11:00:00Z;40,25855;0;3
2010-03-25 11:00:00Z;39,12932;0;3
2010-03-26 11:00:00Z;39,59023;0;3
2010-03-27 11:00:00Z;39,12902;0;3
2010-03-28 11:00:00Z;37,58979;0;3
2010-03-29 11:00:00Z;36,64408;0;3
2010-03-30 11:00:00Z;36,27642;0;3
2010-03-31 11:00:00Z;36,23933;0;3
2010-04-01 11:00:00Z;36,73031;0;3
2010-04-02 11:00:00Z;38,72536;0;3
2010-04-03 11:00:00Z;42,61216;0;3
2010-04-04 11:00:00Z;43,14261;0;3
2010-04-05 11:00:00Z;41,93845;0;3
2010-04-06 11:00:00Z;40,87238;0;3
2010-04-07 11:00:00Z;41,0949;0;3
2010-04-08 11:00:00Z;41,51692;0;3
2010-04-09 11:00:00Z;42,63717;0;3
2010-04-10 11:00:00Z;45,43519;0;3
2010-04-11 11:00:00Z;49,51416;0;3
2010-04-12 11:00:00Z;54,7137;0;3
2010-04-13 11:00:00Z;70,99159;0;3
2010-04-14 11:00:00Z;77,07577;0;3
2010-04-15 11:00:00Z;98,38937;0;3
2010-04-16 11:00:00Z;105,4163;0;3
2010-04-17 11:00:00Z;74,32425;0;3
2010-04-18 11:00:00Z;62,01542;0;3
2010-04-19 11:00:00Z;57,63557;0;3
2010-04-20 11:00:00Z;56,14368;0;3
2010-04-21 11:00:00Z;53,65307;0;3
2010-04-22 11:00:00Z;52,09042;0;3
2010-04-23 11:00:00Z;50,92477;0;3
2010-04-24 11:00:00Z;49,63581;0;3
2010-04-25 11:00:00Z;49,43022;0;3
2010-04-26 11:00:00Z;49,41965;0;3
2010-04-27 11:00:00Z;65,2339;0;3
2010-04-28 11:00:00Z;62,2618;0;3
2010-04-29 11:00:00Z;55,42685;0;3
2010-04-30 11:00:00Z;57,81488;0;3
2010-05-01 11:00:00Z;66,23767;0;3
2010-05-02 11:00:00Z;62,54919;0;3
2010-05-03 11:00:00Z;56,62947;0;3
2010-05-04 11:00:00Z;52,88726;0;3
2010-05-05 11:00:00Z;51,98859;0;3
2010-05-06 11:00:00Z;52,71038;0;3
2010-05-07 11:00:00Z;57,56925;0;3
2010-05-08 11:00:00Z;70,58064;0;3
2010-05-09 11:00:00Z;68,45394;0;3
2010-05-10 11:00:00Z;64,76893;0;3
2010-05-11 11:00:00Z;72,25026;0;3
2010-05-12 11:00:00Z;81,0535;0;3
2010-05-13 11:00:00Z;83,73371;0;3
2010-05-14 11:00:00Z;126,2637;0;3
2010-05-15 11:00:00Z;351,1451;0;3
2010-05-16 11:00:00Z;602,4098;0;3
2010-05-17 11:00:00Z;983,238;3;3
2010-05-18 11:00:00Z;1144,989;3;3
2010-05-19 11:00:00Z;941,669;3;3
2010-05-20 11:00:00Z;1125,382;3;3
2010-05-21 11:00:00Z;948,5827;1;3
2010-05-22 11:00:00Z;788,6602;3;3
2010-05-23 11:00:00Z;734,3899;3;3
2010-05-24 11:00:00Z;633,2545;3;3
2010-05-25 11:00:00Z;492,791;3;3
2010-05-26 11:00:00Z;430,9389;3;3
2010-05-27 11:00:00Z;426,8184;3;3
2010-05-28 11:00:00Z;433,4435;3;3
2010-05-29 11:00:00Z;450,9497;3;3
2010-05-30 11:00:00Z;421,2017;3;3
2010-05-31 11:00:00Z;392,9005;3;3
2010-06-01 11:00:00Z;355,2176;3;3
2010-06-02 11:00:00Z;335,8202;3;3
2010-06-03 11:00:00Z;411,8042;3;3
2010-06-04 11:00:00Z;465,5102;3;3
2010-06-05 11:00:00Z;345,9682;3;3
2010-06-06 11:00:00Z;277,1411;3;3
2010-06-07 11:00:00Z;230,0931;3;3
2010-06-08 11:00:00Z;205,8175;3;3
2010-06-09 11:00:00Z;213,3372;3;3
2010-06-10 11:00:00Z;226,911;3;3
2010-06-11 11:00:00Z;223,7072;3;3
2010-06-12 11:00:00Z;262,2813;3;3
2010-06-13 11:00:00Z;304,9573;3;3
2010-06-14 11:00:00Z;276,6211;3;3
2010-06-15 11:00:00Z;222,6681;3;3
2010-06-16 11:00:00Z;193,9056;3;3
2010-06-17 11:00:00Z;168,1138;0;3
2010-06-18 11:00:00Z;238,7479;0;3
2010-06-19 11:00:00Z;396,8412;0;3
2010-06-20 11:00:00Z;343,0834;0;3
2010-06-21 11:00:00Z;244,1432;0;3
2010-06-22 11:00:00Z;192,7704;0;3
2010-06-23 11:00:00Z;173,2388;0;3
2010-06-24 11:00:00Z;165,6362;0;3
2010-06-25 11:00:00Z;211,5519;0;3
2010-06-26 11:00:00Z;281,6344;0;3
2010-06-27 11:00:00Z;249,8212;0;3
2010-06-28 11:00:00Z;200,6679;0;3
2010-06-29 11:00:00Z;174,9406;0;3
2010-06-30 11:00:00Z;192,8414;0;3
2010-07-01 11:00:00Z;191,7691;0;3
2010-07-02 11:00:00Z;192,0006;0;3
2010-07-03 11:00:00Z;188,4649;0;3
2010-07-04 11:00:00Z;252,2408;0;3
2010-07-05 11:00:00Z;237,8075;0;3
2010-07-06 11:00:00Z;233,1997;0;3
2010-07-07 11:00:00Z;180,8427;0;3
2010-07-08 11:00:00Z;156,8943;0;3
2010-07-09 11:00:00Z;157,8779;0;3
2010-07-10 11:00:00Z;137,5425;0;3
2010-07-11 11:00:00Z;146,1787;0;3
2010-07-12 11:00:00Z;156,3448;0;3
2010-07-13 11:00:00Z;145,1639;0;3
2010-07-14 11:00:00Z;251,0124;0;3
2010-07-15 11:00:00Z;195,6917;0;3
2010-07-16 11:00:00Z;157,1691;0;3
2010-07-17 11:00:00Z;139,3934;0;3
2010-07-18 11:00:00Z;140,1531;0;3
2010-07-19 11:00:00Z;145,0196;0;3
2010-07-20 11:00:00Z;142,0722;0;3
2010-07-21 11:00:00Z;124,0832;0;3
2010-07-22 11:00:00Z;144,0348;0;3
2010-07-23 11:00:00Z;191,5943;0;3
2010-07-24 11:00:00Z;138,0214;0;3
2010-07-25 11:00:00Z;110,0294;0;3
2010-07-26 11:00:00Z;99,29428;0;3
2010-07-27 11:00:00Z;104,6169;0;3
2010-07-28 11:00:00Z;96,91548;0;3
2010-07-29 11:00:00Z;85,57439;0;3
2010-07-30 11:00:00Z;99,40362;0;3
2010-07-31 11:00:00Z;315,9004;1;3
2010-08-01 11:00:00Z;233,8211;1;3
2010-08-02 11:00:00Z;284,2248;0;3
2010-08-03 11:00:00Z;204,7943;0;3
2010-08-04 11:00:00Z;157,2716;0;3
2010-08-05 11:00:00Z;137,4744;0;3
2010-08-06 11:00:00Z;129,3568;0;3
2010-08-07 11:00:00Z;123,9339;0;3
2010-08-08 11:00:00Z;110,9201;0;3
2010-08-09 11:00:00Z;98,90781;0;3
2010-08-10 11:00:00Z;92,53033;0;3
2010-08-11 11:00:00Z;92,95046;0;3
2010-08-12 11:00:00Z;83,58167;0;3
2010-08-13 11:00:00Z;79,82456;0;3
2010-08-14 11:00:00Z;82,35474;0;3
2010-08-15 11:00:00Z;98,31828;0;3
2010-08-16 11:00:00Z;83,48443;0;3
2010-08-17 11:00:00Z;71,99883;0;3
2010-08-18 11:00:00Z;66,37154;0;3
2010-08-19 11:00:00Z;62,65025;0;3
2010-08-20 11:00:00Z;58,59655;0;3
2010-08-21 11:00:00Z;56,99049;0;3
2010-08-22 11:00:00Z;63,88218;0;3
2010-08-23 11:00:00Z;136,9374;0;3
2010-08-24 11:00:00Z;110,3488;0;3
2010-08-25 11:00:00Z;86,01109;0;3
2010-08-26 11:00:00Z;74,5172;0;3
2010-08-27 11:00:00Z;67,9371;0;3
2010-08-28 11:00:00Z;63,76603;0;3
2010-08-29 11:00:00Z;60,14091;0;3
2010-08-30 11:00:00Z;57,02907;0;3
2010-08-31 11:00:00Z;59,97834;0;3
2010-09-01 11:00:00Z;82,83542;0;3
2010-09-02 11:00:00Z;78,14088;0;3
2010-09-03 11:00:00Z;66,69485;0;3
2010-09-04 11:00:00Z;60,08946;0;3
2010-09-05 11:00:00Z;57,08426;0;3
2010-09-06 11:00:00Z;55,75558;0;3
2010-09-07 11:00:00Z;54,03346;0;3
2010-09-08 11:00:00Z;52,493;0;3
2010-09-09 11:00:00Z;51,28112;0;3
2010-09-10 11:00:00Z;50,04735;0;3
2010-09-11 11:00:00Z;48,60023;0;3
2010-09-12 11:00:00Z;49,89882;0;3
2010-09-13 11:00:00Z;57,49947;0;3
2010-09-14 11:00:00Z;56,88272;0;3
2010-09-15 11:00:00Z;78,58483;0;3
2010-09-16 11:00:00Z;76,48971;0;3
2010-09-17 11:00:00Z;63,68514;0;3
2010-09-18 11:00:00Z;61,48293;0;3
2010-09-19 11:00:00Z;58,56007;0;3
2010-09-20 11:00:00Z;57,81621;0;3
2010-09-21 11:00:00Z;58,83355;0;3
2010-09-22 11:00:00Z;60,6833;0;3
2010-09-23 11:00:00Z;90,37852;0;3
2010-09-24 11:00:00Z;104,0052;0;3
2010-09-25 11:00:00Z;82,01679;0;3
2010-09-26 11:00:00Z;71,60784;0;3
2010-09-27 11:00:00Z;65,06039;0;3
2010-09-28 11:00:00Z;60,54824;0;3
2010-09-29 11:00:00Z;57,3709;0;3
2010-09-30 11:00:00Z;54,87567;0;3
2010-10-01 11:00:00Z;52,74942;0;3
2010-10-02 11:00:00Z;51,03099;0;3
2010-10-03 11:00:00Z;49,58739;0;3
2010-10-04 11:00:00Z;49,09097;0;3
2010-10-05 11:00:00Z;50,07202;0;3
2010-10-06 11:00:00Z;50,95127;0;3
2010-10-07 11:00:00Z;61,26337;0;3
2010-10-08 11:00:00Z;74,21673;0;3
2010-10-09 11:00:00Z;68,39294;0;3
2010-10-10 11:00:00Z;79,7588;0;3
2010-10-11 11:00:00Z;73,24277;0;3
2010-10-12 11:00:00Z;71,02276;0;3
2010-10-13 11:00:00Z;64,98806;0;3
2010-10-14 11:00:00Z;72,49745;0;3
2010-10-15 11:00:00Z;65,93551;0;3
2010-10-16 11:00:00Z;59,59848;0;3
2010-10-17 11:00:00Z;91,53635;0;3
2010-10-18 11:00:00Z;188,777;0;3
2010-10-19 11:00:00Z;156,9398;0;3
2010-10-20 11:00:00Z;108,6876;0;3
2010-10-21 11:00:00Z;85,13666;0;3
2010-10-22 11:00:00Z;73,35059;0;3
2010-10-23 11:00:00Z;71,34723;0;3
2010-10-24 11:00:00Z;73,99223;0;3
2010-10-25 11:00:00Z;68,88203;0;3
2010-10-26 11:00:00Z;65,68497;0;3
2010-10-27 11:00:00Z;60,63973;3;3
2010-10-28 11:00:00Z;94,53245;3;3
2010-10-29 11:00:00Z;210,645;3;3
2010-10-30 11:00:00Z;113,2603;3;3
2010-10-31 11:00:00Z;111,5385;3;3
2010-11-01 11:00:00Z;206,6618;3;3
2010-11-02 11:00:00Z;144,9806;0;3
2010-11-03 11:00:00Z;107,2591;0;3
2010-11-04 11:00:00Z;106,6005;0;3
2010-11-05 11:00:00Z;140,0651;0;3
2010-11-06 11:00:00Z;112,9872;0;3
2010-11-07 11:00:00Z;99,34921;0;3
2010-11-08 11:00:00Z;88,21486;0;3
2010-11-09 11:00:00Z;78,76772;0;3
2010-11-10 11:00:00Z;79,41218;0;3
2010-11-11 11:00:00Z;82,37229;0;3
2010-11-12 11:00:00Z;79,25229;0;3
2010-11-13 11:00:00Z;79,08139;0;3
2010-11-14 11:00:00Z;82,01507;0;3
2010-11-15 11:00:00Z;81;1;3
2010-11-16 11:00:00Z;75;1;3
2010-11-17 11:00:00Z;70;1;3
2010-11-18 11:00:00Z;67;1;3
2010-11-19 11:00:00Z;62;1;3
2010-11-20 11:00:00Z;60;1;3
2010-11-21 11:00:00Z;58;1;3
2010-11-22 11:00:00Z;55,34794;0;3
2010-11-23 11:00:00Z;58,94226;0;3
2010-11-24 11:00:00Z;54,04192;0;3
2010-11-25 11:00:00Z;47,14244;0;3
2010-11-26 11:00:00Z;46,20501;0;3
2010-11-27 11:00:00Z;45,98603;0;3
2010-11-28 11:00:00Z;44,44741;0;3
2010-11-29 11:00:00Z;43,52002;0;3
2010-11-30 11:00:00Z;41,93903;0;3
2010-12-01 11:00:00Z;45,00862;0;3
2010-12-02 11:00:00Z;46,99092;0;3
2010-12-03 11:00:00Z;46,01527;0;3
2010-12-04 11:00:00Z;44,5224;0;3
2010-12-05 11:00:00Z;43,92287;0;3
2010-12-06 11:00:00Z;43,4422;0;3
2010-12-07 11:00:00Z;43,69711;0;3
2010-12-08 11:00:00Z;43,37952;0;3
2010-12-09 11:00:00Z;42,94455;0;3
2010-12-10 11:00:00Z;39,31022;0;3
2010-12-11 11:00:00Z;40,36467;0;3
2010-12-12 11:00:00Z;40,60366;0;3
2010-12-13 11:00:00Z;39,62676;0;3
2010-12-14 11:00:00Z;38,79106;0;3
2010-12-15 11:00:00Z;38,64358;0;3
2010-12-16 11:00:00Z;39,57785;0;3
2010-12-17 11:00:00Z;39,6171;0;3
2010-12-18 11:00:00Z;40,08719;0;3
2010-12-19 11:00:00Z;36,8501;0;3
2010-12-20 11:00:00Z;34,68951;0;3
2010-12-21 11:00:00Z;35,17925;0;3
2010-12-22 11:00:00Z;34,80635;0;3
2010-12-23 11:00:00Z;34,08236;0;3
2010-12-24 11:00:00Z;33,51796;0;3
2010-12-25 11:00:00Z;33,36096;0;3
2010-12-26 11:00:00Z;33,29319;0;3
2010-12-27 11:00:00Z;35,9494;0;3
2010-12-28 11:00:00Z;35,69979;0;3
2010-12-29 11:00:00Z;34,42194;0;3
2010-12-30 11:00:00Z;33,5057;0;3
2010-12-31 11:00:00Z;33,20548;0;3
2011-01-01 11:00:00Z;33,03366;0;3
2011-01-02 11:00:00Z;33,18336;0;3
2011-01-03 11:00:00Z;34,02322;0;3
2011-01-04 11:00:00Z;34,41147;0;3
2011-01-05 11:00:00Z;33,15862;0;3
2011-01-06 11:00:00Z;32,62076;0;3
2011-01-07 11:00:00Z;32,5561;0;3
2011-01-08 11:00:00Z;31,76693;0;3
2011-01-09 11:00:00Z;31,47963;0;3
2011-01-10 11:00:00Z;31,79867;0;3
2011-01-11 11:00:00Z;31,83256;0;3
2011-01-12 11:00:00Z;31,94983;0;3
2011-01-13 11:00:00Z;32,08595;0;3
2011-01-14 11:00:00Z;31,86596;0;3
2011-01-15 11:00:00Z;33,43837;0;3
2011-01-16 11:00:00Z;33,30613;0;3
2011-01-17 11:00:00Z;33,10864;0;3
2011-01-18 11:00:00Z;33,06569;0;3
2011-01-19 11:00:00Z;34,99656;0;3
2011-01-20 11:00:00Z;33,97158;0;3
2011-01-21 11:00:00Z;34,02309;0;3
2011-01-22 11:00:00Z;34,94147;0;3
2011-01-23 11:00:00Z;35,50438;0;3
2011-01-24 11:00:00Z;54,21281;0;3
2011-01-25 11:00:00Z;80,23479;0;3
2011-01-26 11:00:00Z;76,96123;0;3
2011-01-27 11:00:00Z;68,5973;0;3
2011-01-28 11:00:00Z;90,83501;0;3
2011-01-29 11:00:00Z;239,8317;0;3
2011-01-30 11:00:00Z;122,8197;0;3
2011-01-31 11:00:00Z;104,859;0;3
2011-02-01 11:00:00Z;98,61475;0;3
2011-02-02 11:00:00Z;97,46149;0;3
2011-02-03 11:00:00Z;86,38644;0;3
2011-02-04 11:00:00Z;73,63312;0;3
2011-02-05 11:00:00Z;65,26226;0;3
2011-02-06 11:00:00Z;60,32106;0;3
2011-02-07 11:00:00Z;59,26719;0;3
2011-02-08 11:00:00Z;54,71631;0;3
2011-02-09 11:00:00Z;55,16631;0;3
2011-02-10 11:00:00Z;57,45323;0;3
2011-02-11 11:00:00Z;59,75457;0;3
2011-02-12 11:00:00Z;62,90702;0;3
2011-02-13 11:00:00Z;63,54275;0;3
2011-02-14 11:00:00Z;62,8364;0;3
2011-02-15 11:00:00Z;60,54301;0;3
2011-02-16 11:00:00Z;56,90488;0;3
2011-02-17 11:00:00Z;54,00171;0;3
2011-02-18 11:00:00Z;49,53397;0;3
2011-02-19 11:00:00Z;46,20817;0;3
2011-02-20 11:00:00Z;45,21324;0;3
2011-02-21 11:00:00Z;43,64676;0;3
2011-02-22 11:00:00Z;41,50149;0;3
2011-02-23 11:00:00Z;40,79638;0;3
2011-02-24 11:00:00Z;40,97958;0;3
2011-02-25 11:00:00Z;42,72479;0;3
2011-02-26 11:00:00Z;42,56626;0;3
2011-02-27 11:00:00Z;42,63079;0;3
2011-02-28 11:00:00Z;41,7611;0;3
2011-03-01 11:00:00Z;40,90033;0;3
2011-03-02 11:00:00Z;45,9797;0;3
2011-03-03 11:00:00Z;74,53277;0;3
2011-03-04 11:00:00Z;90,48907;0;3
2011-03-05 11:00:00Z;91,05666;0;3
2011-03-06 11:00:00Z;74,17666;0;3
2011-03-07 11:00:00Z;66,27414;0;3
2011-03-08 11:00:00Z;76,92225;0;3
2011-03-09 11:00:00Z;86,44144;0;3
2011-03-10 11:00:00Z;72,40727;0;3
2011-03-11 11:00:00Z;64,19604;0;3
2011-03-12 11:00:00Z;60,51591;0;3
2011-03-13 11:00:00Z;55,98309;0;3
2011-03-14 11:00:00Z;54,85811;0;3
2011-03-15 11:00:00Z;51,30674;0;3
2011-03-16 11:00:00Z;51,04065;0;3
2011-03-17 11:00:00Z;49,55205;0;3
2011-03-18 11:00:00Z;48,30653;0;3
2011-03-19 11:00:00Z;46,75417;0;3
2011-03-20 11:00:00Z;46,49656;0;3
2011-03-21 11:00:00Z;57,88656;0;3
2011-03-22 11:00:00Z;102,2289;0;3
2011-03-23 11:00:00Z;88,94742;0;3
2011-03-24 11:00:00Z;73,29263;0;3
2011-03-25 11:00:00Z;64,57244;0;3
2011-03-26 11:00:00Z;60,9874;0;3
2011-03-27 11:00:00Z;58,26616;0;3
2011-03-28 11:00:00Z;55,69663;0;3
2011-03-29 11:00:00Z;53,56052;0;3
2011-03-30 11:00:00Z;51,43216;0;3
2011-03-31 11:00:00Z;50,52691;0;3
2011-04-01 11:00:00Z;49,94384;0;3
2011-04-02 11:00:00Z;49,84871;0;3
2011-04-03 11:00:00Z;70,71487;0;3
2011-04-04 11:00:00Z;100,1309;0;3
2011-04-05 11:00:00Z;99,88736;0;3
2011-04-06 11:00:00Z;104,3691;0;3
2011-04-07 11:00:00Z;135,3723;0;3
2011-04-08 11:00:00Z;122,854;0;3
2011-04-09 11:00:00Z;100,8046;0;3
2011-04-10 11:00:00Z;92,8275;0;3
2011-04-11 11:00:00Z;124,7263;0;3
2011-04-12 11:00:00Z;162,339;0;3
2011-04-13 11:00:00Z;177,3078;1;3
2011-04-14 11:00:00Z;161,0439;1;3
2011-04-15 11:00:00Z;191,098;1;3
2011-04-16 11:00:00Z;372,2869;1;3
2011-04-17 11:00:00Z;696,1278;1;3
2011-04-18 11:00:00Z;567,019;1;3
2011-04-19 11:00:00Z;307,6114;1;3
2011-04-20 11:00:00Z;238,8265;1;3
2011-04-21 11:00:00Z;225,5368;1;3
2011-04-22 11:00:00Z;211,0065;1;3
2011-04-23 11:00:00Z;214,4994;1;3
2011-04-24 11:00:00Z;229,0148;1;3
2011-04-25 11:00:00Z;269,712;1;3
2011-04-26 11:00:00Z;320,1169;1;3
2011-04-27 11:00:00Z;319,9918;1;3
2011-04-28 11:00:00Z;259,7098;1;3
2011-04-29 11:00:00Z;219,0755;1;3
2011-04-30 11:00:00Z;207,4334;1;3
2011-05-01 11:00:00Z;196,3436;1;3
2011-05-02 11:00:00Z;182,2866;1;3
2011-05-03 11:00:00Z;168,3796;1;3
2011-05-04 11:00:00Z;153,217;1;3
2011-05-05 11:00:00Z;142,9033;1;3
2011-05-06 11:00:00Z;147,0921;0;3
2011-05-07 11:00:00Z;151,0689;0;3
2011-05-08 11:00:00Z;164,9846;0;3
2011-05-09 11:00:00Z;253,4199;0;3
2011-05-10 11:00:00Z;383,8435;0;3
2011-05-11 11:00:00Z;515,6525;0;3
2011-05-12 11:00:00Z;578,134;0;3
2011-05-13 11:00:00Z;629,9357;0;3
2011-05-14 11:00:00Z;608,965;0;3
2011-05-15 11:00:00Z;533,672;0;3
2011-05-16 11:00:00Z;491,365;0;3
2011-05-17 11:00:00Z;538,894;0;3
2011-05-18 11:00:00Z;524,6251;0;3
2011-05-19 11:00:00Z;503,1518;0;3
2011-05-20 11:00:00Z;679,7106;0;3
2011-05-21 11:00:00Z;650,072;0;3
2011-05-22 11:00:00Z;554,0779;0;3
2011-05-23 11:00:00Z;663,2065;0;3
2011-05-24 11:00:00Z;680,0803;0;3
2011-05-25 11:00:00Z;780,4087;0;3
2011-05-26 11:00:00Z;648,762;0;3
2011-05-27 11:00:00Z;463,3902;0;3
2011-05-28 11:00:00Z;380,6231;0;3
2011-05-29 11:00:00Z;408,8225;0;3
2011-05-30 11:00:00Z;487,8638;0;3
2011-05-31 11:00:00Z;433,3154;0;3
2011-06-01 11:00:00Z;412,1472;0;3
2011-06-02 11:00:00Z;493,2826;0;3
2011-06-03 11:00:00Z;723,211;0;3
2011-06-04 11:00:00Z;1082,919;0;3
2011-06-05 11:00:00Z;835,928;0;3
2011-06-06 11:00:00Z;596,9415;0;3
2011-06-07 11:00:00Z;819,2363;0;3
2011-06-08 11:00:00Z;878,7183;0;3
2011-06-09 11:00:00Z;958,4567;0;3
2011-06-10 11:00:00Z;969,8631;0;3
2011-06-11 11:00:00Z;827,5134;0;3
2011-06-12 11:00:00Z;726,3397;0;3
2011-06-13 11:00:00Z;760,8514;0;3
2011-06-14 11:00:00Z;563,3314;0;3
2011-06-15 11:00:00Z;458,8196;0;3
2011-06-16 11:00:00Z;355,5626;0;3
2011-06-17 11:00:00Z;296,3995;0;3
2011-06-18 11:00:00Z;305,8044;0;3
2011-06-19 11:00:00Z;290,394;0;3
2011-06-20 11:00:00Z;249,7352;0;3
2011-06-21 11:00:00Z;331,8551;0;3
2011-06-22 11:00:00Z;498,2832;0;3
2011-06-23 11:00:00Z;377,3269;0;3
2011-06-24 11:00:00Z;279,1815;0;3
2011-06-25 11:00:00Z;229,7195;0;3
2011-06-26 11:00:00Z;210,2755;0;3
2011-06-27 11:00:00Z;189,1871;0;3
2011-06-28 11:00:00Z;212,6172;0;3
2011-06-29 11:00:00Z;302,5086;0;3
2011-06-30 11:00:00Z;347,6673;0;3
2011-07-01 11:00:00Z;271,2219;0;3
2011-07-02 11:00:00Z;227,0985;0;3
2011-07-03 11:00:00Z;200,2604;0;3
2011-07-04 11:00:00Z;199,5809;0;3
2011-07-05 11:00:00Z;195,0818;0;3
2011-07-06 11:00:00Z;179,3204;0;3
2011-07-07 11:00:00Z;170,1534;0;3
2011-07-08 11:00:00Z;186,6594;0;3
2011-07-09 11:00:00Z;206,7084;0;3
2011-07-10 11:00:00Z;204,4941;0;3
2011-07-11 11:00:00Z;177,6871;0;3
2011-07-12 11:00:00Z;144,9277;0;3
2011-07-13 11:00:00Z;121,8407;0;3
2011-07-14 11:00:00Z;130,8231;0;3
2011-07-15 11:00:00Z;115,3746;0;3
2011-07-16 11:00:00Z;102,9197;0;3
2011-07-17 11:00:00Z;104,4283;0;3
2011-07-18 11:00:00Z;101,136;0;3
2011-07-19 11:00:00Z;223,8535;0;3
2011-07-20 11:00:00Z;181,6883;0;3
2011-07-21 11:00:00Z;174,8706;0;3
2011-07-22 11:00:00Z;136,7656;0;3
2011-07-23 11:00:00Z;118,8844;0;3
2011-07-24 11:00:00Z;131,3933;0;3
2011-07-25 11:00:00Z;160,5707;0;3
2011-07-26 11:00:00Z;151,4397;0;3
2011-07-27 11:00:00Z;138,5978;0;3
2011-07-28 11:00:00Z;115,0129;0;3
2011-07-29 11:00:00Z;102,2704;0;3
2011-07-30 11:00:00Z;92,08149;0;3
2011-07-31 11:00:00Z;87,59182;0;3
2011-08-01 11:00:00Z;96,55984;0;3
2011-08-02 11:00:00Z;93,58895;0;3
2011-08-03 11:00:00Z;86,9959;0;3
2011-08-04 11:00:00Z;79,44719;0;3
2011-08-05 11:00:00Z;82,40704;0;3
2011-08-06 11:00:00Z;109,8087;0;3
2011-08-07 11:00:00Z;164,9899;0;3
2011-08-08 11:00:00Z;128,9496;0;3
2011-08-09 11:00:00Z;109,5952;0;3
2011-08-10 11:00:00Z;95,33215;0;3
2011-08-11 11:00:00Z;87,9321;0;3
2011-08-12 11:00:00Z;81,58038;0;3
2011-08-13 11:00:00Z;74,59915;0;3
2011-08-14 11:00:00Z;69,50816;0;3
2011-08-15 11:00:00Z;69,66412;0;3
2011-08-16 11:00:00Z;116,1699;0;3
2011-08-17 11:00:00Z;472,8354;0;3
2011-08-18 11:00:00Z;294,0429;0;3
2011-08-19 11:00:00Z;182,5761;0;3
2011-08-20 11:00:00Z;141,991;0;3
2011-08-21 11:00:00Z;128,8669;0;3
2011-08-22 11:00:00Z;125,7937;0;3
2011-08-23 11:00:00Z;114,9991;0;3
2011-08-24 11:00:00Z;100,0844;0;3
2011-08-25 11:00:00Z;93,33505;0;3
2011-08-26 11:00:00Z;94,43224;0;3
2011-08-27 11:00:00Z;92,19324;0;3
2011-08-28 11:00:00Z;118,0732;0;3
2011-08-29 11:00:00Z;119,4137;0;3
2011-08-30 11:00:00Z;98,62137;0;3
2011-08-31 11:00:00Z;88,55938;0;3
2011-09-01 11:00:00Z;81,48611;0;3
2011-09-02 11:00:00Z;75,63526;0;3
2011-09-03 11:00:00Z;71,30524;0;3
2011-09-04 11:00:00Z;73,61055;0;3
2011-09-05 11:00:00Z;74,12424;0;3
2011-09-06 11:00:00Z;137,3268;0;3
2011-09-07 11:00:00Z;253,0082;0;3
2011-09-08 11:00:00Z;376,5726;0;3
2011-09-09 11:00:00Z;219,8704;0;3
2011-09-10 11:00:00Z;320,5798;0;3
2011-09-11 11:00:00Z;250,932;0;3
2011-09-12 11:00:00Z;231,1792;0;3
2011-09-13 11:00:00Z;198,4045;0;3
2011-09-14 11:00:00Z;218,2492;0;3
2011-09-15 11:00:00Z;194,4933;0;3
2011-09-16 11:00:00Z;204,1143;0;3
2011-09-17 11:00:00Z;175,1144;0;3
2011-09-18 11:00:00Z;137,2428;0;3
2011-09-19 11:00:00Z;118,2599;0;3
2011-09-20 11:00:00Z;121,4896;0;3
2011-09-21 11:00:00Z;115,1446;0;3
2011-09-22 11:00:00Z;109,9295;0;3
2011-09-23 11:00:00Z;142,3958;0;3
2011-09-24 11:00:00Z;153,8273;0;3
2011-09-25 11:00:00Z;132,7577;0;3
2011-09-26 11:00:00Z;120,2431;0;3
2011-09-27 11:00:00Z;263,5984;0;3
2011-09-28 11:00:00Z;396,6886;0;3
2011-09-29 11:00:00Z;652,4383;0;3
2011-09-30 11:00:00Z;462,2126;0;3
2011-10-01 11:00:00Z;264,9018;0;3
2011-10-02 11:00:00Z;357,0918;0;3
2011-10-03 11:00:00Z;328,6456;0;3
2011-10-04 11:00:00Z;305,3693;0;3
2011-10-05 11:00:00Z;496,3133;0;3
2011-10-06 11:00:00Z;470,4004;0;3
2011-10-07 11:00:00Z;490,4703;0;3
2011-10-08 11:00:00Z;348,8232;0;3
2011-10-09 11:00:00Z;235,254;0;3
2011-10-10 11:00:00Z;205,4391;0;3
2011-10-11 11:00:00Z;215,7371;0;3
2011-10-12 11:00:00Z;198,5492;0;3
2011-10-13 11:00:00Z;163,9389;0;3
2011-10-14 11:00:00Z;136,6336;0;3
2011-10-15 11:00:00Z;133,6041;0;3
2011-10-16 11:00:00Z;189,3277;0;3
2011-10-17 11:00:00Z;174,6617;0;3
2011-10-18 11:00:00Z;158,4544;0;3
2011-10-19 11:00:00Z;176,5056;0;3
2011-10-20 11:00:00Z;317,4396;0;3
2011-10-21 11:00:00Z;239,9383;0;3
2011-10-22 11:00:00Z;258,2336;0;3
2011-10-23 11:00:00Z;285,9563;0;3
2011-10-24 11:00:00Z;200,4483;0;3
2011-10-25 11:00:00Z;152,7502;0;3
2011-10-26 11:00:00Z;127,0681;0;3
2011-10-27 11:00:00Z;115,3804;0;3
2011-10-28 11:00:00Z;112,2802;0;3
2011-10-29 11:00:00Z;229,2196;0;3
2011-10-30 11:00:00Z;232,0553;0;3
2011-10-31 11:00:00Z;324,5294;0;3
2011-11-01 11:00:00Z;413,5522;0;3
2011-11-02 11:00:00Z;481,1826;0;3
2011-11-03 11:00:00Z;385,3857;0;3
2011-11-04 11:00:00Z;231,6486;0;3
2011-11-05 11:00:00Z;178,2575;0;3
2011-11-06 11:00:00Z;167,9078;0;3
2011-11-07 11:00:00Z;218,695;0;3
2011-11-08 11:00:00Z;354,8581;0;3
2011-11-09 11:00:00Z;239,4554;0;3
2011-11-10 11:00:00Z;166,5395;0;3
2011-11-11 11:00:00Z;132,635;0;3
2011-11-12 11:00:00Z;111,71;0;3
2011-11-13 11:00:00Z;103,1797;0;3
2011-11-14 11:00:00Z;252,2803;0;3
2011-11-15 11:00:00Z;164,3207;0;3
2011-11-16 11:00:00Z;133,6888;0;3
2011-11-17 11:00:00Z;136,6182;0;3
2011-11-18 11:00:00Z;129,5883;0;3
2011-11-19 11:00:00Z;124,3189;0;3
2011-11-20 11:00:00Z;100,3613;0;3
2011-11-21 11:00:00Z;114,1556;0;3
2011-11-22 11:00:00Z;136,7638;0;3
2011-11-23 11:00:00Z;115,3219;0;3
2011-11-24 11:00:00Z;120,1527;0;3
2011-11-25 11:00:00Z;122,9491;0;3
2011-11-26 11:00:00Z;242,8405;0;3
2011-11-27 11:00:00Z;169,2972;0;3
2011-11-28 11:00:00Z;129,3432;0;3
2011-11-29 11:00:00Z;113,8948;0;3
2011-11-30 11:00:00Z;120,9501;0;3
2011-12-01 11:00:00Z;124,4395;0;3
2011-12-02 11:00:00Z;133,87;0;3
2011-12-03 11:00:00Z;115,1146;0;3
2011-12-04 11:00:00Z;100,2698;0;3
2011-12-05 11:00:00Z;89,15374;0;3
2011-12-06 11:00:00Z;84,48264;0;3
2011-12-07 11:00:00Z;80,92623;0;3
2011-12-08 11:00:00Z;75,19817;0;3
2011-12-09 11:00:00Z;75,45647;0;3
2011-12-10 11:00:00Z;76,36636;0;3
2011-12-11 11:00:00Z;75,50069;0;3
2011-12-12 11:00:00Z;78,65298;0;3
2011-12-13 11:00:00Z;89,40467;0;3
2011-12-14 11:00:00Z;79,99773;0;3
2011-12-15 11:00:00Z;70,48824;0;3
2011-12-16 11:00:00Z;68,02121;0;3
2011-12-17 11:00:00Z;82,70747;0;3
2011-12-18 11:00:00Z;84,90709;0;3
2011-12-19 11:00:00Z;83,80432;0;3
2011-12-20 11:00:00Z;81,69442;0;3
2011-12-21 11:00:00Z;79,46723;0;3
2011-12-22 11:00:00Z;77,57709;0;3
2011-12-23 11:00:00Z;76,79379;0;3
2011-12-24 11:00:00Z;85,57615;0;3
2011-12-25 11:00:00Z;72,19288;0;3
2011-12-26 11:00:00Z;81,36825;0;3
2011-12-27 11:00:00Z;82,81839;0;3
2011-12-28 11:00:00Z;74,24165;0;3
2011-12-29 11:00:00Z;69,04947;0;3
2011-12-30 11:00:00Z;62,47251;0;3
2011-12-31 11:00:00Z;58,34322;0;3
2012-01-01 11:00:00Z;55,82932;0;3
2012-01-02 11:00:00Z;59,43917;0;3
2012-01-03 11:00:00Z;57,85751;0;3
2012-01-04 11:00:00Z;54,23264;0;3
2012-01-05 11:00:00Z;53,23093;0;3
2012-01-06 11:00:00Z;50,82289;0;3
2012-01-07 11:00:00Z;47,38522;0;3
2012-01-08 11:00:00Z;45,24803;0;3
2012-01-09 11:00:00Z;47,92616;0;3
2012-01-10 11:00:00Z;49,91095;0;3
2012-01-11 11:00:00Z;51,62106;0;3
2012-01-12 11:00:00Z;51,48048;0;3
2012-01-13 11:00:00Z;49,72019;0;3
2012-01-14 11:00:00Z;48,08601;0;3
2012-01-15 11:00:00Z;50,01739;0;3
2012-01-16 11:00:00Z;59,65049;0;3
2012-01-17 11:00:00Z;74,82159;0;3
2012-01-18 11:00:00Z;67,13659;0;3
2012-01-19 11:00:00Z;60,19238;0;3
2012-01-20 11:00:00Z;54,87725;0;3
2012-01-21 11:00:00Z;49,96285;0;3
2012-01-22 11:00:00Z;48,99369;0;3
2012-01-23 11:00:00Z;46,06273;0;3
2012-01-24 11:00:00Z;44,63297;0;3
2012-01-25 11:00:00Z;45,94263;0;3
2012-01-26 11:00:00Z;44,06761;0;3
2012-01-27 11:00:00Z;44,09868;0;3
2012-01-28 11:00:00Z;42,63104;0;3
2012-01-29 11:00:00Z;40,20875;0;3
2012-01-30 11:00:00Z;40,58848;0;3
2012-01-31 11:00:00Z;40,42452;0;3
2012-02-01 11:00:00Z;39,81284;0;3
2012-02-02 11:00:00Z;39,53481;0;3
2012-02-03 11:00:00Z;39,66274;0;3
2012-02-04 11:00:00Z;39,06594;0;3
2012-02-05 11:00:00Z;39,00422;0;3
2012-02-06 11:00:00Z;39,54682;0;3
2012-02-07 11:00:00Z;40,52945;0;3
2012-02-08 11:00:00Z;41,32857;0;3
2012-02-09 11:00:00Z;40,91621;0;3
2012-02-10 11:00:00Z;40,84125;0;3
2012-02-11 11:00:00Z;41,95021;0;3
2012-02-12 11:00:00Z;42,66956;0;3
2012-02-13 11:00:00Z;42,11776;0;3
2012-02-14 11:00:00Z;41,95614;0;3
2012-02-15 11:00:00Z;42,20744;0;3
2012-02-16 11:00:00Z;42,38411;0;3
2012-02-17 11:00:00Z;42,72538;0;3
2012-02-18 11:00:00Z;43,40183;0;3
2012-02-19 11:00:00Z;44,29729;0;3
2012-02-20 11:00:00Z;43,75251;0;3
2012-02-21 11:00:00Z;43,34566;0;3
2012-02-22 11:00:00Z;44,14133;0;3
2012-02-23 11:00:00Z;44,55765;0;3
2012-02-24 11:00:00Z;44,19561;0;3
2012-02-25 11:00:00Z;43,68121;0;3
2012-02-26 11:00:00Z;43,40432;0;3
2012-02-27 11:00:00Z;43,62757;0;3
2012-02-28 11:00:00Z;45,45252;0;3
2012-02-29 11:00:00Z;47,37727;0;3
2012-03-01 11:00:00Z;63,03462;0;3
2012-03-02 11:00:00Z;134,627;0;3
2012-03-03 11:00:00Z;115,0562;0;3
2012-03-04 11:00:00Z;91,86559;0;3
2012-03-05 11:00:00Z;77,8361;0;3
2012-03-06 11:00:00Z;69,34428;0;3
2012-03-07 11:00:00Z;64,85834;0;3
2012-03-08 11:00:00Z;62,7227;0;3
2012-03-09 11:00:00Z;60,33471;0;3
2012-03-10 11:00:00Z;71,79375;0;3
2012-03-11 11:00:00Z;73,80479;0;3
2012-03-12 11:00:00Z;78,44038;0;3
2012-03-13 11:00:00Z;73,46238;0;3
2012-03-14 11:00:00Z;67,31699;0;3
2012-03-15 11:00:00Z;67,08005;0;3
2012-03-16 11:00:00Z;129,2342;0;3
2012-03-17 11:00:00Z;148,7135;0;3
2012-03-18 11:00:00Z;111,4999;0;3
2012-03-19 11:00:00Z;91,61057;0;3
2012-03-20 11:00:00Z;81,17279;0;3
2012-03-21 11:00:00Z;80,48004;0;3
2012-03-22 11:00:00Z;183,9476;0;3
2012-03-23 11:00:00Z;280,5714;0;3
2012-03-24 11:00:00Z;222,3553;0;3
2012-03-25 11:00:00Z;254,9987;0;3
2012-03-26 11:00:00Z;184,1089;0;3
2012-03-27 11:00:00Z;275,6431;0;3
2012-03-28 11:00:00Z;321,3195;0;3
2012-03-29 11:00:00Z;264,7097;0;3
2012-03-30 11:00:00Z;195,769;0;3
2012-03-31 11:00:00Z;146,047;0;3
2012-04-01 11:00:00Z;125,224;0;3
2012-04-02 11:00:00Z;108,7197;0;3
2012-04-03 11:00:00Z;98,66592;0;3
2012-04-04 11:00:00Z;91,78468;0;3
2012-04-05 11:00:00Z;85,71669;0;3
2012-04-06 11:00:00Z;79,41615;0;3
2012-04-07 11:00:00Z;75,25559;0;3
2012-04-08 11:00:00Z;71,50805;0;3
2012-04-09 11:00:00Z;66,41016;0;3
2012-04-10 11:00:00Z;65,83548;0;3
2012-04-11 11:00:00Z;64,4053;0;3
2012-04-12 11:00:00Z;69,60349;0;3
2012-04-13 11:00:00Z;67,47089;0;3
2012-04-14 11:00:00Z;63,31554;0;3
2012-04-15 11:00:00Z;60,90551;0;3
2012-04-16 11:00:00Z;58,93651;0;3
2012-04-17 11:00:00Z;57,66887;0;3
2012-04-18 11:00:00Z;55,33978;0;3
2012-04-19 11:00:00Z;53,59497;0;3
2012-04-20 11:00:00Z;53,4831;0;3
2012-04-21 11:00:00Z;53,96619;0;3
2012-04-22 11:00:00Z;53,56326;0;3
2012-04-23 11:00:00Z;53,80743;0;3
2012-04-24 11:00:00Z;56,00193;0;3
2012-04-25 11:00:00Z;59,93462;0;3
2012-04-26 11:00:00Z;69,11185;0;3
2012-04-27 11:00:00Z;95,19976;0;3
2012-04-28 11:00:00Z;113,0023;0;3
2012-04-29 11:00:00Z;116,9943;0;3
2012-04-30 11:00:00Z;118,5674;0;3
2012-05-01 11:00:00Z;112,3684;0;3
2012-05-02 11:00:00Z;117,7241;0;3
2012-05-03 11:00:00Z;112,5677;0;3
2012-05-04 11:00:00Z;95,39546;0;3
2012-05-05 11:00:00Z;86,2761;0;3
2012-05-06 11:00:00Z;81,24791;0;3
2012-05-07 11:00:00Z;78,14584;0;3
2012-05-08 11:00:00Z;79,4095;0;3
2012-05-09 11:00:00Z;81,91676;0;3
2012-05-10 11:00:00Z;95,30791;0;3
2012-05-11 11:00:00Z;112,3678;0;3
2012-05-12 11:00:00Z;118,618;0;3
2012-05-13 11:00:00Z;102,6636;0;3
2012-05-14 11:00:00Z;130,3195;0;3
2012-05-15 11:00:00Z;222,3302;0;3
2012-05-16 11:00:00Z;244,4013;0;3
2012-05-17 11:00:00Z;244,687;0;3
2012-05-18 11:00:00Z;263,4575;0;3
2012-05-19 11:00:00Z;285,3537;0;3
2012-05-20 11:00:00Z;226,2533;0;3
2012-05-21 11:00:00Z;195,0255;0;3
2012-05-22 11:00:00Z;204,0009;0;3
2012-05-23 11:00:00Z;278,6496;0;3
2012-05-24 11:00:00Z;391,1748;0;3
2012-05-25 11:00:00Z;575,4928;0;3
2012-05-26 11:00:00Z;642,8437;0;3
2012-05-27 11:00:00Z;658,8994;0;3
2012-05-28 11:00:00Z;808,653;0;3
2012-05-29 11:00:00Z;582,7754;0;3
2012-05-30 11:00:00Z;453,9463;0;3
2012-05-31 11:00:00Z;363,4548;0;3
2012-06-01 11:00:00Z;298,9957;0;3
2012-06-02 11:00:00Z;266,9081;0;3
2012-06-03 11:00:00Z;292,1606;0;3
2012-06-04 11:00:00Z;373,3961;0;3
2012-06-05 11:00:00Z;437,9837;0;3
2012-06-06 11:00:00Z;446,922;0;3
2012-06-07 11:00:00Z;465,2206;0;3
2012-06-08 11:00:00Z;443,4409;0;3
2012-06-09 11:00:00Z;402,1942;0;3
2012-06-10 11:00:00Z;408,9382;0;3
2012-06-11 11:00:00Z;426,7667;0;3
2012-06-12 11:00:00Z;434,3818;0;3
2012-06-13 11:00:00Z;428,4432;0;3
2012-06-14 11:00:00Z;385,1768;0;3
2012-06-15 11:00:00Z;356,8612;0;3
2012-06-16 11:00:00Z;333,8593;0;3
2012-06-17 11:00:00Z;458,9946;0;3
2012-06-18 11:00:00Z;545,2415;0;3
2012-06-19 11:00:00Z;529,5717;0;3
2012-06-20 11:00:00Z;534,0739;0;3
2012-06-21 11:00:00Z;499,3418;0;3
2012-06-22 11:00:00Z;442,3588;0;3
2012-06-23 11:00:00Z;418,1166;0;3
2012-06-24 11:00:00Z;487,5452;0;3
2012-06-25 11:00:00Z;490,1653;0;3
2012-06-26 11:00:00Z;470,4538;0;3
2012-06-27 11:00:00Z;428,4601;0;3
2012-06-28 11:00:00Z;345,4082;0;3
2012-06-29 11:00:00Z;275,7627;0;3
2012-06-30 11:00:00Z;380,1107;0;3
2012-07-01 11:00:00Z;500,6819;0;3
2012-07-02 11:00:00Z;597,6583;0;3
2012-07-03 11:00:00Z;547,2218;0;3
2012-07-04 11:00:00Z;449,9445;0;3
2012-07-05 11:00:00Z;477,3201;0;3
2012-07-06 11:00:00Z;511,3369;0;3
2012-07-07 11:00:00Z;448,6932;0;3
2012-07-08 11:00:00Z;396,6859;0;3
2012-07-09 11:00:00Z;347,4776;0;3
2012-07-10 11:00:00Z;310,0771;0;3
2012-07-11 11:00:00Z;292,6488;0;3
2012-07-12 11:00:00Z;276,9021;3;3
2012-07-13 11:00:00Z;308,8731;3;3
2012-07-14 11:00:00Z;315,767;3;3
2012-07-15 11:00:00Z;280,0733;3;3
2012-07-16 11:00:00Z;233,7518;3;3
2012-07-17 11:00:00Z;208,6384;3;3
2012-07-18 11:00:00Z;208,4849;3;3
2012-07-19 11:00:00Z;187,3975;3;3
2012-07-20 11:00:00Z;164,4395;3;3
2012-07-21 11:00:00Z;150,6553;3;3
2012-07-22 11:00:00Z;161,2026;3;3
2012-07-23 11:00:00Z;175,1696;3;3
2012-07-24 11:00:00Z;306,2791;3;3
2012-07-25 11:00:00Z;270,79;3;3
2012-07-26 11:00:00Z;230,3761;3;3
2012-07-27 11:00:00Z;188,8442;3;3
2012-07-28 11:00:00Z;186,0969;3;3
2012-07-29 11:00:00Z;241,0732;3;3
2012-07-30 11:00:00Z;202,1317;3;3
2012-07-31 11:00:00Z;220,0772;3;3
2012-08-01 11:00:00Z;185,2347;3;3
2012-08-02 11:00:00Z;185,0922;3;3
2012-08-03 11:00:00Z;183,6564;3;3
2012-08-04 11:00:00Z;145,8985;3;3
2012-08-05 11:00:00Z;125,3701;3;3
2012-08-06 11:00:00Z;111,6917;3;3
2012-08-07 11:00:00Z;101,7508;3;3
2012-08-08 11:00:00Z;98,15955;3;3
2012-08-09 11:00:00Z;94,0239;3;3
2012-08-10 11:00:00Z;88,88722;3;3
2012-08-11 11:00:00Z;95,89809;3;3
2012-08-12 11:00:00Z;102,3135;3;3
2012-08-13 11:00:00Z;92,70137;3;3
2012-08-14 11:00:00Z;92,66241;0;3
2012-08-15 11:00:00Z;92,22308;0;3
2012-08-16 11:00:00Z;86,85085;0;3
2012-08-17 11:00:00Z;84,18557;0;3
2012-08-18 11:00:00Z;83,15727;0;3
2012-08-19 11:00:00Z;75,9752;0;3
2012-08-20 11:00:00Z;78,1142;0;3
2012-08-21 11:00:00Z;80,39228;0;3
2012-08-22 11:00:00Z;81,29649;0;3
2012-08-23 11:00:00Z;72,92467;0;3
2012-08-24 11:00:00Z;64,35352;0;3
2012-08-25 11:00:00Z;58,51378;0;3
2012-08-26 11:00:00Z;60,16151;0;3
2012-08-27 11:00:00Z;61,20996;0;3
2012-08-28 11:00:00Z;56,97394;0;3
2012-08-29 11:00:00Z;55,79765;0;3
2012-08-30 11:00:00Z;59,7326;0;3
2012-08-31 11:00:00Z;81,15514;0;3
2012-09-01 11:00:00Z;78,86939;0;3
2012-09-02 11:00:00Z;74,0658;0;3
2012-09-03 11:00:00Z;110,5202;1;3
2012-09-04 11:00:00Z;116,2603;1;3
2012-09-05 11:00:00Z;452,7794;1;3
2012-09-06 11:00:00Z;415,3021;1;3
2012-09-07 11:00:00Z;223,9743;0;3
2012-09-08 11:00:00Z;201,1995;0;3
2012-09-09 11:00:00Z;146,897;0;3
2012-09-10 11:00:00Z;117,7907;0;3
2012-09-11 11:00:00Z;106,6436;0;3
2012-09-12 11:00:00Z;124,8749;0;3
2012-09-13 11:00:00Z;138,4726;0;3
2012-09-14 11:00:00Z;220,2718;0;3
2012-09-15 11:00:00Z;179,1097;0;3
2012-09-16 11:00:00Z;278,2969;0;3
2012-09-17 11:00:00Z;263,652;0;3
2012-09-18 11:00:00Z;202,4902;0;3
2012-09-19 11:00:00Z;147,1844;0;3
2012-09-20 11:00:00Z;147,0421;0;3
2012-09-21 11:00:00Z;161,4815;0;3
2012-09-22 11:00:00Z;133,5881;0;3
2012-09-23 11:00:00Z;108,9753;0;3
2012-09-24 11:00:00Z;94,87498;0;3
2012-09-25 11:00:00Z;85,27193;0;3
2012-09-26 11:00:00Z;77,65158;0;3
2012-09-27 11:00:00Z;71,97673;0;3
2012-09-28 11:00:00Z;69,61848;0;3
2012-09-29 11:00:00Z;67,79029;0;3
2012-09-30 11:00:00Z;69,74196;0;3
2012-10-01 11:00:00Z;68,74324;0;3
2012-10-02 11:00:00Z;65,42228;0;3
2012-10-03 11:00:00Z;72,23257;0;3
2012-10-04 11:00:00Z;78,45831;0;3
2012-10-05 11:00:00Z;86,05663;0;3
2012-10-06 11:00:00Z;85,93118;0;3
2012-10-07 11:00:00Z;135,1189;0;3
2012-10-08 11:00:00Z;107,3086;0;3
2012-10-09 11:00:00Z;94,94755;0;3
2012-10-10 11:00:00Z;93,59326;0;3
2012-10-11 11:00:00Z;87,94434;0;3
2012-10-12 11:00:00Z;81,94477;0;3
2012-10-13 11:00:00Z;74,76588;0;3
2012-10-14 11:00:00Z;70,57663;0;3
2012-10-15 11:00:00Z;66,66083;0;3
2012-10-16 11:00:00Z;62,65666;0;3
2012-10-17 11:00:00Z;59,63004;0;3
2012-10-18 11:00:00Z;57,95823;0;3
2012-10-19 11:00:00Z;56,02339;0;3
2012-10-20 11:00:00Z;54,11353;0;3
2012-10-21 11:00:00Z;50,05168;0;3
2012-10-22 11:00:00Z;48,46997;0;3
2012-10-23 11:00:00Z;52,52787;0;3
2012-10-24 11:00:00Z;168,5243;0;3
2012-10-25 11:00:00Z;97,40533;0;3
2012-10-26 11:00:00Z;81,22935;0;3
2012-10-27 11:00:00Z;75,85712;0;3
2012-10-28 11:00:00Z;68,56145;0;3
2012-10-29 11:00:00Z;64,06018;0;3
2012-10-30 11:00:00Z;59,98605;0;3
2012-10-31 11:00:00Z;58,56778;0;3
2012-11-01 11:00:00Z;61,62009;0;3
2012-11-02 11:00:00Z;60,80368;0;3
2012-11-03 11:00:00Z;60,94962;0;3
2012-11-04 11:00:00Z;57,94447;0;3
2012-11-05 11:00:00Z;55,6101;0;3
2012-11-06 11:00:00Z;52,78753;0;3
2012-11-07 11:00:00Z;55,60826;0;3
2012-11-08 11:00:00Z;58,03907;0;3
2012-11-09 11:00:00Z;55,41805;0;3
2012-11-10 11:00:00Z;57,46819;0;3
2012-11-11 11:00:00Z;55,62255;0;3
2012-11-12 11:00:00Z;60,2214;0;3
2012-11-13 11:00:00Z;59,85014;0;3
2012-11-14 11:00:00Z;80,24433;0;3
2012-11-15 11:00:00Z;169,3461;0;3
2012-11-16 11:00:00Z;159,9417;0;3
2012-11-17 11:00:00Z;125,846;0;3
2012-11-18 11:00:00Z;99,97157;0;3
2012-11-19 11:00:00Z;89,49531;0;3
2012-11-20 11:00:00Z;81,13447;0;3
2012-11-21 11:00:00Z;98,38512;0;3
2012-11-22 11:00:00Z;122,5413;0;3
2012-11-23 11:00:00Z;119,4273;0;3
2012-11-24 11:00:00Z;101,1597;0;3
2012-11-25 11:00:00Z;91,502;0;3
2012-11-26 11:00:00Z;75,5098;0;3
2012-11-27 11:00:00Z;73,77311;1;3
2012-11-28 11:00:00Z;70,58734;1;3
2012-11-29 11:00:00Z;68,46288;0;3
2012-11-30 11:00:00Z;66,82434;1;3
2012-12-01 11:00:00Z;65,65891;1;3
2012-12-02 11:00:00Z;64,32906;1;3
2012-12-03 11:00:00Z;62,99558;1;3
2012-12-04 11:00:00Z;61,85572;1;3
2012-12-05 11:00:00Z;60,50407;0;3
2012-12-06 11:00:00Z;58,19509;0;3
2012-12-07 11:00:00Z;54,33395;0;3
2012-12-08 11:00:00Z;51,65078;0;3
2012-12-09 11:00:00Z;50,38028;0;3
2012-12-10 11:00:00Z;48,55462;0;3
2012-12-11 11:00:00Z;45,47356;0;3
2012-12-12 11:00:00Z;44,4271;0;3
2012-12-13 11:00:00Z;44,40885;0;3
2012-12-14 11:00:00Z;43,37012;0;3
2012-12-15 11:00:00Z;42,59494;0;3
2012-12-16 11:00:00Z;43,18757;0;3
2012-12-17 11:00:00Z;43,08078;0;3
2012-12-18 11:00:00Z;41,92604;0;3
2012-12-19 11:00:00Z;40,27349;0;3
2012-12-20 11:00:00Z;39,07565;0;3
2012-12-21 11:00:00Z;38,12892;0;3
2012-12-22 11:00:00Z;35,63982;0;3
2012-12-23 11:00:00Z;33,54886;0;3
2012-12-24 11:00:00Z;32,93917;0;3
2012-12-25 11:00:00Z;34,68029;0;3
2012-12-26 11:00:00Z;34,10568;0;3
2012-12-27 11:00:00Z;33,67508;0;3
2012-12-28 11:00:00Z;34,13195;0;3
2012-12-29 11:00:00Z;34,05019;0;3
2012-12-30 11:00:00Z;34,92063;0;3
2012-12-31 11:00:00Z;34,20737;0;3
2013-01-01 11:00:00Z;33,63847;0;3
2013-01-02 11:00:00Z;34,40261;0;3
2013-01-03 11:00:00Z;34,7224;0;3
2013-01-04 11:00:00Z;34,8408;0;3
2013-01-05 11:00:00Z;34,86475;0;3
2013-01-06 11:00:00Z;35,11725;0;3
2013-01-07 11:00:00Z;35,48795;0;3
2013-01-08 11:00:00Z;36,52831;0;3
2013-01-09 11:00:00Z;36,50799;0;3
2013-01-10 11:00:00Z;35,57882;0;3
2013-01-11 11:00:00Z;33,76569;0;3
2013-01-12 11:00:00Z;32,98456;0;3
2013-01-13 11:00:00Z;33,06152;0;3
2013-01-14 11:00:00Z;33,81437;0;3
2013-01-15 11:00:00Z;33,28923;0;3
2013-01-16 11:00:00Z;32,2305;0;3
2013-01-17 11:00:00Z;31,42518;0;3
2013-01-18 11:00:00Z;30,62641;0;3
2013-01-19 11:00:00Z;31,59038;0;3
2013-01-20 11:00:00Z;31,8463;0;3
2013-01-21 11:00:00Z;31,14032;0;3
2013-01-22 11:00:00Z;30,76971;0;3
2013-01-23 11:00:00Z;31,11374;0;3
2013-01-24 11:00:00Z;30,77363;0;3
2013-01-25 11:00:00Z;30,63177;0;3
2013-01-26 11:00:00Z;31,02269;0;3
2013-01-27 11:00:00Z;30,85969;0;3
2013-01-28 11:00:00Z;31,08437;0;3
2013-01-29 11:00:00Z;31,76571;0;3
2013-01-30 11:00:00Z;32,35738;0;3
2013-01-31 11:00:00Z;32,29092;0;3
2013-02-01 11:00:00Z;32,30228;0;3
2013-02-02 11:00:00Z;32,54876;0;3
2013-02-03 11:00:00Z;32,72912;0;3
2013-02-04 11:00:00Z;32,91509;0;3
2013-02-05 11:00:00Z;32,61217;0;3
2013-02-06 11:00:00Z;33,28125;0;3
2013-02-07 11:00:00Z;33,23751;0;3
2013-02-08 11:00:00Z;32,30811;0;3
2013-02-09 11:00:00Z;31,54907;0;3
2013-02-10 11:00:00Z;31,40858;0;3
2013-02-11 11:00:00Z;31,30585;0;3
2013-02-12 11:00:00Z;31,09393;0;3
2013-02-13 11:00:00Z;30,89708;0;3
2013-02-14 11:00:00Z;30,52259;0;3
2013-02-15 11:00:00Z;30,49706;0;3
2013-02-16 11:00:00Z;30,48307;0;3
2013-02-17 11:00:00Z;30,55309;0;3
2013-02-18 11:00:00Z;30,52105;0;3
2013-02-19 11:00:00Z;30,43963;0;3
2013-02-20 11:00:00Z;30,56812;0;3
2013-02-21 11:00:00Z;31,17796;0;3
2013-02-22 11:00:00Z;31,59835;0;3
2013-02-23 11:00:00Z;31,97414;0;3
2013-02-24 11:00:00Z;32,7388;0;3
2013-02-25 11:00:00Z;32,98703;0;3
2013-02-26 11:00:00Z;54,10958;0;3
2013-02-27 11:00:00Z;52,821;3;3
2013-02-28 11:00:00Z;98,68501;3;3
2013-03-01 11:00:00Z;104,558;3;3
2013-03-02 11:00:00Z;73,77;3;3
2013-03-03 11:00:00Z;59,924;3;3
2013-03-04 11:00:00Z;54,711;3;3
2013-03-05 11:00:00Z;51,934;3;3
2013-03-06 11:00:00Z;50,234;3;3
2013-03-07 11:00:00Z;47,266;3;3
2013-03-08 11:00:00Z;46,331;3;3
2013-03-09 11:00:00Z;45,961;3;3
2013-03-10 11:00:00Z;41,772;3;3
2013-03-11 11:00:00Z;39,116;3;3
2013-03-12 11:00:00Z;37,822;3;3
2013-03-13 11:00:00Z;37,851;3;3
2013-03-14 11:00:00Z;40,041;3;3
2013-03-15 11:00:00Z;41,634;3;3
2013-03-16 11:00:00Z;41,9776;0;3
2013-03-17 11:00:00Z;40,33525;0;3
2013-03-18 11:00:00Z;39,4774;0;3
2013-03-19 11:00:00Z;37,19118;0;3
2013-03-20 11:00:00Z;36,94909;0;3
2013-03-21 11:00:00Z;59,41159;3;3
2013-03-22 11:00:00Z;61,55614;3;3
2013-03-23 11:00:00Z;62,61198;3;3
2013-03-24 11:00:00Z;63,79932;3;3
2013-03-25 11:00:00Z;64,84785;3;3
2013-03-26 11:00:00Z;129,8455;3;3
2013-03-27 11:00:00Z;275,9084;3;3
2013-03-28 11:00:00Z;285,2465;3;3
2013-03-29 11:00:00Z;222,2327;3;3
2013-03-30 11:00:00Z;201,8284;3;3
2013-03-31 11:00:00Z;184,9424;3;3
2013-04-01 11:00:00Z;154,7288;3;3
2013-04-02 11:00:00Z;123,2;3;3
2013-04-03 11:00:00Z;100,2055;3;3
2013-04-04 11:00:00Z;77,74435;3;3
2013-04-05 11:00:00Z;63,47783;3;3
2013-04-06 11:00:00Z;60,71951;3;3
2013-04-07 11:00:00Z;60,1715;3;3
2013-04-08 11:00:00Z;59,26546;3;3
2013-04-09 11:00:00Z;60,43454;3;3
2013-04-10 11:00:00Z;59,93768;3;3
2013-04-11 11:00:00Z;58,87454;3;3
2013-04-12 11:00:00Z;59,6381;3;3
2013-04-13 11:00:00Z;59,17777;3;3
2013-04-14 11:00:00Z;59,77328;3;3
2013-04-15 11:00:00Z;69,14059;3;3
2013-04-16 11:00:00Z;87,63046;3;3
2013-04-17 11:00:00Z;110,0002;3;3
2013-04-18 11:00:00Z;117,0732;3;3
2013-04-19 11:00:00Z;115,9918;3;3
2013-04-20 11:00:00Z;105,2362;3;3
2013-04-21 11:00:00Z;99,7707;3;3
2013-04-22 11:00:00Z;97,98016;0;3
2013-04-23 11:00:00Z;105,1456;0;3
2013-04-24 11:00:00Z;143,9653;0;3
2013-04-25 11:00:00Z;121,7687;0;3
2013-04-26 11:00:00Z;102,4678;0;3
2013-04-27 11:00:00Z;89,21321;0;3
2013-04-28 11:00:00Z;78,18373;0;3
2013-04-29 11:00:00Z;78,57023;0;3
2013-04-30 11:00:00Z;82,24339;0;3
2013-05-01 11:00:00Z;86,09282;0;3
2013-05-02 11:00:00Z;79,9004;0;3
2013-05-03 11:00:00Z;84,71737;0;3
2013-05-04 11:00:00Z;75,22749;0;3
2013-05-05 11:00:00Z;71,02299;0;3
2013-05-06 11:00:00Z;109,2966;0;3
2013-05-07 11:00:00Z;213,7729;0;3
2013-05-08 11:00:00Z;202,9894;0;3
2013-05-09 11:00:00Z;194,6657;0;3
2013-05-10 11:00:00Z;234,6847;0;3
2013-05-11 11:00:00Z;240,4244;0;3
2013-05-12 11:00:00Z;229,5498;0;3
2013-05-13 11:00:00Z;289,9346;0;3
2013-05-14 11:00:00Z;350,7593;0;3
2013-05-15 11:00:00Z;381,7506;0;3
2013-05-16 11:00:00Z;396,5449;0;3
2013-05-17 11:00:00Z;582,7612;3;3
2013-05-18 11:00:00Z;672,3425;3;3
2013-05-19 11:00:00Z;727,202;3;3
2013-05-20 11:00:00Z;867,5255;3;3
2013-05-21 11:00:00Z;1090,327;1;3
2013-05-22 11:00:00Z;1211,127;1;3
2013-05-23 11:00:00Z;1080,432;1;3
2013-05-24 11:00:00Z;930,0497;3;3
2013-05-25 11:00:00Z;671,3743;3;3
2013-05-26 11:00:00Z;600,9332;1;3
2013-05-27 11:00:00Z;559,0981;1;3
2013-05-28 11:00:00Z;550,0961;3;3
2013-05-29 11:00:00Z;553,523;1;3
2013-05-30 11:00:00Z;554,5861;1;3
2013-05-31 11:00:00Z;511,1842;0;3
2013-06-01 11:00:00Z;484,7065;0;3
2013-06-02 11:00:00Z;440,171;1;3
2013-06-03 11:00:00Z;415,807;1;3
2013-06-04 11:00:00Z;341,077;3;3
2013-06-05 11:00:00Z;298,6144;0;3
2013-06-06 11:00:00Z;321,3834;0;3
2013-06-07 11:00:00Z;307,5105;0;3
2013-06-08 11:00:00Z;237,9994;0;3
2013-06-09 11:00:00Z;203,1105;0;3
2013-06-10 11:00:00Z;179,5842;0;3
2013-06-11 11:00:00Z;164,5609;0;3
2013-06-12 11:00:00Z;141,7654;0;3
2013-06-13 11:00:00Z;131,4031;0;3
2013-06-14 11:00:00Z;159,7872;0;3
2013-06-15 11:00:00Z;245,0753;0;3
2013-06-16 11:00:00Z;224,4014;0;3
2013-06-17 11:00:00Z;173,942;0;3
2013-06-18 11:00:00Z;149,0835;0;3
2013-06-19 11:00:00Z;127,9994;0;3
2013-06-20 11:00:00Z;215,2056;0;3
2013-06-21 11:00:00Z;227,0339;0;3
2013-06-22 11:00:00Z;229,1795;0;3
2013-06-23 11:00:00Z;235,7654;0;3
2013-06-24 11:00:00Z;213,9431;0;3
2013-06-25 11:00:00Z;217,7943;0;3
2013-06-26 11:00:00Z;186,0672;0;3
2013-06-27 11:00:00Z;151,6764;0;3
2013-06-28 11:00:00Z;150,7958;0;3
2013-06-29 11:00:00Z;175,569;0;3
2013-06-30 11:00:00Z;151,4857;0;3
2013-07-01 11:00:00Z;126,6087;0;3
2013-07-02 11:00:00Z;118,321;0;3
2013-07-03 11:00:00Z;109,4781;0;3
2013-07-04 11:00:00Z;101,0988;0;3
2013-07-05 11:00:00Z;108,3435;0;3
2013-07-06 11:00:00Z;120,8363;0;3
2013-07-07 11:00:00Z;115,5348;0;3
2013-07-08 11:00:00Z;136,1429;0;3
2013-07-09 11:00:00Z;215,0763;0;3
2013-07-10 11:00:00Z;217,668;0;3
2013-07-11 11:00:00Z;140,6685;0;3
2013-07-12 11:00:00Z;117,8895;0;3
2013-07-13 11:00:00Z;107,3732;0;3
2013-07-14 11:00:00Z;128,9485;0;3
2013-07-15 11:00:00Z;209,6579;0;3
2013-07-16 11:00:00Z;305,3057;0;3
2013-07-17 11:00:00Z;174,8896;0;3
2013-07-18 11:00:00Z;149,3788;0;3
2013-07-19 11:00:00Z;168,9707;0;3
2013-07-20 11:00:00Z;146,4976;0;3
2013-07-21 11:00:00Z;163,1263;0;3
2013-07-22 11:00:00Z;129,901;0;3
2013-07-23 11:00:00Z;104,2935;0;3
2013-07-24 11:00:00Z;90,99555;0;3
2013-07-25 11:00:00Z;85,08036;0;3
2013-07-26 11:00:00Z;81,46954;0;3
2013-07-27 11:00:00Z;76,90703;0;3
2013-07-28 11:00:00Z;73,96317;0;3
2013-07-29 11:00:00Z;91,51759;0;3
2013-07-30 11:00:00Z;107,3354;0;3
2013-07-31 11:00:00Z;189,6056;0;3
2013-08-01 11:00:00Z;194,167;0;3
2013-08-02 11:00:00Z;134,2319;0;3
2013-08-03 11:00:00Z;108,5489;0;3
2013-08-04 11:00:00Z;145,9149;0;3
2013-08-05 11:00:00Z;139,4176;0;3
2013-08-06 11:00:00Z;115,3126;0;3
2013-08-07 11:00:00Z;116,5975;0;3
2013-08-08 11:00:00Z;106,5719;0;3
2013-08-09 11:00:00Z;88,97041;0;3
2013-08-10 11:00:00Z;78,84486;0;3
2013-08-11 11:00:00Z;74,53075;0;3
2013-08-12 11:00:00Z;72,83379;0;3
2013-08-13 11:00:00Z;71,33469;0;3
2013-08-14 11:00:00Z;68,85596;0;3
2013-08-15 11:00:00Z;64,04929;0;3
2013-08-16 11:00:00Z;60,09254;0;3
2013-08-17 11:00:00Z;75,88271;0;3
2013-08-18 11:00:00Z;88,91045;0;3
2013-08-19 11:00:00Z;102,811;0;3
2013-08-20 11:00:00Z;113,8819;0;3
2013-08-21 11:00:00Z;194,3281;0;3
2013-08-22 11:00:00Z;188,502;0;3
2013-08-23 11:00:00Z;137,432;0;3
2013-08-24 11:00:00Z;104,9723;0;3
2013-08-25 11:00:00Z;88,92809;0;3
2013-08-26 11:00:00Z;80,79197;0;3
2013-08-27 11:00:00Z;81,58482;0;3
2013-08-28 11:00:00Z;115,7897;0;3
2013-08-29 11:00:00Z;138,5063;0;3
2013-08-30 11:00:00Z;115,0709;0;3
2013-08-31 11:00:00Z;90,95939;0;3
2013-09-01 11:00:00Z;116,7752;0;3
2013-09-02 11:00:00Z;171,9369;0;3
2013-09-03 11:00:00Z;136,9706;0;3
2013-09-04 11:00:00Z;111,8367;0;3
2013-09-05 11:00:00Z;107,7238;0;3
2013-09-06 11:00:00Z;95,1537;0;3
2013-09-07 11:00:00Z;86,73848;0;3
2013-09-08 11:00:00Z;80,02059;0;3
2013-09-09 11:00:00Z;76,07118;0;3
2013-09-10 11:00:00Z;72,67802;0;3
2013-09-11 11:00:00Z;67,48847;0;3
2013-09-12 11:00:00Z;63,65826;0;3
2013-09-13 11:00:00Z;61,72342;0;3
2013-09-14 11:00:00Z;63,3967;0;3
2013-09-15 11:00:00Z;77,07965;0;3
2013-09-16 11:00:00Z;89,31381;0;3
2013-09-17 11:00:00Z;87,4253;0;3
2013-09-18 11:00:00Z;113,4563;3;3
2013-09-19 11:00:00Z;295,951;3;3
2013-09-20 11:00:00Z;489,7821;3;3
2013-09-21 11:00:00Z;330,4427;3;3
2013-09-22 11:00:00Z;240,5143;3;3
2013-09-23 11:00:00Z;202,7126;3;3
2013-09-24 11:00:00Z;177,7452;3;3
2013-09-25 11:00:00Z;155,043;3;3
2013-09-26 11:00:00Z;137,8757;3;3
2013-09-27 11:00:00Z;123,9051;3;3
2013-09-28 11:00:00Z;114,0518;3;3
2013-09-29 11:00:00Z;105,5467;3;3
2013-09-30 11:00:00Z;99,63187;3;3
2013-10-01 11:00:00Z;96,94662;3;3
2013-10-02 11:00:00Z;92,58446;3;3
2013-10-03 11:00:00Z;87,57565;3;3
2013-10-04 11:00:00Z;82,83719;3;3
2013-10-05 11:00:00Z;80,48805;3;3
2013-10-06 11:00:00Z;102,2623;3;3
2013-10-07 11:00:00Z;238,4282;3;3
2013-10-08 11:00:00Z;166,2809;3;3
2013-10-09 11:00:00Z;150,9877;3;3
2013-10-10 11:00:00Z;155,4266;3;3
2013-10-11 11:00:00Z;142,7164;3;3
2013-10-12 11:00:00Z;159,6719;3;3
2013-10-13 11:00:00Z;135,8298;3;3
2013-10-14 11:00:00Z;120,1311;3;3
2013-10-15 11:00:00Z;110,8697;3;3
2013-10-16 11:00:00Z;101,2978;3;3
2013-10-17 11:00:00Z;93,40282;3;3
2013-10-18 11:00:00Z;85,52245;3;3
2013-10-19 11:00:00Z;83,67017;3;3
2013-10-20 11:00:00Z;80,14464;3;3
2013-10-21 11:00:00Z;72,99128;3;3
2013-10-22 11:00:00Z;70,68598;3;3
2013-10-23 11:00:00Z;80,77668;3;3
2013-10-24 11:00:00Z;141,8433;3;3
2013-10-25 11:00:00Z;298,5778;3;3
2013-10-26 11:00:00Z;220,9686;3;3
2013-10-27 11:00:00Z;167,1248;3;3
2013-10-28 11:00:00Z;180,6204;3;3
2013-10-29 11:00:00Z;187,6131;3;3
2013-10-30 11:00:00Z;163,4969;3;3
2013-10-31 11:00:00Z;139,3334;3;3
2013-11-01 11:00:00Z;123,9708;3;3
2013-11-02 11:00:00Z;113,4162;3;3
2013-11-03 11:00:00Z;105,3019;3;3
2013-11-04 11:00:00Z;97,44714;3;3
2013-11-05 11:00:00Z;91,64919;3;3
2013-11-06 11:00:00Z;86,30427;3;3
2013-11-07 11:00:00Z;81,47813;3;3
2013-11-08 11:00:00Z;75,14314;3;3
2013-11-09 11:00:00Z;72,54922;3;3
2013-11-10 11:00:00Z;70,60561;3;3
2013-11-11 11:00:00Z;67,34312;3;3
2013-11-12 11:00:00Z;71,31802;3;3
2013-11-13 11:00:00Z;91,2254;3;3
2013-11-14 11:00:00Z;86,31889;3;3
2013-11-15 11:00:00Z;81,25162;3;3
2013-11-16 11:00:00Z;127,6936;3;3
2013-11-17 11:00:00Z;256,7208;3;3
2013-11-18 11:00:00Z;177,241;3;3
2013-11-19 11:00:00Z;148,2769;3;3
2013-11-20 11:00:00Z;128,3476;3;3
2013-11-21 11:00:00Z;113,0508;3;3
2013-11-22 11:00:00Z;113,7778;3;3
2013-11-23 11:00:00Z;103,4241;3;3
2013-11-24 11:00:00Z;95,11263;3;3
2013-11-25 11:00:00Z;90,65546;3;3
2013-11-26 11:00:00Z;93,43204;3;3
2013-11-27 11:00:00Z;148,5692;3;3
2013-11-28 11:00:00Z;154,5388;3;3
2013-11-29 11:00:00Z;123,3643;3;3
2013-11-30 11:00:00Z;110,8807;3;3
2013-12-01 11:00:00Z;106,5039;3;3
2013-12-02 11:00:00Z;110,8259;3;3
2013-12-03 11:00:00Z;305,3585;3;3
2013-12-04 11:00:00Z;223,8548;3;3
2013-12-05 11:00:00Z;169,2365;3;3
2013-12-06 11:00:00Z;139,3882;3;3
2013-12-07 11:00:00Z;128,7492;0;3
2013-12-08 11:00:00Z;117,1461;0;3
2013-12-09 11:00:00Z;133,5748;0;3
2013-12-10 11:00:00Z;139,1539;0;3
2013-12-11 11:00:00Z;413,4952;0;3
2013-12-12 11:00:00Z;496,279;0;3
2013-12-13 11:00:00Z;463,9419;0;3
2013-12-14 11:00:00Z;368,6842;0;3
2013-12-15 11:00:00Z;270,0199;0;3
2013-12-16 11:00:00Z;214,0712;0;3
2013-12-17 11:00:00Z;194,4885;0;3
2013-12-18 11:00:00Z;183,7479;0;3
2013-12-19 11:00:00Z;145,9556;0;3
2013-12-20 11:00:00Z;133,3726;0;3
2013-12-21 11:00:00Z;114,6264;0;3
2013-12-22 11:00:00Z;109,5073;0;3
2013-12-23 11:00:00Z;99,66923;0;3
2013-12-24 11:00:00Z;95,56433;0;3
2013-12-25 11:00:00Z;91,47929;0;3
2013-12-26 11:00:00Z;86,94288;0;3
2013-12-27 11:00:00Z;83,12174;0;3
2013-12-28 11:00:00Z;79,10227;0;3
2013-12-29 11:00:00Z;79,31041;0;3
2013-12-30 11:00:00Z;83,52013;0;3
2013-12-31 11:00:00Z;83,74323;0;3
2014-01-01 11:00:00Z;76,89359;0;3
2014-01-02 11:00:00Z;77,71716;0;3
2014-01-03 11:00:00Z;71,63866;0;3
2014-01-04 11:00:00Z;67,64623;0;3
2014-01-05 11:00:00Z;64,90902;0;3
2014-01-06 11:00:00Z;63,56299;0;3
2014-01-07 11:00:00Z;63,83974;0;3
2014-01-08 11:00:00Z;65,90118;0;3
2014-01-09 11:00:00Z;61,15341;0;3
2014-01-10 11:00:00Z;54,43802;0;3
2014-01-11 11:00:00Z;53,63895;0;3
2014-01-12 11:00:00Z;55,2016;0;3
2014-01-13 11:00:00Z;51,31231;0;3
2014-01-14 11:00:00Z;49,73521;0;3
2014-01-15 11:00:00Z;48,92029;0;3
2014-01-16 11:00:00Z;45,83555;0;3
2014-01-17 11:00:00Z;45,66547;0;3
2014-01-18 11:00:00Z;45,08689;0;3
2014-01-19 11:00:00Z;45,3477;0;3
2014-01-20 11:00:00Z;45,63445;0;3
2014-01-21 11:00:00Z;44,53134;0;3
2014-01-22 11:00:00Z;43,49805;0;3
2014-01-23 11:00:00Z;43,30647;0;3
2014-01-24 11:00:00Z;42,67947;0;3
2014-01-25 11:00:00Z;44,32974;0;3
2014-01-26 11:00:00Z;45,65345;0;3
2014-01-27 11:00:00Z;43,90562;0;3
2014-01-28 11:00:00Z;42,69954;0;3
2014-01-29 11:00:00Z;41,8307;0;3
2014-01-30 11:00:00Z;41,44968;0;3
2014-01-31 11:00:00Z;41,06043;0;3
2014-02-01 11:00:00Z;40,47574;0;3
2014-02-02 11:00:00Z;40,38482;0;3
2014-02-03 11:00:00Z;41,06491;0;3
2014-02-04 11:00:00Z;40,68047;0;3
2014-02-05 11:00:00Z;40,02385;0;3
2014-02-06 11:00:00Z;39,54678;0;3
2014-02-07 11:00:00Z;39,04984;0;3
2014-02-08 11:00:00Z;38,96429;0;3
2014-02-09 11:00:00Z;38,94958;0;3
2014-02-10 11:00:00Z;38,90522;0;3
2014-02-11 11:00:00Z;38,91174;0;3
2014-02-12 11:00:00Z;38,09553;0;3
2014-02-13 11:00:00Z;37,89033;0;3
2014-02-14 11:00:00Z;37,84368;0;3
2014-02-15 11:00:00Z;37,66525;0;3
2014-02-16 11:00:00Z;37,40635;0;3
2014-02-17 11:00:00Z;36,32524;0;3
2014-02-18 11:00:00Z;37,12355;0;3
2014-02-19 11:00:00Z;37,18985;0;3
2014-02-20 11:00:00Z;36,56606;0;3
2014-02-21 11:00:00Z;36,25523;0;3
2014-02-22 11:00:00Z;35,56791;0;3
2014-02-23 11:00:00Z;35,67323;0;3
2014-02-24 11:00:00Z;45,45921;0;3
2014-02-25 11:00:00Z;68,40672;0;3
2014-02-26 11:00:00Z;70,55966;0;3
2014-02-27 11:00:00Z;59,85996;0;3
2014-02-28 11:00:00Z;52,03931;0;3
2014-03-01 11:00:00Z;47,3772;0;3
2014-03-02 11:00:00Z;45,59651;0;3
2014-03-03 11:00:00Z;44,10139;0;3
2014-03-04 11:00:00Z;42,46611;0;3
2014-03-05 11:00:00Z;41,59159;0;3
2014-03-06 11:00:00Z;41,73639;0;3
2014-03-07 11:00:00Z;47,35704;0;3
2014-03-08 11:00:00Z;58,83226;0;3
2014-03-09 11:00:00Z;77,96883;0;3
2014-03-10 11:00:00Z;139,6027;0;3
2014-03-11 11:00:00Z;115,4813;0;3
2014-03-12 11:00:00Z;230,6804;0;3
2014-03-13 11:00:00Z;289,6987;0;3
2014-03-14 11:00:00Z;240,1609;0;3
2014-03-15 11:00:00Z;177,9336;0;3
2014-03-16 11:00:00Z;142,3596;0;3
2014-03-17 11:00:00Z;121,0551;0;3
2014-03-18 11:00:00Z;105,0847;0;3
2014-03-19 11:00:00Z;89,35207;0;3
2014-03-20 11:00:00Z;85,09796;0;3
2014-03-21 11:00:00Z;81,75141;0;3
2014-03-22 11:00:00Z;85,76556;0;3
2014-03-23 11:00:00Z;83,45542;0;3
2014-03-24 11:00:00Z;82,53593;0;3
2014-03-25 11:00:00Z;77,09018;0;3
2014-03-26 11:00:00Z;69,63024;0;3
2014-03-27 11:00:00Z;66,24596;0;3
2014-03-28 11:00:00Z;62,57495;0;3
2014-03-29 11:00:00Z;60,56873;0;3
2014-03-30 11:00:00Z;59,35588;0;3
2014-03-31 11:00:00Z;56,88554;0;3
2014-04-01 11:00:00Z;54,05634;0;3
2014-04-02 11:00:00Z;54,2686;0;3
2014-04-03 11:00:00Z;52,45413;0;3
2014-04-04 11:00:00Z;50,91409;0;3
2014-04-05 11:00:00Z;50,11729;0;3
2014-04-06 11:00:00Z;52,59851;0;3
2014-04-07 11:00:00Z;55,03735;0;3
2014-04-08 11:00:00Z;57,30158;0;3
2014-04-09 11:00:00Z;58,30826;0;3
2014-04-10 11:00:00Z;54,8703;0;3
2014-04-11 11:00:00Z;69,62316;0;3
2014-04-12 11:00:00Z;90,28085;0;3
2014-04-13 11:00:00Z;93,31898;0;3
2014-04-14 11:00:00Z;84,67182;0;3
2014-04-15 11:00:00Z;82,01776;0;3
2014-04-16 11:00:00Z;76,63366;0;3
2014-04-17 11:00:00Z;121,967;0;3
2014-04-18 11:00:00Z;122,8072;0;3
2014-04-19 11:00:00Z;116,7189;0;3
2014-04-20 11:00:00Z;178,0929;0;3
2014-04-21 11:00:00Z;141,1507;0;3
2014-04-22 11:00:00Z;138,9212;0;3
2014-04-23 11:00:00Z;116,643;0;3
2014-04-24 11:00:00Z;103,0854;0;3
2014-04-25 11:00:00Z;103,7445;0;3
2014-04-26 11:00:00Z;113,6835;0;3
2014-04-27 11:00:00Z;136,3052;0;3
2014-04-28 11:00:00Z;144,686;0;3
2014-04-29 11:00:00Z;138,6593;0;3
2014-04-30 11:00:00Z;114,787;0;3
2014-05-01 11:00:00Z;100,8943;0;3
2014-05-02 11:00:00Z;92,3875;0;3
2014-05-03 11:00:00Z;86,78983;0;3
2014-05-04 11:00:00Z;81,91026;0;3
2014-05-05 11:00:00Z;77,57288;0;3
2014-05-06 11:00:00Z;75,2459;0;3
2014-05-07 11:00:00Z;75,40715;0;3
2014-05-08 11:00:00Z;72,78432;0;3
2014-05-09 11:00:00Z;70,84064;0;3
2014-05-10 11:00:00Z;73,16156;0;3
2014-05-11 11:00:00Z;85,98012;0;3
2014-05-12 11:00:00Z;113,0036;0;3
2014-05-13 11:00:00Z;125,2878;0;3
2014-05-14 11:00:00Z;125,2901;0;3
2014-05-15 11:00:00Z;110,5375;0;3
2014-05-16 11:00:00Z;171,1202;0;3
2014-05-17 11:00:00Z;276,0782;0;3
2014-05-18 11:00:00Z;312,5053;0;3
2014-05-19 11:00:00Z;356,1763;0;3
2014-05-20 11:00:00Z;437,407;1;3
2014-05-21 11:00:00Z;570,3466;1;3
2014-05-22 11:00:00Z;743,8536;1;3
2014-05-23 11:00:00Z;973,4424;1;3
2014-05-24 11:00:00Z;1063,227;1;3
2014-05-25 11:00:00Z;898,684;1;3
2014-05-26 11:00:00Z;768,29;1;3
2014-05-27 11:00:00Z;637,0717;1;3
2014-05-28 11:00:00Z;571,6369;1;3
2014-05-29 11:00:00Z;541,7064;1;3
2014-05-30 11:00:00Z;529,2029;1;3
2014-05-31 11:00:00Z;527,5985;1;3
2014-06-01 11:00:00Z;463,3742;1;3
2014-06-02 11:00:00Z;443,7166;1;3
2014-06-03 11:00:00Z;517,8508;1;3
2014-06-04 11:00:00Z;611,1196;1;3
2014-06-05 11:00:00Z;737,3528;1;3
2014-06-06 11:00:00Z;819,5446;1;3
2014-06-07 11:00:00Z;789,837;1;3
2014-06-08 11:00:00Z;736,6093;1;3
2014-06-09 11:00:00Z;624,337;1;3
2014-06-10 11:00:00Z;547,6353;1;3
2014-06-11 11:00:00Z;488,7473;1;3
2014-06-12 11:00:00Z;528,737;1;3
2014-06-13 11:00:00Z;536,5334;1;3
2014-06-14 11:00:00Z;425,5234;1;3
2014-06-15 11:00:00Z;346,8775;1;3
2014-06-16 11:00:00Z;306,5353;1;3
2014-06-17 11:00:00Z;270,6391;1;3
2014-06-18 11:00:00Z;272,5996;1;3
2014-06-19 11:00:00Z;273,1374;1;3
2014-06-20 11:00:00Z;230,8345;1;3
2014-06-21 11:00:00Z;196,2671;1;3
2014-06-22 11:00:00Z;193,7713;1;3
2014-06-23 11:00:00Z;161,3244;1;3
2014-06-24 11:00:00Z;144,9734;1;3
2014-06-25 11:00:00Z;147,8571;1;3
2014-06-26 11:00:00Z;158,6684;1;3
2014-06-27 11:00:00Z;168,6473;1;3
2014-06-28 11:00:00Z;160,7425;1;3
2014-06-29 11:00:00Z;159,784;1;3
2014-06-30 11:00:00Z;158,5116;1;3
2014-07-01 11:00:00Z;159,2101;1;3
2014-07-02 11:00:00Z;165,6331;1;3
2014-07-03 11:00:00Z;169,9107;1;3
2014-07-04 11:00:00Z;178,8909;1;3
2014-07-05 11:00:00Z;181,382;1;3
2014-07-06 11:00:00Z;254,5708;1;3
2014-07-07 11:00:00Z;289,2448;1;3
2014-07-08 11:00:00Z;281,2613;1;3
2014-07-09 11:00:00Z;240,3869;1;3
2014-07-10 11:00:00Z;227,091;1;3
2014-07-11 11:00:00Z;218,2917;1;3
2014-07-12 11:00:00Z;201,2409;1;3
2014-07-13 11:00:00Z;182,9633;1;3
2014-07-14 11:00:00Z;166,7886;1;3
2014-07-15 11:00:00Z;180,7209;1;3
2014-07-16 11:00:00Z;181,9278;1;3
2014-07-17 11:00:00Z;176,4147;1;3
2014-07-18 11:00:00Z;142,4529;1;3
2014-07-19 11:00:00Z;138,5406;1;3
2014-07-20 11:00:00Z;124,3515;1;3
2014-07-21 11:00:00Z;115,6086;1;3
2014-07-22 11:00:00Z;110,052;1;3
2014-07-23 11:00:00Z;107,0017;1;3
2014-07-24 11:00:00Z;94,42437;1;3
2014-07-25 11:00:00Z;86,24986;1;3
2014-07-26 11:00:00Z;82,95752;1;3
2014-07-27 11:00:00Z;75,4501;1;3
2014-07-28 11:00:00Z;76,28629;1;3
2014-07-29 11:00:00Z;73,46587;1;3
2014-07-30 11:00:00Z;67,84431;1;3
2014-07-31 11:00:00Z;90,00804;1;3
2014-08-01 11:00:00Z;85,13553;1;3
2014-08-02 11:00:00Z;72,37332;1;3
2014-08-03 11:00:00Z;67,17796;1;3
2014-08-04 11:00:00Z;77,02013;1;3
2014-08-05 11:00:00Z;114,6212;1;3
2014-08-06 11:00:00Z;106,537;1;3
2014-08-07 11:00:00Z;136,6132;1;3
2014-08-08 11:00:00Z;100,0788;1;3
2014-08-09 11:00:00Z;77,54037;1;3
2014-08-10 11:00:00Z;69,36212;1;3
2014-08-11 11:00:00Z;69,85701;1;3
2014-08-12 11:00:00Z;65,84583;1;3
2014-08-13 11:00:00Z;61,65257;1;3
2014-08-14 11:00:00Z;57,24585;1;3
2014-08-15 11:00:00Z;53,89202;1;3
2014-08-16 11:00:00Z;53,05948;0;3
2014-08-17 11:00:00Z;49,8227;0;3
2014-08-18 11:00:00Z;46,9388;0;3
2014-08-19 11:00:00Z;62,9388;0;3
2014-08-20 11:00:00Z;63,49594;0;3
2014-08-21 11:00:00Z;66,59721;0;3
2014-08-22 11:00:00Z;74,14438;0;3
2014-08-23 11:00:00Z;69,86609;0;3
2014-08-24 11:00:00Z;60,94927;0;3
2014-08-25 11:00:00Z;55,74387;0;3
2014-08-26 11:00:00Z;53,45147;0;3
2014-08-27 11:00:00Z;50,97565;0;3
2014-08-28 11:00:00Z;48,72026;0;3
2014-08-29 11:00:00Z;46,61771;0;3
2014-08-30 11:00:00Z;44,79053;0;3
2014-08-31 11:00:00Z;43,55568;0;3
2014-09-01 11:00:00Z;42,56678;0;3
2014-09-02 11:00:00Z;41,94535;0;3
2014-09-03 11:00:00Z;71,79903;0;3
2014-09-04 11:00:00Z;121,0869;0;3
2014-09-05 11:00:00Z;104,2091;0;3
2014-09-06 11:00:00Z;84,26873;0;3
2014-09-07 11:00:00Z;69,37928;0;3
2014-09-08 11:00:00Z;61,23484;0;3
2014-09-09 11:00:00Z;56,50392;0;3
2014-09-10 11:00:00Z;54,58303;0;3
2014-09-11 11:00:00Z;52,57163;0;3
2014-09-12 11:00:00Z;67,19884;0;3
2014-09-13 11:00:00Z;63,29521;0;3
2014-09-14 11:00:00Z;62,77821;0;3
2014-09-15 11:00:00Z;59,91037;0;3
2014-09-16 11:00:00Z;52,71748;0;3
2014-09-17 11:00:00Z;49,18587;0;3
2014-09-18 11:00:00Z;46,68772;0;3
2014-09-19 11:00:00Z;44,95065;0;3
2014-09-20 11:00:00Z;44,32031;0;3
2014-09-21 11:00:00Z;59,26086;0;3
2014-09-22 11:00:00Z;65,49132;0;3
2014-09-23 11:00:00Z;53,82954;0;3
2014-09-24 11:00:00Z;48,559;0;3
2014-09-25 11:00:00Z;45,1088;0;3
2014-09-26 11:00:00Z;78,97121;0;3
2014-09-27 11:00:00Z;210,1047;0;3
2014-09-28 11:00:00Z;242,1601;0;3
2014-09-29 11:00:00Z;350,046;1;3
2014-09-30 11:00:00Z;303,2966;1;3
2014-10-01 11:00:00Z;197,4045;1;3
2014-10-02 11:00:00Z;176,3671;1;3
2014-10-03 11:00:00Z;165,3752;1;3
2014-10-04 11:00:00Z;134,4309;1;3
2014-10-05 11:00:00Z;131,5724;1;3
2014-10-06 11:00:00Z;122,1403;1;3
2014-10-07 11:00:00Z;101,2973;1;3
2014-10-08 11:00:00Z;84,96443;1;3
2014-10-09 11:00:00Z;74,18989;1;3
2014-10-10 11:00:00Z;65,89544;1;3
2014-10-11 11:00:00Z;61,03286;1;3
2014-10-12 11:00:00Z;55,8154;1;3
2014-10-13 11:00:00Z;52,23293;1;3
2014-10-14 11:00:00Z;49,53208;1;3
2014-10-15 11:00:00Z;45,17589;1;3
2014-10-16 11:00:00Z;43,38317;1;3
2014-10-17 11:00:00Z;39,78896;1;3
2014-10-18 11:00:00Z;34,91573;1;3
2014-10-19 11:00:00Z;34,78843;1;3
2014-10-20 11:00:00Z;34,89704;1;3
2014-10-21 11:00:00Z;33,19205;1;3
2014-10-22 11:00:00Z;31,24053;1;3
2014-10-23 11:00:00Z;31,63293;1;3
2014-10-24 11:00:00Z;29,68026;1;3
2014-10-25 11:00:00Z;33,20959;1;3
2014-10-26 11:00:00Z;38,20658;1;3
2014-10-27 11:00:00Z;83,491;1;3
2014-10-28 11:00:00Z;81,58951;1;3
2014-10-29 11:00:00Z;95,07452;1;3
2014-10-30 11:00:00Z;140,0211;1;3
2014-10-31 11:00:00Z;139,2787;1;3
2014-11-01 11:00:00Z;96,71646;1;3
2014-11-02 11:00:00Z;102,5505;1;3
2014-11-03 11:00:00Z;141,2259;1;3
2014-11-04 11:00:00Z;141,0319;1;3
2014-11-05 11:00:00Z;96,41011;1;3
2014-11-06 11:00:00Z;82,27898;1;3
2014-11-07 11:00:00Z;93,65117;1;3
2014-11-08 11:00:00Z;110,3224;1;3
2014-11-09 11:00:00Z;102,3089;1;3
2014-11-10 11:00:00Z;56,94678;1;3
2014-11-11 11:00:00Z;57,41633;1;3
2014-11-12 11:00:00Z;54,66861;1;3
2014-11-13 11:00:00Z;47,44983;1;3
2014-11-14 11:00:00Z;43,75335;1;3
2014-11-15 11:00:00Z;43,27509;1;3
2014-11-16 11:00:00Z;40,38495;1;3
2014-11-17 11:00:00Z;57,30304;1;3
2014-11-18 11:00:00Z;82,38557;1;3
2014-11-19 11:00:00Z;117,1643;1;3
2014-11-20 11:00:00Z;164,9122;1;3
2014-11-21 11:00:00Z;97,54387;1;3
2014-11-22 11:00:00Z;58,45193;1;3
2014-11-23 11:00:00Z;50,12159;0;3
2014-11-24 11:00:00Z;49,71211;0;3
2014-11-25 11:00:00Z;46,16988;0;3
2014-11-26 11:00:00Z;47,64663;0;3
2014-11-27 11:00:00Z;53,26607;0;3
2014-11-28 11:00:00Z;46,89755;0;3
2014-11-29 11:00:00Z;42,00728;0;3
2014-11-30 11:00:00Z;40,28624;0;3
2014-12-01 11:00:00Z;41,65331;0;3
2014-12-02 11:00:00Z;45,6595;0;3
2014-12-03 11:00:00Z;62,98109;0;3
2014-12-04 11:00:00Z;243,6742;0;3
2014-12-05 11:00:00Z;193,5603;0;3
2014-12-06 11:00:00Z;111,8246;0;3
2014-12-07 11:00:00Z;87,00328;0;3
2014-12-08 11:00:00Z;76,38532;0;3
2014-12-09 11:00:00Z;69,08854;0;3
2014-12-10 11:00:00Z;66,16403;0;3
2014-12-11 11:00:00Z;66,3915;0;3
2014-12-12 11:00:00Z;82,48708;0;3
2014-12-13 11:00:00Z;88,49492;0;3
2014-12-14 11:00:00Z;92,26561;0;3
2014-12-15 11:00:00Z;105,3696;0;3
2014-12-16 11:00:00Z;115,4276;0;3
2014-12-17 11:00:00Z;109,5719;0;3
2014-12-18 11:00:00Z;102,8919;0;3
2014-12-19 11:00:00Z;95,85871;0;3
2014-12-20 11:00:00Z;88,74777;0;3
2014-12-21 11:00:00Z;84,54374;0;3
2014-12-22 11:00:00Z;74,57246;0;3
2014-12-23 11:00:00Z;75,68204;0;3
2014-12-24 11:00:00Z;67,45177;0;3
2014-12-25 11:00:00Z;58,57273;0;3
2014-12-26 11:00:00Z;64,0173;0;3
2014-12-27 11:00:00Z;62,06343;0;3
2014-12-28 11:00:00Z;57,55091;0;3
2014-12-29 11:00:00Z;62,26995;0;3
2014-12-30 11:00:00Z;76,72212;0;3
2014-12-31 11:00:00Z;471,3877;0;3
2015-01-01 11:00:00Z;476,2755;1;3
2015-01-02 11:00:00Z;306,9075;1;3
2015-01-03 11:00:00Z;192,9514;0;3
2015-01-04 11:00:00Z;138,8331;0;3
2015-01-05 11:00:00Z;115,725;0;3
2015-01-06 11:00:00Z;100,345;0;3
2015-01-07 11:00:00Z;91,81676;0;3
2015-01-08 11:00:00Z;83,96637;0;3
2015-01-09 11:00:00Z;80,11063;0;3
2015-01-10 11:00:00Z;76,76814;0;3
2015-01-11 11:00:00Z;71,34979;0;3
2015-01-12 11:00:00Z;77,68201;0;3
2015-01-13 11:00:00Z;81,27144;0;3
2015-01-14 11:00:00Z;74,96884;0;3
2015-01-15 11:00:00Z;74,43427;0;3
2015-01-16 11:00:00Z;76,01148;0;3
2015-01-17 11:00:00Z;71,89253;0;3
2015-01-18 11:00:00Z;71,83253;0;3
2015-01-19 11:00:00Z;68,69109;0;3
2015-01-20 11:00:00Z;63,06085;0;3
2015-01-21 11:00:00Z;65,22211;0;3
2015-01-22 11:00:00Z;68,23326;0;3
2015-01-23 11:00:00Z;65,68896;0;3
2015-01-24 11:00:00Z;63,07307;0;3
2015-01-25 11:00:00Z;66,90432;0;3
2015-01-26 11:00:00Z;67,45356;0;3
2015-01-27 11:00:00Z;64,49747;0;3
2015-01-28 11:00:00Z;61,62537;0;3
2015-01-29 11:00:00Z;61,50193;0;3
2015-01-30 11:00:00Z;55,66272;0;3
2015-01-31 11:00:00Z;51,72589;0;3
2015-02-01 11:00:00Z;48,31065;0;3
2015-02-02 11:00:00Z;45,49066;0;3
2015-02-03 11:00:00Z;43,3124;0;3
2015-02-04 11:00:00Z;40,55574;0;3
2015-02-05 11:00:00Z;40,57641;0;3
2015-02-06 11:00:00Z;49,79453;0;3
2015-02-07 11:00:00Z;97,08396;0;3
2015-02-08 11:00:00Z;94,8664;0;3
2015-02-09 11:00:00Z;234,9119;0;3
2015-02-10 11:00:00Z;445,8865;1;3
2015-02-11 11:00:00Z;469,6702;1;3
2015-02-12 11:00:00Z;392,1085;1;3
2015-02-13 11:00:00Z;297,6352;1;3
2015-02-14 11:00:00Z;217,108;0;3
2015-02-15 11:00:00Z;169,1646;0;3
2015-02-16 11:00:00Z;151,4225;0;3
2015-02-17 11:00:00Z;138,6954;0;3
2015-02-18 11:00:00Z;118,4655;0;3
2015-02-19 11:00:00Z;217,8789;0;3
2015-02-20 11:00:00Z;319,163;0;3
2015-02-21 11:00:00Z;185,0827;0;3
2015-02-22 11:00:00Z;135,7506;0;3
2015-02-23 11:00:00Z;110,1313;0;3
2015-02-24 11:00:00Z;96,90816;0;3
2015-02-25 11:00:00Z;85,47601;0;3
2015-02-26 11:00:00Z;79,75705;0;3
2015-02-27 11:00:00Z;74,23253;0;3
2015-02-28 11:00:00Z;69,34851;0;3
2015-03-01 11:00:00Z;66,06598;0;3
2015-03-02 11:00:00Z;63,87228;0;3
2015-03-03 11:00:00Z;60,61516;0;3
2015-03-04 11:00:00Z;56,32388;0;3
2015-03-05 11:00:00Z;57,82406;0;3
2015-03-06 11:00:00Z;58,9917;0;3
2015-03-07 11:00:00Z;68,57804;0;3
2015-03-08 11:00:00Z;89,42184;0;3
2015-03-09 11:00:00Z;80,83112;0;3
2015-03-10 11:00:00Z;69,18582;0;3
2015-03-11 11:00:00Z;62,87915;0;3
2015-03-12 11:00:00Z;59,31832;0;3
2015-03-13 11:00:00Z;57,25877;0;3
2015-03-14 11:00:00Z;56,91964;0;3
2015-03-15 11:00:00Z;54,12188;0;3
2015-03-16 11:00:00Z;52,58899;0;3
2015-03-17 11:00:00Z;53,09547;0;3
2015-03-18 11:00:00Z;50,02838;0;3
2015-03-19 11:00:00Z;55,24022;0;3
2015-03-20 11:00:00Z;56,58852;0;3
2015-03-21 11:00:00Z;44,57878;1;3
2015-03-22 11:00:00Z;42,69363;1;3
2015-03-23 11:00:00Z;43,9504;1;3
2015-03-24 11:00:00Z;43,9504;1;3
2015-03-25 11:00:00Z;51,01674;0;3
2015-03-26 11:00:00Z;50,56376;0;3
2015-03-27 11:00:00Z;50,06625;0;3
2015-03-28 11:00:00Z;47,87938;0;3
2015-03-29 11:00:00Z;47,42018;0;3
2015-03-30 11:00:00Z;46,96763;0;3
2015-03-31 11:00:00Z;45,54348;0;3
2015-04-01 11:00:00Z;45,2213;0;3
2015-04-02 11:00:00Z;44,83026;0;3
2015-04-03 11:00:00Z;44,10988;0;3
2015-04-04 11:00:00Z;43,21766;0;3
2015-04-05 11:00:00Z;41,79388;0;3
2015-04-06 11:00:00Z;43,83981;0;3
2015-04-07 11:00:00Z;105,5482;0;3
2015-04-08 11:00:00Z;144,6681;0;3
2015-04-09 11:00:00Z;150,359;0;3
2015-04-10 11:00:00Z;160,2379;0;3
2015-04-11 11:00:00Z;143,1549;0;3
2015-04-12 11:00:00Z;118,7393;0;3
2015-04-13 11:00:00Z;110,7147;0;3
2015-04-14 11:00:00Z;93,16778;0;3
2015-04-15 11:00:00Z;87,92166;0;3
2015-04-16 11:00:00Z;87,09117;0;3
2015-04-17 11:00:00Z;82,28255;0;3
2015-04-18 11:00:00Z;83,11956;0;3
2015-04-19 11:00:00Z;98,98289;0;3
2015-04-20 11:00:00Z;142,889;0;3
2015-04-21 11:00:00Z;132,8195;0;3
2015-04-22 11:00:00Z;137,6746;0;3
2015-04-23 11:00:00Z;134,8244;0;3
2015-04-24 11:00:00Z;114,7875;0;3
2015-04-25 11:00:00Z;99,52403;0;3
2015-04-26 11:00:00Z;90,54437;0;3
2015-04-27 11:00:00Z;83,8417;0;3
2015-04-28 11:00:00Z;80,37318;0;3
2015-04-29 11:00:00Z;77,78601;0;3
2015-04-30 11:00:00Z;76,10995;0;3
2015-05-01 11:00:00Z;77,70453;0;3
2015-05-02 11:00:00Z;80,09182;0;3
2015-05-03 11:00:00Z;79,34884;0;3
2015-05-04 11:00:00Z;77,81473;0;3
2015-05-05 11:00:00Z;84,02958;0;3
2015-05-06 11:00:00Z;166,3604;0;3
2015-05-07 11:00:00Z;314,4064;0;3
2015-05-08 11:00:00Z;313,6968;0;3
2015-05-09 11:00:00Z;289,4317;0;3
2015-05-10 11:00:00Z;261,7769;0;3
2015-05-11 11:00:00Z;234,499;0;3
2015-05-12 11:00:00Z;251,6523;0;3
2015-05-13 11:00:00Z;288,6813;0;3
2015-05-14 11:00:00Z;271,0227;0;3
2015-05-15 11:00:00Z;221,9524;0;3
2015-05-16 11:00:00Z;196,6891;0;3
2015-05-17 11:00:00Z;212,8295;0;3
2015-05-18 11:00:00Z;205,8224;0;3
2015-05-19 11:00:00Z;204,1857;0;3
2015-05-20 11:00:00Z;224,1638;0;3
2015-05-21 11:00:00Z;273,3598;0;3
2015-05-22 11:00:00Z;302,1715;0;3
2015-05-23 11:00:00Z;285,1895;0;3
2015-05-24 11:00:00Z;272,3591;0;3
2015-05-25 11:00:00Z;265,0399;0;3
2015-05-26 11:00:00Z;288,3612;0;3
2015-05-27 11:00:00Z;330,1521;0;3
2015-05-28 11:00:00Z;359,1381;0;3
2015-05-29 11:00:00Z;363,7896;0;3
2015-05-30 11:00:00Z;390,3431;0;3
2015-05-31 11:00:00Z;433,7851;0;3
2015-06-01 11:00:00Z;455,6585;0;3
2015-06-02 11:00:00Z;606,8295;0;3
2015-06-03 11:00:00Z;571,4769;0;3
2015-06-04 11:00:00Z;543,8452;0;3
2015-06-05 11:00:00Z;476,8619;0;3
2015-06-06 11:00:00Z;400,3665;0;3
2015-06-07 11:00:00Z;378,1555;0;3
2015-06-08 11:00:00Z;394,032;0;3
2015-06-09 11:00:00Z;377,8505;1;3
2015-06-10 11:00:00Z;610,9865;0;3
2015-06-11 11:00:00Z;567,6872;0;3
2015-06-12 11:00:00Z;503,99;0;3
2015-06-13 11:00:00Z;610,5639;0;3
2015-06-14 11:00:00Z;426,9369;0;3
2015-06-15 11:00:00Z;331,5092;0;3
2015-06-16 11:00:00Z;317,1049;0;3
2015-06-17 11:00:00Z;271,7615;0;3
2015-06-18 11:00:00Z;250,2229;0;3
2015-06-19 11:00:00Z;281,2188;0;3
2015-06-20 11:00:00Z;301,6143;0;3
2015-06-21 11:00:00Z;296,9026;0;3
2015-06-22 11:00:00Z;320,7989;0;3
2015-06-23 11:00:00Z;404,2461;0;3
2015-06-24 11:00:00Z;399,7213;0;3
2015-06-25 11:00:00Z;438,6927;0;3
2015-06-26 11:00:00Z;503,7992;0;3
2015-06-27 11:00:00Z;463,44;0;3
2015-06-28 11:00:00Z;396,2495;0;3
2015-06-29 11:00:00Z;347,3574;0;3
2015-06-30 11:00:00Z;313,9368;0;3
2015-07-01 11:00:00Z;315,2312;0;3
2015-07-02 11:00:00Z;475,946;0;3
2015-07-03 11:00:00Z;582,1883;0;3
2015-07-04 11:00:00Z;718,1985;0;3
2015-07-05 11:00:00Z;571,0804;0;3
2015-07-06 11:00:00Z;475,614;0;3
2015-07-07 11:00:00Z;517,3617;0;3
2015-07-08 11:00:00Z;447,537;0;3
2015-07-09 11:00:00Z;381,0132;0;3
2015-07-10 11:00:00Z;431,8323;0;3
2015-07-11 11:00:00Z;420,7141;0;3
2015-07-12 11:00:00Z;379,9565;0;3
2015-07-13 11:00:00Z;355,2481;0;3
2015-07-14 11:00:00Z;333,2522;0;3
2015-07-15 11:00:00Z;328,1858;0;3
2015-07-16 11:00:00Z;286,6392;0;3
2015-07-17 11:00:00Z;256,1863;0;3
2015-07-18 11:00:00Z;239,8414;0;3
2015-07-19 11:00:00Z;260,2734;0;3
2015-07-20 11:00:00Z;233,3743;0;3
2015-07-21 11:00:00Z;193,1927;0;3
2015-07-22 11:00:00Z;180,5346;0;3
2015-07-23 11:00:00Z;197,2955;0;3
2015-07-24 11:00:00Z;208,1265;0;3
2015-07-25 11:00:00Z;287,6854;0;3
2015-07-26 11:00:00Z;222,7593;0;3
2015-07-27 11:00:00Z;312,9176;0;3
2015-07-28 11:00:00Z;330,141;0;3
2015-07-29 11:00:00Z;263,8607;0;3
2015-07-30 11:00:00Z;274,5479;0;3
2015-07-31 11:00:00Z;411,9636;0;3
2015-08-01 11:00:00Z;290,8997;0;3
2015-08-02 11:00:00Z;228,531;0;3
2015-08-03 11:00:00Z;237,3672;0;3
2015-08-04 11:00:00Z;215,2505;0;3
2015-08-05 11:00:00Z;240,7589;0;3
2015-08-06 11:00:00Z;269,072;0;3
2015-08-07 11:00:00Z;221,6374;0;3
2015-08-08 11:00:00Z;208,6515;0;3
2015-08-09 11:00:00Z;200,3114;0;3
2015-08-10 11:00:00Z;189,2379;0;3
2015-08-11 11:00:00Z;182,6334;0;3
2015-08-12 11:00:00Z;253,0486;0;3
2015-08-13 11:00:00Z;236,8047;0;3
2015-08-14 11:00:00Z;216,3013;0;3
2015-08-15 11:00:00Z;170,4272;0;3
2015-08-16 11:00:00Z;195,293;0;3
2015-08-17 11:00:00Z;185,9626;0;3
2015-08-18 11:00:00Z;160,9335;0;3
2015-08-19 11:00:00Z;139,9532;0;3
2015-08-20 11:00:00Z;126,7399;0;3
2015-08-21 11:00:00Z;118,268;0;3
2015-08-22 11:00:00Z;112,627;0;3
2015-08-23 11:00:00Z;104,0359;0;3
2015-08-24 11:00:00Z;98,2507;0;3
2015-08-25 11:00:00Z;101,6641;0;3
2015-08-26 11:00:00Z;112,3738;0;3
2015-08-27 11:00:00Z;126,7909;0;3
2015-08-28 11:00:00Z;168,2745;0;3
2015-08-29 11:00:00Z;375,2523;0;3
2015-08-30 11:00:00Z;428,8456;0;3
2015-08-31 11:00:00Z;340,571;0;3
2015-09-01 11:00:00Z;214,9133;0;3
2015-09-02 11:00:00Z;144,8366;0;3
2015-09-03 11:00:00Z;112,3522;0;3
2015-09-04 11:00:00Z;94,67843;0;3
2015-09-05 11:00:00Z;86,3018;0;3
2015-09-06 11:00:00Z;80,96461;0;3
2015-09-07 11:00:00Z;76,98061;0;3
2015-09-08 11:00:00Z;79,93094;0;3
2015-09-09 11:00:00Z;74,09704;0;3
2015-09-10 11:00:00Z;69,40948;0;3
2015-09-11 11:00:00Z;65,7068;0;3
2015-09-12 11:00:00Z;65,21223;0;3
2015-09-13 11:00:00Z;67,20073;0;3
2015-09-14 11:00:00Z;72,92978;0;3
2015-09-15 11:00:00Z;75,70241;0;3
2015-09-16 11:00:00Z;76,29384;0;3
2015-09-17 11:00:00Z;74,75845;0;3
2015-09-18 11:00:00Z;88,17134;0;3
2015-09-19 11:00:00Z;127,4872;0;3
2015-09-20 11:00:00Z;177,5039;0;3
2015-09-21 11:00:00Z;143,1413;0;3
2015-09-22 11:00:00Z;109,9288;0;3
2015-09-23 11:00:00Z;97,20377;0;3
2015-09-24 11:00:00Z;93,79408;0;3
2015-09-25 11:00:00Z;92,05657;0;3
2015-09-26 11:00:00Z;177,2232;0;3
2015-09-27 11:00:00Z;175,0531;0;3
2015-09-28 11:00:00Z;131,1787;0;3
2015-09-29 11:00:00Z;107,3847;0;3
2015-09-30 11:00:00Z;168,6982;0;3
2015-10-01 11:00:00Z;257,7826;0;3
2015-10-02 11:00:00Z;1016,478;0;3
2015-10-03 11:00:00Z;591,7468;0;3
2015-10-04 11:00:00Z;501,7847;0;3
2015-10-05 11:00:00Z;326,8315;0;3
2015-10-06 11:00:00Z;217,7115;0;3
2015-10-07 11:00:00Z;164,6447;0;3
2015-10-08 11:00:00Z;134,6115;0;3
2015-10-09 11:00:00Z;113,8858;0;3
2015-10-10 11:00:00Z;101,3881;0;3
2015-10-11 11:00:00Z;95,18202;0;3
2015-10-12 11:00:00Z;92,48733;0;3
2015-10-13 11:00:00Z;88,98552;0;3
2015-10-14 11:00:00Z;108,2114;0;3
2015-10-15 11:00:00Z;117,8337;0;3
2015-10-16 11:00:00Z;195,5538;0;3
2015-10-17 11:00:00Z;206,4257;0;3
2015-10-18 11:00:00Z;152,9921;0;3
2015-10-19 11:00:00Z;118,8385;0;3
2015-10-20 11:00:00Z;101,2429;0;3
2015-10-21 11:00:00Z;103,5969;0;3
2015-10-22 11:00:00Z;198,6962;0;3
2015-10-23 11:00:00Z;210,0643;0;3
2015-10-24 11:00:00Z;164,8438;0;3
2015-10-25 11:00:00Z;156,5112;0;3
2015-10-26 11:00:00Z;231,451;0;3
2015-10-27 11:00:00Z;353,4304;0;3
2015-10-28 11:00:00Z;171,6767;0;3
2015-10-29 11:00:00Z;130,0699;0;3
2015-10-30 11:00:00Z;105,1268;0;3
2015-10-31 11:00:00Z;107,3389;0;3
2015-11-01 11:00:00Z;454,9855;0;3
2015-11-02 11:00:00Z;732,8501;0;3
2015-11-03 11:00:00Z;581,4053;0;3
2015-11-04 11:00:00Z;571,0333;0;3
2015-11-05 11:00:00Z;340,0871;0;3
2015-11-06 11:00:00Z;219,6908;0;3
2015-11-07 11:00:00Z;171,3224;0;3
2015-11-08 11:00:00Z;170,4751;0;3
2015-11-09 11:00:00Z;159,6017;0;3
2015-11-10 11:00:00Z;138,4822;0;3
2015-11-11 11:00:00Z;140,2075;0;3
2015-11-12 11:00:00Z;133,7479;0;3
2015-11-13 11:00:00Z;118,0751;0;3
2015-11-14 11:00:00Z;110,1946;0;3
2015-11-15 11:00:00Z;94,19453;0;3
2015-11-16 11:00:00Z;82,67107;0;3
2015-11-17 11:00:00Z;79,82375;0;3
2015-11-18 11:00:00Z;75,58398;0;3
2015-11-19 11:00:00Z;71,39935;0;3
2015-11-20 11:00:00Z;66,039;0;3
2015-11-21 11:00:00Z;60,44538;0;3
2015-11-22 11:00:00Z;63,75971;0;3
2015-11-23 11:00:00Z;71,19376;0;3
2015-11-24 11:00:00Z;65,83046;0;3
2015-11-25 11:00:00Z;60,09967;0;3
2015-11-26 11:00:00Z;58,78704;0;3
2015-11-27 11:00:00Z;83,63218;0;3
2015-11-28 11:00:00Z;118,8008;0;3
2015-11-29 11:00:00Z;91,8008;0;3
2015-11-30 11:00:00Z;77,89939;0;3
2015-12-01 11:00:00Z;72,18745;0;3
2015-12-02 11:00:00Z;67,78065;0;3
2015-12-03 11:00:00Z;69,47501;0;3
2015-12-04 11:00:00Z;74,0143;0;3
2015-12-05 11:00:00Z;66,82774;0;3
2015-12-06 11:00:00Z;69,1365;0;3
2015-12-07 11:00:00Z;75,28381;0;3
2015-12-08 11:00:00Z;71,31801;0;3
2015-12-09 11:00:00Z;83,40678;0;3
2015-12-10 11:00:00Z;105,521;0;3
2015-12-11 11:00:00Z;95,72323;0;3
2015-12-12 11:00:00Z;99,41972;0;3
2015-12-13 11:00:00Z;80,41036;0;3
2015-12-14 11:00:00Z;70,1978;0;3
2015-12-15 11:00:00Z;69,59354;0;3
2015-12-16 11:00:00Z;81,57125;0;3
2015-12-17 11:00:00Z;84,34895;0;3
2015-12-18 11:00:00Z;82,72784;0;3
2015-12-19 11:00:00Z;154,1501;0;3
2015-12-20 11:00:00Z;245,4746;0;3
2015-12-21 11:00:00Z;333,9743;0;3
2015-12-22 11:00:00Z;302,0728;0;3
2015-12-23 11:00:00Z;199,8789;0;3
2015-12-24 11:00:00Z;171,3386;0;3
2015-12-25 11:00:00Z;156,902;0;3
2015-12-26 11:00:00Z;130,8202;0;3
2015-12-27 11:00:00Z;109,7912;0;3
2015-12-28 11:00:00Z;94,98005;0;3
2015-12-29 11:00:00Z;93,83601;0;3
2015-12-30 11:00:00Z;110,5674;0;3
2015-12-31 11:00:00Z;90,88036;0;3
2016-01-01 11:00:00Z;79,17156;0;3
2016-01-02 11:00:00Z;70,52888;1;3
2016-01-03 11:00:00Z;66,0827;1;3
2016-01-04 11:00:00Z;59,10105;1;3
2016-01-05 11:00:00Z;59,10105;1;3
2016-01-06 11:00:00Z;57,19763;1;3
2016-01-07 11:00:00Z;56,56194;1;3
2016-01-08 11:00:00Z;52,75144;1;3
2016-01-09 11:00:00Z;52,75144;1;3
2016-01-10 11:00:00Z;53,68794;0;3
2016-01-11 11:00:00Z;51,57243;0;3
2016-01-12 11:00:00Z;51,07994;0;3
2016-01-13 11:00:00Z;48,01614;0;3
2016-01-14 11:00:00Z;45,59646;0;3
2016-01-15 11:00:00Z;44,52875;0;3
2016-01-16 11:00:00Z;42,3783;0;3
2016-01-17 11:00:00Z;42,78759;0;3
2016-01-18 11:00:00Z;44,44118;0;3
2016-01-19 11:00:00Z;45,42355;0;3
2016-01-20 11:00:00Z;44,59795;0;3
2016-01-21 11:00:00Z;43,22099;0;3
2016-01-22 11:00:00Z;43,89654;0;3
2016-01-23 11:00:00Z;43,20485;0;3
2016-01-24 11:00:00Z;42,98659;0;3
2016-01-25 11:00:00Z;42,62984;0;3
2016-01-26 11:00:00Z;42,49111;0;3
2016-01-27 11:00:00Z;43,35359;0;3
2016-01-28 11:00:00Z;43,1529;0;3
2016-01-29 11:00:00Z;42,4535;0;3
2016-01-30 11:00:00Z;44,27843;0;3
2016-01-31 11:00:00Z;43,88161;0;3
2016-02-01 11:00:00Z;42,95496;0;3
2016-02-02 11:00:00Z;41,85429;0;3
2016-02-03 11:00:00Z;41,17254;0;3
2016-02-04 11:00:00Z;41,39137;0;3
2016-02-05 11:00:00Z;42,34672;0;3
2016-02-06 11:00:00Z;42,52712;0;3
2016-02-07 11:00:00Z;42,41577;0;3
2016-02-08 11:00:00Z;41,94745;0;3
2016-02-09 11:00:00Z;42,12714;0;3
2016-02-10 11:00:00Z;41,74654;0;3
2016-02-11 11:00:00Z;40,98527;0;3
2016-02-12 11:00:00Z;39,88946;0;3
2016-02-13 11:00:00Z;38,78216;0;3
2016-02-14 11:00:00Z;39,34328;0;3
2016-02-15 11:00:00Z;38,69834;0;3
2016-02-16 11:00:00Z;38,54195;0;3
2016-02-17 11:00:00Z;39,31742;0;3
2016-02-18 11:00:00Z;39,00145;0;3
2016-02-19 11:00:00Z;38,59926;0;3
2016-02-20 11:00:00Z;38,15591;0;3
2016-02-21 11:00:00Z;37,87387;0;3
2016-02-22 11:00:00Z;37,13359;0;3
2016-02-23 11:00:00Z;36,88666;0;3
2016-02-24 11:00:00Z;37,11332;0;3
2016-02-25 11:00:00Z;36,97389;0;3
2016-02-26 11:00:00Z;36,1368;0;3
2016-02-27 11:00:00Z;35,57201;0;3
2016-02-28 11:00:00Z;36,24924;0;3
2016-02-29 11:00:00Z;36,61423;0;3
2016-03-01 11:00:00Z;36,31236;0;3
2016-03-02 11:00:00Z;35,98092;0;3
2016-03-03 11:00:00Z;35,46712;0;3
2016-03-04 11:00:00Z;35,02858;0;3
2016-03-05 11:00:00Z;34,70589;0;3
2016-03-06 11:00:00Z;34,50145;0;3
2016-03-07 11:00:00Z;34,35279;0;3
2016-03-08 11:00:00Z;34,20726;0;3
2016-03-09 11:00:00Z;34,0514;0;3
2016-03-10 11:00:00Z;34,01328;0;3
2016-03-11 11:00:00Z;34,52176;0;3
2016-03-12 11:00:00Z;35,3713;0;3
2016-03-13 11:00:00Z;34,95051;0;3
2016-03-14 11:00:00Z;36,4067;0;3
2016-03-15 11:00:00Z;48,26389;0;3
2016-03-16 11:00:00Z;77,7379;0;3
2016-03-17 11:00:00Z;130,806;0;3
2016-03-18 11:00:00Z;134,7301;0;3
2016-03-19 11:00:00Z;92,58748;0;3
2016-03-20 11:00:00Z;73,07265;0;3
2016-03-21 11:00:00Z;63,85258;0;3
2016-03-22 11:00:00Z;57,91792;0;3
2016-03-23 11:00:00Z;53,99419;0;3
2016-03-24 11:00:00Z;51,54752;0;3
2016-03-25 11:00:00Z;50,18883;0;3
2016-03-26 11:00:00Z;50,0543;0;3
2016-03-27 11:00:00Z;50,87986;0;3
2016-03-28 11:00:00Z;59,3386;0;3
2016-03-29 11:00:00Z;66,81457;0;3
2016-03-30 11:00:00Z;77,45309;0;3
2016-03-31 11:00:00Z;70,24355;0;3
2016-04-01 11:00:00Z;62,36481;0;3
2016-04-02 11:00:00Z;58,05513;0;3
2016-04-03 11:00:00Z;60,41833;0;3
2016-04-04 11:00:00Z;68,03528;0;3
2016-04-05 11:00:00Z;66,43713;0;3
2016-04-06 11:00:00Z;71,15421;0;3
2016-04-07 11:00:00Z;67,70432;0;3
2016-04-08 11:00:00Z;69,44789;0;3
2016-04-09 11:00:00Z;76,20499;0;3
2016-04-10 11:00:00Z;76,7911;0;3
2016-04-11 11:00:00Z;76,53644;0;3
2016-04-12 11:00:00Z;72,47489;0;3
2016-04-13 11:00:00Z;66,14785;0;3
2016-04-14 11:00:00Z;60,24205;0;3
2016-04-15 11:00:00Z;57,91555;0;3
2016-04-16 11:00:00Z;56,51726;0;3
2016-04-17 11:00:00Z;55,73227;0;3
2016-04-18 11:00:00Z;56,69987;0;3
2016-04-19 11:00:00Z;57,34546;0;3
2016-04-20 11:00:00Z;59,22719;0;3
2016-04-21 11:00:00Z;62,6799;0;3
2016-04-22 11:00:00Z;69,22977;0;3
2016-04-23 11:00:00Z;65,40547;0;3
2016-04-24 11:00:00Z;60,28447;0;3
2016-04-25 11:00:00Z;57,09271;0;3
2016-04-26 11:00:00Z;54,76612;0;3
2016-04-27 11:00:00Z;53,62985;0;3
2016-04-28 11:00:00Z;53,89677;0;3
2016-04-29 11:00:00Z;67,16208;0;3
2016-04-30 11:00:00Z;108,2538;0;3
2016-05-01 11:00:00Z;114,2755;0;3
2016-05-02 11:00:00Z;116,3749;0;3
2016-05-03 11:00:00Z;142,0474;0;3
2016-05-04 11:00:00Z;209,5135;0;3
2016-05-05 11:00:00Z;206,356;0;3
2016-05-06 11:00:00Z;188,917;0;3
2016-05-07 11:00:00Z;205,4754;0;3
2016-05-08 11:00:00Z;251,1029;0;3
2016-05-09 11:00:00Z;258,6863;0;3
2016-05-10 11:00:00Z;238,0258;0;3
2016-05-11 11:00:00Z;221,8701;0;3
2016-05-12 11:00:00Z;200,586;0;3
2016-05-13 11:00:00Z;185,9239;0;3
2016-05-14 11:00:00Z;164,66;0;3
2016-05-15 11:00:00Z;161,7228;0;3
2016-05-16 11:00:00Z;162,1515;0;3
2016-05-17 11:00:00Z;158,7122;0;3
2016-05-18 11:00:00Z;141,6943;0;3
2016-05-19 11:00:00Z;128,7435;0;3
2016-05-20 11:00:00Z;119,4847;0;3
2016-05-21 11:00:00Z;162,9104;0;3
2016-05-22 11:00:00Z;223,373;0;3
2016-05-23 11:00:00Z;410,2193;0;3
2016-05-24 11:00:00Z;423,6323;0;3
2016-05-25 11:00:00Z;397,3492;0;3
2016-05-26 11:00:00Z;378,4666;0;3
2016-05-27 11:00:00Z;380,1108;0;3
2016-05-28 11:00:00Z;430,8181;0;3
2016-05-29 11:00:00Z;533,1396;0;3
2016-05-30 11:00:00Z;584,5887;0;3
2016-05-31 11:00:00Z;600,1459;0;3
2016-06-01 11:00:00Z;615,0103;0;3
2016-06-02 11:00:00Z;638,2798;0;3
2016-06-03 11:00:00Z;582,6653;0;3
2016-06-04 11:00:00Z;422,9589;0;3
2016-06-05 11:00:00Z;309,3492;0;3
2016-06-06 11:00:00Z;245,5063;0;3
2016-06-07 11:00:00Z;255,0309;0;3
2016-06-08 11:00:00Z;332,0741;0;3
2016-06-09 11:00:00Z;242,5994;0;3
2016-06-10 11:00:00Z;185,7689;0;3
2016-06-11 11:00:00Z;168,1082;0;3
2016-06-12 11:00:00Z;161,0192;0;3
2016-06-13 11:00:00Z;169,7309;0;3
2016-06-14 11:00:00Z;163,8236;0;3
2016-06-15 11:00:00Z;157,2587;0;3
2016-06-16 11:00:00Z;181,6733;0;3
2016-06-17 11:00:00Z;232,6014;0;3
2016-06-18 11:00:00Z;295,5338;0;3
2016-06-19 11:00:00Z;301,3282;0;3
2016-06-20 11:00:00Z;286,6128;0;3
2016-06-21 11:00:00Z;249,8147;0;3
2016-06-22 11:00:00Z;257,9986;0;3
2016-06-23 11:00:00Z;230,4195;0;3
2016-06-24 11:00:00Z;235,7309;0;3
2016-06-25 11:00:00Z;222,5614;0;3
2016-06-26 11:00:00Z;219,0538;0;3
2016-06-27 11:00:00Z;298,061;0;3
2016-06-28 11:00:00Z;339,1628;0;3
2016-06-29 11:00:00Z;235,4254;0;3
2016-06-30 11:00:00Z;200,4693;0;3
2016-07-01 11:00:00Z;232,614;0;3
2016-07-02 11:00:00Z;219,5272;0;3
2016-07-03 11:00:00Z;239,385;0;3
2016-07-04 11:00:00Z;215,9201;0;3
2016-07-05 11:00:00Z;168,0832;0;3
2016-07-06 11:00:00Z;139,7463;0;3
2016-07-07 11:00:00Z;133,1132;0;3
2016-07-08 11:00:00Z;126,123;0;3
2016-07-09 11:00:00Z;110,0127;0;3
2016-07-10 11:00:00Z;103,3332;0;3
2016-07-11 11:00:00Z;101,6982;0;3
2016-07-12 11:00:00Z;110,8152;0;3
2016-07-13 11:00:00Z;113,4078;0;3
2016-07-14 11:00:00Z;108,1477;0;3
2016-07-15 11:00:00Z;99,19903;0;3
2016-07-16 11:00:00Z;90,2588;0;3
2016-07-17 11:00:00Z;88,32408;0;3
2016-07-18 11:00:00Z;108,4547;0;3
2016-07-19 11:00:00Z;97,56929;0;3
2016-07-20 11:00:00Z;83,49031;0;3
2016-07-21 11:00:00Z;82,99493;0;3
2016-07-22 11:00:00Z;90,42036;0;3
2016-07-23 11:00:00Z;90,77571;0;3
2016-07-24 11:00:00Z;95,23;0;3
2016-07-25 11:00:00Z;98,03596;0;3
2016-07-26 11:00:00Z;93,4685;0;3
2016-07-27 11:00:00Z;145,2697;0;3
2016-07-28 11:00:00Z;115,6926;0;3
2016-07-29 11:00:00Z;119,1291;0;3
2016-07-30 11:00:00Z;103,4266;0;3
2016-07-31 11:00:00Z;150,3314;0;3
2016-08-01 11:00:00Z;186,6808;0;3
2016-08-02 11:00:00Z;140,5774;0;3
2016-08-03 11:00:00Z;128,6932;0;3
2016-08-04 11:00:00Z;110,8086;0;3
2016-08-05 11:00:00Z;96,53837;0;3
2016-08-06 11:00:00Z;103,7691;0;3
2016-08-07 11:00:00Z;91,33761;0;3
2016-08-08 11:00:00Z;110,3507;0;3
2016-08-09 11:00:00Z;144,0127;0;3
2016-08-10 11:00:00Z;125,1355;0;3
2016-08-11 11:00:00Z;101,1341;0;3
2016-08-12 11:00:00Z;90,0256;0;3
2016-08-13 11:00:00Z;85,35138;0;3
2016-08-14 11:00:00Z;96,87253;0;3
2016-08-15 11:00:00Z;95,53651;0;3
2016-08-16 11:00:00Z;87,49715;0;3
2016-08-17 11:00:00Z;78,71187;0;3
2016-08-18 11:00:00Z;72,6634;0;3
2016-08-19 11:00:00Z;71,86084;0;3
2016-08-20 11:00:00Z;74,5022;0;3
2016-08-21 11:00:00Z;79,47295;0;3
2016-08-22 11:00:00Z;79,23856;0;3
2016-08-23 11:00:00Z;78,4973;0;3
2016-08-24 11:00:00Z;73,90617;0;3
2016-08-25 11:00:00Z;86,57748;0;3
2016-08-26 11:00:00Z;98,11588;0;3
2016-08-27 11:00:00Z;242,4076;0;3
2016-08-28 11:00:00Z;183,6528;0;3
2016-08-29 11:00:00Z;121,5153;0;3
2016-08-30 11:00:00Z;125,1719;0;3
2016-08-31 11:00:00Z;177,29;0;3
2016-09-01 11:00:00Z;401,4225;0;3
2016-09-02 11:00:00Z;444,0901;0;3
2016-09-03 11:00:00Z;246,6655;0;3
2016-09-04 11:00:00Z;177,9194;0;3
2016-09-05 11:00:00Z;147,7242;0;3
2016-09-06 11:00:00Z;131,4498;0;3
2016-09-07 11:00:00Z;428,2958;0;3
2016-09-08 11:00:00Z;349,5917;0;3
2016-09-09 11:00:00Z;203,9492;0;3
2016-09-10 11:00:00Z;153,7652;0;3
2016-09-11 11:00:00Z;244,1267;0;3
2016-09-12 11:00:00Z;387,4041;0;3
2016-09-13 11:00:00Z;218,3067;0;3
2016-09-14 11:00:00Z;161,225;0;3
2016-09-15 11:00:00Z;143,5055;0;3
2016-09-16 11:00:00Z;120,4749;0;3
2016-09-17 11:00:00Z;105,3444;0;3
2016-09-18 11:00:00Z;97,50956;0;3
2016-09-19 11:00:00Z;93,00153;0;3
2016-09-20 11:00:00Z;86,76785;0;3
2016-09-21 11:00:00Z;81,59072;0;3
2016-09-22 11:00:00Z;77,67737;0;3
2016-09-23 11:00:00Z;73,78023;0;3
2016-09-24 11:00:00Z;71,53957;0;3
2016-09-25 11:00:00Z;76,14714;0;3
2016-09-26 11:00:00Z;78,40457;0;3
2016-09-27 11:00:00Z;73,34543;0;3
2016-09-28 11:00:00Z;94,0313;0;3
2016-09-29 11:00:00Z;204,0187;0;3
2016-09-30 11:00:00Z;226,0789;0;3
2016-10-01 11:00:00Z;322,9338;0;3
2016-10-02 11:00:00Z;263,4634;0;3
2016-10-03 11:00:00Z;188,7521;0;3
2016-10-04 11:00:00Z;144,364;0;3
2016-10-05 11:00:00Z;115,0354;0;3
2016-10-06 11:00:00Z;101,3334;0;3
2016-10-07 11:00:00Z;90,847;0;3
2016-10-08 11:00:00Z;83,00054;0;3
2016-10-09 11:00:00Z;76,96571;0;3
2016-10-10 11:00:00Z;71,63187;0;3
2016-10-11 11:00:00Z;66,57133;0;3
2016-10-12 11:00:00Z;62,49603;0;3
2016-10-13 11:00:00Z;59,74302;0;3
2016-10-14 11:00:00Z;57,03015;0;3
2016-10-15 11:00:00Z;54,37771;0;3
2016-10-16 11:00:00Z;51,74376;0;3
2016-10-17 11:00:00Z;49,48759;0;3
2016-10-18 11:00:00Z;50,29637;0;3
2016-10-19 11:00:00Z;49,44072;0;3
2016-10-20 11:00:00Z;48,92445;0;3
2016-10-21 11:00:00Z;48,2107;0;3
2016-10-22 11:00:00Z;46,34844;0;3
2016-10-23 11:00:00Z;44,85018;0;3
2016-10-24 11:00:00Z;43,58335;0;3
2016-10-25 11:00:00Z;42,9948;0;3
2016-10-26 11:00:00Z;41,61822;0;3
2016-10-27 11:00:00Z;42,20858;0;3
2016-10-28 11:00:00Z;73,23731;0;3
2016-10-29 11:00:00Z;90,43551;0;3
2016-10-30 11:00:00Z;94,05968;0;3
2016-10-31 11:00:00Z;72,90594;0;3
2016-11-01 11:00:00Z;62,39837;0;3
2016-11-02 11:00:00Z;57,271;0;3
2016-11-03 11:00:00Z;51,73629;0;3
2016-11-04 11:00:00Z;48,54287;0;3
2016-11-05 11:00:00Z;52,08986;0;3
2016-11-06 11:00:00Z;41,64554;0;3
2016-11-07 11:00:00Z;37,57187;0;3
2016-11-08 11:00:00Z;36,49422;0;3
2016-11-09 11:00:00Z;38,1916;0;3
2016-11-10 11:00:00Z;39,04407;0;3
2016-11-11 11:00:00Z;37,80082;0;3
2016-11-12 11:00:00Z;39,17507;0;3
2016-11-13 11:00:00Z;40,91234;0;3
2016-11-14 11:00:00Z;41,44664;0;3
2016-11-15 11:00:00Z;43,24979;0;3
2016-11-16 11:00:00Z;63,17989;0;3
2016-11-17 11:00:00Z;54,16627;0;3
2016-11-18 11:00:00Z;47,5496;0;3
2016-11-19 11:00:00Z;46,38198;0;3
2016-11-20 11:00:00Z;44,9776;0;3
2016-11-21 11:00:00Z;42,89642;0;3
2016-11-22 11:00:00Z;44,01049;0;3
2016-11-23 11:00:00Z;43,26147;0;3
2016-11-24 11:00:00Z;42,27391;0;3
2016-11-25 11:00:00Z;41,99746;0;3
2016-11-26 11:00:00Z;132,0831;0;3
2016-11-27 11:00:00Z;95,99371;0;3
2016-11-28 11:00:00Z;78,23891;0;3
2016-11-29 11:00:00Z;176,5983;0;3
2016-11-30 11:00:00Z;164,4988;0;3
2016-12-01 11:00:00Z;101,1629;0;3
2016-12-02 11:00:00Z;83,9808;0;3
2016-12-03 11:00:00Z;72,43533;0;3
2016-12-04 11:00:00Z;98,04579;0;3
2016-12-05 11:00:00Z;347,1646;0;3
2016-12-06 11:00:00Z;159,4033;0;3
2016-12-07 11:00:00Z;169,4543;0;3
2016-12-08 11:00:00Z;144,3467;0;3
2016-12-09 11:00:00Z;110,6325;0;3
2016-12-10 11:00:00Z;88,57714;0;3
2016-12-11 11:00:00Z;85,86929;0;3
2016-12-12 11:00:00Z;83,06735;1;3
2016-12-13 11:00:00Z;81,26988;1;3
2016-12-14 11:00:00Z;75,87746;1;3
2016-12-15 11:00:00Z;86,66231;1;3
2016-12-16 11:00:00Z;92,57282;0;3
2016-12-17 11:00:00Z;120,518;0;3
2016-12-18 11:00:00Z;123,8952;0;3
2016-12-19 11:00:00Z;345,7743;0;3
2016-12-20 11:00:00Z;513,8802;0;3
2016-12-21 11:00:00Z;251,371;0;3
2016-12-22 11:00:00Z;166,0527;0;3
2016-12-23 11:00:00Z;133,1141;0;3
2016-12-24 11:00:00Z;115,9753;0;3
2016-12-25 11:00:00Z;103,9979;0;3
2016-12-26 11:00:00Z;97,73394;0;3
2016-12-27 11:00:00Z;92,45801;0;3
2016-12-28 11:00:00Z;87,09273;0;3
2016-12-29 11:00:00Z;160,6806;0;3
2016-12-30 11:00:00Z;342,8696;0;3
2016-12-31 11:00:00Z;338,3584;0;3
2017-01-01 11:00:00Z;210,5406;0;3
2017-01-02 11:00:00Z;146,1535;0;3
2017-01-03 11:00:00Z;120,9063;0;3
2017-01-04 11:00:00Z;105,6656;0;3
2017-01-05 11:00:00Z;95,95364;0;3
2017-01-06 11:00:00Z;115,9071;0;3
2017-01-07 11:00:00Z;105,0015;0;3
2017-01-08 11:00:00Z;92,18233;0;3
2017-01-09 11:00:00Z;91,90402;0;3
2017-01-10 11:00:00Z;91,94478;0;3
2017-01-11 11:00:00Z;89,17178;0;3
2017-01-12 11:00:00Z;82,30365;0;3
2017-01-13 11:00:00Z;74,85668;0;3
2017-01-14 11:00:00Z;70,23217;0;3
2017-01-15 11:00:00Z;68,74503;0;3
2017-01-16 11:00:00Z;72,70717;0;3
2017-01-17 11:00:00Z;72,79533;0;3
2017-01-18 11:00:00Z;89,15823;0;3
2017-01-19 11:00:00Z;271,8991;0;3
2017-01-20 11:00:00Z;159,2566;0;3
2017-01-21 11:00:00Z;112,8745;0;3
2017-01-22 11:00:00Z;208,8245;0;3
2017-01-23 11:00:00Z;265,7406;0;3
2017-01-24 11:00:00Z;163,0782;0;3
2017-01-25 11:00:00Z;157,4328;0;3
2017-01-26 11:00:00Z;831,0499;0;3
2017-01-27 11:00:00Z;639,8053;0;3
2017-01-28 11:00:00Z;337,1486;0;3
2017-01-29 11:00:00Z;231,3836;0;3
2017-01-30 11:00:00Z;181,2657;0;3
2017-01-31 11:00:00Z;148,4872;0;3
2017-02-01 11:00:00Z;127,3329;0;3
2017-02-02 11:00:00Z;111,4836;0;3
2017-02-03 11:00:00Z;100,8428;0;3
2017-02-04 11:00:00Z;78,2814;1;3
2017-02-05 11:00:00Z;74,20786;1;3
2017-02-06 11:00:00Z;57,92465;1;3
2017-02-07 11:00:00Z;49,78123;1;3
2017-02-08 11:00:00Z;41,64145;1;3
2017-02-09 11:00:00Z;49,78123;1;3
2017-02-10 11:00:00Z;49,78123;1;3
2017-02-11 11:00:00Z;53,85477;1;3
2017-02-12 11:00:00Z;66,06808;1;3
2017-02-13 11:00:00Z;108,1325;0;3
2017-02-14 11:00:00Z;120,7344;0;3
2017-02-15 11:00:00Z;95,71047;0;3
2017-02-16 11:00:00Z;81,5892;0;3
2017-02-17 11:00:00Z;86,89467;0;3
2017-02-18 11:00:00Z;84,55608;0;3
2017-02-19 11:00:00Z;75,71425;0;3
2017-02-20 11:00:00Z;71,04363;0;3
2017-02-21 11:00:00Z;65,30882;0;3
2017-02-22 11:00:00Z;68,50237;0;3
2017-02-23 11:00:00Z;65,13757;0;3
2017-02-24 11:00:00Z;60,38577;0;3
2017-02-25 11:00:00Z;58,84939;0;3
2017-02-26 11:00:00Z;58,79583;0;3
2017-02-27 11:00:00Z;57,04709;0;3
2017-02-28 11:00:00Z;56,59119;0;3
2017-03-01 11:00:00Z;56,78754;0;3
2017-03-02 11:00:00Z;57,3806;0;3
2017-03-03 11:00:00Z;54,6003;0;3
2017-03-04 11:00:00Z;49,58527;0;3
2017-03-05 11:00:00Z;46,39385;0;3
2017-03-06 11:00:00Z;45,8035;0;3
2017-03-07 11:00:00Z;46,02358;0;3
2017-03-08 11:00:00Z;47,67874;0;3
2017-03-09 11:00:00Z;47,59827;0;3
2017-03-10 11:00:00Z;44,87022;0;3
2017-03-11 11:00:00Z;47,6227;0;3
2017-03-12 11:00:00Z;47,46316;0;3
2017-03-13 11:00:00Z;49,07263;0;3
2017-03-14 11:00:00Z;55,2395;0;3
2017-03-15 11:00:00Z;78,93819;0;3
2017-03-16 11:00:00Z;79,44542;0;3
2017-03-17 11:00:00Z;69,21569;0;3
2017-03-18 11:00:00Z;62,62201;0;3
2017-03-19 11:00:00Z;56,79171;0;3
2017-03-20 11:00:00Z;55,12965;0;3
2017-03-21 11:00:00Z;53,44498;0;3
2017-03-22 11:00:00Z;52,66823;0;3
2017-03-23 11:00:00Z;51,31559;0;3
2017-03-24 11:00:00Z;50,23043;0;3
2017-03-25 11:00:00Z;51,61354;0;3
2017-03-26 11:00:00Z;112,3058;0;3
2017-03-27 11:00:00Z;183,7477;0;3
2017-03-28 11:00:00Z;173,2621;0;3
2017-03-29 11:00:00Z;114,9522;0;3
2017-03-30 11:00:00Z;94,27155;0;3
2017-03-31 11:00:00Z;81,77004;0;3
2017-04-01 11:00:00Z;77,35088;0;3
2017-04-02 11:00:00Z;72,89704;0;3
2017-04-03 11:00:00Z;72,87375;0;3
2017-04-04 11:00:00Z;102,794;0;3
2017-04-05 11:00:00Z;113,8813;0;3
2017-04-06 11:00:00Z;96,94611;0;3
2017-04-07 11:00:00Z;85,67454;0;3
2017-04-08 11:00:00Z;77,0824;0;3
2017-04-09 11:00:00Z;132,8337;0;3
2017-04-10 11:00:00Z;154,7388;0;3
2017-04-11 11:00:00Z;123,1173;0;3
2017-04-12 11:00:00Z;98,87786;0;3
2017-04-13 11:00:00Z;86,57024;0;3
2017-04-14 11:00:00Z;78,19717;0;3
2017-04-15 11:00:00Z;71,7395;0;3
2017-04-16 11:00:00Z;67,44665;0;3
2017-04-17 11:00:00Z;64,32742;0;3
2017-04-18 11:00:00Z;61,44595;0;3
2017-04-19 11:00:00Z;59,57106;0;3
2017-04-20 11:00:00Z;61,4733;0;3
2017-04-21 11:00:00Z;68,67186;0;3
2017-04-22 11:00:00Z;66,60126;0;3
2017-04-23 11:00:00Z;61,62728;0;3
2017-04-24 11:00:00Z;59,97393;0;3
2017-04-25 11:00:00Z;57,19724;0;3
2017-04-26 11:00:00Z;55,5169;0;3
2017-04-27 11:00:00Z;54,29126;0;3
2017-04-28 11:00:00Z;53,31062;0;3
2017-04-29 11:00:00Z;53,19931;0;3
2017-04-30 11:00:00Z;53,20362;0;3
2017-05-01 11:00:00Z;52,9491;0;3
2017-05-02 11:00:00Z;53,09889;0;3
2017-05-03 11:00:00Z;55,44584;0;3
2017-05-04 11:00:00Z;60,01269;0;3
2017-05-05 11:00:00Z;64,33485;0;3
2017-05-06 11:00:00Z;119,2524;0;3
2017-05-07 11:00:00Z;138,7304;0;3
2017-05-08 11:00:00Z;108,9275;0;3
2017-05-09 11:00:00Z;93,81682;0;3
2017-05-10 11:00:00Z;84,54892;0;3
2017-05-11 11:00:00Z;78,41362;0;3
2017-05-12 11:00:00Z;76,47229;0;3
2017-05-13 11:00:00Z;80,54498;0;3
2017-05-14 11:00:00Z;89,43239;0;3
2017-05-15 11:00:00Z;94,71823;0;3
2017-05-16 11:00:00Z;102,7326;0;3
2017-05-17 11:00:00Z;175,5728;0;3
2017-05-18 11:00:00Z;237,9274;0;3
2017-05-19 11:00:00Z;314,1508;0;3
2017-05-20 11:00:00Z;381,6095;0;3
2017-05-21 11:00:00Z;393,7283;0;3
2017-05-22 11:00:00Z;429,7903;0;3
2017-05-23 11:00:00Z;417,8111;0;3
2017-05-24 11:00:00Z;410,4559;0;3
2017-05-25 11:00:00Z;428,6048;0;3
2017-05-26 11:00:00Z;474,398;0;3
2017-05-27 11:00:00Z;477,9476;0;3
2017-05-28 11:00:00Z;727,8091;0;3
2017-05-29 11:00:00Z;742,4007;0;3
2017-05-30 11:00:00Z;596,3049;0;3
2017-05-31 11:00:00Z;497,2707;0;3
2017-06-01 11:00:00Z;398,1032;0;3
2017-06-02 11:00:00Z;336,7725;0;3
2017-06-03 11:00:00Z;312,9975;0;3
2017-06-04 11:00:00Z;332,8777;0;3
2017-06-05 11:00:00Z;392,0646;0;3
2017-06-06 11:00:00Z;450,0351;0;3
2017-06-07 11:00:00Z;672,606;0;3
2017-06-08 11:00:00Z;1030,328;0;3
2017-06-09 11:00:00Z;1041,588;0;3
2017-06-10 11:00:00Z;925,1562;0;3
2017-06-11 11:00:00Z;888,8754;0;3
2017-06-12 11:00:00Z;844,3289;0;3
2017-06-13 11:00:00Z;792,9534;0;3
2017-06-14 11:00:00Z;690,6227;0;3
2017-06-15 11:00:00Z;598,5381;0;3
2017-06-16 11:00:00Z;548,8303;0;3
2017-06-17 11:00:00Z;589,0684;0;3
2017-06-18 11:00:00Z;625,9871;0;3
2017-06-19 11:00:00Z;695,9567;0;3
2017-06-20 11:00:00Z;696,772;0;3
2017-06-21 11:00:00Z;571,4443;0;3
2017-06-22 11:00:00Z;478,5252;0;3
2017-06-23 11:00:00Z;371,5787;0;3
2017-06-24 11:00:00Z;412,2831;0;3
2017-06-25 11:00:00Z;484,8619;0;3
2017-06-26 11:00:00Z;462,732;0;3
2017-06-27 11:00:00Z;450,0193;0;3
2017-06-28 11:00:00Z;375,8394;0;3
2017-06-29 11:00:00Z;286,0744;0;3
2017-06-30 11:00:00Z;255,3491;0;3
2017-07-01 11:00:00Z;293,1902;0;3
2017-07-02 11:00:00Z;319,3802;0;3
2017-07-03 11:00:00Z;339,6221;0;3
2017-07-04 11:00:00Z;329,3652;0;3
2017-07-05 11:00:00Z;275,9886;0;3
2017-07-06 11:00:00Z;229,0335;0;3
2017-07-07 11:00:00Z;196,6243;0;3
2017-07-08 11:00:00Z;192,3173;0;3
2017-07-09 11:00:00Z;224,0518;0;3
2017-07-10 11:00:00Z;266,7251;0;3
2017-07-11 11:00:00Z;243,2527;0;3
2017-07-12 11:00:00Z;271,3665;0;3
2017-07-13 11:00:00Z;489,049;0;3
2017-07-14 11:00:00Z;513,9172;0;3
2017-07-15 11:00:00Z;447,6504;0;3
2017-07-16 11:00:00Z;361,4114;0;3
2017-07-17 11:00:00Z;322,4313;0;3
2017-07-18 11:00:00Z;256,5742;0;3
2017-07-19 11:00:00Z;237,568;0;3
2017-07-20 11:00:00Z;214,7171;0;3
2017-07-21 11:00:00Z;182,6543;0;3
2017-07-22 11:00:00Z;180,2276;0;3
2017-07-23 11:00:00Z;169,209;0;3
2017-07-24 11:00:00Z;162,1612;0;3
2017-07-25 11:00:00Z;160,4017;0;3
2017-07-26 11:00:00Z;151,7968;0;3
2017-07-27 11:00:00Z;153,7637;0;3
2017-07-28 11:00:00Z;171,3202;0;3
2017-07-29 11:00:00Z;182,7254;0;3
2017-07-30 11:00:00Z;253,5436;0;3
2017-07-31 11:00:00Z;173,3665;0;3
2017-08-01 11:00:00Z;159,0297;0;3
2017-08-02 11:00:00Z;158,6446;0;3
2017-08-03 11:00:00Z;153,2318;0;3
2017-08-04 11:00:00Z;127,6677;0;3
2017-08-05 11:00:00Z;122,7749;0;3
2017-08-06 11:00:00Z;114,4371;0;3
2017-08-07 11:00:00Z;105,798;0;3
2017-08-08 11:00:00Z;103,7989;0;3
2017-08-09 11:00:00Z;114,4169;0;3
2017-08-10 11:00:00Z;121,1438;0;3
2017-08-11 11:00:00Z;204,2825;0;3
2017-08-12 11:00:00Z;244,0202;0;3
2017-08-13 11:00:00Z;196,5778;0;3
2017-08-14 11:00:00Z;358,8063;0;3
2017-08-15 11:00:00Z;285,6772;0;3
2017-08-16 11:00:00Z;201,7584;0;3
2017-08-17 11:00:00Z;237,3499;0;3
2017-08-18 11:00:00Z;171,7953;0;3
2017-08-19 11:00:00Z;145,2544;0;3
2017-08-20 11:00:00Z;199,6502;0;3
2017-08-21 11:00:00Z;217,7523;0;3
2017-08-22 11:00:00Z;152,2962;0;3
2017-08-23 11:00:00Z;120,4313;0;3
2017-08-24 11:00:00Z;109,1091;0;3
2017-08-25 11:00:00Z;105,0056;0;3
2017-08-26 11:00:00Z;97,34768;0;3
2017-08-27 11:00:00Z;89,63446;0;3
2017-08-28 11:00:00Z;81,83725;0;3
2017-08-29 11:00:00Z;102,0137;0;3
2017-08-30 11:00:00Z;210,6955;0;3
2017-08-31 11:00:00Z;384,2175;0;3
2017-09-01 11:00:00Z;202,6281;0;3
2017-09-02 11:00:00Z;157,4583;0;3
2017-09-03 11:00:00Z;132,589;0;3
2017-09-04 11:00:00Z;111,4414;0;3
2017-09-05 11:00:00Z;99,31491;0;3
2017-09-06 11:00:00Z;94,13393;0;3
2017-09-07 11:00:00Z;87,72843;0;3
2017-09-08 11:00:00Z;79,06602;0;3
2017-09-09 11:00:00Z;73,09638;0;3
2017-09-10 11:00:00Z;74,7748;0;3
2017-09-11 11:00:00Z;119,3247;0;3
2017-09-12 11:00:00Z;109,0714;0;3
2017-09-13 11:00:00Z;105,466;0;3
2017-09-14 11:00:00Z;99,6774;0;3
2017-09-15 11:00:00Z;91,21523;0;3
2017-09-16 11:00:00Z;86,46536;0;3
2017-09-17 11:00:00Z;79,96385;0;3
2017-09-18 11:00:00Z;76,13136;0;3
2017-09-19 11:00:00Z;74,96735;0;3
2017-09-20 11:00:00Z;70,12727;0;3
2017-09-21 11:00:00Z;65,46134;0;3
2017-09-22 11:00:00Z;62,37029;0;3
2017-09-23 11:00:00Z;60,21009;0;3
2017-09-24 11:00:00Z;59,54414;0;3
2017-09-25 11:00:00Z;59,73021;0;3
2017-09-26 11:00:00Z;58,72899;0;3
2017-09-27 11:00:00Z;56,54043;0;3
2017-09-28 11:00:00Z;54,60321;0;3
2017-09-29 11:00:00Z;53,23861;0;3
2017-09-30 11:00:00Z;51,92595;0;3
2017-10-01 11:00:00Z;50,83957;0;3
2017-10-02 11:00:00Z;50,06702;0;3
2017-10-03 11:00:00Z;51,56845;0;3
2017-10-04 11:00:00Z;58,206;0;3
2017-10-05 11:00:00Z;68,11946;0;3
2017-10-06 11:00:00Z;70,31313;0;3
2017-10-07 11:00:00Z;70,63486;0;3
2017-10-08 11:00:00Z;65,53117;0;3
2017-10-09 11:00:00Z;61,49004;0;3
2017-10-10 11:00:00Z;58,32792;0;3
2017-10-11 11:00:00Z;55,99059;0;3
2017-10-12 11:00:00Z;55,95916;0;3
2017-10-13 11:00:00Z;60,93027;0;3
2017-10-14 11:00:00Z;80,10084;0;3
2017-10-15 11:00:00Z;228,0901;0;3
2017-10-16 11:00:00Z;318,399;0;3
2017-10-17 11:00:00Z;292,7078;0;3
2017-10-18 11:00:00Z;239,8671;0;3
2017-10-19 11:00:00Z;194,2929;0;3
2017-10-20 11:00:00Z;132,902;0;3
2017-10-21 11:00:00Z;106,765;0;3
2017-10-22 11:00:00Z;92,92749;0;3
2017-10-23 11:00:00Z;83,42338;0;3
2017-10-24 11:00:00Z;76,33811;0;3
2017-10-25 11:00:00Z;72,90675;0;3
2017-10-26 11:00:00Z;68,93993;0;3
2017-10-27 11:00:00Z;83,19394;0;3
2017-10-28 11:00:00Z;144,9127;0;3
2017-10-29 11:00:00Z;99,40131;0;3
2017-10-30 11:00:00Z;83,54099;0;3
2017-10-31 11:00:00Z;75,90205;0;3
2017-11-01 11:00:00Z;75,65352;0;3
2017-11-02 11:00:00Z;108,5193;0;3
2017-11-03 11:00:00Z;148,4552;0;3
2017-11-04 11:00:00Z;282,9683;0;3
2017-11-05 11:00:00Z;176,8125;0;3
2017-11-06 11:00:00Z;131,4027;0;3
2017-11-07 11:00:00Z;111,2573;0;3
2017-11-08 11:00:00Z;96,88567;0;3
2017-11-09 11:00:00Z;97,17715;0;3
2017-11-10 11:00:00Z;109,7437;0;3
2017-11-11 11:00:00Z;91,52906;0;3
2017-11-12 11:00:00Z;76,8914;0;3
2017-11-13 11:00:00Z;73,42632;0;3
2017-11-14 11:00:00Z;72,21471;0;3
2017-11-15 11:00:00Z;65,38784;0;3
2017-11-16 11:00:00Z;73,52402;0;3
2017-11-17 11:00:00Z;70,31371;0;3
2017-11-18 11:00:00Z;66,17262;0;3
2017-11-19 11:00:00Z;62,64774;0;3
2017-11-20 11:00:00Z;59,33466;0;3
2017-11-21 11:00:00Z;59,88653;1;3
2017-11-22 11:00:00Z;58,33384;1;3
2017-11-23 11:00:00Z;53,68306;1;3
2017-11-24 11:00:00Z;53,68306;1;3
2017-11-25 11:00:00Z;47,47959;1;3
2017-11-26 11:00:00Z;50,65219;0;3
2017-11-27 11:00:00Z;50,11323;0;3
2017-11-28 11:00:00Z;49,02863;1;3
2017-11-29 11:00:00Z;49,03125;0;3
2017-11-30 11:00:00Z;45,78503;0;3
2017-12-01 11:00:00Z;43,83868;0;3
2017-12-02 11:00:00Z;49,49263;0;3
2017-12-03 11:00:00Z;63,65195;0;3
2017-12-04 11:00:00Z;60,56465;0;3
2017-12-05 11:00:00Z;55,81504;0;3
2017-12-06 11:00:00Z;53,31804;0;3
2017-12-07 11:00:00Z;50,77311;0;3
2017-12-08 11:00:00Z;50,40819;0;3
2017-12-09 11:00:00Z;49,3492;0;3
2017-12-10 11:00:00Z;47,00962;0;3
2017-12-11 11:00:00Z;45,54345;0;3
2017-12-12 11:00:00Z;42,89119;0;3
2017-12-13 11:00:00Z;40,41201;0;3
2017-12-14 11:00:00Z;40,05861;0;3
2017-12-15 11:00:00Z;41,7391;0;3
2017-12-16 11:00:00Z;41,80988;0;3
2017-12-17 11:00:00Z;43,85978;0;3
2017-12-18 11:00:00Z;45,00568;0;3
2017-12-19 11:00:00Z;46,35308;0;3
2017-12-20 11:00:00Z;76,98887;0;3
2017-12-21 11:00:00Z;107,5214;0;3
2017-12-22 11:00:00Z;86,07197;0;3
2017-12-23 11:00:00Z;76,59;0;3
2017-12-24 11:00:00Z;73,75473;0;3
2017-12-25 11:00:00Z;66,79491;0;3
2017-12-26 11:00:00Z;61,48525;0;3
2017-12-27 11:00:00Z;56,28232;0;3
2017-12-28 11:00:00Z;54,87053;0;3
2017-12-29 11:00:00Z;54,06101;0;3
2017-12-30 11:00:00Z;53,08033;0;3
2017-12-31 11:00:00Z;49,48154;0;3
2018-01-01 11:00:00Z;47,6764;0;3
2018-01-02 11:00:00Z;46,64296;1;3
2018-01-03 11:00:00Z;45,20352;1;3
2018-01-04 11:00:00Z;43,58871;1;3
2018-01-05 11:00:00Z;46,60884;0;3
2018-01-06 11:00:00Z;44,93207;0;3
2018-01-07 11:00:00Z;44,81279;0;3
2018-01-08 11:00:00Z;45,799;0;3
2018-01-09 11:00:00Z;49,46983;0;3
2018-01-10 11:00:00Z;51,57411;0;3
2018-01-11 11:00:00Z;47,74742;0;3
2018-01-12 11:00:00Z;48,16597;0;3
2018-01-13 11:00:00Z;47,36104;0;3
2018-01-14 11:00:00Z;43,4409;0;3
2018-01-15 11:00:00Z;43,22841;0;3
2018-01-16 11:00:00Z;44,63002;0;3
2018-01-17 11:00:00Z;42,69276;0;3
2018-01-18 11:00:00Z;40,27126;0;3
2018-01-19 11:00:00Z;38,82536;0;3
2018-01-20 11:00:00Z;38,48315;0;3
2018-01-21 11:00:00Z;38,58029;0;3
2018-01-22 11:00:00Z;39,95052;0;3
2018-01-23 11:00:00Z;38,82054;0;3
2018-01-24 11:00:00Z;38,56824;0;3
2018-01-25 11:00:00Z;40,12572;0;3
2018-01-26 11:00:00Z;40,37651;0;3
2018-01-27 11:00:00Z;40,3096;0;3
2018-01-28 11:00:00Z;39,55566;0;3
2018-01-29 11:00:00Z;39,71459;0;3
2018-01-30 11:00:00Z;39,20584;0;3
2018-01-31 11:00:00Z;38,70651;0;3
2018-02-01 11:00:00Z;38,19664;0;3
2018-02-02 11:00:00Z;36,25133;0;3
2018-02-03 11:00:00Z;34,41935;0;3
2018-02-04 11:00:00Z;35,52774;0;3
2018-02-05 11:00:00Z;35,83352;0;3
2018-02-06 11:00:00Z;36,36941;0;3
2018-02-07 11:00:00Z;36,19131;0;3
2018-02-08 11:00:00Z;35,46776;0;3
2018-02-09 11:00:00Z;35,9546;0;3
2018-02-10 11:00:00Z;35,98039;0;3
2018-02-11 11:00:00Z;35,94144;0;3
2018-02-12 11:00:00Z;35,59516;0;3
2018-02-13 11:00:00Z;35,20275;0;3
2018-02-14 11:00:00Z;34,81527;0;3
2018-02-15 11:00:00Z;34,95644;0;3
2018-02-16 11:00:00Z;34,69789;0;3
2018-02-17 11:00:00Z;33,93013;0;3
2018-02-18 11:00:00Z;33,45057;0;3
2018-02-19 11:00:00Z;33,48182;0;3
2018-02-20 11:00:00Z;33,52539;0;3
2018-02-21 11:00:00Z;33,14031;0;3
2018-02-22 11:00:00Z;33,35465;0;3
2018-02-23 11:00:00Z;33,859;0;3
2018-02-24 11:00:00Z;35,34794;0;3
2018-02-25 11:00:00Z;35,87033;0;3
2018-02-26 11:00:00Z;35,44426;0;3
2018-02-27 11:00:00Z;35,31144;0;3
2018-02-28 11:00:00Z;35,15667;3;3
2018-03-01 11:00:00Z;33,41034;3;3
2018-03-02 11:00:00Z;32,74177;3;3
2018-03-03 11:00:00Z;31,77727;3;3
2018-03-04 11:00:00Z;31,20369;3;3
2018-03-05 11:00:00Z;31,21465;3;3
2018-03-06 11:00:00Z;30,60088;3;3
2018-03-07 11:00:00Z;30,38533;3;3
2018-03-08 11:00:00Z;30,13689;3;3
2018-03-09 11:00:00Z;30,08575;3;3
2018-03-10 11:00:00Z;30,22458;3;3
2018-03-11 11:00:00Z;29,52678;3;3
2018-03-12 11:00:00Z;29,27104;3;3
2018-03-13 11:00:00Z;29,13221;3;3
2018-03-14 11:00:00Z;28,93493;3;3
2018-03-15 11:00:00Z;28,50383;3;3
2018-03-16 11:00:00Z;28,01427;3;3
2018-03-17 11:00:00Z;28,17867;3;3
2018-03-18 11:00:00Z;30,33053;3;3
2018-03-19 11:00:00Z;31,33887;3;3
2018-03-20 11:00:00Z;32,08051;3;3
2018-03-21 11:00:00Z;33,05962;3;3
2018-03-22 11:00:00Z;33,14364;3;3
2018-03-23 11:00:00Z;32,82215;3;3
2018-03-24 11:00:00Z;33,38477;3;3
2018-03-25 11:00:00Z;34,5977;3;3
2018-03-26 11:00:00Z;34,94112;3;3
2018-03-27 11:00:00Z;34,59404;3;3
2018-03-28 11:00:00Z;36,49016;3;3
2018-03-29 11:00:00Z;37,6081;3;3
2018-03-30 11:00:00Z;37,20988;3;3
2018-03-31 11:00:00Z;37,35601;3;3
2018-04-01 11:00:00Z;36,54861;3;3
2018-04-02 11:00:00Z;36,39152;3;3
2018-04-03 11:00:00Z;35,81428;3;3
2018-04-04 11:00:00Z;35,63794;0;3
2018-04-05 11:00:00Z;35,38681;0;3
2018-04-06 11:00:00Z;35,21477;0;3
2018-04-07 11:00:00Z;35,06189;0;3
2018-04-08 11:00:00Z;35,06519;0;3
2018-04-09 11:00:00Z;34,85627;0;3
2018-04-10 11:00:00Z;34,89548;0;3
2018-04-11 11:00:00Z;34,46564;0;3
2018-04-12 11:00:00Z;34,35614;0;3
2018-04-13 11:00:00Z;34,01903;0;3
2018-04-14 11:00:00Z;34,08252;0;3
2018-04-15 11:00:00Z;34,82991;0;3
2018-04-16 11:00:00Z;36,12059;0;3
2018-04-17 11:00:00Z;37,90162;0;3
2018-04-18 11:00:00Z;40,49678;0;3
2018-04-19 11:00:00Z;46,95758;0;3
2018-04-20 11:00:00Z;78,41733;0;3
2018-04-21 11:00:00Z;172,7886;0;3
2018-04-22 11:00:00Z;275,7283;0;3
2018-04-23 11:00:00Z;211,5944;0;3
2018-04-24 11:00:00Z;180,6402;0;3
2018-04-25 11:00:00Z;207,3841;0;3
2018-04-26 11:00:00Z;203,4696;0;3
2018-04-27 11:00:00Z;161,8834;0;3
2018-04-28 11:00:00Z;168,9196;0;3
2018-04-29 11:00:00Z;161,0432;0;3
2018-04-30 11:00:00Z;145,2398;0;3
2018-05-01 11:00:00Z;121,0416;0;3
2018-05-02 11:00:00Z;121,5527;0;3
2018-05-03 11:00:00Z;155,6279;0;3
2018-05-04 11:00:00Z;196,9381;0;3
2018-05-05 11:00:00Z;236,4843;0;3
2018-05-06 11:00:00Z;479,5379;0;3
2018-05-07 11:00:00Z;508,0823;0;3
2018-05-08 11:00:00Z;436,5048;0;3
2018-05-09 11:00:00Z;471,7189;0;3
2018-05-10 11:00:00Z;680,543;0;3
2018-05-11 11:00:00Z;784,0369;0;3
2018-05-12 11:00:00Z;717,4755;0;3
2018-05-13 11:00:00Z;701,5701;0;3
2018-05-14 11:00:00Z;801,7941;0;3
2018-05-15 11:00:00Z;831,9149;0;3
2018-05-16 11:00:00Z;769,3951;0;3
2018-05-17 11:00:00Z;628,85;0;3
2018-05-18 11:00:00Z;478,8473;0;3
2018-05-19 11:00:00Z;390,3782;0;3
2018-05-20 11:00:00Z;401,5492;0;3
2018-05-21 11:00:00Z;495,5708;0;3
2018-05-22 11:00:00Z;474,7781;0;3
2018-05-23 11:00:00Z;376,6597;0;3
2018-05-24 11:00:00Z;294,0376;0;3
2018-05-25 11:00:00Z;283,1934;0;3
2018-05-26 11:00:00Z;322,2411;0;3
2018-05-27 11:00:00Z;270,436;0;3
2018-05-28 11:00:00Z;263,0327;0;3
2018-05-29 11:00:00Z;342,8806;0;3
2018-05-30 11:00:00Z;333,4104;0;3
2018-05-31 11:00:00Z;282,582;0;3
2018-06-01 11:00:00Z;323,016;0;3
2018-06-02 11:00:00Z;290,17;0;3
2018-06-03 11:00:00Z;222,1721;0;3
2018-06-04 11:00:00Z;205,579;0;3
2018-06-05 11:00:00Z;165,7498;0;3
2018-06-06 11:00:00Z;134,5368;0;3
2018-06-07 11:00:00Z;128,5278;0;3
2018-06-08 11:00:00Z;122,1014;0;3
2018-06-09 11:00:00Z;109,8718;0;3
2018-06-10 11:00:00Z;117,5369;0;3
2018-06-11 11:00:00Z;125,0596;0;3
2018-06-12 11:00:00Z;123,5988;0;3
2018-06-13 11:00:00Z;112,049;0;3
2018-06-14 11:00:00Z;103,8985;0;3
2018-06-15 11:00:00Z;189,1641;0;3
2018-06-16 11:00:00Z;231,7953;0;3
2018-06-17 11:00:00Z;181,6252;0;3
2018-06-18 11:00:00Z;169,9268;0;3
2018-06-19 11:00:00Z;227,9438;0;3
2018-06-20 11:00:00Z;421,5196;0;3
2018-06-21 11:00:00Z;335,5909;0;3
2018-06-22 11:00:00Z;221,8065;0;3
2018-06-23 11:00:00Z;193,5912;0;3
2018-06-24 11:00:00Z;172,272;0;3
2018-06-25 11:00:00Z;153,2341;0;3
2018-06-26 11:00:00Z;163,625;0;3
2018-06-27 11:00:00Z;148,3702;0;3
2018-06-28 11:00:00Z;163,4427;0;3
2018-06-29 11:00:00Z;190,655;0;3
2018-06-30 11:00:00Z;143,5148;0;3
2018-07-01 11:00:00Z;117,3152;0;3
2018-07-02 11:00:00Z;117,4312;1;3
2018-07-03 11:00:00Z;126,2469;1;3
2018-07-04 11:00:00Z;115,2319;1;3
2018-07-05 11:00:00Z;102,4158;1;3
2018-07-06 11:00:00Z;98,29108;1;3
2018-07-07 11:00:00Z;94,23579;1;3
2018-07-08 11:00:00Z;82,80797;1;3
2018-07-09 11:00:00Z;83,61902;1;3
2018-07-10 11:00:00Z;80,31634;1;3
2018-07-11 11:00:00Z;85,92065;1;3
2018-07-12 11:00:00Z;89,84441;1;3
2018-07-13 11:00:00Z;104,5055;1;3
2018-07-14 11:00:00Z;87,65967;1;3
2018-07-15 11:00:00Z;81,81059;1;3
2018-07-16 11:00:00Z;87,75467;1;3
2018-07-17 11:00:00Z;92,78539;1;3
2018-07-18 11:00:00Z;76,44524;0;3
2018-07-19 11:00:00Z;84,82969;0;3
2018-07-20 11:00:00Z;76,35265;0;3
2018-07-21 11:00:00Z;71,60186;0;3
2018-07-22 11:00:00Z;84,89738;0;3
2018-07-23 11:00:00Z;70,34232;0;3
2018-07-24 11:00:00Z;71,12918;0;3
2018-07-25 11:00:00Z;129,7064;0;3
2018-07-26 11:00:00Z;128,8121;0;3
2018-07-27 11:00:00Z;88,60619;0;3
2018-07-28 11:00:00Z;82,21969;0;3
2018-07-29 11:00:00Z;85,77767;0;3
2018-07-30 11:00:00Z;99,69508;0;3
2018-07-31 11:00:00Z;89,97083;0;3
2018-08-01 11:00:00Z;83,27492;0;3
2018-08-02 11:00:00Z;77,43103;0;3
2018-08-03 11:00:00Z;116,8705;0;3
2018-08-04 11:00:00Z;96,27235;0;3
2018-08-05 11:00:00Z;79,98912;0;3
2018-08-06 11:00:00Z;75,16552;0;3
2018-08-07 11:00:00Z;69,69054;0;3
2018-08-08 11:00:00Z;63,7317;0;3
2018-08-09 11:00:00Z;120,4331;0;3
2018-08-10 11:00:00Z;115,0168;0;3
2018-08-11 11:00:00Z;269,3682;0;3
2018-08-12 11:00:00Z;287,9033;0;3
2018-08-13 11:00:00Z;208,6842;0;3
2018-08-14 11:00:00Z;141,8712;0;3
2018-08-15 11:00:00Z;109,8646;0;3
2018-08-16 11:00:00Z;103,4467;0;3
2018-08-17 11:00:00Z;232,7352;0;3
2018-08-18 11:00:00Z;192,0446;0;3
2018-08-19 11:00:00Z;390,4675;0;3
2018-08-20 11:00:00Z;414,9135;0;3
2018-08-21 11:00:00Z;269,6835;0;3
2018-08-22 11:00:00Z;202,0676;0;3
2018-08-23 11:00:00Z;225,6965;0;3
2018-08-24 11:00:00Z;202,7878;0;3
2018-08-25 11:00:00Z;208,013;0;3
2018-08-26 11:00:00Z;177,8121;0;3
2018-08-27 11:00:00Z;139,0745;0;3
2018-08-28 11:00:00Z;127,8031;0;3
2018-08-29 11:00:00Z;116,3555;0;3
2018-08-30 11:00:00Z;114,9321;0;3
2018-08-31 11:00:00Z;121,5097;0;3
2018-09-01 11:00:00Z;105,092;0;3
2018-09-02 11:00:00Z;92,42156;0;3
2018-09-03 11:00:00Z;86,42688;0;3
2018-09-04 11:00:00Z;84,94949;0;3
2018-09-05 11:00:00Z;77,75268;0;3
2018-09-06 11:00:00Z;73,00722;0;3
2018-09-07 11:00:00Z;69,35707;0;3
2018-09-08 11:00:00Z;65,45557;0;3
2018-09-09 11:00:00Z;63,45593;0;3
2018-09-10 11:00:00Z;64,25951;0;3
2018-09-11 11:00:00Z;68,32992;0;3
2018-09-12 11:00:00Z;67,63393;0;3
2018-09-13 11:00:00Z;113,1787;0;3
2018-09-14 11:00:00Z;133,0768;0;3
2018-09-15 11:00:00Z;128,8121;0;3
2018-09-16 11:00:00Z;204,9471;0;3
2018-09-17 11:00:00Z;188,0526;0;3
2018-09-18 11:00:00Z;174,7607;0;3
2018-09-19 11:00:00Z;158,6686;0;3
2018-09-20 11:00:00Z;291,5872;0;3
2018-09-21 11:00:00Z;470,5106;0;3
2018-09-22 11:00:00Z;367,5653;0;3
2018-09-23 11:00:00Z;654,7444;0;3
2018-09-24 11:00:00Z;475,9417;0;3
2018-09-25 11:00:00Z;462,0164;0;3
2018-09-26 11:00:00Z;949,5842;0;3
2018-09-27 11:00:00Z;598,9528;0;3
2018-09-28 11:00:00Z;357,3593;0;3
2018-09-29 11:00:00Z;320,4826;0;3
2018-09-30 11:00:00Z;517,0983;0;3
2018-10-01 11:00:00Z;448,7109;0;3
2018-10-02 11:00:00Z;294,2966;0;3
2018-10-03 11:00:00Z;203,8489;0;3
2018-10-04 11:00:00Z;162,8579;0;3
2018-10-05 11:00:00Z;203,7281;0;3
2018-10-06 11:00:00Z;392,6003;0;3
2018-10-07 11:00:00Z;222,536;0;3
2018-10-08 11:00:00Z;179,8706;0;3
2018-10-09 11:00:00Z;275,4274;0;3
2018-10-10 11:00:00Z;327,7589;0;3
2018-10-11 11:00:00Z;301,747;0;3
2018-10-12 11:00:00Z;276,9143;0;3
2018-10-13 11:00:00Z;280,2791;0;3
2018-10-14 11:00:00Z;527,7903;0;3
2018-10-15 11:00:00Z;600,239;0;3
2018-10-16 11:00:00Z;359,1401;0;3
2018-10-17 11:00:00Z;240,7166;0;3
2018-10-18 11:00:00Z;273,084;0;3
2018-10-19 11:00:00Z;310,0052;0;3
2018-10-20 11:00:00Z;223,9139;0;3
2018-10-21 11:00:00Z;289,8871;0;3
2018-10-22 11:00:00Z;307,8606;0;3
2018-10-23 11:00:00Z;228,6989;0;3
2018-10-24 11:00:00Z;204,5568;0;3
2018-10-25 11:00:00Z;215,7611;0;3
2018-10-26 11:00:00Z;156,4314;0;3
2018-10-27 11:00:00Z;126,0844;0;3
2018-10-28 11:00:00Z;107,4117;0;3
2018-10-29 11:00:00Z;95,13905;0;3
2018-10-30 11:00:00Z;87,74055;0;3
2018-10-31 11:00:00Z;85,25004;0;3
2018-11-01 11:00:00Z;107,2626;0;3
2018-11-02 11:00:00Z;103,8905;0;3
2018-11-03 11:00:00Z;130,9788;0;3
2018-11-04 11:00:00Z;111,3426;0;3
2018-11-05 11:00:00Z;114,1795;0;3
2018-11-06 11:00:00Z;105,2204;0;3
2018-11-07 11:00:00Z;91,68877;0;3
2018-11-08 11:00:00Z;83,12382;0;3
2018-11-09 11:00:00Z;83,19927;0;3
2018-11-10 11:00:00Z;92,44608;0;3
2018-11-11 11:00:00Z;122,1163;0;3
2018-11-12 11:00:00Z;182,3163;0;3
2018-11-13 11:00:00Z;199,4108;0;3
2018-11-14 11:00:00Z;166,697;0;3
2018-11-15 11:00:00Z;188,8994;0;3
2018-11-16 11:00:00Z;317,831;0;3
2018-11-17 11:00:00Z;269,3182;0;3
2018-11-18 11:00:00Z;184,4384;0;3
2018-11-19 11:00:00Z;130,767;0;3
2018-11-20 11:00:00Z;106,8605;0;3
2018-11-21 11:00:00Z;92,82423;0;3
2018-11-22 11:00:00Z;75,68869;0;3
2018-11-23 11:00:00Z;74,16505;0;3
2018-11-24 11:00:00Z;70,55454;0;3
2018-11-25 11:00:00Z;66,51295;0;3
2018-11-26 11:00:00Z;63,03839;0;3
2018-11-27 11:00:00Z;57,43283;0;3
2018-11-28 11:00:00Z;62,82354;0;3
2018-11-29 11:00:00Z;66,77368;0;3
2018-11-30 11:00:00Z;58,14289;0;3
2018-12-01 11:00:00Z;54,03876;0;3
2018-12-02 11:00:00Z;51,29037;0;3
2018-12-03 11:00:00Z;49,29681;0;3
2018-12-04 11:00:00Z;48,60255;0;3
2018-12-05 11:00:00Z;48,13367;0;3
2018-12-06 11:00:00Z;47,66955;0;3
2018-12-07 11:00:00Z;46,7034;0;3
2018-12-08 11:00:00Z;46,62667;0;3
2018-12-09 11:00:00Z;48,20047;0;3
2018-12-10 11:00:00Z;43,67598;0;3
2018-12-11 11:00:00Z;43,92133;0;3
2018-12-12 11:00:00Z;40,39289;0;3
2018-12-13 11:00:00Z;34,03185;0;3
2018-12-14 11:00:00Z;34,02377;0;3
2018-12-15 11:00:00Z;34,67948;0;3
2018-12-16 11:00:00Z;36,37793;0;3
2018-12-17 11:00:00Z;40,2579;0;3
2018-12-18 11:00:00Z;39,67883;0;3
2018-12-19 11:00:00Z;38,92777;0;3
2018-12-20 11:00:00Z;42,03318;0;3
2018-12-21 11:00:00Z;41,66815;0;3
2018-12-22 11:00:00Z;37,437;0;3
2018-12-23 11:00:00Z;35,0231;0;3
2018-12-24 11:00:00Z;36,23693;0;3
2018-12-25 11:00:00Z;40,56845;0;3
2018-12-26 11:00:00Z;43,3126;0;3
2018-12-27 11:00:00Z;45,99236;0;3
2018-12-28 11:00:00Z;56,5053;0;3
2018-12-29 11:00:00Z;70,61195;0;3
2018-12-30 11:00:00Z;64,63165;0;3
2018-12-31 11:00:00Z;57,33773;0;3
2019-01-01 11:00:00Z;136,3743;0;3
2019-01-02 11:00:00Z;101,0839;0;3
2019-01-03 11:00:00Z;80,77083;0;3
2019-01-04 11:00:00Z;136,8454;0;3
2019-01-05 11:00:00Z;138,4943;0;3
2019-01-06 11:00:00Z;101,2134;0;3
2019-01-07 11:00:00Z;109,2818;0;3
2019-01-08 11:00:00Z;88,13984;0;3
2019-01-09 11:00:00Z;75,04709;0;3
2019-01-10 11:00:00Z;69,51091;0;3
2019-01-11 11:00:00Z;80,87656;0;3
2019-01-12 11:00:00Z;74,05811;0;3
2019-01-13 11:00:00Z;67,4204;0;3
2019-01-14 11:00:00Z;59,41658;0;3
2019-01-15 11:00:00Z;57,64199;0;3
2019-01-16 11:00:00Z;59,54087;0;3
2019-01-17 11:00:00Z;57,89316;0;3
2019-01-18 11:00:00Z;59,48666;0;3
2019-01-19 11:00:00Z;59,22796;0;3
2019-01-20 11:00:00Z;56,78804;0;3
2019-01-21 11:00:00Z;56,02472;0;3
2019-01-22 11:00:00Z;54,35708;0;3
2019-01-23 11:00:00Z;56,62241;0;3
2019-01-24 11:00:00Z;57,28431;0;3
2019-01-25 11:00:00Z;56,08112;0;3
2019-01-26 11:00:00Z;52,19101;0;3
2019-01-27 11:00:00Z;51,18262;0;3
2019-01-28 11:00:00Z;49,05728;0;3
2019-01-29 11:00:00Z;49,60857;0;3
2019-01-30 11:00:00Z;47,6131;0;3
2019-01-31 11:00:00Z;45,09102;0;3
2019-02-01 11:00:00Z;44,03072;0;3
2019-02-02 11:00:00Z;44,13682;0;3
2019-02-03 11:00:00Z;43,20805;0;3
2019-02-04 11:00:00Z;41,94099;0;3
2019-02-05 11:00:00Z;40,48254;0;3
2019-02-06 11:00:00Z;39,90371;0;3
2019-02-07 11:00:00Z;40,10254;0;3
2019-02-08 11:00:00Z;39,61683;0;3
2019-02-09 11:00:00Z;38,84221;0;3
2019-02-10 11:00:00Z;38,17211;0;3
2019-02-11 11:00:00Z;38,09779;0;3
2019-02-12 11:00:00Z;38,27236;0;3
2019-02-13 11:00:00Z;39,68459;0;3
2019-02-14 11:00:00Z;122,2543;0;3
2019-02-15 11:00:00Z;306,9296;0;3
2019-02-16 11:00:00Z;204,5118;0;3
2019-02-17 11:00:00Z;138,2581;0;3
2019-02-18 11:00:00Z;102,5221;0;3
2019-02-19 11:00:00Z;101,0817;0;3
2019-02-20 11:00:00Z;87,06033;0;3
2019-02-21 11:00:00Z;69,33611;0;3
2019-02-22 11:00:00Z;67,95658;0;3
2019-02-23 11:00:00Z;164,1936;0;3
2019-02-24 11:00:00Z;312,5622;0;3
2019-02-25 11:00:00Z;325,895;0;3
2019-02-26 11:00:00Z;297,5184;0;3
2019-02-27 11:00:00Z;335,291;0;3
2019-02-28 11:00:00Z;278,3336;0;3
2019-03-01 11:00:00Z;154,3029;0;3
2019-03-02 11:00:00Z;121,7818;0;3
2019-03-03 11:00:00Z;97,23795;0;3
2019-03-04 11:00:00Z;83,87798;0;3
2019-03-05 11:00:00Z;74,97936;0;3
2019-03-06 11:00:00Z;78,31163;0;3
2019-03-07 11:00:00Z;73,85725;0;3
2019-03-08 11:00:00Z;68,39405;0;3
2019-03-09 11:00:00Z;63,12327;0;3
2019-03-10 11:00:00Z;63,29851;0;3
2019-03-11 11:00:00Z;59,4278;0;3
2019-03-12 11:00:00Z;56,52354;0;3
2019-03-13 11:00:00Z;55,70992;0;3
2019-03-14 11:00:00Z;50,95749;0;3
2019-03-15 11:00:00Z;51,08607;0;3
2019-03-16 11:00:00Z;49,03538;0;3
2019-03-17 11:00:00Z;49,97416;0;3
2019-03-18 11:00:00Z;46,46188;0;3
2019-03-19 11:00:00Z;47,66027;0;3
2019-03-20 11:00:00Z;43,8808;0;3
2019-03-21 11:00:00Z;46,5673;0;3
2019-03-22 11:00:00Z;48,32177;0;3
2019-03-23 11:00:00Z;53,37009;0;3
2019-03-24 11:00:00Z;54,34054;0;3
2019-03-25 11:00:00Z;50,45725;0;3
2019-03-26 11:00:00Z;47,60907;0;3
2019-03-27 11:00:00Z;48,11725;0;3
2019-03-28 11:00:00Z;97,88766;0;3
2019-03-29 11:00:00Z;648,353;0;3
2019-03-30 11:00:00Z;295,1667;0;3
2019-03-31 11:00:00Z;173,5205;0;3
2019-04-01 11:00:00Z;120,7237;2;3
2019-04-02 11:00:00Z;79,69328;2;3
2019-04-03 11:00:00Z;103,7008;0;3
2019-04-04 11:00:00Z;91,45179;0;3
2019-04-05 11:00:00Z;81,55579;0;3
2019-04-06 11:00:00Z;75,3998;0;3
2019-04-07 11:00:00Z;70,83587;0;3
2019-04-08 11:00:00Z;64,8549;0;3
2019-04-09 11:00:00Z;61,28815;0;3
2019-04-10 11:00:00Z;58,43867;0;3
2019-04-11 11:00:00Z;56,60299;0;3
2019-04-12 11:00:00Z;54,27762;0;3
2019-04-13 11:00:00Z;52,40017;0;3
2019-04-14 11:00:00Z;50,82364;0;3
2019-04-15 11:00:00Z;49,70869;0;3
2019-04-16 11:00:00Z;48,99489;0;3
2019-04-17 11:00:00Z;49,67373;0;3
2019-04-18 11:00:00Z;52,62598;0;3
2019-04-19 11:00:00Z;61,47613;0;3
2019-04-20 11:00:00Z;90,20387;0;3
2019-04-21 11:00:00Z;181,5257;0;3
2019-04-22 11:00:00Z;246,3156;0;3
2019-04-23 11:00:00Z;276,9532;0;3
2019-04-24 11:00:00Z;269,2297;0;3
2019-04-25 11:00:00Z;285,3412;0;3
2019-04-26 11:00:00Z;341,9211;0;3
2019-04-27 11:00:00Z;394,5444;0;3
2019-04-28 11:00:00Z;440,6523;0;3
2019-04-29 11:00:00Z;414,9577;0;3
2019-04-30 11:00:00Z;392,3314;0;3
2019-05-01 11:00:00Z;334,0278;0;3
2019-05-02 11:00:00Z;273,2477;0;3
2019-05-03 11:00:00Z;214,1128;0;3
2019-05-04 11:00:00Z;176,7995;0;3
2019-05-05 11:00:00Z;151,1429;0;3
2019-05-06 11:00:00Z;133,1297;0;3
2019-05-07 11:00:00Z;121,2606;0;3
2019-05-08 11:00:00Z;116,2278;0;3
2019-05-09 11:00:00Z;115,1518;0;3
2019-05-10 11:00:00Z;131,2342;0;3
2019-05-11 11:00:00Z;179,4536;0;3
2019-05-12 11:00:00Z;225,213;0;3
2019-05-13 11:00:00Z;175,2242;0;3
2019-05-14 11:00:00Z;160,83;0;3
2019-05-15 11:00:00Z;164,4431;0;3
2019-05-16 11:00:00Z;201,4125;0;3
2019-05-17 11:00:00Z;255,9393;0;3
2019-05-18 11:00:00Z;327,4665;0;3
2019-05-19 11:00:00Z;452,0122;0;3
2019-05-20 11:00:00Z;563,2631;0;3
2019-05-21 11:00:00Z;595,1912;0;3
2019-05-22 11:00:00Z;676,7427;0;3
2019-05-23 11:00:00Z;769,6359;0;3
2019-05-24 11:00:00Z;687,199;0;3
2019-05-25 11:00:00Z;523,3668;0;3
2019-05-26 11:00:00Z;440,645;0;3
2019-05-27 11:00:00Z;350,8032;0;3
2019-05-28 11:00:00Z;284,5172;0;3
2019-05-29 11:00:00Z;250,9736;0;3
2019-05-30 11:00:00Z;232,3666;0;3
2019-05-31 11:00:00Z;240,6674;0;3
2019-06-01 11:00:00Z;259,7941;0;3
2019-06-02 11:00:00Z;238,1004;0;3
2019-06-03 11:00:00Z;230,0115;0;3
2019-06-04 11:00:00Z;281,5669;0;3
2019-06-05 11:00:00Z;363,3887;0;3
2019-06-06 11:00:00Z;492,032;0;3
2019-06-07 11:00:00Z;712,7564;0;3
2019-06-08 11:00:00Z;794,1176;0;3
2019-06-09 11:00:00Z;693,8675;0;3
2019-06-10 11:00:00Z;661,029;0;3
2019-06-11 11:00:00Z;525,9025;0;3
2019-06-12 11:00:00Z;388,0573;0;3
2019-06-13 11:00:00Z;358,5446;0;3
2019-06-14 11:00:00Z;374,1478;0;3
2019-06-15 11:00:00Z;348,7394;0;3
2019-06-16 11:00:00Z;344,0762;0;3
2019-06-17 11:00:00Z;359,1923;0;3
2019-06-18 11:00:00Z;312,497;0;3
2019-06-19 11:00:00Z;283,1522;0;3
2019-06-20 11:00:00Z;269,041;0;3
2019-06-21 11:00:00Z;344,6852;0;3
2019-06-22 11:00:00Z;319,3297;0;3
2019-06-23 11:00:00Z;340,723;0;3
2019-06-24 11:00:00Z;317,87;0;3
2019-06-25 11:00:00Z;244,2892;0;3
2019-06-26 11:00:00Z;196,7999;0;3
2019-06-27 11:00:00Z;183,483;0;3
2019-06-28 11:00:00Z;184,7592;0;3
2019-06-29 11:00:00Z;446,936;0;3
2019-06-30 11:00:00Z;333,0763;0;3
2019-07-01 11:00:00Z;393,9366;0;3
2019-07-02 11:00:00Z;295,4761;0;3
2019-07-03 11:00:00Z;228,6474;0;3
2019-07-04 11:00:00Z;174,471;0;3
2019-07-05 11:00:00Z;160,0724;0;3
2019-07-06 11:00:00Z;152,0976;0;3
2019-07-07 11:00:00Z;148,4035;0;3
2019-07-08 11:00:00Z;146,5788;0;3
2019-07-09 11:00:00Z;157,6013;0;3
2019-07-10 11:00:00Z;148,8971;0;3
2019-07-11 11:00:00Z;142,1029;0;3
2019-07-12 11:00:00Z;139,8652;0;3
2019-07-13 11:00:00Z;138,9977;0;3
2019-07-14 11:00:00Z;130,9044;0;3
2019-07-15 11:00:00Z;120,6492;0;3
2019-07-16 11:00:00Z;106,861;0;3
2019-07-17 11:00:00Z;97,91338;0;3
2019-07-18 11:00:00Z;92,59159;0;3
2019-07-19 11:00:00Z;109,0533;0;3
2019-07-20 11:00:00Z;120,1399;0;3
2019-07-21 11:00:00Z;119,5026;0;3
2019-07-22 11:00:00Z;134,5654;0;3
2019-07-23 11:00:00Z;124,8171;0;3
2019-07-24 11:00:00Z;124,1897;0;3
2019-07-25 11:00:00Z;127,1234;0;3
2019-07-26 11:00:00Z;126,865;0;3
2019-07-27 11:00:00Z;119,5402;0;3
2019-07-28 11:00:00Z;113,6012;0;3
2019-07-29 11:00:00Z;108,8396;0;3
2019-07-30 11:00:00Z;94,53606;0;3
2019-07-31 11:00:00Z;78,13551;0;3
2019-08-01 11:00:00Z;68,62901;0;3
2019-08-02 11:00:00Z;64,87905;0;3
2019-08-03 11:00:00Z;60,96329;0;3
2019-08-04 11:00:00Z;56,82956;0;3
2019-08-05 11:00:00Z;53,61924;0;3
2019-08-06 11:00:00Z;51,05981;0;3
2019-08-07 11:00:00Z;50,56682;0;3
2019-08-08 11:00:00Z;52,4086;0;3
2019-08-09 11:00:00Z;53,7096;0;3
2019-08-10 11:00:00Z;53,42316;0;3
2019-08-11 11:00:00Z;59,63886;0;3
2019-08-12 11:00:00Z;63,25357;0;3
2019-08-13 11:00:00Z;63,90329;0;3
2019-08-14 11:00:00Z;91,40432;0;3
2019-08-15 11:00:00Z;84,68854;0;3
2019-08-16 11:00:00Z;68,29273;0;3
2019-08-17 11:00:00Z;62,10761;0;3
2019-08-18 11:00:00Z;65,59209;0;3
2019-08-19 11:00:00Z;67,62432;0;3
2019-08-20 11:00:00Z;61,36787;0;3
2019-08-21 11:00:00Z;64,99155;0;3
2019-08-22 11:00:00Z;88,51526;0;3
2019-08-23 11:00:00Z;83,9582;0;3
2019-08-24 11:00:00Z;85,58354;0;3
2019-08-25 11:00:00Z;97,36473;0;3
2019-08-26 11:00:00Z;129,2019;0;3
2019-08-27 11:00:00Z;108,0264;0;3
2019-08-28 11:00:00Z;86,42674;0;3
2019-08-29 11:00:00Z;82,00646;0;3
2019-08-30 11:00:00Z;129,4894;0;3
2019-08-31 11:00:00Z;101,5062;0;3
2019-09-01 11:00:00Z;93,26798;0;3
2019-09-02 11:00:00Z;109,863;0;3
2019-09-03 11:00:00Z;88,33952;0;3
2019-09-04 11:00:00Z;88,91977;0;3
2019-09-05 11:00:00Z;112,8404;0;3
2019-09-06 11:00:00Z;176,0024;0;3
2019-09-07 11:00:00Z;150,44;0;3
2019-09-08 11:00:00Z;130,6138;0;3
2019-09-09 11:00:00Z;103,8025;0;3
2019-09-10 11:00:00Z;90,86593;0;3
2019-09-11 11:00:00Z;88,47953;0;3
2019-09-12 11:00:00Z;116,3111;0;3
2019-09-13 11:00:00Z;316,6746;0;3
2019-09-14 11:00:00Z;341,5357;0;3
2019-09-15 11:00:00Z;278,5137;0;3
2019-09-16 11:00:00Z;188,4321;0;3
2019-09-17 11:00:00Z;137,6634;0;3
2019-09-18 11:00:00Z;115,8388;0;3
2019-09-19 11:00:00Z;104,9735;0;3
2019-09-20 11:00:00Z;109,5915;0;3
2019-09-21 11:00:00Z;432,234;0;3
2019-09-22 11:00:00Z;265,158;0;3
2019-09-23 11:00:00Z;167,2809;0;3
2019-09-24 11:00:00Z;129,6125;0;3
2019-09-25 11:00:00Z;109,7102;0;3
2019-09-26 11:00:00Z;96,9775;0;3
2019-09-27 11:00:00Z;87,92997;0;3
2019-09-28 11:00:00Z;81,09946;0;3
2019-09-29 11:00:00Z;77,09113;0;3
2019-09-30 11:00:00Z;78,49708;0;3
2019-10-01 11:00:00Z;73,2411;0;3
2019-10-02 11:00:00Z;69,49725;0;3
2019-10-03 11:00:00Z;66,28496;0;3
2019-10-04 11:00:00Z;61,9368;0;3
2019-10-05 11:00:00Z;58,65289;0;3
2019-10-06 11:00:00Z;56,23669;0;3
2019-10-07 11:00:00Z;54,83115;0;3
2019-10-08 11:00:00Z;53,23146;0;3
2019-10-09 11:00:00Z;51,42215;0;3
2019-10-10 11:00:00Z;49,24216;0;3
2019-10-11 11:00:00Z;47,82366;0;3
2019-10-12 11:00:00Z;47,06348;0;3
2019-10-13 11:00:00Z;46,54274;0;3
2019-10-14 11:00:00Z;45,40544;0;3
2019-10-15 11:00:00Z;43,65882;0;3
2019-10-16 11:00:00Z;42,15695;0;3
2019-10-17 11:00:00Z;42,62914;0;3
2019-10-18 11:00:00Z;42,87679;0;3
2019-10-19 11:00:00Z;43,60421;0;3
2019-10-20 11:00:00Z;43,23522;0;3
2019-10-21 11:00:00Z;40,93429;0;3
2019-10-22 11:00:00Z;64,70082;0;3
2019-10-23 11:00:00Z;131,5687;0;3
2019-10-24 11:00:00Z;140,3575;0;3
2019-10-25 11:00:00Z;146,3338;0;3
2019-10-26 11:00:00Z;163,0828;0;3
2019-10-27 11:00:00Z;123,3042;0;3
2019-10-28 11:00:00Z;99,62238;0;3
2019-10-29 11:00:00Z;86,27244;0;3
2019-10-30 11:00:00Z;81,15412;0;3
2019-10-31 11:00:00Z;93,99961;0;3
2019-11-01 11:00:00Z;84,32058;0;3
2019-11-02 11:00:00Z;77,60316;0;3
2019-11-03 11:00:00Z;69,1573;0;3
2019-11-04 11:00:00Z;63,96327;0;3
2019-11-05 11:00:00Z;60,0771;0;3
2019-11-06 11:00:00Z;59,57074;0;3
2019-11-07 11:00:00Z;59,35982;0;3
2019-11-08 11:00:00Z;56,36107;0;3
2019-11-09 11:00:00Z;55,24601;0;3
2019-11-10 11:00:00Z;50,22329;1;3
2019-11-11 11:00:00Z;49,29167;1;3
2019-11-12 11:00:00Z;48,94207;1;3
2019-11-13 11:00:00Z;48,6167;1;3
2019-11-14 11:00:00Z;48,6167;1;3
2019-11-15 11:00:00Z;48,67273;0;3
2019-11-16 11:00:00Z;47,00615;0;3
2019-11-17 11:00:00Z;46,20312;0;3
2019-11-18 11:00:00Z;45,05289;0;3
2019-11-19 11:00:00Z;45,07331;0;3
2019-11-20 11:00:00Z;46,21189;0;3
2019-11-21 11:00:00Z;44,79617;0;3
2019-11-22 11:00:00Z;45,142;0;3
2019-11-23 11:00:00Z;45,70445;0;3
2019-11-24 11:00:00Z;46,7115;0;3
2019-11-25 11:00:00Z;44,30816;0;3
2019-11-26 11:00:00Z;41,05977;0;3
2019-11-27 11:00:00Z;37,38945;0;3
2019-11-28 11:00:00Z;34,37878;0;3
2019-11-29 11:00:00Z;35,77565;0;3
2019-11-30 11:00:00Z;39,11024;0;3
2019-12-01 11:00:00Z;40,98441;0;3
2019-12-02 11:00:00Z;41,69238;0;3
2019-12-03 11:00:00Z;42,82079;0;3
2019-12-04 11:00:00Z;107,3968;0;3
2019-12-05 11:00:00Z;266,0709;0;3
2019-12-06 11:00:00Z;137,633;0;3
2019-12-07 11:00:00Z;105,4783;0;3
2019-12-08 11:00:00Z;90,31149;0;3
2019-12-09 11:00:00Z;82,4725;0;3
2019-12-10 11:00:00Z;73,09742;0;3
2019-12-11 11:00:00Z;72,2269;0;3
2019-12-12 11:00:00Z;71,60493;0;3
2019-12-13 11:00:00Z;72,8317;0;3
2019-12-14 11:00:00Z;74,00516;0;3
2019-12-15 11:00:00Z;69,71078;0;3
2019-12-16 11:00:00Z;70,68584;0;3
2019-12-17 11:00:00Z;72,97639;0;3
2019-12-18 11:00:00Z;60,38339;1;3
2019-12-19 11:00:00Z;65,18031;1;3
2019-12-20 11:00:00Z;60,38339;1;3
2019-12-21 11:00:00Z;50,78591;1;3
2019-12-22 11:00:00Z;50,78591;1;3
2019-12-23 11:00:00Z;55,58282;1;3
2019-12-24 11:00:00Z;50,78591;1;3
2019-12-25 11:00:00Z;45,98534;1;3
2019-12-26 11:00:00Z;48,38563;1;3
2019-12-27 11:00:00Z;43,58871;1;3
2019-12-28 11:00:00Z;50,87698;0;3
2019-12-29 11:00:00Z;84,2057;0;3
2019-12-30 11:00:00Z;348,275;0;3
2019-12-31 11:00:00Z;228,7837;0;3
2020-01-01 11:00:00Z;363,8139;0;3
2020-01-02 11:00:00Z;895,9672;0;3
2020-01-03 11:00:00Z;889,5691;0;3
2020-01-04 11:00:00Z;392,0675;0;3
2020-01-05 11:00:00Z;249,5553;0;3
2020-01-06 11:00:00Z;261,6316;0;3
2020-01-07 11:00:00Z;334,5992;0;3
2020-01-08 11:00:00Z;285,2532;0;3
2020-01-09 11:00:00Z;214,1803;0;3
2020-01-10 11:00:00Z;165,4641;0;3
2020-01-11 11:00:00Z;140,154;0;3
2020-01-12 11:00:00Z;136,1596;0;3
2020-01-13 11:00:00Z;122,908;0;3
2020-01-14 11:00:00Z;112,2194;0;3
2020-01-15 11:00:00Z;101,5821;0;3
2020-01-16 11:00:00Z;94,14331;0;3
2020-01-17 11:00:00Z;136,2091;0;3
2020-01-18 11:00:00Z;114,1959;0;3
2020-01-19 11:00:00Z;95,5276;0;3
2020-01-20 11:00:00Z;208,2993;0;3
2020-01-21 11:00:00Z;572,8811;0;3
2020-01-22 11:00:00Z;285,6245;0;3
2020-01-23 11:00:00Z;250,8898;0;3
2020-01-24 11:00:00Z;276,3692;0;3
2020-01-25 11:00:00Z;187,356;0;3
2020-01-26 11:00:00Z;154,5768;0;3
2020-01-27 11:00:00Z;133,1526;0;3
2020-01-28 11:00:00Z;119,7252;0;3
2020-01-29 11:00:00Z;111,3479;0;3
2020-01-30 11:00:00Z;122,9003;0;3
2020-01-31 11:00:00Z;125,5678;0;3
2020-02-01 11:00:00Z;106,4285;0;3
2020-02-02 11:00:00Z;91,29071;0;3
2020-02-03 11:00:00Z;81,90075;0;3
2020-02-04 11:00:00Z;75,26259;0;3
2020-02-05 11:00:00Z;81,2446;0;3
2020-02-06 11:00:00Z;81,00411;0;3
2020-02-07 11:00:00Z;78,9912;0;3
2020-02-08 11:00:00Z;79,59135;0;3
2020-02-09 11:00:00Z;76,37866;0;3
2020-02-10 11:00:00Z;72,08048;0;3
2020-02-11 11:00:00Z;70,33402;0;3
2020-02-12 11:00:00Z;67,63577;0;3
2020-02-13 11:00:00Z;63,97726;0;3
2020-02-14 11:00:00Z;60,93937;0;3
2020-02-15 11:00:00Z;59,38063;0;3
2020-02-16 11:00:00Z;62,32343;0;3
2020-02-17 11:00:00Z;61,61432;0;3
2020-02-18 11:00:00Z;61,30557;1;3
2020-02-19 11:00:00Z;61,81811;1;3
2020-02-20 11:00:00Z;58,17986;1;3
2020-02-21 11:00:00Z;60,27501;1;3
2020-02-22 11:00:00Z;59,17443;1;3
2020-02-23 11:00:00Z;57,49549;1;3
2020-02-24 11:00:00Z;54,46405;1;3
2020-02-25 11:00:00Z;51,32894;1;3
2020-02-26 11:00:00Z;48,32668;1;3
2020-02-27 11:00:00Z;46,93158;1;3
2020-02-28 11:00:00Z;47,61842;1;3
2020-02-29 11:00:00Z;48,71809;1;3
2020-03-01 11:00:00Z;50,36212;1;3
2020-03-02 11:00:00Z;47,0704;1;3
2020-03-03 11:00:00Z;50,22128;1;3
2020-03-04 11:00:00Z;48,28907;1;3
2020-03-05 11:00:00Z;47,91898;1;3
2020-03-06 11:00:00Z;46,74963;1;3
2020-03-07 11:00:00Z;48,44819;1;3
2020-03-08 11:00:00Z;46,29615;1;3
2020-03-09 11:00:00Z;49,92948;1;3
2020-03-10 11:00:00Z;58,42145;1;3
2020-03-11 11:00:00Z;54,15035;1;3
2020-03-12 11:00:00Z;51,26707;1;3
2020-03-13 11:00:00Z;48,12468;1;3
2020-03-14 11:00:00Z;45,98101;1;3
2020-03-15 11:00:00Z;45,59302;1;3
2020-03-16 11:00:00Z;46,10317;1;3
2020-03-17 11:00:00Z;46,25615;1;3
2020-03-18 11:00:00Z;48,53456;1;3
2020-03-19 11:00:00Z;48,42187;1;3
2020-03-20 11:00:00Z;45,87434;1;3
2020-03-21 11:00:00Z;46,5445;1;3
2020-03-22 11:00:00Z;45,34817;1;3
2020-03-23 11:00:00Z;45,49389;1;3
2020-03-24 11:00:00Z;48,683;1;3
2020-03-25 11:00:00Z;98,71603;1;3
2020-03-26 11:00:00Z;124,8986;1;3
2020-03-27 11:00:00Z;103,9669;1;3
2020-03-28 11:00:00Z;97,75447;1;3
2020-03-29 11:00:00Z;77,84829;1;3
2020-03-30 11:00:00Z;68,16601;1;3
2020-03-31 11:00:00Z;78,81184;1;3
2020-04-01 11:00:00Z;88,11414;1;3
2020-04-02 11:00:00Z;75,20765;1;3
2020-04-03 11:00:00Z;68,00874;1;3
2020-04-04 11:00:00Z;64,2332;1;3
2020-04-05 11:00:00Z;61,54966;1;3
2020-04-06 11:00:00Z;60,10666;1;3
2020-04-07 11:00:00Z;60,71167;1;3
2020-04-08 11:00:00Z;94,84812;1;3
2020-04-09 11:00:00Z;95,67115;1;3
2020-04-10 11:00:00Z;78,66048;1;3
2020-04-11 11:00:00Z;70,0627;1;3
2020-04-12 11:00:00Z;68,46233;1;3
2020-04-13 11:00:00Z;67,36588;1;3
2020-04-14 11:00:00Z;62,15124;1;3
2020-04-15 11:00:00Z;61,577;1;3
2020-04-16 11:00:00Z;60,87687;1;3
2020-04-17 11:00:00Z;59,02724;1;3
2020-04-18 11:00:00Z;56,76836;1;3
2020-04-19 11:00:00Z;58,60951;1;3
2020-04-20 11:00:00Z;68,5165;1;3
2020-04-21 11:00:00Z;74,07909;1;3
2020-04-22 11:00:00Z;82,94731;1;3
2020-04-23 11:00:00Z;81,6281;1;3
2020-04-24 11:00:00Z;86,50744;1;3
2020-04-25 11:00:00Z;92,19085;1;3
2020-04-26 11:00:00Z;87,13614;1;3
2020-04-27 11:00:00Z;80,7146;1;3
2020-04-28 11:00:00Z;79,64331;1;3
2020-04-29 11:00:00Z;75,79424;1;3
2020-04-30 11:00:00Z;73,54964;1;3
2020-05-01 11:00:00Z;74,91298;1;3
2020-05-02 11:00:00Z;72,68595;1;3
2020-05-03 11:00:00Z;76,03623;1;3
2020-05-04 11:00:00Z;84,13783;1;3
2020-05-05 11:00:00Z;83,97583;1;3
2020-05-06 11:00:00Z;98,16119;1;3
2020-05-07 11:00:00Z;91,21345;1;3
2020-05-08 11:00:00Z;82,86315;1;3
2020-05-09 11:00:00Z;77,81984;1;3
2020-05-10 11:00:00Z;74,00471;1;3
2020-05-11 11:00:00Z;69,63971;1;3
2020-05-12 11:00:00Z;66,80782;1;3
2020-05-13 11:00:00Z;64,16879;1;3
2020-05-14 11:00:00Z;61,71677;1;3
2020-05-15 11:00:00Z;59,83756;1;3
2020-05-16 11:00:00Z;58,98437;1;3
2020-05-17 11:00:00Z;58,89228;1;3
2020-05-18 11:00:00Z;63,44705;1;3
2020-05-19 11:00:00Z;65,94821;1;3
2020-05-20 11:00:00Z;73,00095;1;3
2020-05-21 11:00:00Z;84,84941;1;3
2020-05-22 11:00:00Z;101,2912;1;3
2020-05-23 11:00:00Z;195,0459;1;3
2020-05-24 11:00:00Z;301,2468;1;3
2020-05-25 11:00:00Z;337,7027;1;3
2020-05-26 11:00:00Z;319,8764;1;3
2020-05-27 11:00:00Z;390,6059;1;3
2020-05-28 11:00:00Z;473,0262;1;3
2020-05-29 11:00:00Z;535,3459;1;3
2020-05-30 11:00:00Z;521,5109;1;3
2020-05-31 11:00:00Z;560,6353;1;3
2020-06-01 11:00:00Z;637,3108;1;3
2020-06-02 11:00:00Z;707,4845;1;3
2020-06-03 11:00:00Z;708,1489;1;3
2020-06-04 11:00:00Z;749,8792;1;3
2020-06-05 11:00:00Z;863,5678;1;3
2020-06-06 11:00:00Z;940,332;1;3
2020-06-07 11:00:00Z;997,9368;1;3
2020-06-08 11:00:00Z;915,6094;1;3
2020-06-09 11:00:00Z;740,9407;1;3
2020-06-10 11:00:00Z;655,1274;1;3
2020-06-11 11:00:00Z;668,9982;1;3
2020-06-12 11:00:00Z;674,1838;1;3
2020-06-13 11:00:00Z;734,8597;1;3
2020-06-14 11:00:00Z;833,4024;1;3
2020-06-15 11:00:00Z;863,7731;1;3
2020-06-16 11:00:00Z;864,0012;1;3
2020-06-17 11:00:00Z;865,3868;1;3
2020-06-18 11:00:00Z;911,2828;1;3
2020-06-19 11:00:00Z;897,5078;1;3
2020-06-20 11:00:00Z;907,1735;1;3
2020-06-21 11:00:00Z;981,0219;1;3
2020-06-22 11:00:00Z;942,8978;1;3
2020-06-23 11:00:00Z;872,5756;1;3
2020-06-24 11:00:00Z;801,2297;1;3
2020-06-25 11:00:00Z;744,1501;1;3
2020-06-26 11:00:00Z;708,2928;1;3
2020-06-27 11:00:00Z;660,1179;1;3
2020-06-28 11:00:00Z;745,1478;1;3
2020-06-29 11:00:00Z;727,2247;1;3
2020-06-30 11:00:00Z;778,6724;1;3
2020-07-01 11:00:00Z;579,5104;1;3
2020-07-02 11:00:00Z;400,8727;1;3
2020-07-03 11:00:00Z;291,5046;1;3
2020-07-04 11:00:00Z;235,8569;1;3
2020-07-05 11:00:00Z;214,9207;1;3
2020-07-06 11:00:00Z;201,2453;1;3
2020-07-07 11:00:00Z;220,3535;1;3
2020-07-08 11:00:00Z;227,28;1;3
2020-07-09 11:00:00Z;206,4914;1;3
2020-07-10 11:00:00Z;206,4751;1;3
2020-07-11 11:00:00Z;198,8958;1;3
2020-07-12 11:00:00Z;192,2261;1;3
2020-07-13 11:00:00Z;187,8654;1;3
2020-07-14 11:00:00Z;173,7101;1;3
2020-07-15 11:00:00Z;195,8132;1;3
2020-07-16 11:00:00Z;239,0565;1;3
2020-07-17 11:00:00Z;262,0157;1;3
2020-07-18 11:00:00Z;296,0389;1;3
2020-07-19 11:00:00Z;384,9248;1;3
2020-07-20 11:00:00Z;309,0757;1;3
2020-07-21 11:00:00Z;271,3578;1;3
2020-07-22 11:00:00Z;237,0616;1;3
2020-07-23 11:00:00Z;260,0246;1;3
2020-07-24 11:00:00Z;409,2201;1;3
2020-07-25 11:00:00Z;329,7653;1;3
2020-07-26 11:00:00Z;256,5325;1;3
2020-07-27 11:00:00Z;302,8518;1;3
2020-07-28 11:00:00Z;308,2104;1;3
2020-07-29 11:00:00Z;292,1137;1;3
2020-07-30 11:00:00Z;274,3155;1;3
2020-07-31 11:00:00Z;228,9796;1;3
2020-08-01 11:00:00Z;190,0305;1;3
2020-08-02 11:00:00Z;168,9222;1;3
2020-08-03 11:00:00Z;235,3312;1;3
2020-08-04 11:00:00Z;333,6111;1;3
2020-08-05 11:00:00Z;243,6252;1;3
2020-08-06 11:00:00Z;198,4231;1;3
2020-08-07 11:00:00Z;188,5144;1;3
2020-08-08 11:00:00Z;182,5274;1;3
2020-08-09 11:00:00Z;225,8555;1;3
2020-08-10 11:00:00Z;174,2134;1;3
2020-08-11 11:00:00Z;134,4832;1;3
2020-08-12 11:00:00Z;121,0039;1;3
2020-08-13 11:00:00Z;110,1348;1;3
2020-08-14 11:00:00Z;109,3782;1;3
2020-08-15 11:00:00Z;126,5182;1;3
2020-08-16 11:00:00Z;139,5976;1;3
2020-08-17 11:00:00Z;108,9339;1;3
2020-08-18 11:00:00Z;89,21349;1;3
2020-08-19 11:00:00Z;81,47482;1;3
2020-08-20 11:00:00Z;86,86813;1;3
2020-08-21 11:00:00Z;88,32939;1;3
2020-08-22 11:00:00Z;113,5371;1;3
2020-08-23 11:00:00Z;182,8194;1;3
2020-08-24 11:00:00Z;162,7427;1;3
2020-08-25 11:00:00Z;198,9032;1;3
2020-08-26 11:00:00Z;221,9981;1;3
2020-08-27 11:00:00Z;144,2527;1;3
2020-08-28 11:00:00Z;109,6644;1;3
2020-08-29 11:00:00Z;91,75185;1;3
2020-08-30 11:00:00Z;82,42815;1;3
2020-08-31 11:00:00Z;77,17422;1;3
2020-09-01 11:00:00Z;70,27239;1;3
2020-09-02 11:00:00Z;65,05236;1;3
2020-09-03 11:00:00Z;64,23297;1;3
2020-09-04 11:00:00Z;69,88692;1;3
2020-09-05 11:00:00Z;79,93315;1;3
2020-09-06 11:00:00Z;175,951;1;3
2020-09-07 11:00:00Z;146,9687;1;3
2020-09-08 11:00:00Z;180,0107;1;3
2020-09-09 11:00:00Z;325,2181;1;3
2020-09-10 11:00:00Z;341,4169;1;3
2020-09-11 11:00:00Z;346,2997;1;3
2020-09-12 11:00:00Z;210,4079;1;3
2020-09-13 11:00:00Z;342,215;1;3
2020-09-14 11:00:00Z;393,4847;1;3
2020-09-15 11:00:00Z;259,693;1;3
2020-09-16 11:00:00Z;184,4643;1;3
2020-09-17 11:00:00Z;155,2682;1;3
2020-09-18 11:00:00Z;321,7604;1;3
2020-09-19 11:00:00Z;382,2611;1;3
2020-09-20 11:00:00Z;344,6107;1;3
2020-09-21 11:00:00Z;978,3475;1;3
2020-09-22 11:00:00Z;740,9468;1;3
2020-09-23 11:00:00Z;424,1863;1;3
2020-09-24 11:00:00Z;334,2379;1;3
2020-09-25 11:00:00Z;369,6983;1;3
2020-09-26 11:00:00Z;266,8101;1;3
2020-09-27 11:00:00Z;193,2511;1;3
2020-09-28 11:00:00Z;158,0265;1;3
2020-09-29 11:00:00Z;143,4101;1;3
2020-09-30 11:00:00Z;127,4068;1;3
2020-10-01 11:00:00Z;116,3062;1;3
2020-10-02 11:00:00Z;105,952;1;3
2020-10-03 11:00:00Z;97,66413;1;3
2020-10-04 11:00:00Z;90,70331;1;3
2020-10-05 11:00:00Z;88,7848;1;3
2020-10-06 11:00:00Z;91,99075;1;3
2020-10-07 11:00:00Z;89,59258;1;3
2020-10-08 11:00:00Z;95,7037;1;3
2020-10-09 11:00:00Z;92,62112;1;3
2020-10-10 11:00:00Z;87,77278;1;3
2020-10-11 11:00:00Z;85,42795;1;3
2020-10-12 11:00:00Z;79,80692;1;3
2020-10-13 11:00:00Z;76,58311;1;3
2020-10-14 11:00:00Z;72,54218;1;3
2020-10-15 11:00:00Z;70,53592;1;3
2020-10-16 11:00:00Z;72,01971;1;3
2020-10-17 11:00:00Z;84,10647;1;3
2020-10-18 11:00:00Z;85,77624;1;3
2020-10-19 11:00:00Z;71,26748;1;3
2020-10-20 11:00:00Z;66,54517;1;3
2020-10-21 11:00:00Z;62,22896;1;3
2020-10-22 11:00:00Z;59,5216;1;3
2020-10-23 11:00:00Z;57,28432;1;3
2020-10-24 11:00:00Z;55,86887;1;3
2020-10-25 11:00:00Z;52,76672;1;3
2020-10-26 11:00:00Z;67,58677;1;3
2020-10-27 11:00:00Z;62,9311;1;3
2020-10-28 11:00:00Z;60,43019;1;3
2020-10-29 11:00:00Z;61,15956;1;3
2020-10-30 11:00:00Z;62,29226;1;3
2020-10-31 11:00:00Z;59,9058;1;3
2020-11-01 11:00:00Z;60,95315;1;3
2020-11-02 11:00:00Z;144,2064;1;3
2020-11-03 11:00:00Z;256,2432;1;3
2020-11-04 11:00:00Z;187,4445;1;3
2020-11-05 11:00:00Z;413,7923;1;3
2020-11-06 11:00:00Z;533,4477;1;3
2020-11-07 11:00:00Z;942,8789;1;3
2020-11-08 11:00:00Z;512,8613;1;3
2020-11-09 11:00:00Z;330,3559;1;3
2020-11-10 11:00:00Z;230,9791;1;3
2020-11-11 11:00:00Z;207,0811;1;3
2020-11-12 11:00:00Z;177,4872;1;3
2020-11-13 11:00:00Z;140,5017;1;3
2020-11-14 11:00:00Z;119,7264;1;3
2020-11-15 11:00:00Z;107,8591;1;3
2020-11-16 11:00:00Z;107,0847;1;3
2020-11-17 11:00:00Z;128,7909;1;3
2020-11-18 11:00:00Z;159,9944;1;3
2020-11-19 11:00:00Z;132,227;1;3
2020-11-20 11:00:00Z;104,5312;1;3
2020-11-21 11:00:00Z;93,98589;1;3
2020-11-22 11:00:00Z;133,41;1;3
2020-11-23 11:00:00Z;182,3435;1;3
2020-11-24 11:00:00Z;127,741;1;3
2020-11-25 11:00:00Z;106,8846;1;3
2020-11-26 11:00:00Z;97,76425;1;3
2020-11-27 11:00:00Z;90,10249;1;3
2020-11-28 11:00:00Z;87,54872;1;3
2020-11-29 11:00:00Z;81,54265;1;3
2020-11-30 11:00:00Z;77,5961;1;3
2020-12-01 11:00:00Z;73,33356;1;3
2020-12-02 11:00:00Z;69,17608;1;3
2020-12-03 11:00:00Z;66,47701;1;3
2020-12-04 11:00:00Z;64,50367;1;3
2020-12-05 11:00:00Z;62,50756;1;3
2020-12-06 11:00:00Z;60,14368;1;3
2020-12-07 11:00:00Z;58,21663;1;3
2020-12-08 11:00:00Z;56,8294;1;3
2020-12-09 11:00:00Z;55,69667;1;3
2020-12-10 11:00:00Z;53,60526;1;3
2020-12-11 11:00:00Z;50,77225;1;3
2020-12-12 11:00:00Z;50,52652;1;3
2020-12-13 11:00:00Z;53,14235;1;3
2020-12-14 11:00:00Z;58,85262;1;3
2020-12-15 11:00:00Z;53,85477;1;3
2020-12-16 11:00:00Z;51,47641;1;3
2020-12-17 11:00:00Z;50,28905;1;3
2020-12-18 11:00:00Z;49,57298;1;3
2020-12-19 11:00:00Z;49,21636;1;3
2020-12-20 11:00:00Z;53,63257;1;3
2020-12-21 11:00:00Z;53,17784;1;3
2020-12-22 11:00:00Z;52,077;1;3
2020-12-23 11:00:00Z;52,43925;1;3
2020-12-24 11:00:00Z;52,75951;1;3
2020-12-25 11:00:00Z;51,50638;1;3
2020-12-26 11:00:00Z;48,36485;1;3
2020-12-27 11:00:00Z;47,57456;1;3
2020-12-28 11:00:00Z;52,05119;1;3
2020-12-29 11:00:00Z;48,08635;1;3
2020-12-30 11:00:00Z;45,50759;1;3
2020-12-31 11:00:00Z;45,30705;1;3
2021-01-01 11:00:00Z;41,92312;1;3
2021-01-02 11:00:00Z;39,67069;1;3
2021-01-03 11:00:00Z;38,81425;1;3
2021-01-04 11:00:00Z;41,80577;1;3
2021-01-05 11:00:00Z;40,54117;1;3
2021-01-06 11:00:00Z;43,37541;1;3
2021-01-07 11:00:00Z;40,79283;1;3
2021-01-08 11:00:00Z;34,62667;1;3
2021-01-09 11:00:00Z;34,02036;1;3
2021-01-10 11:00:00Z;38,53389;1;3
2021-01-11 11:00:00Z;41,36464;1;3
2021-01-12 11:00:00Z;38,95491;1;3
2021-01-13 11:00:00Z;37,44186;1;3
2021-01-14 11:00:00Z;34,37558;1;3
2021-01-15 11:00:00Z;34,21464;1;3
2021-01-16 11:00:00Z;37,35029;1;3
2021-01-17 11:00:00Z;37,59181;1;3
2021-01-18 11:00:00Z;34,51375;1;3
2021-01-19 11:00:00Z;33,153;1;3
2021-01-20 11:00:00Z;33,86774;1;3
2021-01-21 11:00:00Z;34,93272;1;3
2021-01-22 11:00:00Z;34,71707;1;3
2021-01-23 11:00:00Z;34,43727;1;3
2021-01-24 11:00:00Z;35,65934;1;3
2021-01-25 11:00:00Z;36,00177;1;3
2021-01-26 11:00:00Z;34,97619;1;3
2021-01-27 11:00:00Z;34,70628;1;3
2021-01-28 11:00:00Z;35,6981;1;3
2021-01-29 11:00:00Z;33,91642;1;3
2021-01-30 11:00:00Z;32,59381;1;3
2021-01-31 11:00:00Z;33,81406;1;3
2021-02-01 11:00:00Z;34,18917;1;3
2021-02-02 11:00:00Z;32,59594;1;3
2021-02-03 11:00:00Z;32,43427;1;3
2021-02-04 11:00:00Z;31,35413;1;3
2021-02-05 11:00:00Z;33,80785;1;3
2021-02-06 11:00:00Z;32,31794;1;3
2021-02-07 11:00:00Z;32,65103;1;3
2021-02-08 11:00:00Z;32,16528;1;3
2021-02-09 11:00:00Z;32,18851;1;3
2021-02-10 11:00:00Z;31,87448;1;3
2021-02-11 11:00:00Z;31,79371;1;3
2021-02-12 11:00:00Z;32,23815;1;3
2021-02-13 11:00:00Z;32,73339;1;3
2021-02-14 11:00:00Z;33,99274;1;3
2021-02-15 11:00:00Z;34,40904;1;3
2021-02-16 11:00:00Z;33,79253;1;3
2021-02-17 11:00:00Z;33,33416;1;3
2021-02-18 11:00:00Z;34,01145;1;3
2021-02-19 11:00:00Z;34,38256;1;3
2021-02-20 11:00:00Z;33,70978;1;3
2021-02-21 11:00:00Z;33,66699;1;3
2021-02-22 11:00:00Z;33,7752;1;3
2021-02-23 11:00:00Z;33,74204;1;3
2021-02-24 11:00:00Z;33,37425;1;3
2021-02-25 11:00:00Z;49,71846;1;3
2021-02-26 11:00:00Z;110,6565;1;3
2021-02-27 11:00:00Z;101,3095;1;3
2021-02-28 11:00:00Z;272,0564;1;3
2021-03-01 11:00:00Z;401,8055;1;3
2021-03-02 11:00:00Z;180,4001;1;3
2021-03-03 11:00:00Z;121,5874;1;3
2021-03-04 11:00:00Z;94,44043;1;3
2021-03-05 11:00:00Z;82,42544;1;3
2021-03-06 11:00:00Z;76,50395;1;3
2021-03-07 11:00:00Z;63,67296;1;3
2021-03-08 11:00:00Z;65,62485;1;3
2021-03-09 11:00:00Z;63,59584;1;3
2021-03-10 11:00:00Z;61,35228;1;3
2021-03-11 11:00:00Z;62,8717;1;3
2021-03-12 11:00:00Z;58,37868;1;3
2021-03-13 11:00:00Z;53,62666;1;3
2021-03-14 11:00:00Z;51,19923;1;3
2021-03-15 11:00:00Z;49,64301;1;3
2021-03-16 11:00:00Z;50,02582;1;3
2021-03-17 11:00:00Z;49,50615;1;3
2021-03-18 11:00:00Z;47,0492;1;3
2021-03-19 11:00:00Z;47,5471;1;3
2021-03-20 11:00:00Z;62,69686;1;3
2021-03-21 11:00:00Z;103,7912;1;3
2021-03-22 11:00:00Z;80,94927;1;3
2021-03-23 11:00:00Z;109,5925;1;3
2021-03-24 11:00:00Z;264,6761;1;3
2021-03-25 11:00:00Z;175,3056;1;3
2021-03-26 11:00:00Z;121,6025;1;3
2021-03-27 11:00:00Z;104,3076;1;3
2021-03-28 11:00:00Z;100,2172;1;3
2021-03-29 11:00:00Z;92,04588;1;3
2021-03-30 11:00:00Z;148,7319;1;3
2021-03-31 11:00:00Z;173,3033;1;3
2021-04-01 11:00:00Z;117,1979;1;3
2021-04-02 11:00:00Z;99,92697;1;3
2021-04-03 11:00:00Z;88,74178;1;3
2021-04-04 11:00:00Z;170,4893;1;3
2021-04-05 11:00:00Z;158,1779;1;3
2021-04-06 11:00:00Z;104,8595;1;3
2021-04-07 11:00:00Z;88,09241;1;3
2021-04-08 11:00:00Z;78,60934;1;3
2021-04-09 11:00:00Z;71,90055;1;3
2021-04-10 11:00:00Z;67,73117;1;3
2021-04-11 11:00:00Z;64,40297;1;3
2021-04-12 11:00:00Z;60,70161;1;3
2021-04-13 11:00:00Z;57,29086;1;3
2021-04-14 11:00:00Z;55,82051;1;3
2021-04-15 11:00:00Z;54,15227;1;3
2021-04-16 11:00:00Z;57,61821;1;3
2021-04-17 11:00:00Z;65,03507;1;3
2021-04-18 11:00:00Z;67,63954;1;3
2021-04-19 11:00:00Z;73,7057;1;3
2021-04-20 11:00:00Z;80,88117;1;3
2021-04-21 11:00:00Z;92,14096;1;3
2021-04-22 11:00:00Z;84,4431;1;3
2021-04-23 11:00:00Z;73,12279;1;3
2021-04-24 11:00:00Z;66,44604;1;3
2021-04-25 11:00:00Z;62,0587;1;3
2021-04-26 11:00:00Z;58,81156;1;3
2021-04-27 11:00:00Z;56,33346;1;3
2021-04-28 11:00:00Z;54,51604;1;3
2021-04-29 11:00:00Z;53,19061;1;3
2021-04-30 11:00:00Z;52,70262;1;3
2021-05-01 11:00:00Z;52,05833;1;3
2021-05-02 11:00:00Z;51,88136;1;3
2021-05-03 11:00:00Z;51,34359;1;3
2021-05-04 11:00:00Z;50,9507;1;3
2021-05-05 11:00:00Z;50,00989;1;3
2021-05-06 11:00:00Z;50,41906;1;3
2021-05-07 11:00:00Z;50,9495;1;3
2021-05-08 11:00:00Z;51,86007;1;3
2021-05-09 11:00:00Z;52,78288;1;3
2021-05-10 11:00:00Z;57,8181;1;3
2021-05-11 11:00:00Z;124,2612;1;3
2021-05-12 11:00:00Z;215,0585;1;3
2021-05-13 11:00:00Z;245,3754;1;3
2021-05-14 11:00:00Z;259,185;1;3
2021-05-15 11:00:00Z;324,4338;1;3
2021-05-16 11:00:00Z;390,9526;1;3
2021-05-17 11:00:00Z;483,1728;1;3
2021-05-18 11:00:00Z;617,4757;1;3
2021-05-19 11:00:00Z;596,5396;1;3
2021-05-20 11:00:00Z;553,1217;1;3
2021-05-21 11:00:00Z;497,0273;1;3
2021-05-22 11:00:00Z;451,9819;1;3
2021-05-23 11:00:00Z;409,4842;1;3
2021-05-24 11:00:00Z;375,4414;1;3
2021-05-25 11:00:00Z;394,8932;1;3
2021-05-26 11:00:00Z;424,8152;1;3
2021-05-27 11:00:00Z;442,484;1;3
2021-05-28 11:00:00Z;428,1744;1;3
2021-05-29 11:00:00Z;395,1078;1;3
2021-05-30 11:00:00Z;362,1802;1;3
2021-05-31 11:00:00Z;390,4959;1;3
2021-06-01 11:00:00Z;407,3683;1;3
2021-06-02 11:00:00Z;496,9323;1;3
2021-06-03 11:00:00Z;549,7353;1;3
2021-06-04 11:00:00Z;572,7833;1;3
2021-06-05 11:00:00Z;554,5767;1;3
2021-06-06 11:00:00Z;520,7867;1;3
2021-06-07 11:00:00Z;486,533;1;3
2021-06-08 11:00:00Z;433,4582;1;3
2021-06-09 11:00:00Z;382,0776;1;3
2021-06-10 11:00:00Z;377,7283;1;3
2021-06-11 11:00:00Z;435,5318;1;3
2021-06-12 11:00:00Z;509,1403;1;3
2021-06-13 11:00:00Z;478,0966;1;3
2021-06-14 11:00:00Z;403,5769;1;3
2021-06-15 11:00:00Z;402,4304;1;3
2021-06-16 11:00:00Z;357,271;1;3
2021-06-17 11:00:00Z;258,8513;1;3
2021-06-18 11:00:00Z;324,6258;1;3
2021-06-19 11:00:00Z;333,6547;1;3
2021-06-20 11:00:00Z;266,1356;1;3
2021-06-21 11:00:00Z;266,6408;1;3
2021-06-22 11:00:00Z;284,4536;1;3
2021-06-23 11:00:00Z;228,1391;1;3
2021-06-24 11:00:00Z;205,3433;1;3
2021-06-25 11:00:00Z;192,68;1;3
2021-06-26 11:00:00Z;165,8636;1;3
2021-06-27 11:00:00Z;149,9039;1;3
2021-06-28 11:00:00Z;150,9104;1;3
2021-06-29 11:00:00Z;140,89;1;3
2021-06-30 11:00:00Z;122,2375;1;3
2021-07-01 11:00:00Z;110,6064;1;3
2021-07-02 11:00:00Z;111,4388;1;3
2021-07-03 11:00:00Z;123,7537;1;3
2021-07-04 11:00:00Z;137,2757;1;3
2021-07-05 11:00:00Z;155,6755;1;3
2021-07-06 11:00:00Z;157,3241;1;3
2021-07-07 11:00:00Z;172,47;1;3
2021-07-08 11:00:00Z;166,2639;1;3
2021-07-09 11:00:00Z;134,6429;1;3
2021-07-10 11:00:00Z;119,3465;1;3
2021-07-11 11:00:00Z;137,9013;1;3
2021-07-12 11:00:00Z;179,5588;1;3
2021-07-13 11:00:00Z;130,5518;1;3
2021-07-14 11:00:00Z;109,8366;1;3
2021-07-15 11:00:00Z;104,8519;0;3
2021-07-16 11:00:00Z;120,7626;0;3
2021-07-17 11:00:00Z;141,9634;0;3
2021-07-18 11:00:00Z;293,7094;0;3
2021-07-19 11:00:00Z;254,6904;0;3
2021-07-20 11:00:00Z;299,6059;0;3
2021-07-21 11:00:00Z;200,4044;0;3
2021-07-22 11:00:00Z;178,0349;0;3
2021-07-23 11:00:00Z;152,107;0;3
2021-07-24 11:00:00Z;117,0961;0;3
2021-07-25 11:00:00Z;103,4791;0;3
2021-07-26 11:00:00Z;94,0784;0;3
2021-07-27 11:00:00Z;90,15808;0;3
2021-07-28 11:00:00Z;86,34625;0;3
2021-07-29 11:00:00Z;82,39676;0;3
2021-07-30 11:00:00Z;76,81056;0;3
2021-07-31 11:00:00Z;78,92505;0;3
2021-08-01 11:00:00Z;73,9657;0;3
2021-08-02 11:00:00Z;71,25452;0;3
2021-08-03 11:00:00Z;65,28021;0;3
2021-08-04 11:00:00Z;61,42622;0;3
2021-08-05 11:00:00Z;57,96181;0;3
2021-08-06 11:00:00Z;55,89562;0;3
2021-08-07 11:00:00Z;55,42102;0;3
2021-08-08 11:00:00Z;55,91635;0;3
2021-08-09 11:00:00Z;58,39807;0;3
2021-08-10 11:00:00Z;63,68439;0;3
2021-08-11 11:00:00Z;67,00506;0;3
2021-08-12 11:00:00Z;62,30012;0;3
2021-08-13 11:00:00Z;58,60712;0;3
2021-08-14 11:00:00Z;56,00068;0;3
2021-08-15 11:00:00Z;60,21209;0;3
2021-08-16 11:00:00Z;56,82164;0;3
2021-08-17 11:00:00Z;53,40287;0;3
2021-08-18 11:00:00Z;51,90028;0;3
2021-08-19 11:00:00Z;72,60001;0;3
2021-08-20 11:00:00Z;77,17818;0;3
2021-08-21 11:00:00Z;84,94926;0;3
2021-08-22 11:00:00Z;73,26464;0;3
2021-08-23 11:00:00Z;63,84506;0;3
2021-08-24 11:00:00Z;62,75053;0;3
2021-08-25 11:00:00Z;218,5551;0;3
2021-08-26 11:00:00Z;122,9819;0;3
2021-08-27 11:00:00Z;93,45107;0;3
2021-08-28 11:00:00Z;80,08654;0;3
2021-08-29 11:00:00Z;71,81633;0;3
2021-08-30 11:00:00Z;66,11335;0;3
2021-08-31 11:00:00Z;62,90853;0;3
2021-09-01 11:00:00Z;64,88425;0;3
2021-09-02 11:00:00Z;142,5748;0;3
2021-09-03 11:00:00Z;176,6164;0;3
2021-09-04 11:00:00Z;107,8905;0;3
2021-09-05 11:00:00Z;86,54701;0;3
2021-09-06 11:00:00Z;76,43203;0;3
2021-09-07 11:00:00Z;190,546;0;3
2021-09-08 11:00:00Z;276,5169;0;3
2021-09-09 11:00:00Z;190,7316;0;3
2021-09-10 11:00:00Z;128,6167;0;3
2021-09-11 11:00:00Z;102,2337;0;3
2021-09-12 11:00:00Z;88,8271;0;3
2021-09-13 11:00:00Z;90,32683;0;3
2021-09-14 11:00:00Z;96,64388;0;3
2021-09-15 11:00:00Z;83,42136;0;3
2021-09-16 11:00:00Z;74,34502;0;3
2021-09-17 11:00:00Z;69,38831;0;3
2021-09-18 11:00:00Z;65,46534;0;3
2021-09-19 11:00:00Z;61,03767;0;3
2021-09-20 11:00:00Z;57,94263;0;3
2021-09-21 11:00:00Z;56,14468;0;3
2021-09-22 11:00:00Z;85,0263;0;3
2021-09-23 11:00:00Z;117,3676;0;3
2021-09-24 11:00:00Z;93,3156;0;3
2021-09-25 11:00:00Z;99,94708;0;3
2021-09-26 11:00:00Z;115,7118;0;3
2021-09-27 11:00:00Z;110,6741;0;3
2021-09-28 11:00:00Z;91,13467;0;3
2021-09-29 11:00:00Z;79,73478;0;3
2021-09-30 11:00:00Z;73,68122;0;3
2021-10-01 11:00:00Z;68,45615;0;3
2021-10-02 11:00:00Z;69,81933;0;3
2021-10-03 11:00:00Z;86,13697;0;3
2021-10-04 11:00:00Z;222,1676;0;3
2021-10-05 11:00:00Z;165,872;0;3
2021-10-06 11:00:00Z;127,4394;0;3
2021-10-07 11:00:00Z;147,6635;0;3
2021-10-08 11:00:00Z;169,728;0;3
2021-10-09 11:00:00Z;179,5613;0;3
2021-10-10 11:00:00Z;280,4792;0;3
2021-10-11 11:00:00Z;244,6879;0;3
2021-10-12 11:00:00Z;269,5305;0;3
2021-10-13 11:00:00Z;178,2579;0;3
2021-10-14 11:00:00Z;188,1458;0;3
2021-10-15 11:00:00Z;272,9404;0;3
2021-10-16 11:00:00Z;169,3434;0;3
2021-10-17 11:00:00Z;134,3917;0;3
2021-10-18 11:00:00Z;118,7118;0;3
2021-10-19 11:00:00Z;103,0292;0;3
2021-10-20 11:00:00Z;97,38802;0;3
2021-10-21 11:00:00Z;102,1517;0;3
2021-10-22 11:00:00Z;92,90856;0;3
2021-10-23 11:00:00Z;84,06289;0;3
2021-10-24 11:00:00Z;81,09184;0;3
2021-10-25 11:00:00Z;207,3805;0;3
2021-10-26 11:00:00Z;225,3037;0;3
2021-10-27 11:00:00Z;228,9408;0;3
2021-10-28 11:00:00Z;494,3476;0;3
2021-10-29 11:00:00Z;331,3913;0;3
2021-10-30 11:00:00Z;248,0538;0;3
2021-10-31 11:00:00Z;240,2564;0;3
2021-11-01 11:00:00Z;217,925;0;3
2021-11-02 11:00:00Z;224,1998;0;3
2021-11-03 11:00:00Z;177,6357;0;3
2021-11-04 11:00:00Z;148,1046;0;3
2021-11-05 11:00:00Z;134,2921;0;3
2021-11-06 11:00:00Z;129,4349;0;3
2021-11-07 11:00:00Z;115,5641;0;3
2021-11-08 11:00:00Z;96,96864;0;3
2021-11-09 11:00:00Z;86,52825;0;3
2021-11-10 11:00:00Z;113,3754;0;3
2021-11-11 11:00:00Z;194,1789;0;3
2021-11-12 11:00:00Z;156,2228;0;3
2021-11-13 11:00:00Z;119,8348;0;3
2021-11-14 11:00:00Z;95,92474;0;3
2021-11-15 11:00:00Z;93,55962;0;3
2021-11-16 11:00:00Z;153,6906;0;3
2021-11-17 11:00:00Z;187,5222;0;3
2021-11-18 11:00:00Z;149,983;0;3
2021-11-19 11:00:00Z;120,2287;0;3
2021-11-20 11:00:00Z;114,2517;0;3
2021-11-21 11:00:00Z;102,9163;0;3
2021-11-22 11:00:00Z;90,66794;0;3
2021-11-23 11:00:00Z;86,4418;0;3
2021-11-24 11:00:00Z;101,1437;0;3
2021-11-25 11:00:00Z;89,54398;0;3
2021-11-26 11:00:00Z;74,04358;0;3
2021-11-27 11:00:00Z;71,90621;1;3
2021-11-28 11:00:00Z;71,90621;1;3
2021-11-29 11:00:00Z;71,11343;1;3
2021-11-30 11:00:00Z;71,90621;1;3
2021-12-01 11:00:00Z;72,70266;1;3
2021-12-02 11:00:00Z;71,90621;1;3
2021-12-03 11:00:00Z;70,32064;1;3
2021-12-04 11:00:00Z;68,73141;1;3
2021-12-05 11:00:00Z;64,76382;1;3
2021-12-06 11:00:00Z;64,59483;0;3
2021-12-07 11:00:00Z;60,33859;0;3
2021-12-08 11:00:00Z;57,71123;0;3
2021-12-09 11:00:00Z;56,03442;0;3
2021-12-10 11:00:00Z;59,35767;0;3
2021-12-11 11:00:00Z;57,88403;0;3
2021-12-12 11:00:00Z;57,07455;0;3
2021-12-13 11:00:00Z;53,98436;0;3
2021-12-14 11:00:00Z;53,09835;0;3
2021-12-15 11:00:00Z;54,4655;0;3
2021-12-16 11:00:00Z;73,00568;0;3
2021-12-17 11:00:00Z;100,5495;0;3
2021-12-18 11:00:00Z;128,5869;0;3
2021-12-19 11:00:00Z;117,1267;0;3
2021-12-20 11:00:00Z;84,74687;0;3
2021-12-21 11:00:00Z;70,2917;0;3
2021-12-22 11:00:00Z;61,43637;0;3
2021-12-23 11:00:00Z;60,70228;0;3
2021-12-24 11:00:00Z;55,42134;0;3
2021-12-25 11:00:00Z;54,36095;0;3
2021-12-26 11:00:00Z;55,55619;0;3
2021-12-27 11:00:00Z;54,69688;0;3
2021-12-28 11:00:00Z;50,66654;0;3
2021-12-29 11:00:00Z;48,03239;0;3
2021-12-30 11:00:00Z;50,36097;0;3
2021-12-31 11:00:00Z;51,41651;0;3
2022-01-01 11:00:00Z;48,46012;0;3
2022-01-02 11:00:00Z;46,25989;0;3
2022-01-03 11:00:00Z;49,22486;0;3
2022-01-04 11:00:00Z;49,31132;0;3
2022-01-05 11:00:00Z;47,03186;0;3
2022-01-06 11:00:00Z;44,98396;0;3
2022-01-07 11:00:00Z;42,61641;0;3
2022-01-08 11:00:00Z;41,52745;0;3
2022-01-09 11:00:00Z;42,78078;0;3
2022-01-10 11:00:00Z;42,74022;0;3
2022-01-11 11:00:00Z;41,84563;0;3
2022-01-12 11:00:00Z;48,71927;0;3
2022-01-13 11:00:00Z;63,14939;0;3
2022-01-14 11:00:00Z;61,18749;0;3
2022-01-15 11:00:00Z;56,75399;0;3
2022-01-16 11:00:00Z;73,47175;0;3
2022-01-17 11:00:00Z;86,95643;0;3
2022-01-18 11:00:00Z;80,73569;0;3
2022-01-19 11:00:00Z;396,2564;0;3
2022-01-20 11:00:00Z;234,004;0;3
2022-01-21 11:00:00Z;133,3784;0;3
2022-01-22 11:00:00Z;109,8359;0;3
2022-01-23 11:00:00Z;329,4576;0;3
2022-01-24 11:00:00Z;643,6168;0;3
2022-01-25 11:00:00Z;317,6512;0;3
2022-01-26 11:00:00Z;199,8052;0;3
2022-01-27 11:00:00Z;151,925;0;3
2022-01-28 11:00:00Z;123,8915;0;3
2022-01-29 11:00:00Z;108,6348;0;3
2022-01-30 11:00:00Z;97,33749;0;3
2022-01-31 11:00:00Z;87,51759;0;3
2022-02-01 11:00:00Z;81,66316;0;3
2022-02-02 11:00:00Z;75,40543;0;3
2022-02-03 11:00:00Z;74,52206;1;3
2022-02-04 11:00:00Z;74,33938;1;3
2022-02-05 11:00:00Z;73,9777;1;3
2022-02-06 11:00:00Z;74,70472;1;3
2022-02-07 11:00:00Z;71,96832;1;3
2022-02-08 11:00:00Z;75,07006;1;3
2022-02-09 11:00:00Z;74,16755;0;3
2022-02-10 11:00:00Z;73,00253;0;3
2022-02-11 11:00:00Z;70,66797;0;3
2022-02-12 11:00:00Z;67,68721;0;3
2022-02-13 11:00:00Z;67,81788;0;3
2022-02-14 11:00:00Z;66,58672;0;3
2022-02-15 11:00:00Z;64,4429;0;3
2022-02-16 11:00:00Z;65,72133;0;3
2022-02-17 11:00:00Z;65,64147;0;3
2022-02-18 11:00:00Z;64,42217;0;3
2022-02-19 11:00:00Z;65,63359;0;3
2022-02-20 11:00:00Z;63,9345;1;3
2022-02-21 11:00:00Z;63,33275;0;3
2022-02-22 11:00:00Z;60,17839;0;3
2022-02-23 11:00:00Z;60,00151;0;3
2022-02-24 11:00:00Z;64,36021;0;3
2022-02-25 11:00:00Z;61,71598;0;3
2022-02-26 11:00:00Z;56,90797;0;3
2022-02-27 11:00:00Z;55,37072;0;3
2022-02-28 11:00:00Z;58,2759;0;3
2022-03-01 11:00:00Z;57,36568;1;3
2022-03-02 11:00:00Z;61,56344;1;3
2022-03-03 11:00:00Z;57,91004;1;3
2022-03-04 11:00:00Z;58,53142;0;3
2022-03-05 11:00:00Z;54,47777;0;3
2022-03-06 11:00:00Z;54,31867;0;3
2022-03-07 11:00:00Z;58,46069;0;3
2022-03-08 11:00:00Z;133,5438;0;3
2022-03-09 11:00:00Z;151,0907;0;3
2022-03-10 11:00:00Z;102,3665;0;3
2022-03-11 11:00:00Z;90,89498;0;3
2022-03-12 11:00:00Z;87,79733;0;3
2022-03-13 11:00:00Z;76,43285;0;3
2022-03-14 11:00:00Z;68,76367;0;3
2022-03-15 11:00:00Z;62,53092;0;3
2022-03-16 11:00:00Z;59,02571;0;3
2022-03-17 11:00:00Z;57,76014;0;3
2022-03-18 11:00:00Z;57,67834;0;3
2022-03-19 11:00:00Z;87,49647;0;3
2022-03-20 11:00:00Z;164,6822;0;3
2022-03-21 11:00:00Z;125,0847;0;3
2022-03-22 11:00:00Z;97,37719;0;3
2022-03-23 11:00:00Z;89,07808;0;3
2022-03-24 11:00:00Z;255,7746;0;3
2022-03-25 11:00:00Z;284,2645;0;3
2022-03-26 11:00:00Z;223,8607;0;3
2022-03-27 11:00:00Z;155,0272;0;3
2022-03-28 11:00:00Z;193,9268;0;3
2022-03-29 11:00:00Z;138,5487;0;3
2022-03-30 11:00:00Z;114,038;0;3
2022-03-31 11:00:00Z;97,95155;0;3
2022-04-01 11:00:00Z;86,50346;0;3
2022-04-02 11:00:00Z;82,79307;0;3
2022-04-03 11:00:00Z;77,56233;0;3
2022-04-04 11:00:00Z;72,74376;0;3
2022-04-05 11:00:00Z;68,59671;0;3
2022-04-06 11:00:00Z;65,43469;0;3
2022-04-07 11:00:00Z;63,15392;0;3
2022-04-08 11:00:00Z;59,05353;0;3
2022-04-09 11:00:00Z;59,98664;0;3
2022-04-10 11:00:00Z;58,65164;0;3
2022-04-11 11:00:00Z;63,21687;0;3
2022-04-12 11:00:00Z;61,03306;0;3
2022-04-13 11:00:00Z;59,24178;0;3
2022-04-14 11:00:00Z;57,88974;0;3
2022-04-15 11:00:00Z;56,20905;0;3
2022-04-16 11:00:00Z;56,16045;0;3
2022-04-17 11:00:00Z;61,34265;0;3
2022-04-18 11:00:00Z;74,56743;0;3
2022-04-19 11:00:00Z;83,91793;0;3
2022-04-20 11:00:00Z;107,2395;0;3
2022-04-21 11:00:00Z;114,9558;0;3
2022-04-22 11:00:00Z;120,1578;0;3
2022-04-23 11:00:00Z;112,8861;0;3
2022-04-24 11:00:00Z;111,8765;0;3
2022-04-25 11:00:00Z;116,3524;0;3
2022-04-26 11:00:00Z;115,1588;0;3
2022-04-27 11:00:00Z;98,39359;0;3
2022-04-28 11:00:00Z;87,9477;0;3
2022-04-29 11:00:00Z;80,79394;0;3
2022-04-30 11:00:00Z;79,29424;0;3
2022-05-01 11:00:00Z;82,67868;0;3
2022-05-02 11:00:00Z;159,7495;0;3
2022-05-03 11:00:00Z;121,172;0;3
2022-05-04 11:00:00Z;95,69141;0;3
2022-05-05 11:00:00Z;91,0479;0;3
2022-05-06 11:00:00Z;135,6449;0;3
2022-05-07 11:00:00Z;277,0625;0;3
2022-05-08 11:00:00Z;186,9684;0;3
2022-05-09 11:00:00Z;151,8307;0;3
2022-05-10 11:00:00Z;171,53;0;3
2022-05-11 11:00:00Z;238,8083;0;3
2022-05-12 11:00:00Z;258,7249;0;3
2022-05-13 11:00:00Z;292,7061;0;3
2022-05-14 11:00:00Z;310,0525;0;3
2022-05-15 11:00:00Z;323,9185;0;3
2022-05-16 11:00:00Z;268,8332;0;3
2022-05-17 11:00:00Z;210,3012;0;3
2022-05-18 11:00:00Z;194,7493;0;3
2022-05-19 11:00:00Z;246,4698;0;3
2022-05-20 11:00:00Z;350,2837;0;3
2022-05-21 11:00:00Z;429,8833;0;3
2022-05-22 11:00:00Z;488,842;0;3
2022-05-23 11:00:00Z;547,4119;0;3
2022-05-24 11:00:00Z;656,2919;0;3
2022-05-25 11:00:00Z;776,0959;0;3
2022-05-26 11:00:00Z;808,353;0;3
2022-05-27 11:00:00Z;804,0363;0;3
2022-05-28 11:00:00Z;815,2531;0;3
2022-05-29 11:00:00Z;785,0379;0;3
2022-05-30 11:00:00Z;779,3804;0;3
2022-05-31 11:00:00Z;810,5471;0;3
2022-06-01 11:00:00Z;866,4738;0;3
2022-06-02 11:00:00Z;983,9009;0;3
2022-06-03 11:00:00Z;934,0405;0;3
2022-06-04 11:00:00Z;911,7264;0;3
2022-06-05 11:00:00Z;848,6719;0;3
2022-06-06 11:00:00Z;613,1057;0;3
2022-06-07 11:00:00Z;527,5084;0;3
2022-06-08 11:00:00Z;460,5292;0;3
2022-06-09 11:00:00Z;414,9683;0;3
2022-06-10 11:00:00Z;441,7121;0;3
2022-06-11 11:00:00Z;627,1138;0;3
2022-06-12 11:00:00Z;640,8348;0;3
2022-06-13 11:00:00Z;617,1324;0;3
2022-06-14 11:00:00Z;680,6117;0;3
2022-06-15 11:00:00Z;608,4403;0;3
2022-06-16 11:00:00Z;512,269;0;3
2022-06-17 11:00:00Z;479,7019;0;3
2022-06-18 11:00:00Z;525,884;0;3
2022-06-19 11:00:00Z;530,7975;0;3
2022-06-20 11:00:00Z;436,634;0;3
2022-06-21 11:00:00Z;433,9183;0;3
2022-06-22 11:00:00Z;437,6123;0;3
2022-06-23 11:00:00Z;533,2652;0;3
2022-06-24 11:00:00Z;633,7676;0;3
2022-06-25 11:00:00Z;593,3848;0;3
2022-06-26 11:00:00Z;607,4474;0;3
2022-06-27 11:00:00Z;606,1155;0;3
2022-06-28 11:00:00Z;638,6387;0;3
2022-06-29 11:00:00Z;751,8614;0;3
2022-06-30 11:00:00Z;561,6983;0;3
2022-07-01 11:00:00Z;532,0108;0;3
2022-07-02 11:00:00Z;583,475;0;3
2022-07-03 11:00:00Z;630,9206;0;3
2022-07-04 11:00:00Z;444,4914;0;3
2022-07-05 11:00:00Z;503,0859;0;3
2022-07-06 11:00:00Z;470,8122;0;3
2022-07-07 11:00:00Z;368,2121;0;3
2022-07-08 11:00:00Z;321,288;0;3
2022-07-09 11:00:00Z;325,0826;0;3
2022-07-10 11:00:00Z;246,0011;0;3
2022-07-11 11:00:00Z;202,9621;0;3
2022-07-12 11:00:00Z;182,8306;0;3
2022-07-13 11:00:00Z;224,781;0;3
2022-07-14 11:00:00Z;225,1576;0;3
2022-07-15 11:00:00Z;309,1163;0;3
2022-07-16 11:00:00Z;345,0866;0;3
2022-07-17 11:00:00Z;254,2275;0;3
2022-07-18 11:00:00Z;231,7307;0;3
2022-07-19 11:00:00Z;246,4503;0;3
2022-07-20 11:00:00Z;214,3586;0;3
2022-07-21 11:00:00Z;358,5273;0;3
2022-07-22 11:00:00Z;321,3183;0;3
2022-07-23 11:00:00Z;239,6618;0;3
2022-07-24 11:00:00Z;182,4008;0;3
2022-07-25 11:00:00Z;180,1406;0;3
2022-07-26 11:00:00Z;219,5155;0;3
2022-07-27 11:00:00Z;359,0113;0;3
2022-07-28 11:00:00Z;247,6538;0;3
2022-07-29 11:00:00Z;175,291;0;3
2022-07-30 11:00:00Z;142,069;0;3
2022-07-31 11:00:00Z;129,823;0;3
2022-08-01 11:00:00Z;138,1467;0;3
2022-08-02 11:00:00Z;155,7438;0;3
2022-08-03 11:00:00Z;124,4163;0;3
2022-08-04 11:00:00Z;130,8319;0;3
2022-08-05 11:00:00Z;174,7777;0;3
2022-08-06 11:00:00Z;141,4539;0;3
2022-08-07 11:00:00Z;146,5251;0;3
2022-08-08 11:00:00Z;128,4794;0;3
2022-08-09 11:00:00Z;112,5536;0;3
2022-08-10 11:00:00Z;248,9882;0;3
2022-08-11 11:00:00Z;661,917;0;3
2022-08-12 11:00:00Z;304,9521;0;3
2022-08-13 11:00:00Z;182,782;0;3
2022-08-14 11:00:00Z;138,3723;0;3
2022-08-15 11:00:00Z;122,0406;0;3
2022-08-16 11:00:00Z;134,1478;0;3
2022-08-17 11:00:00Z;216,6947;0;3
2022-08-18 11:00:00Z;198,9385;0;3
2022-08-19 11:00:00Z;154,5696;0;3
2022-08-20 11:00:00Z;163,1468;0;3
2022-08-21 11:00:00Z;159,7089;0;3
2022-08-22 11:00:00Z;192,6822;0;3
2022-08-23 11:00:00Z;185,2548;0;3
2022-08-24 11:00:00Z;131,4096;0;3
2022-08-25 11:00:00Z;112,3093;0;3
2022-08-26 11:00:00Z;103,1422;0;3
2022-08-27 11:00:00Z;148,2596;0;3
2022-08-28 11:00:00Z;160,5011;0;3
2022-08-29 11:00:00Z;141,0618;0;3
2022-08-30 11:00:00Z;115,7019;0;3
2022-08-31 11:00:00Z;102,1708;0;3
2022-09-01 11:00:00Z;93,19824;0;3
2022-09-02 11:00:00Z;82,42799;0;3
2022-09-03 11:00:00Z;74,45119;0;3
2022-09-04 11:00:00Z;68,57878;0;3
2022-09-05 11:00:00Z;64,04273;0;3
2022-09-06 11:00:00Z;60,35997;0;3
2022-09-07 11:00:00Z;57,55674;0;3
2022-09-08 11:00:00Z;55,31591;0;3
2022-09-09 11:00:00Z;53,55849;0;3
2022-09-10 11:00:00Z;52,17194;0;3
2022-09-11 11:00:00Z;50,71051;0;3
2022-09-12 11:00:00Z;49,36656;0;3
2022-09-13 11:00:00Z;48,35589;0;3
2022-09-14 11:00:00Z;57,23096;0;3
2022-09-15 11:00:00Z;67,29773;0;3
2022-09-16 11:00:00Z;67,68152;0;3
2022-09-17 11:00:00Z;65,0341;0;3
2022-09-18 11:00:00Z;63,65792;0;3
2022-09-19 11:00:00Z;60,57278;0;3
2022-09-20 11:00:00Z;61,39359;0;3
2022-09-21 11:00:00Z;59,44105;0;3
2022-09-22 11:00:00Z;58,342;0;3
2022-09-23 11:00:00Z;59,23613;0;3
2022-09-24 11:00:00Z;83,10714;0;3
2022-09-25 11:00:00Z;74,72556;0;3
2022-09-26 11:00:00Z;67,58738;0;3
2022-09-27 11:00:00Z;67,3951;0;3
2022-09-28 11:00:00Z;65,38215;0;3
2022-09-29 11:00:00Z;61,68233;0;3
2022-09-30 11:00:00Z;58,5058;0;3
2022-10-01 11:00:00Z;55,91155;0;3
2022-10-02 11:00:00Z;53,93264;0;3
2022-10-03 11:00:00Z;53,60326;0;3
2022-10-04 11:00:00Z;59,53686;0;3
2022-10-05 11:00:00Z;98,49149;0;3
2022-10-06 11:00:00Z;179,0442;0;3
2022-10-07 11:00:00Z;299,0964;0;3
2022-10-08 11:00:00Z;280,7225;0;3
2022-10-09 11:00:00Z;326,9441;0;3
2022-10-10 11:00:00Z;326,3596;0;3
2022-10-11 11:00:00Z;261,5275;0;3
2022-10-12 11:00:00Z;296,9673;0;3
2022-10-13 11:00:00Z;261,3429;0;3
2022-10-14 11:00:00Z;202,1422;0;3
2022-10-15 11:00:00Z;162,1002;0;3
2022-10-16 11:00:00Z;164,2035;0;3
2022-10-17 11:00:00Z;130,1425;0;3
2022-10-18 11:00:00Z;123,1285;0;3
2022-10-19 11:00:00Z;113,7849;0;3
2022-10-20 11:00:00Z;122,9822;0;3
2022-10-21 11:00:00Z;112,2783;0;3
2022-10-22 11:00:00Z;96,40566;0;3
2022-10-23 11:00:00Z;91,1814;0;3
2022-10-24 11:00:00Z;80,92506;0;3
2022-10-25 11:00:00Z;74,95061;0;3
2022-10-26 11:00:00Z;91,96339;0;3
2022-10-27 11:00:00Z;108,768;0;3
2022-10-28 11:00:00Z;439,1449;0;3
2022-10-29 11:00:00Z;421,8524;0;3
2022-10-30 11:00:00Z;281,4636;0;3
2022-10-31 11:00:00Z;187,9355;0;3
2022-11-01 11:00:00Z;207,7829;0;3
2022-11-02 11:00:00Z;165,7602;0;3
2022-11-03 11:00:00Z;145,8447;0;3
2022-11-04 11:00:00Z;131,5921;0;3
2022-11-05 11:00:00Z;120,3373;0;3
2022-11-06 11:00:00Z;119,9179;0;3
2022-11-07 11:00:00Z;117,032;0;3
2022-11-08 11:00:00Z;98,90293;0;3
2022-11-09 11:00:00Z;82,53386;0;3
2022-11-10 11:00:00Z;77,06144;0;3
2022-11-11 11:00:00Z;278,1923;0;3
2022-11-12 11:00:00Z;699,8576;0;3
2022-11-13 11:00:00Z;526,334;0;3
2022-11-14 11:00:00Z;286,868;0;3
2022-11-15 11:00:00Z;200,3383;0;3
2022-11-16 11:00:00Z;145,0244;0;3
2022-11-17 11:00:00Z;114,6393;0;3
2022-11-18 11:00:00Z;96,35165;0;3
2022-11-19 11:00:00Z;90,53338;0;3
2022-11-20 11:00:00Z;87,14533;0;3
2022-11-21 11:00:00Z;79,64777;1;3
2022-11-22 11:00:00Z;72,53825;1;3
2022-11-23 11:00:00Z;72,53825;1;3
2022-11-24 11:00:00Z;68,27109;1;3
2022-11-25 11:00:00Z;65,42509;1;3
2022-11-26 11:00:00Z;66,84626;1;3
2022-11-27 11:00:00Z;59,73674;1;3
2022-11-28 11:00:00Z;62,57909;1;3
2022-11-29 11:00:00Z;62,57909;1;3
2022-11-30 11:00:00Z;54,04475;1;3
2022-12-01 11:00:00Z;48,3564;1;3
2022-12-02 11:00:00Z;44,08923;1;3
2022-12-03 11:00:00Z;41,52352;0;3
2022-12-04 11:00:00Z;40,2035;0;3
2022-12-05 11:00:00Z;44,75433;0;3
2022-12-06 11:00:00Z;48,10752;0;3
2022-12-07 11:00:00Z;43,04005;0;3
2022-12-08 11:00:00Z;40,57404;0;3
2022-12-09 11:00:00Z;40,88291;0;3
2022-12-10 11:00:00Z;39,15666;0;3
2022-12-11 11:00:00Z;37,53633;0;3
2022-12-12 11:00:00Z;37,20315;0;3
2022-12-13 11:00:00Z;36,71613;0;3
2022-12-14 11:00:00Z;36,14254;0;3
2022-12-15 11:00:00Z;37,48028;0;3
2022-12-16 11:00:00Z;38,89362;0;3
2022-12-17 11:00:00Z;40,70705;0;3
2022-12-18 11:00:00Z;41,20693;0;3
2022-12-19 11:00:00Z;40,79543;0;3
2022-12-20 11:00:00Z;40,51826;0;3
2022-12-21 11:00:00Z;40,25797;0;3
2022-12-22 11:00:00Z;40,21781;0;3
2022-12-23 11:00:00Z;39,18493;0;3
2022-12-24 11:00:00Z;38,85382;0;3
2022-12-25 11:00:00Z;40,78466;0;3
2022-12-26 11:00:00Z;42,89992;0;3
2022-12-27 11:00:00Z;43,50417;0;3
2022-12-28 11:00:00Z;42,4721;0;3
2022-12-29 11:00:00Z;40,47041;0;3
2022-12-30 11:00:00Z;39,4235;0;3
2022-12-31 11:00:00Z;39,73304;0;3
2023-01-01 11:00:00Z;39,60691;0;3
2023-01-02 11:00:00Z;39,48431;0;3
2023-01-03 11:00:00Z;39,34966;0;3
2023-01-04 11:00:00Z;39,01899;0;3
2023-01-05 11:00:00Z;37,55987;0;3
2023-01-06 11:00:00Z;37,15583;0;3
2023-01-07 11:00:00Z;35,5286;0;3
2023-01-08 11:00:00Z;35,06573;0;3
2023-01-09 11:00:00Z;34,75592;0;3
2023-01-10 11:00:00Z;34,71133;0;3
2023-01-11 11:00:00Z;34,35768;0;3
2023-01-12 11:00:00Z;34,21811;0;3
2023-01-13 11:00:00Z;35,20752;0;3
2023-01-14 11:00:00Z;36,03825;0;3
2023-01-15 11:00:00Z;35,84178;0;3
2023-01-16 11:00:00Z;35,3922;0;3
2023-01-17 11:00:00Z;35,25444;0;3
2023-01-18 11:00:00Z;35,04676;0;3
2023-01-19 11:00:00Z;35,24694;0;3
2023-01-20 11:00:00Z;34,7701;0;3
2023-01-21 11:00:00Z;34,5485;0;3
2023-01-22 11:00:00Z;34,36361;0;3
2023-01-23 11:00:00Z;34,02593;0;3
2023-01-24 11:00:00Z;36,20921;0;3
2023-01-25 11:00:00Z;106,351;0;3
2023-01-26 11:00:00Z;161,9406;1;3
2023-01-27 11:00:00Z;151,6807;0;3
2023-01-28 11:00:00Z;118,3425;0;3
2023-01-29 11:00:00Z;94,51431;0;3
2023-01-30 11:00:00Z;83,45562;0;3
2023-01-31 11:00:00Z;74,58485;0;3
2023-02-01 11:00:00Z;66,01205;0;3
2023-02-02 11:00:00Z;57,18686;0;3
2023-02-03 11:00:00Z;52,5643;0;3
2023-02-04 11:00:00Z;50,05952;0;3
2023-02-05 11:00:00Z;55,09032;0;3
2023-02-06 11:00:00Z;58,69842;0;3
2023-02-07 11:00:00Z;82,6908;0;3
2023-02-08 11:00:00Z;112,4321;0;3
2023-02-09 11:00:00Z;94,99889;0;3
2023-02-10 11:00:00Z;79,38284;0;3
2023-02-11 11:00:00Z;70,15689;0;3
2023-02-12 11:00:00Z;83,81211;0;3
2023-02-13 11:00:00Z;133,0622;0;3
2023-02-14 11:00:00Z;133,3831;0;3
2023-02-15 11:00:00Z;143,006;0;3
2023-02-16 11:00:00Z;114,8516;0;3
2023-02-17 11:00:00Z;101,3395;0;3
2023-02-18 11:00:00Z;86,69845;0;3
2023-02-19 11:00:00Z;78,21049;0;3
2023-02-20 11:00:00Z;73,7473;0;3
2023-02-21 11:00:00Z;66,98393;0;3
2023-02-22 11:00:00Z;62,17242;0;3
2023-02-23 11:00:00Z;66,21611;0;3
2023-02-24 11:00:00Z;65,10657;0;3
2023-02-25 11:00:00Z;62,08041;0;3
2023-02-26 11:00:00Z;60,74192;0;3
2023-02-27 11:00:00Z;60,99784;0;3
2023-02-28 11:00:00Z;69,56552;0;3
2023-03-01 11:00:00Z;72,52619;0;3
2023-03-02 11:00:00Z;76,14272;0;3
2023-03-03 11:00:00Z;71,0749;0;3
2023-03-04 11:00:00Z;65,10301;0;3
2023-03-05 11:00:00Z;59,94537;0;3
2023-03-06 11:00:00Z;56,03317;0;3
2023-03-07 11:00:00Z;52,89373;0;3
2023-03-08 11:00:00Z;51,28241;0;3
2023-03-09 11:00:00Z;48,95193;0;3
2023-03-10 11:00:00Z;52,70319;0;3
2023-03-11 11:00:00Z;52,02975;0;3
2023-03-12 11:00:00Z;48,98336;0;3
2023-03-13 11:00:00Z;47,71846;0;3
2023-03-14 11:00:00Z;48,35088;0;3
2023-03-15 11:00:00Z;45,9166;0;3
2023-03-16 11:00:00Z;46,70409;0;3
2023-03-17 11:00:00Z;44,52274;0;3
2023-03-18 11:00:00Z;46,88939;0;3
2023-03-19 11:00:00Z;47,07466;0;3
2023-03-20 11:00:00Z;46,80856;0;3
2023-03-21 11:00:00Z;46,04765;0;3
2023-03-22 11:00:00Z;44,03252;0;3
2023-03-23 11:00:00Z;45,55129;0;3
2023-03-24 11:00:00Z;44,18744;0;3
2023-03-25 11:00:00Z;41,62347;0;3
2023-03-26 11:00:00Z;41,58979;0;3
2023-03-27 11:00:00Z;42,37379;0;3
2023-03-28 11:00:00Z;41,67281;0;3
2023-03-29 11:00:00Z;40,78202;0;3
2023-03-30 11:00:00Z;40,56573;0;3
2023-03-31 11:00:00Z;41,37368;0;3
2023-04-01 11:00:00Z;41,79038;0;3
2023-04-02 11:00:00Z;41,31631;0;3
2023-04-03 11:00:00Z;41,06699;0;3
2023-04-04 11:00:00Z;41,81854;0;3
2023-04-05 11:00:00Z;41,18462;0;3
2023-04-06 11:00:00Z;41,0697;0;3
2023-04-07 11:00:00Z;40,78251;0;3
2023-04-08 11:00:00Z;40,9402;0;3
2023-04-09 11:00:00Z;41,21136;0;3
2023-04-10 11:00:00Z;41,50526;0;3
2023-04-11 11:00:00Z;42,85018;0;3
2023-04-12 11:00:00Z;46,15388;0;3
2023-04-13 11:00:00Z;58,54926;0;3
2023-04-14 11:00:00Z;66,0079;0;3
2023-04-15 11:00:00Z;59,89098;0;3
2023-04-16 11:00:00Z;56,14851;0;3
2023-04-17 11:00:00Z;54,73997;0;3
2023-04-18 11:00:00Z;59,32063;0;3
2023-04-19 11:00:00Z;66,62305;0;3
2023-04-20 11:00:00Z;83,87808;0;3
2023-04-21 11:00:00Z;122,5972;0;3
2023-04-22 11:00:00Z;149,3784;0;3
2023-04-23 11:00:00Z;124,5521;0;3
2023-04-24 11:00:00Z;99,3401;0;3
2023-04-25 11:00:00Z;84,14455;0;3
2023-04-26 11:00:00Z;75,04048;0;3
2023-04-27 11:00:00Z;69,68385;0;3
2023-04-28 11:00:00Z;68,77414;0;3
2023-04-29 11:00:00Z;66,89982;0;3
2023-04-30 11:00:00Z;66,07639;0;3
2023-05-01 11:00:00Z;66,1152;0;3
2023-05-02 11:00:00Z;65,23477;0;3
2023-05-03 11:00:00Z;64,99431;0;3
2023-05-04 11:00:00Z;62,28297;0;3
2023-05-05 11:00:00Z;59,86448;0;3
2023-05-06 11:00:00Z;59,0304;0;3
2023-05-07 11:00:00Z;61,15573;0;3
2023-05-08 11:00:00Z;64,64816;0;3
2023-05-09 11:00:00Z;88,58416;0;3
2023-05-10 11:00:00Z;146,9901;0;3
2023-05-11 11:00:00Z;238,7761;0;3
2023-05-12 11:00:00Z;289,9467;0;3
2023-05-13 11:00:00Z;305,912;0;3
2023-05-14 11:00:00Z;375,6765;0;3
2023-05-15 11:00:00Z;482,8792;0;3
2023-05-16 11:00:00Z;532,5256;0;3
2023-05-17 11:00:00Z;479,4155;0;3
2023-05-18 11:00:00Z;412,8999;0;3
2023-05-19 11:00:00Z;430,7803;0;3
2023-05-20 11:00:00Z;546,0822;0;3
2023-05-21 11:00:00Z;552,1171;0;3
2023-05-22 11:00:00Z;579,3679;0;3
2023-05-23 11:00:00Z;668,5084;0;3
2023-05-24 11:00:00Z;601,3712;0;3
2023-05-25 11:00:00Z;597,2465;0;3
2023-05-26 11:00:00Z;437,463;0;3
2023-05-27 11:00:00Z;345,2461;0;3
2023-05-28 11:00:00Z;560,3058;0;3
2023-05-29 11:00:00Z;545,0349;0;3
2023-05-30 11:00:00Z;427,3114;0;3
2023-05-31 11:00:00Z;578,8127;0;3
2023-06-01 11:00:00Z;437,4062;0;3
2023-06-02 11:00:00Z;308,026;0;3
2023-06-03 11:00:00Z;318,9709;0;3
2023-06-04 11:00:00Z;362,8303;0;3
2023-06-05 11:00:00Z;395,0567;0;3
2023-06-06 11:00:00Z;325,192;0;3
2023-06-07 11:00:00Z;265,4986;0;3
2023-06-08 11:00:00Z;273,5982;0;3
2023-06-09 11:00:00Z;255,5686;0;3
2023-06-10 11:00:00Z;261,0824;0;3
2023-06-11 11:00:00Z;389,0067;0;3
2023-06-12 11:00:00Z;539,792;0;3
2023-06-13 11:00:00Z;639,0164;0;3
2023-06-14 11:00:00Z;552,9177;0;3
2023-06-15 11:00:00Z;443,0257;0;3
2023-06-16 11:00:00Z;380,2574;0;3
2023-06-17 11:00:00Z;365,6247;0;3
2023-06-18 11:00:00Z;436,586;0;3
2023-06-19 11:00:00Z;452,331;0;3
2023-06-20 11:00:00Z;439,162;0;3
2023-06-21 11:00:00Z;444,2785;0;3
2023-06-22 11:00:00Z;462,0163;0;3
2023-06-23 11:00:00Z;494,9542;0;3
2023-06-24 11:00:00Z;369,7835;0;3
2023-06-25 11:00:00Z;274,0053;0;3
2023-06-26 11:00:00Z;234,8548;0;3
2023-06-27 11:00:00Z;282,7667;0;3
2023-06-28 11:00:00Z;285,0124;0;3
2023-06-29 11:00:00Z;235,595;0;3
2023-06-30 11:00:00Z;226,3245;0;3
2023-07-01 11:00:00Z;266,6312;0;3
2023-07-02 11:00:00Z;230,1339;0;3
2023-07-03 11:00:00Z;224,1603;0;3
2023-07-04 11:00:00Z;196,7109;0;3
2023-07-05 11:00:00Z;162,915;0;3
2023-07-06 11:00:00Z;139,7522;0;3
2023-07-07 11:00:00Z;127,2558;0;3
2023-07-08 11:00:00Z;132,8426;0;3
2023-07-09 11:00:00Z;123,8862;0;3
2023-07-10 11:00:00Z;113,0103;0;3
2023-07-11 11:00:00Z;116,1809;0;3
2023-07-12 11:00:00Z;131,6205;0;3
2023-07-13 11:00:00Z;152,3325;0;3
2023-07-14 11:00:00Z;135,4557;0;3
2023-07-15 11:00:00Z;124,5332;0;3
2023-07-16 11:00:00Z;111,4868;0;3
2023-07-17 11:00:00Z;156,8923;0;3
2023-07-18 11:00:00Z;146,0454;0;3
2023-07-19 11:00:00Z;123,9206;0;3
2023-07-20 11:00:00Z;103,2177;0;3
2023-07-21 11:00:00Z;90,35076;0;3
2023-07-22 11:00:00Z;99,32165;0;3
2023-07-23 11:00:00Z;101,696;0;3
2023-07-24 11:00:00Z;110,7561;0;3
2023-07-25 11:00:00Z;97,52765;0;3
2023-07-26 11:00:00Z;91,68342;0;3
2023-07-27 11:00:00Z;85,6799;0;3
2023-07-28 11:00:00Z;83,72723;0;3
2023-07-29 11:00:00Z;91,64204;0;3
2023-07-30 11:00:00Z;84,52306;0;3
2023-07-31 11:00:00Z;77,22838;0;3
2023-08-01 11:00:00Z;77,0654;0;3
2023-08-02 11:00:00Z;80,62231;0;3
2023-08-03 11:00:00Z;125,9285;0;3
2023-08-04 11:00:00Z;128,347;0;3
2023-08-05 11:00:00Z;110,4619;0;3
2023-08-06 11:00:00Z;98,21035;0;3
2023-08-07 11:00:00Z;95,07829;0;3
2023-08-08 11:00:00Z;164,404;0;3
2023-08-09 11:00:00Z;156,8834;0;3
2023-08-10 11:00:00Z;121,8645;0;3
2023-08-11 11:00:00Z;108,0438;0;3
2023-08-12 11:00:00Z;100,5804;0;3
2023-08-13 11:00:00Z;97,75572;0;3
2023-08-14 11:00:00Z;96,67044;0;3
2023-08-15 11:00:00Z;91,62598;0;3
2023-08-16 11:00:00Z;100,8177;0;3
2023-08-17 11:00:00Z;122,9206;0;3
2023-08-18 11:00:00Z;101,9573;0;3
2023-08-19 11:00:00Z;90,73353;0;3
2023-08-20 11:00:00Z;84,19102;0;3
2023-08-21 11:00:00Z;86,12318;0;3
2023-08-22 11:00:00Z;84,28268;0;3
2023-08-23 11:00:00Z;81,94499;0;3
2023-08-24 11:00:00Z;76,42891;0;3
2023-08-25 11:00:00Z;72,05357;0;3
2023-08-26 11:00:00Z;69,68617;0;3
2023-08-27 11:00:00Z;67,0241;0;3
2023-08-28 11:00:00Z;65,31145;0;3
2023-08-29 11:00:00Z;64,01961;0;3
2023-08-30 11:00:00Z;62,58126;0;3
2023-08-31 11:00:00Z;59,85147;0;3
2023-09-01 11:00:00Z;58,58405;0;3
2023-09-02 11:00:00Z;56,98954;0;3
2023-09-03 11:00:00Z;58,36509;0;3
2023-09-04 11:00:00Z;106,9766;0;3
2023-09-05 11:00:00Z;157,6997;0;3
2023-09-06 11:00:00Z;193,7208;0;3
2023-09-07 11:00:00Z;130,6938;0;3
2023-09-08 11:00:00Z;110,176;0;3
2023-09-09 11:00:00Z;143,2717;0;3
2023-09-10 11:00:00Z;133,4903;0;3
2023-09-11 11:00:00Z;122,1313;0;3
2023-09-12 11:00:00Z;140,0206;0;3
2023-09-13 11:00:00Z;127,8243;0;3
2023-09-14 11:00:00Z;111,3048;0;3
2023-09-15 11:00:00Z;93,68452;0;3
2023-09-16 11:00:00Z;110,2657;0;3
2023-09-17 11:00:00Z;145,0964;0;3
2023-09-18 11:00:00Z;107,4449;0;3
2023-09-19 11:00:00Z;96,07854;1;3
2023-09-20 11:00:00Z;194,8297;0;3
2023-09-21 11:00:00Z;212,3966;0;3
2023-09-22 11:00:00Z;371,1616;0;3
2023-09-23 11:00:00Z;458,9019;0;3
2023-09-24 11:00:00Z;269,5416;0;3
2023-09-25 11:00:00Z;227,49;0;3
2023-09-26 11:00:00Z;393,0068;0;3
2023-09-27 11:00:00Z;287,3697;0;3
2023-09-28 11:00:00Z;206,5253;0;3
2023-09-29 11:00:00Z;251,3904;0;3
2023-09-30 11:00:00Z;253,4428;0;3
2023-10-01 11:00:00Z;215,6548;0;3
2023-10-02 11:00:00Z;173,1597;0;3
2023-10-03 11:00:00Z;233,6458;0;3
2023-10-04 11:00:00Z;205,8768;0;3
2023-10-05 11:00:00Z;167,979;0;3
2023-10-06 11:00:00Z;135,5852;0;3
2023-10-07 11:00:00Z;116,7064;0;3
2023-10-08 11:00:00Z;109,6528;0;3
2023-10-09 11:00:00Z;105,55;0;3
2023-10-10 11:00:00Z;101,7763;0;3
2023-10-11 11:00:00Z;161,4982;0;3
2023-10-12 11:00:00Z;161,8495;0;3
2023-10-13 11:00:00Z;132,2611;0;3
2023-10-14 11:00:00Z;117,9616;0;3
2023-10-15 11:00:00Z;108,8774;0;3
2023-10-16 11:00:00Z;110,2936;0;3
2023-10-17 11:00:00Z;109,1479;0;3
2023-10-18 11:00:00Z;97,49401;0;3
2023-10-19 11:00:00Z;85,93159;0;3
2023-10-20 11:00:00Z;77,66315;0;3
2023-10-21 11:00:00Z;72,92669;0;3
2023-10-22 11:00:00Z;73,13581;0;3
2023-10-23 11:00:00Z;67,97385;0;3
2023-10-24 11:00:00Z;65,71664;0;3
2023-10-25 11:00:00Z;63,26871;0;3
2023-10-26 11:00:00Z;61,62927;0;3
2023-10-27 11:00:00Z;58,86908;0;3
2023-10-28 11:00:00Z;54,76098;0;3
2023-10-29 11:00:00Z;55,61349;0;3
2023-10-30 11:00:00Z;54,06817;0;3
2023-10-31 11:00:00Z;45,83694;0;3
2023-11-01 11:00:00Z;44,94897;0;3
2023-11-02 11:00:00Z;47,33859;0;3
2023-11-03 11:00:00Z;48,97518;0;3
2023-11-04 11:00:00Z;46,84727;0;3
2023-11-05 11:00:00Z;46,13826;0;3
2023-11-06 11:00:00Z;46,40539;0;3
2023-11-07 11:00:00Z;45,79855;0;3
2023-11-08 11:00:00Z;44,38027;0;3
2023-11-09 11:00:00Z;42,06656;0;3
2023-11-10 11:00:00Z;40,25512;0;3
2023-11-11 11:00:00Z;37,69921;0;3
2023-11-12 11:00:00Z;35,4341;0;3
2023-11-13 11:00:00Z;36,49047;0;3
2023-11-14 11:00:00Z;36,99554;0;3
2023-11-15 11:00:00Z;33,91105;0;3
2023-11-16 11:00:00Z;32,66929;0;3
2023-11-17 11:00:00Z;33,90112;0;3
2023-11-18 11:00:00Z;34,43414;0;3
2023-11-19 11:00:00Z;36,32063;0;3
2023-11-20 11:00:00Z;34,77981;0;3
2023-11-21 11:00:00Z;35,07389;0;3
2023-11-22 11:00:00Z;35,84667;0;3
2023-11-23 11:00:00Z;38,76456;0;3
2023-11-24 11:00:00Z;39,46551;0;3
2023-11-25 11:00:00Z;38,59152;0;3
2023-11-26 11:00:00Z;36,75909;0;3
2023-11-27 11:00:00Z;36,84513;0;3
2023-11-28 11:00:00Z;37,0962;0;3
2023-11-29 11:00:00Z;37,85349;0;3
2023-11-30 11:00:00Z;37,04735;0;3
2023-12-01 11:00:00Z;36,12761;0;3
2023-12-02 11:00:00Z;35,96754;0;3
2023-12-03 11:00:00Z;35,73341;0;3
2023-12-04 11:00:00Z;35,382;0;3
2023-12-05 11:00:00Z;35,72203;0;3
2023-12-06 11:00:00Z;36,62958;0;3
2023-12-07 11:00:00Z;37,58762;0;3
2023-12-08 11:00:00Z;36,08908;0;3
2023-12-09 11:00:00Z;35,25839;0;3
2023-12-10 11:00:00Z;36,62347;0;3
2023-12-11 11:00:00Z;35,96251;0;3
2023-12-12 11:00:00Z;35,35107;0;3
2023-12-13 11:00:00Z;35,49764;0;3
2023-12-14 11:00:00Z;34,59721;0;3
2023-12-15 11:00:00Z;33,99461;0;3
2023-12-16 11:00:00Z;35,17961;0;3
2023-12-17 11:00:00Z;44,77348;0;3
2023-12-18 11:00:00Z;60,71788;0;3
2023-12-19 11:00:00Z;76,38549;0;3
2023-12-20 11:00:00Z;64,19507;0;3
2023-12-21 11:00:00Z;55,63731;0;3
2023-12-22 11:00:00Z;52,96144;0;3
2023-12-23 11:00:00Z;48,5399;0;3
2023-12-24 11:00:00Z;45,32156;0;3
2023-12-25 11:00:00Z;43,97992;0;3
2023-12-26 11:00:00Z;42,35387;3;3
2023-12-27 11:00:00Z;39,90609;3;3
2023-12-28 11:00:00Z;39,07677;3;3
2023-12-29 11:00:00Z;38,69681;1;3
2023-12-30 11:00:00Z;38,62374;3;3
2023-12-31 11:00:00Z;37,5533;3;3
2024-01-01 11:00:00Z;37,37695;2;3
2024-01-02 11:00:00Z;36,30848;2;3
2024-01-03 11:00:00Z;35,90897;2;3
2024-01-04 11:00:00Z;35,7399;2;3
2024-01-05 11:00:00Z;34,93401;2;3
2024-01-06 11:00:00Z;34,66166;2;3
2024-01-07 11:00:00Z;34,19711;2;3
2024-01-08 11:00:00Z;33,43431;2;3
2024-01-09 11:00:00Z;38,53326;2;3
2024-01-10 11:00:00Z;65,95413;0;3
2024-01-11 11:00:00Z;110,7064;0;3
2024-01-12 11:00:00Z;92,07599;0;3
2024-01-13 11:00:00Z;79,91378;0;3
2024-01-14 11:00:00Z;64,70129;0;3
2024-01-15 11:00:00Z;54,41279;0;3
2024-01-16 11:00:00Z;50,30571;0;3
2024-01-17 11:00:00Z;49,52148;0;3
2024-01-18 11:00:00Z;48,28127;0;3
2024-01-19 11:00:00Z;46,66084;0;3
2024-01-20 11:00:00Z;45,4535;0;3
2024-01-21 11:00:00Z;46,69721;0;3
2024-01-22 11:00:00Z;46,96014;0;3
2024-01-23 11:00:00Z;46,44161;0;3
2024-01-24 11:00:00Z;45,4255;0;3
2024-01-25 11:00:00Z;44,26883;0;3
2024-01-26 11:00:00Z;43,30104;0;3
2024-01-27 11:00:00Z;44,34797;2;3
2024-01-28 11:00:00Z;54,53592;0;3
2024-01-29 11:00:00Z;81,08836;0;3
2024-01-30 11:00:00Z;129,5606;0;3
2024-01-31 11:00:00Z;134,7434;0;3
2024-02-01 11:00:00Z;108,346;0;3
2024-02-02 11:00:00Z;83,46278;0;3
2024-02-03 11:00:00Z;84,70638;0;3
2024-02-04 11:00:00Z;86,75162;0;3
2024-02-05 11:00:00Z;72,21459;0;3
2024-02-06 11:00:00Z;64,0233;0;3
2024-02-07 11:00:00Z;63,55729;0;3
2024-02-08 11:00:00Z;61,64001;0;3
2024-02-09 11:00:00Z;65,06547;0;3
2024-02-10 11:00:00Z;58,11768;0;3
2024-02-11 11:00:00Z;52,07269;0;3
2024-02-12 11:00:00Z;51,50619;0;3
2024-02-13 11:00:00Z;52,62961;0;3
2024-02-14 11:00:00Z;50,06994;0;3
2024-02-15 11:00:00Z;47,91441;0;3
2024-02-16 11:00:00Z;46,64278;0;3
2024-02-17 11:00:00Z;45,91252;0;3
2024-02-18 11:00:00Z;45,14988;0;3
2024-02-19 11:00:00Z;44,18899;0;3
2024-02-20 11:00:00Z;42,98409;0;3
2024-02-21 11:00:00Z;43,12758;0;3
2024-02-22 11:00:00Z;42,71875;0;3
2024-02-23 11:00:00Z;41,95685;0;3
2024-02-24 11:00:00Z;43,88959;0;3
2024-02-25 11:00:00Z;44,96613;0;3
2024-02-26 11:00:00Z;43,09945;0;3
2024-02-27 11:00:00Z;41,99704;0;3
2024-02-28 11:00:00Z;40,65429;0;3
2024-02-29 11:00:00Z;39,90252;0;3
2024-03-01 11:00:00Z;40,69743;0;3
2024-03-02 11:00:00Z;41,59355;0;3
2024-03-03 11:00:00Z;41,62094;0;3
2024-03-04 11:00:00Z;42,36574;0;3
2024-03-05 11:00:00Z;42,03089;0;3
2024-03-06 11:00:00Z;40,20605;0;3
2024-03-07 11:00:00Z;38,44059;0;3
2024-03-08 11:00:00Z;39,04067;0;3
2024-03-09 11:00:00Z;38,75879;0;3
2024-03-10 11:00:00Z;37,53198;0;3
2024-03-11 11:00:00Z;36,0839;0;3
2024-03-12 11:00:00Z;35,03181;0;3
2024-03-13 11:00:00Z;35,36864;0;3
2024-03-14 11:00:00Z;36,53357;0;3
2024-03-15 11:00:00Z;42,98185;0;3
2024-03-16 11:00:00Z;47,4305;0;3
2024-03-17 11:00:00Z;43,91586;0;3
2024-03-18 11:00:00Z;41,50912;0;3
2024-03-19 11:00:00Z;40,29046;0;3
2024-03-20 11:00:00Z;39,00562;0;3
2024-03-21 11:00:00Z;38,41436;0;3
2024-03-22 11:00:00Z;39,63454;0;3
2024-03-23 11:00:00Z;41,01559;0;3
2024-03-24 11:00:00Z;39,92373;0;3
2024-03-25 11:00:00Z;38,07422;0;3
2024-03-26 11:00:00Z;36,54179;0;3
2024-03-27 11:00:00Z;36,6819;0;3
2024-03-28 11:00:00Z;37,18528;0;3
2024-03-29 11:00:00Z;36,32711;0;3
2024-03-30 11:00:00Z;35,57879;0;3
2024-03-31 11:00:00Z;35,84372;0;3
2024-04-01 11:00:00Z;36,54302;0;3
2024-04-02 11:00:00Z;36,10929;0;3
2024-04-03 11:00:00Z;34,28195;0;3
2024-04-04 11:00:00Z;34,2787;0;3
2024-04-05 11:00:00Z;34,44422;0;3
2024-04-06 11:00:00Z;34,53992;0;3
2024-04-07 11:00:00Z;34,57419;0;3
2024-04-08 11:00:00Z;45,34236;0;3
2024-04-09 11:00:00Z;68,14715;0;3
2024-04-10 11:00:00Z;81,36549;0;3
2024-04-11 11:00:00Z;123,1194;0;3
2024-04-12 11:00:00Z;108,5159;0;3
2024-04-13 11:00:00Z;204,1394;0;3
2024-04-14 11:00:00Z;251,1677;0;3
2024-04-15 11:00:00Z;169,9857;0;3
2024-04-16 11:00:00Z;122,8754;0;3
2024-04-17 11:00:00Z;103,6879;0;3
2024-04-18 11:00:00Z;92,37464;0;3
2024-04-19 11:00:00Z;83,53155;0;3
2024-04-20 11:00:00Z;76,92517;0;3
2024-04-21 11:00:00Z;72,53072;0;3
2024-04-22 11:00:00Z;69,08129;0;3
2024-04-23 11:00:00Z;65,98758;0;3
2024-04-24 11:00:00Z;63,12011;0;3
2024-04-25 11:00:00Z;62,98467;0;3
2024-04-26 11:00:00Z;65,35622;0;3
2024-04-27 11:00:00Z;67,53365;0;3
2024-04-28 11:00:00Z;67,12894;0;3
2024-04-29 11:00:00Z;76,03764;0;3
2024-04-30 11:00:00Z;87,90228;0;3
2024-05-01 11:00:00Z;116,6728;0;3
2024-05-02 11:00:00Z;150,9768;0;3
2024-05-03 11:00:00Z;197,9209;0;3
2024-05-04 11:00:00Z;227,7393;0;3
2024-05-05 11:00:00Z;213,2184;0;3
2024-05-06 11:00:00Z;205,5268;0;3
2024-05-07 11:00:00Z;186,2488;0;3
2024-05-08 11:00:00Z;194,0979;0;3
2024-05-09 11:00:00Z;162,6229;0;3
2024-05-10 11:00:00Z;180,5574;0;3
2024-05-11 11:00:00Z;152,646;0;3
2024-05-12 11:00:00Z;204,825;0;3
2024-05-13 11:00:00Z;395,3598;0;3
2024-05-14 11:00:00Z;535,4473;0;3
2024-05-15 11:00:00Z;662,2354;0;3
2024-05-16 11:00:00Z;720,0042;0;3
2024-05-17 11:00:00Z;722,1965;0;3
2024-05-18 11:00:00Z;786,1542;0;3
2024-05-19 11:00:00Z;832,3564;0;3
2024-05-20 11:00:00Z;622,7266;0;3
2024-05-21 11:00:00Z;457,6969;2;3
2024-05-22 11:00:00Z;424,1398;0;3
2024-05-23 11:00:00Z;546,4326;0;3
2024-05-24 11:00:00Z;624,8239;0;3
2024-05-25 11:00:00Z;594,1601;0;3
2024-05-26 11:00:00Z;587,2625;0;3
2024-05-27 11:00:00Z;699,8951;0;3
2024-05-28 11:00:00Z;705,4335;0;3
2024-05-29 11:00:00Z;616,2446;0;3
2024-05-30 11:00:00Z;594,845;0;3
2024-05-31 11:00:00Z;508,0286;0;3
2024-06-01 11:00:00Z;451,532;0;3
2024-06-02 11:00:00Z;371,7723;0;3
2024-06-03 11:00:00Z;345,2076;0;3
2024-06-04 11:00:00Z;312,5432;0;3
2024-06-05 11:00:00Z;282,1569;0;3
2024-06-06 11:00:00Z;339,9153;0;3
2024-06-07 11:00:00Z;276,7553;0;3
2024-06-08 11:00:00Z;208,9285;0;3
2024-06-09 11:00:00Z;176,4268;0;3
2024-06-10 11:00:00Z;173,2558;0;3
2024-06-11 11:00:00Z;185,6708;0;3
2024-06-12 11:00:00Z;179,5702;0;3
2024-06-13 11:00:00Z;146,9049;0;3
2024-06-14 11:00:00Z;136,1399;0;3
2024-06-15 11:00:00Z;139,6152;0;3
2024-06-16 11:00:00Z;132,9048;0;3
2024-06-17 11:00:00Z;142,4817;0;3
2024-06-18 11:00:00Z;151,4422;0;3
2024-06-19 11:00:00Z;174,1779;0;3
2024-06-20 11:00:00Z;220,0008;0;3
2024-06-21 11:00:00Z;351,8551;0;3
2024-06-22 11:00:00Z;192,7474;0;3
2024-06-23 11:00:00Z;163,7739;0;3
2024-06-24 11:00:00Z;201,0081;0;3
2024-06-25 11:00:00Z;203,2917;0;3
2024-06-26 11:00:00Z;176,4368;0;3
2024-06-27 11:00:00Z;136,2316;0;3
2024-06-28 11:00:00Z;141,641;0;3
2024-06-29 11:00:00Z;197,7184;0;3
2024-06-30 11:00:00Z;281,6095;0;3
2024-07-01 11:00:00Z;182,1824;0;3
2024-07-02 11:00:00Z;172,1724;0;3
2024-07-03 11:00:00Z;149,2413;0;3
2024-07-04 11:00:00Z;127,5658;0;3
2024-07-05 11:00:00Z;115,0141;0;3
2024-07-06 11:00:00Z;108,0038;0;3
2024-07-07 11:00:00Z;100,925;0;3
2024-07-08 11:00:00Z;100,5905;0;3
2024-07-09 11:00:00Z;101,1135;0;3
2024-07-10 11:00:00Z;92,7655;0;3
2024-07-11 11:00:00Z;99,89639;0;3
2024-07-12 11:00:00Z;106,6804;0;3
2024-07-13 11:00:00Z;95,15769;0;3
2024-07-14 11:00:00Z;84,1002;0;3
2024-07-15 11:00:00Z;80,0456;0;3
2024-07-16 11:00:00Z;77,68421;0;3
2024-07-17 11:00:00Z;73,37209;0;3
2024-07-18 11:00:00Z;71,31641;0;3
2024-07-19 11:00:00Z;132,754;0;3
2024-07-20 11:00:00Z;115,2634;0;3
2024-07-21 11:00:00Z;94,07736;0;3
2024-07-22 11:00:00Z;87,44335;0;3
2024-07-23 11:00:00Z;93,28466;0;3
2024-07-24 11:00:00Z;152,403;0;3
2024-07-25 11:00:00Z;106,8972;0;3
2024-07-26 11:00:00Z;97,73378;0;3
2024-07-27 11:00:00Z;148,2152;0;3
2024-07-28 11:00:00Z;252,2782;0;3
2024-07-29 11:00:00Z;149,3419;0;3
2024-07-30 11:00:00Z;119,8275;0;3
2024-07-31 11:00:00Z;101,666;0;3
2024-08-01 11:00:00Z;91,76791;0;3
2024-08-02 11:00:00Z;83,10931;0;3
2024-08-03 11:00:00Z;76,85571;0;3
2024-08-04 11:00:00Z;73,59723;0;3
2024-08-05 11:00:00Z;69,78894;0;3
2024-08-06 11:00:00Z;66,69392;0;3
2024-08-07 11:00:00Z;64,3239;0;3
2024-08-08 11:00:00Z;65,29081;0;3
2024-08-09 11:00:00Z;113,6522;0;3
2024-08-10 11:00:00Z;99,78783;0;3
2024-08-11 11:00:00Z;125,2226;0;3
2024-08-12 11:00:00Z;193,2232;0;3
2024-08-13 11:00:00Z;138,653;0;3
2024-08-14 11:00:00Z;108,9065;0;3
2024-08-15 11:00:00Z;101,4588;0;3
2024-08-16 11:00:00Z;181,5898;0;3
2024-08-17 11:00:00Z;167,1916;0;3
2024-08-18 11:00:00Z;120,7223;0;3
2024-08-19 11:00:00Z;130,1589;0;3
2024-08-20 11:00:00Z;130,3225;0;3
2024-08-21 11:00:00Z;144,5897;0;3
2024-08-22 11:00:00Z;257,4389;0;3
2024-08-23 11:00:00Z;174,6576;0;3
2024-08-24 11:00:00Z;524,1383;0;3
2024-08-25 11:00:00Z;309,511;0;3
2024-08-26 11:00:00Z;241,9282;0;3
2024-08-27 11:00:00Z;367,6042;0;3
2024-08-28 11:00:00Z;280,3353;0;3
2024-08-29 11:00:00Z;220,2499;0;3
2024-08-30 11:00:00Z;175,8701;0;3
2024-08-31 11:00:00Z;149,1047;0;3
2024-09-01 11:00:00Z;131,8364;0;3
2024-09-02 11:00:00Z;113,5346;0;3
2024-09-03 11:00:00Z;103,253;0;3
2024-09-04 11:00:00Z;101,0825;0;3
2024-09-05 11:00:00Z;97,27067;0;3
2024-09-06 11:00:00Z;91,93192;0;3
2024-09-07 11:00:00Z;87,70692;0;3
2024-09-08 11:00:00Z;83,04739;0;3
2024-09-09 11:00:00Z;79,14438;0;3
2024-09-10 11:00:00Z;138,9206;0;3
2024-09-11 11:00:00Z;148,8314;0;3
2024-09-12 11:00:00Z;124,1082;0;3
2024-09-13 11:00:00Z;124,5203;0;3
2024-09-14 11:00:00Z;106,3976;0;3
2024-09-15 11:00:00Z;92,85085;0;3
2024-09-16 11:00:00Z;83,95872;0;3
2024-09-17 11:00:00Z;79,49502;0;3
2024-09-18 11:00:00Z;79,98896;0;3
2024-09-19 11:00:00Z;84,76802;0;3
2024-09-20 11:00:00Z;86,61613;0;3
2024-09-21 11:00:00Z;78,70911;0;3
2024-09-22 11:00:00Z;72,783;0;3
2024-09-23 11:00:00Z;67,86434;0;3
2024-09-24 11:00:00Z;77,86282;0;3
2024-09-25 11:00:00Z;75,57999;0;3
2024-09-26 11:00:00Z;124,2009;0;3
2024-09-27 11:00:00Z;117,4827;0;3
2024-09-28 11:00:00Z;95,05888;0;3
2024-09-29 11:00:00Z;104,6637;0;3
2024-09-30 11:00:00Z;105,7619;0;3
2024-10-01 11:00:00Z;222,5691;0;3
2024-10-02 11:00:00Z;158,375;0;3
2024-10-03 11:00:00Z;155,4552;0;3
2024-10-04 11:00:00Z;261,5253;0;3
2024-10-05 11:00:00Z;165,3918;0;3
2024-10-06 11:00:00Z;123,8923;0;3
2024-10-07 11:00:00Z;105,5959;2;3
2024-10-08 11:00:00Z;98,06905;24;3
2024-10-09 11:00:00Z;221,3478;0;3
2024-10-10 11:00:00Z;266,107;0;3
2024-10-11 11:00:00Z;190,8833;0;3
2024-10-12 11:00:00Z;147,2438;0;3
2024-10-13 11:00:00Z;124,7049;0;3
2024-10-14 11:00:00Z;119,8691;0;3
2024-10-15 11:00:00Z;110,1503;0;3
2024-10-16 11:00:00Z;247,3405;0;3
2024-10-17 11:00:00Z;184,405;0;3
2024-10-18 11:00:00Z;187,058;0;3
2024-10-19 11:00:00Z;168,0875;0;3
2024-10-20 11:00:00Z;149,3351;0;3
2024-10-21 11:00:00Z;197,466;0;3
2024-10-22 11:00:00Z;441,5911;0;3
2024-10-23 11:00:00Z;458,597;0;3
2024-10-24 11:00:00Z;655,5679;0;3
2024-10-25 11:00:00Z;462,3708;0;3
2024-10-26 11:00:00Z;327,2212;0;3
2024-10-27 11:00:00Z;236,7119;0;3
2024-10-28 11:00:00Z;249,177;0;3
2024-10-29 11:00:00Z;202,3428;0;3
2024-10-30 11:00:00Z;227,8963;0;3
2024-10-31 11:00:00Z;173,5879;0;3
2024-11-01 11:00:00Z;145,8965;0;3
2024-11-02 11:00:00Z;130,4217;0;3
2024-11-03 11:00:00Z;120,0386;0;3
2024-11-04 11:00:00Z;114,9903;0;3
2024-11-05 11:00:00Z;426,086;0;3
2024-11-06 11:00:00Z;471,9221;0;3
2024-11-07 11:00:00Z;414,3772;0;3
2024-11-08 11:00:00Z;520,3516;0;3
2024-11-09 11:00:00Z;510,3336;0;3
2024-11-10 11:00:00Z;287,7783;0;3
2024-11-11 11:00:00Z;202,3439;0;3
2024-11-12 11:00:00Z;167,6338;0;3
2024-11-13 11:00:00Z;268,8138;0;3
2024-11-14 11:00:00Z;269,5298;0;3
2024-11-15 11:00:00Z;405,7772;0;3
2024-11-16 11:00:00Z;694,5452;0;3
2024-11-17 11:00:00Z;329,769;0;3
2024-11-18 11:00:00Z;214,8557;0;3
2024-11-19 11:00:00Z;157,1381;0;3
2024-11-20 11:00:00Z;126,4858;0;3
2024-11-21 11:00:00Z;107,2967;0;3
2024-11-22 11:00:00Z;103,1718;0;3
2024-11-23 11:00:00Z;97,56229;0;3
2024-11-24 11:00:00Z;94,38371;0;3
2024-11-25 11:00:00Z;86,21994;0;3
2024-11-26 11:00:00Z;79,9106;0;3
2024-11-27 11:00:00Z;74,1824;0;3
2024-11-28 11:00:00Z;74,64762;0;3
2024-11-29 11:00:00Z;71,38271;0;3
2024-11-30 11:00:00Z;70,009;0;3
2024-12-01 11:00:00Z;126,0351;0;3
2024-12-02 11:00:00Z;531,5966;0;3
2024-12-03 11:00:00Z;224,8726;0;3
2024-12-04 11:00:00Z;151,2822;0;3
2024-12-05 11:00:00Z;130,7988;2;3
2024-12-06 11:00:00Z;113,7249;2;3
2024-12-07 11:00:00Z;96,60593;2;3
2024-12-08 11:00:00Z;81,13888;2;3
2024-12-09 11:00:00Z;75,08732;0;3
2024-12-10 11:00:00Z;141,7417;0;3
2024-12-11 11:00:00Z;174,0065;0;3
2024-12-12 11:00:00Z;107,6294;0;3
2024-12-13 11:00:00Z;93,55636;0;3
2024-12-14 11:00:00Z;88,1102;0;3
2024-12-15 11:00:00Z;80,95823;0;3
2024-12-16 11:00:00Z;80,10484;0;3
2024-12-17 11:00:00Z;80,64198;0;3
2024-12-18 11:00:00Z;78,10798;0;3
2024-12-19 11:00:00Z;78,13459;0;3
2024-12-20 11:00:00Z;81,38953;0;3
2024-12-21 11:00:00Z;82,44127;0;3
2024-12-22 11:00:00Z;86,6357;0;3
2024-12-23 11:00:00Z;93,98774;0;3
2024-12-24 11:00:00Z;95,38857;0;3
2024-12-25 11:00:00Z;115,9073;2;3
2024-12-26 11:00:00Z;215,6597;2;3
2024-12-27 11:00:00Z;199,4423;2;3
2024-12-28 11:00:00Z;234,9588;2;3
2024-12-29 11:00:00Z;189,2068;2;3
2024-12-30 11:00:00Z;130,2645;0;3
