#Tollåga, 161.7.0, Vannføring, dogn
Tidspunkt;Vannføring (m³/s);Korrigert;Kontrollert
1973-01-01 11:00:00Z;11,22419;0;3
1973-01-02 11:00:00Z;9,974216;0;3
1973-01-03 11:00:00Z;8,070228;0;3
1973-01-04 11:00:00Z;7,03366;0;3
1973-01-05 11:00:00Z;5,900297;0;3
1973-01-06 11:00:00Z;4,877141;0;3
1973-01-07 11:00:00Z;7,03366;0;3
1973-01-08 11:00:00Z;7,715975;0;3
1973-01-09 11:00:00Z;7,715975;0;3
1973-01-10 11:00:00Z;8,433275;0;3
1973-01-11 11:00:00Z;7,03366;0;3
1973-01-12 11:00:00Z;6,081473;0;3
1973-01-13 11:00:00Z;5,547119;0;3
1973-01-14 11:00:00Z;4,406121;0;3
1973-01-15 11:00:00Z;4,255044;0;3
1973-01-16 11:00:00Z;3,680052;0;3
1973-01-17 11:00:00Z;3,151356;0;3
1973-01-18 11:00:00Z;2,784704;0;3
1973-01-19 11:00:00Z;2,668103;0;3
1973-01-20 11:00:00Z;2,554287;0;3
1973-01-21 11:00:00Z;2,554287;0;3
1973-01-22 11:00:00Z;2,668103;0;3
1973-01-23 11:00:00Z;2,668103;0;3
1973-01-24 11:00:00Z;2,668103;0;3
1973-01-25 11:00:00Z;2,443241;0;3
1973-01-26 11:00:00Z;2,2294;0;3
1973-01-27 11:00:00Z;2,126575;0;3
1973-01-28 11:00:00Z;1,929039;0;3
1973-01-29 11:00:00Z;1,834298;0;3
1973-01-30 11:00:00Z;1,742218;0;3
1973-01-31 11:00:00Z;1,652785;0;3
1973-02-01 11:00:00Z;1,565981;0;3
1973-02-02 11:00:00Z;1,481791;0;3
1973-02-03 11:00:00Z;1,481791;0;3
1973-02-04 11:00:00Z;1,400195;0;3
1973-02-05 11:00:00Z;1,321178;0;3
1973-02-06 11:00:00Z;1,244721;0;3
1973-02-07 11:00:00Z;1,244721;0;3
1973-02-08 11:00:00Z;1,170806;0;3
1973-02-09 11:00:00Z;1,099414;0;3
1973-02-10 11:00:00Z;1,030527;0;3
1973-02-11 11:00:00Z;1,030527;0;3
1973-02-12 11:00:00Z;0,9641246;0;3
1973-02-13 11:00:00Z;0,9641246;0;3
1973-02-14 11:00:00Z;0,9001881;0;3
1973-02-15 11:00:00Z;0,838697;0;3
1973-02-16 11:00:00Z;0,838697;0;3
1973-02-17 11:00:00Z;0,7796305;0;3
1973-02-18 11:00:00Z;0,7229679;0;3
1973-02-19 11:00:00Z;0,7229679;0;3
1973-02-20 11:00:00Z;0,6686874;0;3
1973-02-21 11:00:00Z;0,6686874;0;3
1973-02-22 11:00:00Z;0,6167667;0;3
1973-02-23 11:00:00Z;0,6167667;0;3
1973-02-24 11:00:00Z;0,5671835;0;3
1973-02-25 11:00:00Z;0,5671835;0;3
1973-02-26 11:00:00Z;0,5199142;0;3
1973-02-27 11:00:00Z;0,5199142;0;3
1973-02-28 11:00:00Z;0,5199142;0;3
1973-03-01 11:00:00Z;0,4749349;0;3
1973-03-02 11:00:00Z;0,4749349;0;3
1973-03-03 11:00:00Z;0,4749349;0;3
1973-03-04 11:00:00Z;0,4749349;0;3
1973-03-05 11:00:00Z;0,4322211;0;3
1973-03-06 11:00:00Z;0,4322211;0;3
1973-03-07 11:00:00Z;0,4322211;0;3
1973-03-08 11:00:00Z;0,4322211;0;3
1973-03-09 11:00:00Z;0,4322211;0;3
1973-03-10 11:00:00Z;0,9641246;0;3
1973-03-11 11:00:00Z;1,565981;0;3
1973-03-12 11:00:00Z;2,33495;0;3
1973-03-13 11:00:00Z;2,784704;0;3
1973-03-14 11:00:00Z;2,554287;0;3
1973-03-15 11:00:00Z;3,680052;0;3
1973-03-16 11:00:00Z;4,560154;0;3
1973-03-17 11:00:00Z;3,409969;0;3
1973-03-18 11:00:00Z;2,554287;0;3
1973-03-19 11:00:00Z;1,929039;0;3
1973-03-20 11:00:00Z;1,565981;0;3
1973-03-21 11:00:00Z;1,321178;0;3
1973-03-22 11:00:00Z;1,244721;0;3
1973-03-23 11:00:00Z;1,834298;0;3
1973-03-24 11:00:00Z;7,542134;0;3
1973-03-25 11:00:00Z;9,185919;0;3
1973-03-26 11:00:00Z;8,433275;0;3
1973-03-27 11:00:00Z;5,900297;0;3
1973-03-28 11:00:00Z;4,717158;0;3
1973-03-29 11:00:00Z;3,96171;0;3
1973-03-30 11:00:00Z;3,819428;0;3
1973-03-31 11:00:00Z;3,819428;0;3
1973-04-01 11:00:00Z;3,680052;0;3
1973-04-02 11:00:00Z;3,409969;0;3
1973-04-03 11:00:00Z;3,026317;0;3
1973-04-04 11:00:00Z;2,668103;0;3
1973-04-05 11:00:00Z;2,443241;0;3
1973-04-06 11:00:00Z;2,2294;0;3
1973-04-07 11:00:00Z;2,02646;0;3
1973-04-08 11:00:00Z;1,834298;0;3
1973-04-09 11:00:00Z;1,652785;0;3
1973-04-10 11:00:00Z;1,565981;0;3
1973-04-11 11:00:00Z;1,481791;0;3
1973-04-12 11:00:00Z;1,400195;0;3
1973-04-13 11:00:00Z;1,321178;0;3
1973-04-14 11:00:00Z;1,321178;0;3
1973-04-15 11:00:00Z;1,244721;0;3
1973-04-16 11:00:00Z;1,170806;0;3
1973-04-17 11:00:00Z;1,099414;0;3
1973-04-18 11:00:00Z;1,099414;0;3
1973-04-19 11:00:00Z;1,030527;0;3
1973-04-20 11:00:00Z;1,030527;0;3
1973-04-21 11:00:00Z;0,9641246;0;3
1973-04-22 11:00:00Z;0,9641246;0;3
1973-04-23 11:00:00Z;0,9001881;0;3
1973-04-24 11:00:00Z;0,9001881;0;3
1973-04-25 11:00:00Z;0,9001881;0;3
1973-04-26 11:00:00Z;0,838697;0;3
1973-04-27 11:00:00Z;0,838697;0;3
1973-04-28 11:00:00Z;0,838697;0;3
1973-04-29 11:00:00Z;0,838697;0;3
1973-04-30 11:00:00Z;0,838697;0;3
1973-05-01 11:00:00Z;0,838697;0;3
1973-05-02 11:00:00Z;1,244721;0;3
1973-05-03 11:00:00Z;1,742218;0;3
1973-05-04 11:00:00Z;1,565981;0;3
1973-05-05 11:00:00Z;1,400195;0;3
1973-05-06 11:00:00Z;1,400195;0;3
1973-05-07 11:00:00Z;1,565981;0;3
1973-05-08 11:00:00Z;2,02646;0;3
1973-05-09 11:00:00Z;4,877141;0;3
1973-05-10 11:00:00Z;7,03366;0;3
1973-05-11 11:00:00Z;8,805161;0;3
1973-05-12 11:00:00Z;8,805161;0;3
1973-05-13 11:00:00Z;8,250649;0;3
1973-05-14 11:00:00Z;7,892004;0;3
1973-05-15 11:00:00Z;7,715975;0;3
1973-05-16 11:00:00Z;6,265721;0;3
1973-05-17 11:00:00Z;5,206098;0;3
1973-05-18 11:00:00Z;6,081473;0;3
1973-05-19 11:00:00Z;7,370477;0;3
1973-05-20 11:00:00Z;10,38183;0;3
1973-05-21 11:00:00Z;13,48996;0;3
1973-05-22 11:00:00Z;13,01839;0;3
1973-05-23 11:00:00Z;13,48996;0;3
1973-05-24 11:00:00Z;14,96047;0;3
1973-05-25 11:00:00Z;12,10295;0;3
1973-05-26 11:00:00Z;11,0102;0;3
1973-05-27 11:00:00Z;10,79848;0;3
1973-05-28 11:00:00Z;13,48996;0;3
1973-05-29 11:00:00Z;18,43722;0;3
1973-05-30 11:00:00Z;26,96085;0;3
1973-05-31 11:00:00Z;40,50885;0;3
1973-06-01 11:00:00Z;61,97269;0;3
1973-06-02 11:00:00Z;78,49022;0;3
1973-06-03 11:00:00Z;54,63248;0;3
1973-06-04 11:00:00Z;47,87616;0;3
1973-06-05 11:00:00Z;47,23181;0;3
1973-06-06 11:00:00Z;53,2352;0;3
1973-06-07 11:00:00Z;65,07708;0;3
1973-06-08 11:00:00Z;51,18268;0;3
1973-06-09 11:00:00Z;44,09363;0;3
1973-06-10 11:00:00Z;37,66916;0;3
1973-06-11 11:00:00Z;37,66916;0;3
1973-06-12 11:00:00Z;29,09928;0;3
1973-06-13 11:00:00Z;25,58511;0;3
1973-06-14 11:00:00Z;45,33227;0;3
1973-06-15 11:00:00Z;35,49205;0;3
1973-06-16 11:00:00Z;30,89337;0;3
1973-06-17 11:00:00Z;28,73661;0;3
1973-06-18 11:00:00Z;44,09363;0;3
1973-06-19 11:00:00Z;51,18268;0;3
1973-06-20 11:00:00Z;58,96517;0;3
1973-06-21 11:00:00Z;61,21178;0;3
1973-06-22 11:00:00Z;59,70804;0;3
1973-06-23 11:00:00Z;60,45691;0;3
1973-06-24 11:00:00Z;58,96517;0;3
1973-06-25 11:00:00Z;53,93093;0;3
1973-06-26 11:00:00Z;50,51;0;3
1973-06-27 11:00:00Z;48,52613;0;3
1973-06-28 11:00:00Z;48,52613;0;3
1973-06-29 11:00:00Z;47,87616;0;3
1973-06-30 11:00:00Z;58,22826;0;3
1973-07-01 11:00:00Z;61,97269;0;3
1973-07-02 11:00:00Z;69,09582;0;3
1973-07-03 11:00:00Z;69,91821;0;3
1973-07-04 11:00:00Z;66,66602;0;3
1973-07-05 11:00:00Z;55,33987;0;3
1973-07-06 11:00:00Z;50,51;0;3
1973-07-07 11:00:00Z;65,07708;0;3
1973-07-08 11:00:00Z;78,49022;0;3
1973-07-09 11:00:00Z;75,85158;0;3
1973-07-10 11:00:00Z;61,21178;0;3
1973-07-11 11:00:00Z;55,33987;0;3
1973-07-12 11:00:00Z;46,59306;0;3
1973-07-13 11:00:00Z;43,48257;0;3
1973-07-14 11:00:00Z;43,48257;0;3
1973-07-15 11:00:00Z;39,93027;0;3
1973-07-16 11:00:00Z;35,49205;0;3
1973-07-17 11:00:00Z;37,11706;0;3
1973-07-18 11:00:00Z;36,57019;0;3
1973-07-19 11:00:00Z;49,18174;0;3
1973-07-20 11:00:00Z;73,27065;0;3
1973-07-21 11:00:00Z;51,18268;0;3
1973-07-22 11:00:00Z;45,33227;0;3
1973-07-23 11:00:00Z;38,22651;0;3
1973-07-24 11:00:00Z;32,3808;0;3
1973-07-25 11:00:00Z;29,46446;0;3
1973-07-26 11:00:00Z;24,91212;0;3
1973-07-27 11:00:00Z;22,95237;0;3
1973-07-28 11:00:00Z;19,88176;0;3
1973-07-29 11:00:00Z;16,51536;0;3
1973-07-30 11:00:00Z;15,98763;0;3
1973-07-31 11:00:00Z;15,46935;0;3
1973-08-01 11:00:00Z;18,72132;0;3
1973-08-02 11:00:00Z;16,51536;0;3
1973-08-03 11:00:00Z;14,70955;0;3
1973-08-04 11:00:00Z;11,87983;0;3
1973-08-05 11:00:00Z;17,59927;0;3
1973-08-06 11:00:00Z;22,95237;0;3
1973-08-07 11:00:00Z;18,72132;0;3
1973-08-08 11:00:00Z;25,58511;0;3
1973-08-09 11:00:00Z;17,32473;0;3
1973-08-10 11:00:00Z;11,22419;0;3
1973-08-11 11:00:00Z;13,01839;0;3
1973-08-12 11:00:00Z;13,01839;0;3
1973-08-13 11:00:00Z;14,46097;0;3
1973-08-14 11:00:00Z;17,8762;0;3
1973-08-15 11:00:00Z;19,88176;0;3
1973-08-16 11:00:00Z;19,58804;0;3
1973-08-17 11:00:00Z;15,46935;0;3
1973-08-18 11:00:00Z;20,47645;0;3
1973-08-19 11:00:00Z;18,72132;0;3
1973-08-20 11:00:00Z;17,32473;0;3
1973-08-21 11:00:00Z;14,46097;0;3
1973-08-22 11:00:00Z;11,659;0;3
1973-08-23 11:00:00Z;14,46097;0;3
1973-08-24 11:00:00Z;22,63434;0;3
1973-08-25 11:00:00Z;24,91212;0;3
1973-08-26 11:00:00Z;17,32473;0;3
1973-08-27 11:00:00Z;14,21473;0;3
1973-08-28 11:00:00Z;15,98763;0;3
1973-08-29 11:00:00Z;13,01839;0;3
1973-08-30 11:00:00Z;10,38183;0;3
1973-08-31 11:00:00Z;9,575592;0;3
1973-09-01 11:00:00Z;9,575592;0;3
1973-09-02 11:00:00Z;10,1769;0;3
1973-09-03 11:00:00Z;9,974216;0;3
1973-09-04 11:00:00Z;8,070228;0;3
1973-09-05 11:00:00Z;7,542134;0;3
1973-09-06 11:00:00Z;14,21473;0;3
1973-09-07 11:00:00Z;10,1769;0;3
1973-09-08 11:00:00Z;9,379639;0;3
1973-09-09 11:00:00Z;9,575592;0;3
1973-09-10 11:00:00Z;7,892004;0;3
1973-09-11 11:00:00Z;7,370477;0;3
1973-09-12 11:00:00Z;7,03366;0;3
1973-09-13 11:00:00Z;6,837012;0;3
1973-09-14 11:00:00Z;6,643479;0;3
1973-09-15 11:00:00Z;8,994428;0;3
1973-09-16 11:00:00Z;11,22419;0;3
1973-09-17 11:00:00Z;8,433275;0;3
1973-09-18 11:00:00Z;6,643479;0;3
1973-09-19 11:00:00Z;5,375094;0;3
1973-09-20 11:00:00Z;4,717158;0;3
1973-09-21 11:00:00Z;4,106911;0;3
1973-09-22 11:00:00Z;3,680052;0;3
1973-09-23 11:00:00Z;3,279235;0;3
1973-09-24 11:00:00Z;3,026317;0;3
1973-09-25 11:00:00Z;2,784704;0;3
1973-09-26 11:00:00Z;2,554287;0;3
1973-09-27 11:00:00Z;2,443241;0;3
1973-09-28 11:00:00Z;2,33495;0;3
1973-09-29 11:00:00Z;2,2294;0;3
1973-09-30 11:00:00Z;2,2294;0;3
1973-10-01 11:00:00Z;2,33495;0;3
1973-10-02 11:00:00Z;3,279235;0;3
1973-10-03 11:00:00Z;11,22419;0;3
1973-10-04 11:00:00Z;20,77743;0;3
1973-10-05 11:00:00Z;15,46935;0;3
1973-10-06 11:00:00Z;8,805161;0;3
1973-10-07 11:00:00Z;6,837012;0;3
1973-10-08 11:00:00Z;5,547119;0;3
1973-10-09 11:00:00Z;4,560154;0;3
1973-10-10 11:00:00Z;3,96171;0;3
1973-10-11 11:00:00Z;3,409969;0;3
1973-10-12 11:00:00Z;3,151356;0;3
1973-10-13 11:00:00Z;3,279235;0;3
1973-10-14 11:00:00Z;3,151356;0;3
1973-10-15 11:00:00Z;3,279235;0;3
1973-10-16 11:00:00Z;2,904104;0;3
1973-10-17 11:00:00Z;2,784704;0;3
1973-10-18 11:00:00Z;2,554287;0;3
1973-10-19 11:00:00Z;2,554287;0;3
1973-10-20 11:00:00Z;2,443241;0;3
1973-10-21 11:00:00Z;2,443241;0;3
1973-10-22 11:00:00Z;2,33495;0;3
1973-10-23 11:00:00Z;2,33495;0;3
1973-10-24 11:00:00Z;2,443241;0;3
1973-10-25 11:00:00Z;3,409969;0;3
1973-10-26 11:00:00Z;6,837012;0;3
1973-10-27 11:00:00Z;6,837012;0;3
1973-10-28 11:00:00Z;9,773783;0;3
1973-10-29 11:00:00Z;7,370477;0;3
1973-10-30 11:00:00Z;5,206098;0;3
1973-10-31 11:00:00Z;4,560154;0;3
1973-11-01 11:00:00Z;7,370477;0;3
1973-11-02 11:00:00Z;11,87983;0;3
1973-11-03 11:00:00Z;8,805161;0;3
1973-11-04 11:00:00Z;7,892004;0;3
1973-11-05 11:00:00Z;12,55607;0;3
1973-11-06 11:00:00Z;12,10295;0;3
1973-11-07 11:00:00Z;8,070228;0;3
1973-11-08 11:00:00Z;7,715975;0;3
1973-11-09 11:00:00Z;6,081473;0;3
1973-11-10 11:00:00Z;5,206098;0;3
1973-11-11 11:00:00Z;4,560154;0;3
1973-11-12 11:00:00Z;4,106911;0;3
1973-11-13 11:00:00Z;3,680052;0;3
1973-11-14 11:00:00Z;3,409969;0;3
1973-11-15 11:00:00Z;3,151356;0;3
1973-11-16 11:00:00Z;2,904104;0;3
1973-11-17 11:00:00Z;2,784704;0;3
1973-11-18 11:00:00Z;2,668103;0;3
1973-11-19 11:00:00Z;2,554287;0;3
1973-11-20 11:00:00Z;2,443241;0;3
1973-11-21 11:00:00Z;2,33495;0;3
1973-11-22 11:00:00Z;2,33495;0;3
1973-11-23 11:00:00Z;2,2294;0;3
1973-11-24 11:00:00Z;2,126575;0;3
1973-11-25 11:00:00Z;2,02646;0;3
1973-11-26 11:00:00Z;1,929039;0;3
1973-11-27 11:00:00Z;1,929039;0;3
1973-11-28 11:00:00Z;1,834298;0;3
1973-11-29 11:00:00Z;1,834298;0;3
1973-11-30 11:00:00Z;1,742218;0;3
1973-12-01 11:00:00Z;1,652785;0;3
1973-12-02 11:00:00Z;1,652785;0;3
1973-12-03 11:00:00Z;1,652785;0;3
1973-12-04 11:00:00Z;1,565981;0;3
1973-12-05 11:00:00Z;1,565981;0;3
1973-12-06 11:00:00Z;1,481791;0;3
1973-12-07 11:00:00Z;1,481791;0;3
1973-12-08 11:00:00Z;1,481791;0;3
1973-12-09 11:00:00Z;1,400195;0;3
1973-12-10 11:00:00Z;1,400195;0;3
1973-12-11 11:00:00Z;1,321178;0;3
1973-12-12 11:00:00Z;1,321178;0;3
1973-12-13 11:00:00Z;1,321178;0;3
1973-12-14 11:00:00Z;1,244721;0;3
1973-12-15 11:00:00Z;1,244721;0;3
1973-12-16 11:00:00Z;1,244721;0;3
1973-12-17 11:00:00Z;1,244721;0;3
1973-12-18 11:00:00Z;1,170806;0;3
1973-12-19 11:00:00Z;1,170806;0;3
1973-12-20 11:00:00Z;1,170806;0;3
1973-12-21 11:00:00Z;1,170806;0;3
1973-12-22 11:00:00Z;1,170806;0;3
1973-12-23 11:00:00Z;1,170806;0;3
1973-12-24 11:00:00Z;1,170806;0;3
1973-12-25 11:00:00Z;1,170806;0;3
1973-12-26 11:00:00Z;1,170806;0;3
1973-12-27 11:00:00Z;1,244721;0;3
1973-12-28 11:00:00Z;1,244721;0;3
1973-12-29 11:00:00Z;1,321178;0;3
1973-12-30 11:00:00Z;1,400195;0;3
1973-12-31 11:00:00Z;1,565981;0;3
1974-01-01 11:00:00Z;1,742218;0;3
1974-01-02 11:00:00Z;2,2294;0;3
1974-01-03 11:00:00Z;2,554287;0;3
1974-01-04 11:00:00Z;2,668103;0;3
1974-01-05 11:00:00Z;2,33495;0;3
1974-01-06 11:00:00Z;1,929039;0;3
1974-01-07 11:00:00Z;1,481791;0;3
1974-01-08 11:00:00Z;1,244721;0;3
1974-01-09 11:00:00Z;1,099414;0;3
1974-01-10 11:00:00Z;1,030527;0;3
1974-01-11 11:00:00Z;0,9001881;0;3
1974-01-12 11:00:00Z;0,838697;0;3
1974-01-13 11:00:00Z;0,7796305;0;3
1974-01-14 11:00:00Z;0,7229679;0;3
1974-01-15 11:00:00Z;0,7229679;0;3
1974-01-16 11:00:00Z;0,6686874;0;3
1974-01-17 11:00:00Z;0,6686874;0;3
1974-01-18 11:00:00Z;0,6167667;0;3
1974-01-19 11:00:00Z;0,6167667;0;3
1974-01-20 11:00:00Z;0,6167667;0;3
1974-01-21 11:00:00Z;0,7796305;0;3
1974-01-22 11:00:00Z;1,565981;0;3
1974-01-23 11:00:00Z;1,400195;0;3
1974-01-24 11:00:00Z;1,099414;0;3
1974-01-25 11:00:00Z;0,9641246;0;3
1974-01-26 11:00:00Z;0,838697;0;3
1974-01-27 11:00:00Z;0,7796305;0;3
1974-01-28 11:00:00Z;0,6686874;0;3
1974-01-29 11:00:00Z;0,6167667;0;3
1974-01-30 11:00:00Z;0,5671835;0;3
1974-01-31 11:00:00Z;0,4749349;0;3
1974-02-01 11:00:00Z;0,4749349;0;3
1974-02-02 11:00:00Z;0,4322211;0;3
1974-02-03 11:00:00Z;0,3917474;0;3
1974-02-04 11:00:00Z;0,3917474;0;3
1974-02-05 11:00:00Z;0,3534874;0;3
1974-02-06 11:00:00Z;0,3534874;0;3
1974-02-07 11:00:00Z;0,3534874;0;3
1974-02-08 11:00:00Z;0,3174143;0;3
1974-02-09 11:00:00Z;0,3174143;0;3
1974-02-10 11:00:00Z;0,2835001;0;3
1974-02-11 11:00:00Z;0,2835001;0;3
1974-02-12 11:00:00Z;0,2517157;0;3
1974-02-13 11:00:00Z;0,2517157;0;3
1974-02-14 11:00:00Z;0,2517157;0;3
1974-02-15 11:00:00Z;0,2220311;0;3
1974-02-16 11:00:00Z;0,2220311;0;3
1974-02-17 11:00:00Z;0,1944152;0;3
1974-02-18 11:00:00Z;0,1944152;0;3
1974-02-19 11:00:00Z;0,1944152;0;3
1974-02-20 11:00:00Z;0,1944152;0;3
1974-02-21 11:00:00Z;0,1944152;0;3
1974-02-22 11:00:00Z;0,1688351;0;3
1974-02-23 11:00:00Z;0,1688351;0;3
1974-02-24 11:00:00Z;0,1688351;0;3
1974-02-25 11:00:00Z;0,1688351;0;3
1974-02-26 11:00:00Z;0,2517157;0;3
1974-02-27 11:00:00Z;0,4322211;0;3
1974-02-28 11:00:00Z;0,5199142;0;3
1974-03-01 11:00:00Z;0,5199142;0;3
1974-03-02 11:00:00Z;0,5199142;0;3
1974-03-03 11:00:00Z;0,4749349;0;3
1974-03-04 11:00:00Z;0,4322211;0;3
1974-03-05 11:00:00Z;0,3534874;0;3
1974-03-06 11:00:00Z;0,3174143;0;3
1974-03-07 11:00:00Z;0,2835001;0;3
1974-03-08 11:00:00Z;0,2517157;0;3
1974-03-09 11:00:00Z;0,2220311;0;3
1974-03-10 11:00:00Z;0,1944152;0;3
1974-03-11 11:00:00Z;0,1944152;0;3
1974-03-12 11:00:00Z;0,1688351;0;3
1974-03-13 11:00:00Z;0,1688351;0;3
1974-03-14 11:00:00Z;0,1452569;0;3
1974-03-15 11:00:00Z;0,1452569;0;3
1974-03-16 11:00:00Z;0,1236449;0;3
1974-03-17 11:00:00Z;0,1039617;0;3
1974-03-18 11:00:00Z;0,1039617;0;3
1974-03-19 11:00:00Z;0,1039617;0;3
1974-03-20 11:00:00Z;0,08616744;0;3
1974-03-21 11:00:00Z;0,08616744;0;3
1974-03-22 11:00:00Z;0,08616744;0;3
1974-03-23 11:00:00Z;0,08616744;0;3
1974-03-24 11:00:00Z;0,08616744;0;3
1974-03-25 11:00:00Z;0,08616744;0;3
1974-03-26 11:00:00Z;0,08616744;0;3
1974-03-27 11:00:00Z;0,08616744;0;3
1974-03-28 11:00:00Z;0,08616744;0;3
1974-03-29 11:00:00Z;0,08616744;0;3
1974-03-30 11:00:00Z;0,0702204;0;3
1974-03-31 11:00:00Z;0,0702204;0;3
1974-04-01 11:00:00Z;0,0702204;0;3
1974-04-02 11:00:00Z;0,0702204;0;3
1974-04-03 11:00:00Z;0,0702204;0;3
1974-04-04 11:00:00Z;0,08616744;0;3
1974-04-05 11:00:00Z;0,838697;0;3
1974-04-06 11:00:00Z;5,206098;0;3
1974-04-07 11:00:00Z;9,379639;0;3
1974-04-08 11:00:00Z;12,32836;0;3
1974-04-09 11:00:00Z;11,0102;0;3
1974-04-10 11:00:00Z;9,575592;0;3
1974-04-11 11:00:00Z;7,715975;0;3
1974-04-12 11:00:00Z;6,453053;0;3
1974-04-13 11:00:00Z;5,547119;0;3
1974-04-14 11:00:00Z;4,406121;0;3
1974-04-15 11:00:00Z;3,819428;0;3
1974-04-16 11:00:00Z;3,279235;0;3
1974-04-17 11:00:00Z;3,026317;0;3
1974-04-18 11:00:00Z;3,026317;0;3
1974-04-19 11:00:00Z;3,96171;0;3
1974-04-20 11:00:00Z;5,375094;0;3
1974-04-21 11:00:00Z;5,040117;0;3
1974-04-22 11:00:00Z;4,877141;0;3
1974-04-23 11:00:00Z;4,717158;0;3
1974-04-24 11:00:00Z;4,106911;0;3
1974-04-25 11:00:00Z;3,680052;0;3
1974-04-26 11:00:00Z;3,680052;0;3
1974-04-27 11:00:00Z;4,255044;0;3
1974-04-28 11:00:00Z;5,206098;0;3
1974-04-29 11:00:00Z;5,900297;0;3
1974-04-30 11:00:00Z;5,040117;0;3
1974-05-01 11:00:00Z;4,406121;0;3
1974-05-02 11:00:00Z;4,106911;0;3
1974-05-03 11:00:00Z;3,54357;0;3
1974-05-04 11:00:00Z;3,409969;0;3
1974-05-05 11:00:00Z;2,904104;0;3
1974-05-06 11:00:00Z;2,668103;0;3
1974-05-07 11:00:00Z;2,668103;0;3
1974-05-08 11:00:00Z;3,151356;0;3
1974-05-09 11:00:00Z;3,409969;0;3
1974-05-10 11:00:00Z;3,409969;0;3
1974-05-11 11:00:00Z;4,406121;0;3
1974-05-12 11:00:00Z;6,081473;0;3
1974-05-13 11:00:00Z;8,805161;0;3
1974-05-14 11:00:00Z;12,55607;0;3
1974-05-15 11:00:00Z;15,21373;0;3
1974-05-16 11:00:00Z;18,43722;0;3
1974-05-17 11:00:00Z;22,31875;0;3
1974-05-18 11:00:00Z;25,24738;0;3
1974-05-19 11:00:00Z;26,26801;0;3
1974-05-20 11:00:00Z;34,43455;0;3
1974-05-21 11:00:00Z;41,6821;0;3
1974-05-22 11:00:00Z;40,50885;0;3
1974-05-23 11:00:00Z;39,35704;0;3
1974-05-24 11:00:00Z;34,43455;0;3
1974-05-25 11:00:00Z;27,66366;0;3
1974-05-26 11:00:00Z;26,26801;0;3
1974-05-27 11:00:00Z;23,92117;0;3
1974-05-28 11:00:00Z;19,00782;0;3
1974-05-29 11:00:00Z;14,46097;0;3
1974-05-30 11:00:00Z;15,21373;0;3
1974-05-31 11:00:00Z;15,46935;0;3
1974-06-01 11:00:00Z;12,55607;0;3
1974-06-02 11:00:00Z;13,01839;0;3
1974-06-03 11:00:00Z;15,46935;0;3
1974-06-04 11:00:00Z;17,59927;0;3
1974-06-05 11:00:00Z;14,46097;0;3
1974-06-06 11:00:00Z;13,25302;0;3
1974-06-07 11:00:00Z;16,51536;0;3
1974-06-08 11:00:00Z;26,61319;0;3
1974-06-09 11:00:00Z;30,89337;0;3
1974-06-10 11:00:00Z;32,88664;0;3
1974-06-11 11:00:00Z;34,96073;0;3
1974-06-12 11:00:00Z;36,02852;0;3
1974-06-13 11:00:00Z;40,50885;0;3
1974-06-14 11:00:00Z;47,23181;0;3
1974-06-15 11:00:00Z;58,96517;0;3
1974-06-16 11:00:00Z;62,73965;0;3
1974-06-17 11:00:00Z;63,51271;0;3
1974-06-18 11:00:00Z;64,29183;0;3
1974-06-19 11:00:00Z;63,51271;0;3
1974-06-20 11:00:00Z;54,63248;0;3
1974-06-21 11:00:00Z;51,86109;0;3
1974-06-22 11:00:00Z;45,33227;0;3
1974-06-23 11:00:00Z;36,57019;0;3
1974-06-24 11:00:00Z;28,37646;0;3
1974-06-25 11:00:00Z;30,89337;0;3
1974-06-26 11:00:00Z;24,57934;0;3
1974-06-27 11:00:00Z;19,58804;0;3
1974-06-28 11:00:00Z;22,31875;0;3
1974-06-29 11:00:00Z;23,59578;0;3
1974-06-30 11:00:00Z;23,59578;0;3
1974-07-01 11:00:00Z;25,92532;0;3
1974-07-02 11:00:00Z;27,66366;0;3
1974-07-03 11:00:00Z;24,91212;0;3
1974-07-04 11:00:00Z;23,92117;0;3
1974-07-05 11:00:00Z;22,63434;0;3
1974-07-06 11:00:00Z;23,59578;0;3
1974-07-07 11:00:00Z;23,59578;0;3
1974-07-08 11:00:00Z;23,92117;0;3
1974-07-09 11:00:00Z;23,59578;0;3
1974-07-10 11:00:00Z;28,73661;0;3
1974-07-11 11:00:00Z;37,11706;0;3
1974-07-12 11:00:00Z;44,09363;0;3
1974-07-13 11:00:00Z;36,02852;0;3
1974-07-14 11:00:00Z;33,39753;0;3
1974-07-15 11:00:00Z;28,37646;0;3
1974-07-16 11:00:00Z;23,27284;0;3
1974-07-17 11:00:00Z;22,95237;0;3
1974-07-18 11:00:00Z;38,22651;0;3
1974-07-19 11:00:00Z;25,92532;0;3
1974-07-20 11:00:00Z;20,47645;0;3
1974-07-21 11:00:00Z;18,15551;0;3
1974-07-22 11:00:00Z;18,72132;0;3
1974-07-23 11:00:00Z;28,01881;0;3
1974-07-24 11:00:00Z;28,73661;0;3
1974-07-25 11:00:00Z;16,78278;0;3
1974-07-26 11:00:00Z;12,32836;0;3
1974-07-27 11:00:00Z;19,58804;0;3
1974-07-28 11:00:00Z;19,58804;0;3
1974-07-29 11:00:00Z;15,46935;0;3
1974-07-30 11:00:00Z;15,98763;0;3
1974-07-31 11:00:00Z;15,46935;0;3
1974-08-01 11:00:00Z;14,21473;0;3
1974-08-02 11:00:00Z;15,46935;0;3
1974-08-03 11:00:00Z;12,10295;0;3
1974-08-04 11:00:00Z;11,0102;0;3
1974-08-05 11:00:00Z;32,3808;0;3
1974-08-06 11:00:00Z;19,88176;0;3
1974-08-07 11:00:00Z;13,25302;0;3
1974-08-08 11:00:00Z;9,575592;0;3
1974-08-09 11:00:00Z;8,070228;0;3
1974-08-10 11:00:00Z;7,370477;0;3
1974-08-11 11:00:00Z;7,542134;0;3
1974-08-12 11:00:00Z;7,715975;0;3
1974-08-13 11:00:00Z;11,22419;0;3
1974-08-14 11:00:00Z;11,22419;0;3
1974-08-15 11:00:00Z;9,773783;0;3
1974-08-16 11:00:00Z;8,250649;0;3
1974-08-17 11:00:00Z;9,379639;0;3
1974-08-18 11:00:00Z;8,618112;0;3
1974-08-19 11:00:00Z;6,837012;0;3
1974-08-20 11:00:00Z;5,722183;0;3
1974-08-21 11:00:00Z;5,206098;0;3
1974-08-22 11:00:00Z;5,547119;0;3
1974-08-23 11:00:00Z;11,0102;0;3
1974-08-24 11:00:00Z;8,433275;0;3
1974-08-25 11:00:00Z;6,081473;0;3
1974-08-26 11:00:00Z;6,081473;0;3
1974-08-27 11:00:00Z;6,643479;0;3
1974-08-28 11:00:00Z;7,892004;0;3
1974-08-29 11:00:00Z;6,265721;0;3
1974-08-30 11:00:00Z;5,040117;0;3
1974-08-31 11:00:00Z;4,877141;0;3
1974-09-01 11:00:00Z;4,717158;0;3
1974-09-02 11:00:00Z;4,255044;0;3
1974-09-03 11:00:00Z;4,106911;0;3
1974-09-04 11:00:00Z;4,255044;0;3
1974-09-05 11:00:00Z;4,255044;0;3
1974-09-06 11:00:00Z;4,106911;0;3
1974-09-07 11:00:00Z;4,255044;0;3
1974-09-08 11:00:00Z;3,96171;0;3
1974-09-09 11:00:00Z;11,659;0;3
1974-09-10 11:00:00Z;13,72923;0;3
1974-09-11 11:00:00Z;7,542134;0;3
1974-09-12 11:00:00Z;5,547119;0;3
1974-09-13 11:00:00Z;4,877141;0;3
1974-09-14 11:00:00Z;4,255044;0;3
1974-09-15 11:00:00Z;4,106911;0;3
1974-09-16 11:00:00Z;4,106911;0;3
1974-09-17 11:00:00Z;4,560154;0;3
1974-09-18 11:00:00Z;7,542134;0;3
1974-09-19 11:00:00Z;32,3808;0;3
1974-09-20 11:00:00Z;37,11706;0;3
1974-09-21 11:00:00Z;23,59578;0;3
1974-09-22 11:00:00Z;13,25302;0;3
1974-09-23 11:00:00Z;13,97081;0;3
1974-09-24 11:00:00Z;15,46935;0;3
1974-09-25 11:00:00Z;12,10295;0;3
1974-09-26 11:00:00Z;14,21473;0;3
1974-09-27 11:00:00Z;12,10295;0;3
1974-09-28 11:00:00Z;8,805161;0;3
1974-09-29 11:00:00Z;9,575592;0;3
1974-09-30 11:00:00Z;11,659;0;3
1974-10-01 11:00:00Z;19,29672;0;3
1974-10-02 11:00:00Z;12,32836;0;3
1974-10-03 11:00:00Z;8,805161;0;3
1974-10-04 11:00:00Z;7,370477;0;3
1974-10-05 11:00:00Z;6,453053;0;3
1974-10-06 11:00:00Z;5,547119;0;3
1974-10-07 11:00:00Z;4,877141;0;3
1974-10-08 11:00:00Z;4,406121;0;3
1974-10-09 11:00:00Z;4,106911;0;3
1974-10-10 11:00:00Z;3,819428;0;3
1974-10-11 11:00:00Z;3,54357;0;3
1974-10-12 11:00:00Z;3,409969;0;3
1974-10-13 11:00:00Z;3,279235;0;3
1974-10-14 11:00:00Z;3,151356;0;3
1974-10-15 11:00:00Z;2,904104;0;3
1974-10-16 11:00:00Z;2,784704;0;3
1974-10-17 11:00:00Z;2,554287;0;3
1974-10-18 11:00:00Z;2,33495;0;3
1974-10-19 11:00:00Z;2,126575;0;3
1974-10-20 11:00:00Z;1,834298;0;3
1974-10-21 11:00:00Z;1,652785;0;3
1974-10-22 11:00:00Z;1,481791;0;3
1974-10-23 11:00:00Z;1,321178;0;3
1974-10-24 11:00:00Z;1,244721;0;3
1974-10-25 11:00:00Z;1,099414;0;3
1974-10-26 11:00:00Z;1,030527;0;3
1974-10-27 11:00:00Z;0,9001881;0;3
1974-10-28 11:00:00Z;0,7796305;0;3
1974-10-29 11:00:00Z;0,7229679;0;3
1974-10-30 11:00:00Z;0,6167667;0;3
1974-10-31 11:00:00Z;0,5671835;0;3
1974-11-01 11:00:00Z;0,4749349;0;3
1974-11-02 11:00:00Z;0,3917474;0;3
1974-11-03 11:00:00Z;0,3534874;0;3
1974-11-04 11:00:00Z;0,3534874;0;3
1974-11-05 11:00:00Z;0,3174143;0;3
1974-11-06 11:00:00Z;0,2517157;0;3
1974-11-07 11:00:00Z;0,2835001;0;3
1974-11-08 11:00:00Z;0,3174143;0;3
1974-11-09 11:00:00Z;0,3174143;0;3
1974-11-10 11:00:00Z;0,2835001;0;3
1974-11-11 11:00:00Z;0,2835001;0;3
1974-11-12 11:00:00Z;0,2517157;0;3
1974-11-13 11:00:00Z;0,2220311;0;3
1974-11-14 11:00:00Z;0,1944152;0;3
1974-11-15 11:00:00Z;0,1688351;0;3
1974-11-16 11:00:00Z;0,1452569;0;3
1974-11-17 11:00:00Z;0,1452569;0;3
1974-11-18 11:00:00Z;0,1236449;0;3
1974-11-19 11:00:00Z;0,1039617;0;3
1974-11-20 11:00:00Z;0,1039617;0;3
1974-11-21 11:00:00Z;0,08616744;0;3
1974-11-22 11:00:00Z;0,08616744;0;3
1974-11-23 11:00:00Z;0,0702204;0;3
1974-11-24 11:00:00Z;0,05607582;0;3
1974-11-25 11:00:00Z;0,03299872;0;3
1974-11-26 11:00:00Z;0,03299872;0;3
1974-11-27 11:00:00Z;0,03299872;0;3
1974-11-28 11:00:00Z;0,04368579;0;3
1974-11-29 11:00:00Z;0,04368579;0;3
1974-11-30 11:00:00Z;0,03299872;0;3
1974-12-01 11:00:00Z;0,0239583;0;3
1974-12-02 11:00:00Z;0,01650257;0;3
1974-12-03 11:00:00Z;0,01650257;0;3
1974-12-04 11:00:00Z;0,01650257;0;3
1974-12-05 11:00:00Z;0,01650257;0;3
1974-12-06 11:00:00Z;0,01650257;0;3
1974-12-07 11:00:00Z;0,01056224;0;3
1974-12-08 11:00:00Z;0,01056224;0;3
1974-12-09 11:00:00Z;0,01056224;0;3
1974-12-10 11:00:00Z;0,01056224;0;3
1974-12-11 11:00:00Z;0,01056224;0;3
1974-12-12 11:00:00Z;0,01056224;0;3
1974-12-13 11:00:00Z;0,01056224;0;3
1974-12-14 11:00:00Z;0,01056224;0;3
1974-12-15 11:00:00Z;0,01056224;0;3
1974-12-16 11:00:00Z;0,01056224;0;3
1974-12-17 11:00:00Z;0,01056224;0;3
1974-12-18 11:00:00Z;0,01056224;0;3
1974-12-19 11:00:00Z;0,01056224;0;3
1974-12-20 11:00:00Z;0,01056224;0;3
1974-12-21 11:00:00Z;0,01056224;0;3
1974-12-22 11:00:00Z;0,01056224;0;3
1974-12-23 11:00:00Z;0,01650257;0;3
1974-12-24 11:00:00Z;0,01650257;0;3
1974-12-25 11:00:00Z;0,0239583;0;3
1974-12-26 11:00:00Z;0,0239583;0;3
1974-12-27 11:00:00Z;0,03299872;0;3
1974-12-28 11:00:00Z;0,03299872;0;3
1974-12-29 11:00:00Z;0,03299872;0;3
1974-12-30 11:00:00Z;0,03299872;0;3
1974-12-31 11:00:00Z;0,04368579;0;3
1975-01-01 11:00:00Z;0,04368579;0;3
1975-01-02 11:00:00Z;0,1039617;0;3
1975-01-03 11:00:00Z;3,819428;0;3
1975-01-04 11:00:00Z;2,554287;0;3
1975-01-05 11:00:00Z;1,929039;0;3
1975-01-06 11:00:00Z;1,565981;0;3
1975-01-07 11:00:00Z;1,400195;0;3
1975-01-08 11:00:00Z;1,244721;0;3
1975-01-09 11:00:00Z;1,099414;0;3
1975-01-10 11:00:00Z;1,030527;0;3
1975-01-11 11:00:00Z;0,9001881;0;3
1975-01-12 11:00:00Z;0,838697;0;3
1975-01-13 11:00:00Z;0,7796305;0;3
1975-01-14 11:00:00Z;0,7229679;0;3
1975-01-15 11:00:00Z;0,6686874;0;3
1975-01-16 11:00:00Z;0,6167667;0;3
1975-01-17 11:00:00Z;0,5671835;0;3
1975-01-18 11:00:00Z;0,5199142;0;3
1975-01-19 11:00:00Z;0,4749349;0;3
1975-01-20 11:00:00Z;0,4322211;0;3
1975-01-21 11:00:00Z;0,4322211;0;3
1975-01-22 11:00:00Z;0,3917474;0;3
1975-01-23 11:00:00Z;0,3534874;0;3
1975-01-24 11:00:00Z;0,3174143;0;3
1975-01-25 11:00:00Z;0,2835001;0;3
1975-01-26 11:00:00Z;0,2835001;0;3
1975-01-27 11:00:00Z;0,2517157;0;3
1975-01-28 11:00:00Z;0,2220311;0;3
1975-01-29 11:00:00Z;0,1944152;0;3
1975-01-30 11:00:00Z;0,1944152;0;3
1975-01-31 11:00:00Z;0,1688351;0;3
1975-02-01 11:00:00Z;0,1688351;0;3
1975-02-02 11:00:00Z;0,1944152;0;3
1975-02-03 11:00:00Z;0,2517157;0;3
1975-02-04 11:00:00Z;1,929039;0;3
1975-02-05 11:00:00Z;4,560154;0;3
1975-02-06 11:00:00Z;4,560154;0;3
1975-02-07 11:00:00Z;3,409969;0;3
1975-02-08 11:00:00Z;2,784704;0;3
1975-02-09 11:00:00Z;2,33495;0;3
1975-02-10 11:00:00Z;1,929039;0;3
1975-02-11 11:00:00Z;1,652785;0;3
1975-02-12 11:00:00Z;1,481791;0;3
1975-02-13 11:00:00Z;1,321178;0;3
1975-02-14 11:00:00Z;1,170806;0;3
1975-02-15 11:00:00Z;1,099414;0;3
1975-02-16 11:00:00Z;0,9641246;0;3
1975-02-17 11:00:00Z;0,9001881;0;3
1975-02-18 11:00:00Z;0,838697;0;3
1975-02-19 11:00:00Z;0,7796305;0;3
1975-02-20 11:00:00Z;0,7796305;0;3
1975-02-21 11:00:00Z;0,7796305;0;3
1975-02-22 11:00:00Z;2,33495;0;3
1975-02-23 11:00:00Z;7,03366;0;3
1975-02-24 11:00:00Z;5,722183;0;3
1975-02-25 11:00:00Z;4,877141;0;3
1975-02-26 11:00:00Z;4,717158;0;3
1975-02-27 11:00:00Z;7,200998;0;3
1975-02-28 11:00:00Z;6,837012;0;3
1975-03-01 11:00:00Z;5,900297;0;3
1975-03-02 11:00:00Z;5,375094;0;3
1975-03-03 11:00:00Z;4,717158;0;3
1975-03-04 11:00:00Z;4,255044;0;3
1975-03-05 11:00:00Z;3,96171;0;3
1975-03-06 11:00:00Z;3,54357;0;3
1975-03-07 11:00:00Z;3,151356;0;3
1975-03-08 11:00:00Z;2,904104;0;3
1975-03-09 11:00:00Z;2,668103;0;3
1975-03-10 11:00:00Z;2,443241;0;3
1975-03-11 11:00:00Z;2,2294;0;3
1975-03-12 11:00:00Z;2,02646;0;3
1975-03-13 11:00:00Z;1,929039;0;3
1975-03-14 11:00:00Z;1,834298;0;3
1975-03-15 11:00:00Z;1,652785;0;3
1975-03-16 11:00:00Z;1,565981;0;3
1975-03-17 11:00:00Z;1,481791;0;3
1975-03-18 11:00:00Z;1,481791;0;3
1975-03-19 11:00:00Z;1,400195;0;3
1975-03-20 11:00:00Z;1,321178;0;3
1975-03-21 11:00:00Z;1,244721;0;3
1975-03-22 11:00:00Z;1,244721;0;3
1975-03-23 11:00:00Z;1,170806;0;3
1975-03-24 11:00:00Z;1,099414;0;3
1975-03-25 11:00:00Z;1,030527;0;3
1975-03-26 11:00:00Z;1,030527;0;3
1975-03-27 11:00:00Z;0,9641246;0;3
1975-03-28 11:00:00Z;0,9641246;0;3
1975-03-29 11:00:00Z;0,9001881;0;3
1975-03-30 11:00:00Z;0,9001881;0;3
1975-03-31 11:00:00Z;0,838697;0;3
1975-04-01 11:00:00Z;0,838697;0;3
1975-04-02 11:00:00Z;0,7796305;0;3
1975-04-03 11:00:00Z;0,7796305;0;3
1975-04-04 11:00:00Z;0,7229679;0;3
1975-04-05 11:00:00Z;0,7229679;0;3
1975-04-06 11:00:00Z;0,7229679;0;3
1975-04-07 11:00:00Z;0,7229679;0;3
1975-04-08 11:00:00Z;0,7229679;0;3
1975-04-09 11:00:00Z;0,7229679;0;3
1975-04-10 11:00:00Z;0,6686874;0;3
1975-04-11 11:00:00Z;0,6686874;0;3
1975-04-12 11:00:00Z;0,6686874;0;3
1975-04-13 11:00:00Z;0,6686874;0;3
1975-04-14 11:00:00Z;0,6686874;0;3
1975-04-15 11:00:00Z;0,6167667;0;3
1975-04-16 11:00:00Z;0,6167667;0;3
1975-04-17 11:00:00Z;0,6167667;0;3
1975-04-18 11:00:00Z;0,6167667;0;3
1975-04-19 11:00:00Z;0,6167667;0;3
1975-04-20 11:00:00Z;0,5671835;0;3
1975-04-21 11:00:00Z;0,5671835;0;3
1975-04-22 11:00:00Z;0,5199142;0;3
1975-04-23 11:00:00Z;0,5199142;0;3
1975-04-24 11:00:00Z;0,5199142;0;3
1975-04-25 11:00:00Z;0,5671835;0;3
1975-04-26 11:00:00Z;0,7229679;0;3
1975-04-27 11:00:00Z;0,7796305;0;3
1975-04-28 11:00:00Z;0,7796305;0;3
1975-04-29 11:00:00Z;0,7796305;0;3
1975-04-30 11:00:00Z;0,9001881;0;3
1975-05-01 11:00:00Z;1,321178;0;3
1975-05-02 11:00:00Z;1,929039;0;3
1975-05-03 11:00:00Z;2,126575;0;3
1975-05-04 11:00:00Z;1,929039;0;3
1975-05-05 11:00:00Z;1,565981;0;3
1975-05-06 11:00:00Z;1,742218;0;3
1975-05-07 11:00:00Z;2,126575;0;3
1975-05-08 11:00:00Z;3,279235;0;3
1975-05-09 11:00:00Z;6,453053;0;3
1975-05-10 11:00:00Z;13,25302;0;3
1975-05-11 11:00:00Z;21,69492;0;3
1975-05-12 11:00:00Z;33,91349;0;3
1975-05-13 11:00:00Z;28,73661;0;3
1975-05-14 11:00:00Z;22,00562;0;3
1975-05-15 11:00:00Z;15,21373;0;3
1975-05-16 11:00:00Z;13,01839;0;3
1975-05-17 11:00:00Z;16,25031;0;3
1975-05-18 11:00:00Z;19,29672;0;3
1975-05-19 11:00:00Z;21,38666;0;3
1975-05-20 11:00:00Z;24,91212;0;3
1975-05-21 11:00:00Z;30,89337;0;3
1975-05-22 11:00:00Z;40,50885;0;3
1975-05-23 11:00:00Z;35,49205;0;3
1975-05-24 11:00:00Z;26,96085;0;3
1975-05-25 11:00:00Z;25,92532;0;3
1975-05-26 11:00:00Z;22,95237;0;3
1975-05-27 11:00:00Z;22,00562;0;3
1975-05-28 11:00:00Z;17,8762;0;3
1975-05-29 11:00:00Z;12,55607;0;3
1975-05-30 11:00:00Z;10,79848;0;3
1975-05-31 11:00:00Z;9,974216;0;3
1975-06-01 11:00:00Z;9,185919;0;3
1975-06-02 11:00:00Z;8,994428;0;3
1975-06-03 11:00:00Z;8,805161;0;3
1975-06-04 11:00:00Z;8,618112;0;3
1975-06-05 11:00:00Z;9,185919;0;3
1975-06-06 11:00:00Z;12,78608;0;3
1975-06-07 11:00:00Z;21,69492;0;3
1975-06-08 11:00:00Z;44,09363;0;3
1975-06-09 11:00:00Z;57,4973;0;3
1975-06-10 11:00:00Z;48,52613;0;3
1975-06-11 11:00:00Z;37,11706;0;3
1975-06-12 11:00:00Z;34,96073;0;3
1975-06-13 11:00:00Z;38,78912;0;3
1975-06-14 11:00:00Z;32,88664;0;3
1975-06-15 11:00:00Z;31,38419;0;3
1975-06-16 11:00:00Z;33,91349;0;3
1975-06-17 11:00:00Z;30,40752;0;3
1975-06-18 11:00:00Z;27,31101;0;3
1975-06-19 11:00:00Z;28,73661;0;3
1975-06-20 11:00:00Z;49,18174;0;3
1975-06-21 11:00:00Z;61,97269;0;3
1975-06-22 11:00:00Z;50,51;0;3
1975-06-23 11:00:00Z;40,50885;0;3
1975-06-24 11:00:00Z;42,27682;0;3
1975-06-25 11:00:00Z;36,02852;0;3
1975-06-26 11:00:00Z;27,31101;0;3
1975-06-27 11:00:00Z;22,31875;0;3
1975-06-28 11:00:00Z;18,72132;0;3
1975-06-29 11:00:00Z;17,59927;0;3
1975-06-30 11:00:00Z;18,15551;0;3
1975-07-01 11:00:00Z;28,37646;0;3
1975-07-02 11:00:00Z;30,89337;0;3
1975-07-03 11:00:00Z;38,78912;0;3
1975-07-04 11:00:00Z;29,9266;0;3
1975-07-05 11:00:00Z;22,00562;0;3
1975-07-06 11:00:00Z;24,57934;0;3
1975-07-07 11:00:00Z;30,40752;0;3
1975-07-08 11:00:00Z;26,61319;0;3
1975-07-09 11:00:00Z;22,00562;0;3
1975-07-10 11:00:00Z;27,31101;0;3
1975-07-11 11:00:00Z;30,40752;0;3
1975-07-12 11:00:00Z;33,91349;0;3
1975-07-13 11:00:00Z;35,49205;0;3
1975-07-14 11:00:00Z;24,91212;0;3
1975-07-15 11:00:00Z;17,8762;0;3
1975-07-16 11:00:00Z;15,46935;0;3
1975-07-17 11:00:00Z;12,10295;0;3
1975-07-18 11:00:00Z;11,22419;0;3
1975-07-19 11:00:00Z;11,44045;0;3
1975-07-20 11:00:00Z;12,10295;0;3
1975-07-21 11:00:00Z;13,01839;0;3
1975-07-22 11:00:00Z;19,00782;0;3
1975-07-23 11:00:00Z;23,59578;0;3
1975-07-24 11:00:00Z;40,50885;0;3
1975-07-25 11:00:00Z;51,86109;0;3
1975-07-26 11:00:00Z;36,57019;0;3
1975-07-27 11:00:00Z;21,69492;0;3
1975-07-28 11:00:00Z;18,43722;0;3
1975-07-29 11:00:00Z;15,72731;0;3
1975-07-30 11:00:00Z;18,72132;0;3
1975-07-31 11:00:00Z;21,38666;0;3
1975-08-01 11:00:00Z;18,43722;0;3
1975-08-02 11:00:00Z;13,01839;0;3
1975-08-03 11:00:00Z;14,21473;0;3
1975-08-04 11:00:00Z;19,58804;0;3
1975-08-05 11:00:00Z;21,69492;0;3
1975-08-06 11:00:00Z;16,25031;0;3
1975-08-07 11:00:00Z;10,79848;0;3
1975-08-08 11:00:00Z;15,46935;0;3
1975-08-09 11:00:00Z;14,70955;0;3
1975-08-10 11:00:00Z;10,79848;0;3
1975-08-11 11:00:00Z;11,44045;0;3
1975-08-12 11:00:00Z;9,379639;0;3
1975-08-13 11:00:00Z;7,200998;0;3
1975-08-14 11:00:00Z;5,900297;0;3
1975-08-15 11:00:00Z;6,453053;0;3
1975-08-16 11:00:00Z;6,081473;0;3
1975-08-17 11:00:00Z;5,722183;0;3
1975-08-18 11:00:00Z;5,206098;0;3
1975-08-19 11:00:00Z;4,560154;0;3
1975-08-20 11:00:00Z;4,255044;0;3
1975-08-21 11:00:00Z;5,206098;0;3
1975-08-22 11:00:00Z;8,805161;0;3
1975-08-23 11:00:00Z;8,994428;0;3
1975-08-24 11:00:00Z;6,643479;0;3
1975-08-25 11:00:00Z;4,877141;0;3
1975-08-26 11:00:00Z;4,106911;0;3
1975-08-27 11:00:00Z;3,96171;0;3
1975-08-28 11:00:00Z;6,837012;0;3
1975-08-29 11:00:00Z;9,379639;0;3
1975-08-30 11:00:00Z;7,370477;0;3
1975-08-31 11:00:00Z;6,837012;0;3
1975-09-01 11:00:00Z;7,03366;0;3
1975-09-02 11:00:00Z;13,97081;0;3
1975-09-03 11:00:00Z;13,97081;0;3
1975-09-04 11:00:00Z;12,10295;0;3
1975-09-05 11:00:00Z;9,379639;0;3
1975-09-06 11:00:00Z;10,38183;0;3
1975-09-07 11:00:00Z;9,974216;0;3
1975-09-08 11:00:00Z;14,21473;0;3
1975-09-09 11:00:00Z;23,59578;0;3
1975-09-10 11:00:00Z;17,05256;0;3
1975-09-11 11:00:00Z;14,96047;0;3
1975-09-12 11:00:00Z;12,10295;0;3
1975-09-13 11:00:00Z;11,659;0;3
1975-09-14 11:00:00Z;11,87983;0;3
1975-09-15 11:00:00Z;10,38183;0;3
1975-09-16 11:00:00Z;19,29672;0;3
1975-09-17 11:00:00Z;18,72132;0;3
1975-09-18 11:00:00Z;23,27284;0;3
1975-09-19 11:00:00Z;12,55607;0;3
1975-09-20 11:00:00Z;8,433275;0;3
1975-09-21 11:00:00Z;7,892004;0;3
1975-09-22 11:00:00Z;7,892004;0;3
1975-09-23 11:00:00Z;7,542134;0;3
1975-09-24 11:00:00Z;12,32836;0;3
1975-09-25 11:00:00Z;11,22419;0;3
1975-09-26 11:00:00Z;21,38666;0;3
1975-09-27 11:00:00Z;35,49205;0;3
1975-09-28 11:00:00Z;15,98763;0;3
1975-09-29 11:00:00Z;11,44045;0;3
1975-09-30 11:00:00Z;8,618112;0;3
1975-10-01 11:00:00Z;8,250649;0;3
1975-10-02 11:00:00Z;14,96047;0;3
1975-10-03 11:00:00Z;11,659;0;3
1975-10-04 11:00:00Z;8,433275;0;3
1975-10-05 11:00:00Z;6,837012;0;3
1975-10-06 11:00:00Z;12,55607;0;3
1975-10-07 11:00:00Z;9,575592;0;3
1975-10-08 11:00:00Z;8,250649;0;3
1975-10-09 11:00:00Z;5,375094;0;3
1975-10-10 11:00:00Z;5,722183;0;3
1975-10-11 11:00:00Z;5,206098;0;3
1975-10-12 11:00:00Z;19,00782;0;3
1975-10-13 11:00:00Z;32,88664;0;3
1975-10-14 11:00:00Z;19,00782;0;3
1975-10-15 11:00:00Z;10,58902;0;3
1975-10-16 11:00:00Z;8,618112;0;3
1975-10-17 11:00:00Z;8,250649;0;3
1975-10-18 11:00:00Z;6,265721;0;3
1975-10-19 11:00:00Z;6,081473;0;3
1975-10-20 11:00:00Z;9,185919;0;3
1975-10-21 11:00:00Z;7,715975;0;3
1975-10-22 11:00:00Z;5,547119;0;3
1975-10-23 11:00:00Z;5,206098;0;3
1975-10-24 11:00:00Z;4,717158;0;3
1975-10-25 11:00:00Z;5,206098;0;3
1975-10-26 11:00:00Z;22,00562;0;3
1975-10-27 11:00:00Z;25,92532;0;3
1975-10-28 11:00:00Z;14,46097;0;3
1975-10-29 11:00:00Z;11,44045;0;3
1975-10-30 11:00:00Z;6,265721;0;3
1975-10-31 11:00:00Z;4,877141;0;3
1975-11-01 11:00:00Z;4,560154;0;3
1975-11-02 11:00:00Z;4,406121;0;3
1975-11-03 11:00:00Z;4,255044;0;3
1975-11-04 11:00:00Z;4,560154;0;3
1975-11-05 11:00:00Z;6,081473;0;3
1975-11-06 11:00:00Z;5,375094;0;3
1975-11-07 11:00:00Z;4,406121;0;3
1975-11-08 11:00:00Z;9,773783;0;3
1975-11-09 11:00:00Z;47,87616;0;3
1975-11-10 11:00:00Z;38,22651;0;3
1975-11-11 11:00:00Z;13,25302;0;3
1975-11-12 11:00:00Z;9,773783;0;3
1975-11-13 11:00:00Z;8,070228;0;3
1975-11-14 11:00:00Z;7,200998;0;3
1975-11-15 11:00:00Z;6,453053;0;3
1975-11-16 11:00:00Z;5,375094;0;3
1975-11-17 11:00:00Z;4,406121;0;3
1975-11-18 11:00:00Z;3,819428;0;3
1975-11-19 11:00:00Z;3,279235;0;3
1975-11-20 11:00:00Z;2,904104;0;3
1975-11-21 11:00:00Z;2,554287;0;3
1975-11-22 11:00:00Z;2,33495;0;3
1975-11-23 11:00:00Z;2,126575;0;3
1975-11-24 11:00:00Z;2,02646;0;3
1975-11-25 11:00:00Z;1,929039;0;3
1975-11-26 11:00:00Z;1,834298;0;3
1975-11-27 11:00:00Z;1,652785;0;3
1975-11-28 11:00:00Z;1,565981;0;3
1975-11-29 11:00:00Z;1,481791;0;3
1975-11-30 11:00:00Z;1,400195;0;3
1975-12-01 11:00:00Z;1,321178;0;3
1975-12-02 11:00:00Z;1,321178;0;3
1975-12-03 11:00:00Z;1,244721;0;3
1975-12-04 11:00:00Z;1,244721;0;3
1975-12-05 11:00:00Z;1,170806;0;3
1975-12-06 11:00:00Z;1,170806;0;3
1975-12-07 11:00:00Z;1,170806;0;3
1975-12-08 11:00:00Z;1,099414;0;3
1975-12-09 11:00:00Z;1,099414;0;3
1975-12-10 11:00:00Z;1,099414;0;3
1975-12-11 11:00:00Z;1,742218;0;3
1975-12-12 11:00:00Z;3,409969;0;3
1975-12-13 11:00:00Z;3,026317;0;3
1975-12-14 11:00:00Z;3,680052;0;3
1975-12-15 11:00:00Z;4,255044;0;3
1975-12-16 11:00:00Z;3,680052;0;3
1975-12-17 11:00:00Z;3,026317;0;3
1975-12-18 11:00:00Z;2,554287;0;3
1975-12-19 11:00:00Z;2,2294;0;3
1975-12-20 11:00:00Z;2,02646;0;3
1975-12-21 11:00:00Z;1,742218;0;3
1975-12-22 11:00:00Z;1,565981;0;3
1975-12-23 11:00:00Z;1,400195;0;3
1975-12-24 11:00:00Z;1,244721;0;3
1975-12-25 11:00:00Z;1,170806;0;3
1975-12-26 11:00:00Z;1,099414;0;3
1975-12-27 11:00:00Z;1,030527;0;3
1975-12-28 11:00:00Z;0,9641246;0;3
1975-12-29 11:00:00Z;0,9641246;0;3
1975-12-30 11:00:00Z;0,9001881;0;3
1975-12-31 11:00:00Z;0,9001881;0;3
1976-01-01 11:00:00Z;0,838697;0;3
1976-01-02 11:00:00Z;0,7796305;0;3
1976-01-03 11:00:00Z;0,7796305;0;3
1976-01-04 11:00:00Z;0,7229679;0;3
1976-01-05 11:00:00Z;0,7229679;0;3
1976-01-06 11:00:00Z;0,7229679;0;3
1976-01-07 11:00:00Z;0,6686874;0;3
1976-01-08 11:00:00Z;0,6686874;0;3
1976-01-09 11:00:00Z;0,6686874;0;3
1976-01-10 11:00:00Z;0,6167667;0;3
1976-01-11 11:00:00Z;0,6167667;0;3
1976-01-12 11:00:00Z;0,6167667;0;3
1976-01-13 11:00:00Z;0,5671835;0;3
1976-01-14 11:00:00Z;0,5671835;0;3
1976-01-15 11:00:00Z;0,5671835;0;3
1976-01-16 11:00:00Z;0,5671835;0;3
1976-01-17 11:00:00Z;0,5199142;0;3
1976-01-18 11:00:00Z;0,5199142;0;3
1976-01-19 11:00:00Z;0,5199142;0;3
1976-01-20 11:00:00Z;0,5199142;0;3
1976-01-21 11:00:00Z;0,4749349;0;3
1976-01-22 11:00:00Z;0,4749349;0;3
1976-01-23 11:00:00Z;0,4749349;0;3
1976-01-24 11:00:00Z;0,4749349;0;3
1976-01-25 11:00:00Z;0,4322211;0;3
1976-01-26 11:00:00Z;0,4322211;0;3
1976-01-27 11:00:00Z;0,4322211;0;3
1976-01-28 11:00:00Z;0,4322211;0;3
1976-01-29 11:00:00Z;0,4322211;0;3
1976-01-30 11:00:00Z;0,4322211;0;3
1976-01-31 11:00:00Z;0,4322211;0;3
1976-02-01 11:00:00Z;0,4322211;0;3
1976-02-02 11:00:00Z;0,4322211;0;3
1976-02-03 11:00:00Z;0,4322211;0;3
1976-02-04 11:00:00Z;0,4322211;0;3
1976-02-05 11:00:00Z;0,4322211;0;3
1976-02-06 11:00:00Z;0,4322211;0;3
1976-02-07 11:00:00Z;0,3917474;0;3
1976-02-08 11:00:00Z;0,3917474;0;3
1976-02-09 11:00:00Z;0,3917474;0;3
1976-02-10 11:00:00Z;0,3917474;0;3
1976-02-11 11:00:00Z;0,3917474;0;3
1976-02-12 11:00:00Z;0,3917474;0;3
1976-02-13 11:00:00Z;0,3917474;0;3
1976-02-14 11:00:00Z;0,3917474;0;3
1976-02-15 11:00:00Z;0,3917474;0;3
1976-02-16 11:00:00Z;0,5199142;0;3
1976-02-17 11:00:00Z;2,668103;0;3
1976-02-18 11:00:00Z;9,185919;0;3
1976-02-19 11:00:00Z;7,892004;0;3
1976-02-20 11:00:00Z;5,900297;0;3
1976-02-21 11:00:00Z;3,54357;0;3
1976-02-22 11:00:00Z;2,443241;0;3
1976-02-23 11:00:00Z;2,02646;0;3
1976-02-24 11:00:00Z;1,652785;0;3
1976-02-25 11:00:00Z;1,481791;0;3
1976-02-26 11:00:00Z;1,321178;0;3
1976-02-27 11:00:00Z;1,170806;0;3
1976-02-28 11:00:00Z;1,099414;0;3
1976-02-29 11:00:00Z;1,030527;0;3
1976-03-01 11:00:00Z;0,9641246;0;3
1976-03-02 11:00:00Z;0,9001881;0;3
1976-03-03 11:00:00Z;0,838697;0;3
1976-03-04 11:00:00Z;0,7796305;0;3
1976-03-05 11:00:00Z;0,7796305;0;3
1976-03-06 11:00:00Z;0,7229679;0;3
1976-03-07 11:00:00Z;0,6686874;0;3
1976-03-08 11:00:00Z;0,6686874;0;3
1976-03-09 11:00:00Z;0,6167667;0;3
1976-03-10 11:00:00Z;0,6167667;0;3
1976-03-11 11:00:00Z;0,5671835;0;3
1976-03-12 11:00:00Z;0,5671835;0;3
1976-03-13 11:00:00Z;0,5199142;0;3
1976-03-14 11:00:00Z;0,5199142;0;3
1976-03-15 11:00:00Z;0,5199142;0;3
1976-03-16 11:00:00Z;0,4749349;0;3
1976-03-17 11:00:00Z;0,4749349;0;3
1976-03-18 11:00:00Z;0,4749349;0;3
1976-03-19 11:00:00Z;0,4322211;0;3
1976-03-20 11:00:00Z;0,4322211;0;3
1976-03-21 11:00:00Z;0,4322211;0;3
1976-03-22 11:00:00Z;0,4322211;0;3
1976-03-23 11:00:00Z;0,3917474;0;3
1976-03-24 11:00:00Z;0,3917474;0;3
1976-03-25 11:00:00Z;0,3917474;0;3
1976-03-26 11:00:00Z;0,3917474;0;3
1976-03-27 11:00:00Z;0,3917474;0;3
1976-03-28 11:00:00Z;0,3534874;0;3
1976-03-29 11:00:00Z;0,3534874;0;3
1976-03-30 11:00:00Z;0,3534874;0;3
1976-03-31 11:00:00Z;0,3534874;0;3
1976-04-01 11:00:00Z;0,3534874;0;3
1976-04-02 11:00:00Z;0,3534874;0;3
1976-04-03 11:00:00Z;0,3534874;0;3
1976-04-04 11:00:00Z;0,3174143;0;3
1976-04-05 11:00:00Z;0,3174143;0;3
1976-04-06 11:00:00Z;0,3174143;0;3
1976-04-07 11:00:00Z;0,3174143;0;3
1976-04-08 11:00:00Z;0,3174143;0;3
1976-04-09 11:00:00Z;0,3174143;0;3
1976-04-10 11:00:00Z;0,3174143;0;3
1976-04-11 11:00:00Z;0,4322211;0;3
1976-04-12 11:00:00Z;0,9001881;0;3
1976-04-13 11:00:00Z;0,9001881;0;3
1976-04-14 11:00:00Z;0,9001881;0;3
1976-04-15 11:00:00Z;0,838697;0;3
1976-04-16 11:00:00Z;0,7796305;0;3
1976-04-17 11:00:00Z;0,7229679;0;3
1976-04-18 11:00:00Z;0,6686874;0;3
1976-04-19 11:00:00Z;0,6167667;0;3
1976-04-20 11:00:00Z;0,5671835;0;3
1976-04-21 11:00:00Z;0,5671835;0;3
1976-04-22 11:00:00Z;0,5199142;0;3
1976-04-23 11:00:00Z;0,4749349;0;3
1976-04-24 11:00:00Z;0,4749349;0;3
1976-04-25 11:00:00Z;0,4322211;0;3
1976-04-26 11:00:00Z;0,4322211;0;3
1976-04-27 11:00:00Z;0,3917474;0;3
1976-04-28 11:00:00Z;0,3917474;0;3
1976-04-29 11:00:00Z;0,3917474;0;3
1976-04-30 11:00:00Z;0,3917474;0;3
1976-05-01 11:00:00Z;0,3917474;0;3
1976-05-02 11:00:00Z;0,3917474;0;3
1976-05-03 11:00:00Z;0,3917474;0;3
1976-05-04 11:00:00Z;0,3917474;0;3
1976-05-05 11:00:00Z;0,7229679;0;3
1976-05-06 11:00:00Z;0,9001881;0;3
1976-05-07 11:00:00Z;0,9001881;0;3
1976-05-08 11:00:00Z;0,9001881;0;3
1976-05-09 11:00:00Z;1,321178;0;3
1976-05-10 11:00:00Z;7,370477;0;3
1976-05-11 11:00:00Z;18,43722;0;3
1976-05-12 11:00:00Z;19,29672;0;3
1976-05-13 11:00:00Z;17,05256;0;3
1976-05-14 11:00:00Z;17,59927;0;3
1976-05-15 11:00:00Z;18,15551;0;3
1976-05-16 11:00:00Z;17,32473;0;3
1976-05-17 11:00:00Z;24,91212;0;3
1976-05-18 11:00:00Z;30,89337;0;3
1976-05-19 11:00:00Z;36,57019;0;3
1976-05-20 11:00:00Z;42,87697;0;3
1976-05-21 11:00:00Z;50,51;0;3
1976-05-22 11:00:00Z;51,86109;0;3
1976-05-23 11:00:00Z;45,95989;0;3
1976-05-24 11:00:00Z;44,09363;0;3
1976-05-25 11:00:00Z;55,33987;0;3
1976-05-26 11:00:00Z;57,4973;0;3
1976-05-27 11:00:00Z;50,51;0;3
1976-05-28 11:00:00Z;41,6821;0;3
1976-05-29 11:00:00Z;39,93027;0;3
1976-05-30 11:00:00Z;41,6821;0;3
1976-05-31 11:00:00Z;39,93027;0;3
1976-06-01 11:00:00Z;36,02852;0;3
1976-06-02 11:00:00Z;32,88664;0;3
1976-06-03 11:00:00Z;29,46446;0;3
1976-06-04 11:00:00Z;24,57934;0;3
1976-06-05 11:00:00Z;19,29672;0;3
1976-06-06 11:00:00Z;16,51536;0;3
1976-06-07 11:00:00Z;15,98763;0;3
1976-06-08 11:00:00Z;16,51536;0;3
1976-06-09 11:00:00Z;18,72132;0;3
1976-06-10 11:00:00Z;26,61319;0;3
1976-06-11 11:00:00Z;38,78912;0;3
1976-06-12 11:00:00Z;40,50885;0;3
1976-06-13 11:00:00Z;42,87697;0;3
1976-06-14 11:00:00Z;52,54525;0;3
1976-06-15 11:00:00Z;68,27966;0;3
1976-06-16 11:00:00Z;67,46974;0;3
1976-06-17 11:00:00Z;65,07708;0;3
1976-06-18 11:00:00Z;58,96517;0;3
1976-06-19 11:00:00Z;61,97269;0;3
1976-06-20 11:00:00Z;60,45691;0;3
1976-06-21 11:00:00Z;56,77226;0;3
1976-06-22 11:00:00Z;55,33987;0;3
1976-06-23 11:00:00Z;46,59306;0;3
1976-06-24 11:00:00Z;41,09278;0;3
1976-06-25 11:00:00Z;48,52613;0;3
1976-06-26 11:00:00Z;54,63248;0;3
1976-06-27 11:00:00Z;50,51;0;3
1976-06-28 11:00:00Z;51,86109;0;3
1976-06-29 11:00:00Z;49,84303;0;3
1976-06-30 11:00:00Z;52,54525;0;3
1976-07-01 11:00:00Z;46,59306;0;3
1976-07-02 11:00:00Z;41,6821;0;3
1976-07-03 11:00:00Z;35,49205;0;3
1976-07-04 11:00:00Z;32,3808;0;3
1976-07-05 11:00:00Z;31,87999;0;3
1976-07-06 11:00:00Z;34,96073;0;3
1976-07-07 11:00:00Z;40,50885;0;3
1976-07-08 11:00:00Z;44,09363;0;3
1976-07-09 11:00:00Z;46,59306;0;3
1976-07-10 11:00:00Z;47,87616;0;3
1976-07-11 11:00:00Z;44,09363;0;3
1976-07-12 11:00:00Z;45,33227;0;3
1976-07-13 11:00:00Z;34,96073;0;3
1976-07-14 11:00:00Z;33,39753;0;3
1976-07-15 11:00:00Z;34,43455;0;3
1976-07-16 11:00:00Z;44,09363;0;3
1976-07-17 11:00:00Z;49,18174;0;3
1976-07-18 11:00:00Z;56,77226;0;3
1976-07-19 11:00:00Z;39,93027;0;3
1976-07-20 11:00:00Z;38,22651;0;3
1976-07-21 11:00:00Z;40,50885;0;3
1976-07-22 11:00:00Z;31,87999;0;3
1976-07-23 11:00:00Z;30,40752;0;3
1976-07-24 11:00:00Z;23,59578;0;3
1976-07-25 11:00:00Z;20,77743;0;3
1976-07-26 11:00:00Z;23,59578;0;3
1976-07-27 11:00:00Z;20,47645;0;3
1976-07-28 11:00:00Z;17,32473;0;3
1976-07-29 11:00:00Z;20,77743;0;3
1976-07-30 11:00:00Z;16,51536;0;3
1976-07-31 11:00:00Z;12,32836;0;3
1976-08-01 11:00:00Z;9,974216;0;3
1976-08-02 11:00:00Z;8,994428;0;3
1976-08-03 11:00:00Z;11,87983;0;3
1976-08-04 11:00:00Z;13,01839;0;3
1976-08-05 11:00:00Z;10,1769;0;3
1976-08-06 11:00:00Z;10,38183;0;3
1976-08-07 11:00:00Z;12,78608;0;3
1976-08-08 11:00:00Z;13,48996;0;3
1976-08-09 11:00:00Z;15,72731;0;3
1976-08-10 11:00:00Z;17,8762;0;3
1976-08-11 11:00:00Z;14,96047;0;3
1976-08-12 11:00:00Z;13,48996;0;3
1976-08-13 11:00:00Z;14,96047;0;3
1976-08-14 11:00:00Z;14,70955;0;3
1976-08-15 11:00:00Z;13,25302;0;3
1976-08-16 11:00:00Z;13,97081;0;3
1976-08-17 11:00:00Z;10,79848;0;3
1976-08-18 11:00:00Z;11,44045;0;3
1976-08-19 11:00:00Z;10,38183;0;3
1976-08-20 11:00:00Z;13,25302;0;3
1976-08-21 11:00:00Z;10,58902;0;3
1976-08-22 11:00:00Z;7,03366;0;3
1976-08-23 11:00:00Z;7,370477;0;3
1976-08-24 11:00:00Z;9,185919;0;3
1976-08-25 11:00:00Z;8,618112;0;3
1976-08-26 11:00:00Z;6,265721;0;3
1976-08-27 11:00:00Z;5,040117;0;3
1976-08-28 11:00:00Z;5,040117;0;3
1976-08-29 11:00:00Z;7,200998;0;3
1976-08-30 11:00:00Z;8,433275;0;3
1976-08-31 11:00:00Z;10,79848;0;3
1976-09-01 11:00:00Z;7,542134;0;3
1976-09-02 11:00:00Z;7,892004;0;3
1976-09-03 11:00:00Z;7,542134;0;3
1976-09-04 11:00:00Z;6,453053;0;3
1976-09-05 11:00:00Z;5,722183;0;3
1976-09-06 11:00:00Z;11,22419;0;3
1976-09-07 11:00:00Z;14,46097;0;3
1976-09-08 11:00:00Z;10,38183;0;3
1976-09-09 11:00:00Z;8,070228;0;3
1976-09-10 11:00:00Z;6,643479;0;3
1976-09-11 11:00:00Z;7,370477;0;3
1976-09-12 11:00:00Z;8,618112;0;3
1976-09-13 11:00:00Z;7,542134;0;3
1976-09-14 11:00:00Z;6,265721;0;3
1976-09-15 11:00:00Z;5,206098;0;3
1976-09-16 11:00:00Z;4,560154;0;3
1976-09-17 11:00:00Z;4,255044;0;3
1976-09-18 11:00:00Z;4,255044;0;3
1976-09-19 11:00:00Z;4,406121;0;3
1976-09-20 11:00:00Z;4,255044;0;3
1976-09-21 11:00:00Z;4,406121;0;3
1976-09-22 11:00:00Z;4,406121;0;3
1976-09-23 11:00:00Z;4,560154;0;3
1976-09-24 11:00:00Z;7,03366;0;3
1976-09-25 11:00:00Z;7,03366;0;3
1976-09-26 11:00:00Z;7,370477;0;3
1976-09-27 11:00:00Z;5,375094;0;3
1976-09-28 11:00:00Z;5,547119;0;3
1976-09-29 11:00:00Z;4,717158;0;3
1976-09-30 11:00:00Z;4,406121;0;3
1976-10-01 11:00:00Z;4,877141;0;3
1976-10-02 11:00:00Z;4,560154;0;3
1976-10-03 11:00:00Z;4,255044;0;3
1976-10-04 11:00:00Z;3,96171;0;3
1976-10-05 11:00:00Z;4,406121;0;3
1976-10-06 11:00:00Z;4,717158;0;3
1976-10-07 11:00:00Z;4,560154;0;3
1976-10-08 11:00:00Z;4,717158;0;3
1976-10-09 11:00:00Z;4,255044;0;3
1976-10-10 11:00:00Z;3,96171;0;3
1976-10-11 11:00:00Z;3,680052;0;3
1976-10-12 11:00:00Z;3,409969;0;3
1976-10-13 11:00:00Z;3,151356;0;3
1976-10-14 11:00:00Z;3,026317;0;3
1976-10-15 11:00:00Z;2,904104;0;3
1976-10-16 11:00:00Z;2,784704;0;3
1976-10-17 11:00:00Z;2,668103;0;3
1976-10-18 11:00:00Z;2,554287;0;3
1976-10-19 11:00:00Z;2,443241;0;3
1976-10-20 11:00:00Z;2,2294;0;3
1976-10-21 11:00:00Z;2,126575;0;3
1976-10-22 11:00:00Z;1,929039;0;3
1976-10-23 11:00:00Z;1,929039;0;3
1976-10-24 11:00:00Z;2,126575;0;3
1976-10-25 11:00:00Z;2,02646;0;3
1976-10-26 11:00:00Z;1,929039;0;3
1976-10-27 11:00:00Z;1,834298;0;3
1976-10-28 11:00:00Z;1,742218;0;3
1976-10-29 11:00:00Z;1,652785;0;3
1976-10-30 11:00:00Z;1,565981;0;3
1976-10-31 11:00:00Z;1,400195;0;3
1976-11-01 11:00:00Z;1,244721;0;3
1976-11-02 11:00:00Z;1,170806;0;3
1976-11-03 11:00:00Z;1,099414;0;3
1976-11-04 11:00:00Z;1,030527;0;3
1976-11-05 11:00:00Z;0,9001881;0;3
1976-11-06 11:00:00Z;0,9001881;0;3
1976-11-07 11:00:00Z;0,9001881;0;3
1976-11-08 11:00:00Z;0,9001881;0;3
1976-11-09 11:00:00Z;0,9641246;0;3
1976-11-10 11:00:00Z;1,030527;0;3
1976-11-11 11:00:00Z;1,030527;0;3
1976-11-12 11:00:00Z;1,030527;0;3
1976-11-13 11:00:00Z;0,9641246;0;3
1976-11-14 11:00:00Z;0,9641246;0;3
1976-11-15 11:00:00Z;0,9001881;0;3
1976-11-16 11:00:00Z;0,838697;0;3
1976-11-17 11:00:00Z;1,030527;0;3
1976-11-18 11:00:00Z;1,652785;0;3
1976-11-19 11:00:00Z;1,244721;0;3
1976-11-20 11:00:00Z;2,668103;0;3
1976-11-21 11:00:00Z;4,406121;0;3
1976-11-22 11:00:00Z;3,151356;0;3
1976-11-23 11:00:00Z;2,443241;0;3
1976-11-24 11:00:00Z;1,929039;0;3
1976-11-25 11:00:00Z;1,652785;0;3
1976-11-26 11:00:00Z;1,481791;0;3
1976-11-27 11:00:00Z;1,321178;0;3
1976-11-28 11:00:00Z;1,244721;0;3
1976-11-29 11:00:00Z;1,099414;0;3
1976-11-30 11:00:00Z;1,030527;0;3
1976-12-01 11:00:00Z;0,9641246;0;3
1976-12-02 11:00:00Z;0,9001881;0;3
1976-12-03 11:00:00Z;0,838697;0;3
1976-12-04 11:00:00Z;0,7796305;0;3
1976-12-05 11:00:00Z;0,7796305;0;3
1976-12-06 11:00:00Z;0,7229679;0;3
1976-12-07 11:00:00Z;0,6686874;0;3
1976-12-08 11:00:00Z;0,6167667;0;3
1976-12-09 11:00:00Z;0,6167667;0;3
1976-12-10 11:00:00Z;0,5671835;0;3
1976-12-11 11:00:00Z;0,5199142;0;3
1976-12-12 11:00:00Z;0,5199142;0;3
1976-12-13 11:00:00Z;0,5199142;0;3
1976-12-14 11:00:00Z;0,4749349;0;3
1976-12-15 11:00:00Z;0,4749349;0;3
1976-12-16 11:00:00Z;0,4749349;0;3
1976-12-17 11:00:00Z;0,4322211;0;3
1976-12-18 11:00:00Z;0,4322211;0;3
1976-12-19 11:00:00Z;0,4322211;0;3
1976-12-20 11:00:00Z;0,4322211;0;3
1976-12-21 11:00:00Z;0,3917474;0;3
1976-12-22 11:00:00Z;0,3917474;0;3
1976-12-23 11:00:00Z;0,3917474;0;3
1976-12-24 11:00:00Z;0,3534874;0;3
1976-12-25 11:00:00Z;0,3534874;0;3
1976-12-26 11:00:00Z;0,3534874;0;3
1976-12-27 11:00:00Z;0,3174143;0;3
1976-12-28 11:00:00Z;0,3174143;0;3
1976-12-29 11:00:00Z;0,3174143;0;3
1976-12-30 11:00:00Z;0,3174143;0;3
1976-12-31 11:00:00Z;0,3174143;0;3
1977-01-01 11:00:00Z;0,2835001;0;3
1977-01-02 11:00:00Z;0,2835001;0;3
1977-01-03 11:00:00Z;0,2835001;0;3
1977-01-04 11:00:00Z;0,2835001;0;3
1977-01-05 11:00:00Z;0,2835001;0;3
1977-01-06 11:00:00Z;0,2835001;0;3
1977-01-07 11:00:00Z;0,2835001;0;3
1977-01-08 11:00:00Z;0,2835001;0;3
1977-01-09 11:00:00Z;0,2835001;0;3
1977-01-10 11:00:00Z;0,2835001;0;3
1977-01-11 11:00:00Z;0,2835001;0;3
1977-01-12 11:00:00Z;0,2835001;0;3
1977-01-13 11:00:00Z;0,2835001;0;3
1977-01-14 11:00:00Z;0,2835001;0;3
1977-01-15 11:00:00Z;0,2835001;0;3
1977-01-16 11:00:00Z;0,2835001;0;3
1977-01-17 11:00:00Z;0,2517157;0;3
1977-01-18 11:00:00Z;0,2517157;0;3
1977-01-19 11:00:00Z;0,2517157;0;3
1977-01-20 11:00:00Z;0,2517157;0;3
1977-01-21 11:00:00Z;0,2517157;0;3
1977-01-22 11:00:00Z;0,2517157;0;3
1977-01-23 11:00:00Z;0,2220311;0;3
1977-01-24 11:00:00Z;0,2220311;0;3
1977-01-25 11:00:00Z;0,2220311;0;3
1977-01-26 11:00:00Z;0,2220311;0;3
1977-01-27 11:00:00Z;0,1944152;0;3
1977-01-28 11:00:00Z;0,1944152;0;3
1977-01-29 11:00:00Z;0,1944152;0;3
1977-01-30 11:00:00Z;0,1944152;0;3
1977-01-31 11:00:00Z;0,1944152;0;3
1977-02-01 11:00:00Z;0,1944152;0;3
1977-02-02 11:00:00Z;0,1688351;0;3
1977-02-03 11:00:00Z;0,1688351;0;3
1977-02-04 11:00:00Z;0,1688351;0;3
1977-02-05 11:00:00Z;0,1688351;0;3
1977-02-06 11:00:00Z;0,1688351;0;3
1977-02-07 11:00:00Z;0,1688351;0;3
1977-02-08 11:00:00Z;0,1688351;0;3
1977-02-09 11:00:00Z;0,1688351;0;3
1977-02-10 11:00:00Z;0,1688351;0;3
1977-02-11 11:00:00Z;0,1688351;0;3
1977-02-12 11:00:00Z;0,1688351;0;3
1977-02-13 11:00:00Z;0,1688351;0;3
1977-02-14 11:00:00Z;0,1688351;0;3
1977-02-15 11:00:00Z;0,1688351;0;3
1977-02-16 11:00:00Z;0,1688351;0;3
1977-02-17 11:00:00Z;0,1688351;0;3
1977-02-18 11:00:00Z;0,1688351;0;3
1977-02-19 11:00:00Z;0,1688351;0;3
1977-02-20 11:00:00Z;0,1452569;0;3
1977-02-21 11:00:00Z;0,1236449;0;3
1977-02-22 11:00:00Z;0,1236449;0;3
1977-02-23 11:00:00Z;0,1039617;0;3
1977-02-24 11:00:00Z;0,1039617;0;3
1977-02-25 11:00:00Z;0,1039617;0;3
1977-02-26 11:00:00Z;0,08616744;0;3
1977-02-27 11:00:00Z;0,08616744;0;3
1977-02-28 11:00:00Z;0,0702204;0;3
1977-03-01 11:00:00Z;0,05607582;0;3
1977-03-02 11:00:00Z;0,05607582;0;3
1977-03-03 11:00:00Z;0,04368579;0;3
1977-03-04 11:00:00Z;0,04368579;0;3
1977-03-05 11:00:00Z;0,04368579;0;3
1977-03-06 11:00:00Z;0,03299872;0;3
1977-03-07 11:00:00Z;0,03299872;0;3
1977-03-08 11:00:00Z;0,03299872;0;3
1977-03-09 11:00:00Z;0,0239583;0;3
1977-03-10 11:00:00Z;0,0239583;0;3
1977-03-11 11:00:00Z;0,0239583;0;3
1977-03-12 11:00:00Z;0,0702204;0;3
1977-03-13 11:00:00Z;0,7796305;0;3
1977-03-14 11:00:00Z;0,6167667;0;3
1977-03-15 11:00:00Z;0,5199142;0;3
1977-03-16 11:00:00Z;0,4322211;0;3
1977-03-17 11:00:00Z;0,3534874;0;3
1977-03-18 11:00:00Z;0,3174143;0;3
1977-03-19 11:00:00Z;0,2517157;0;3
1977-03-20 11:00:00Z;0,2220311;0;3
1977-03-21 11:00:00Z;0,1944152;0;3
1977-03-22 11:00:00Z;0,1688351;0;3
1977-03-23 11:00:00Z;0,1452569;0;3
1977-03-24 11:00:00Z;0,1236449;0;3
1977-03-25 11:00:00Z;0,1039617;0;3
1977-03-26 11:00:00Z;0,1039617;0;3
1977-03-27 11:00:00Z;0,08616744;0;3
1977-03-28 11:00:00Z;0,08616744;0;3
1977-03-29 11:00:00Z;0,08616744;0;3
1977-03-30 11:00:00Z;0,0702204;0;3
1977-03-31 11:00:00Z;0,0702204;0;3
1977-04-01 11:00:00Z;0,0702204;0;3
1977-04-02 11:00:00Z;0,0702204;0;3
1977-04-03 11:00:00Z;0,0702204;0;3
1977-04-04 11:00:00Z;0,0702204;0;3
1977-04-05 11:00:00Z;0,0702204;0;3
1977-04-06 11:00:00Z;0,05607582;0;3
1977-04-07 11:00:00Z;0,05607582;0;3
1977-04-08 11:00:00Z;0,05607582;0;3
1977-04-09 11:00:00Z;0,05607582;0;3
1977-04-10 11:00:00Z;0,05607582;0;3
1977-04-11 11:00:00Z;0,05607582;0;3
1977-04-12 11:00:00Z;0,05607582;0;3
1977-04-13 11:00:00Z;0,05607582;0;3
1977-04-14 11:00:00Z;0,05607582;0;3
1977-04-15 11:00:00Z;0,05607582;0;3
1977-04-16 11:00:00Z;0,05607582;0;3
1977-04-17 11:00:00Z;0,05607582;0;3
1977-04-18 11:00:00Z;0,05607582;0;3
1977-04-19 11:00:00Z;0,04368579;0;3
1977-04-20 11:00:00Z;0,04368579;0;3
1977-04-21 11:00:00Z;0,04368579;0;3
1977-04-22 11:00:00Z;0,04368579;0;3
1977-04-23 11:00:00Z;0,04368579;0;3
1977-04-24 11:00:00Z;0,04368579;0;3
1977-04-25 11:00:00Z;0,04368579;0;3
1977-04-26 11:00:00Z;0,04368579;0;3
1977-04-27 11:00:00Z;0,04368579;0;3
1977-04-28 11:00:00Z;0,04368579;0;3
1977-04-29 11:00:00Z;0,04368579;0;3
1977-04-30 11:00:00Z;0,04368579;0;3
1977-05-01 11:00:00Z;0,04368579;0;3
1977-05-02 11:00:00Z;0,04368579;0;3
1977-05-03 11:00:00Z;0,05607582;0;3
1977-05-04 11:00:00Z;0,1039617;0;3
1977-05-05 11:00:00Z;0,7796305;0;3
1977-05-06 11:00:00Z;1,481791;0;3
1977-05-07 11:00:00Z;2,126575;0;3
1977-05-08 11:00:00Z;1,652785;0;3
1977-05-09 11:00:00Z;1,321178;0;3
1977-05-10 11:00:00Z;1,170806;0;3
1977-05-11 11:00:00Z;1,030527;0;3
1977-05-12 11:00:00Z;0,9641246;0;3
1977-05-13 11:00:00Z;0,9001881;0;3
1977-05-14 11:00:00Z;2,02646;0;3
1977-05-15 11:00:00Z;3,151356;0;3
1977-05-16 11:00:00Z;2,668103;0;3
1977-05-17 11:00:00Z;2,554287;0;3
1977-05-18 11:00:00Z;2,904104;0;3
1977-05-19 11:00:00Z;3,279235;0;3
1977-05-20 11:00:00Z;4,106911;0;3
1977-05-21 11:00:00Z;5,900297;0;3
1977-05-22 11:00:00Z;8,070228;0;3
1977-05-23 11:00:00Z;10,38183;0;3
1977-05-24 11:00:00Z;10,79848;0;3
1977-05-25 11:00:00Z;8,994428;0;3
1977-05-26 11:00:00Z;11,44045;0;3
1977-05-27 11:00:00Z;17,05256;0;3
1977-05-28 11:00:00Z;13,25302;0;3
1977-05-29 11:00:00Z;10,38183;0;3
1977-05-30 11:00:00Z;8,250649;0;3
1977-05-31 11:00:00Z;6,643479;0;3
1977-06-01 11:00:00Z;7,200998;0;3
1977-06-02 11:00:00Z;8,250649;0;3
1977-06-03 11:00:00Z;10,79848;0;3
1977-06-04 11:00:00Z;15,46935;0;3
1977-06-05 11:00:00Z;23,27284;0;3
1977-06-06 11:00:00Z;17,8762;0;3
1977-06-07 11:00:00Z;24,91212;0;3
1977-06-08 11:00:00Z;36,02852;0;3
1977-06-09 11:00:00Z;41,09278;0;3
1977-06-10 11:00:00Z;43,48257;0;3
1977-06-11 11:00:00Z;49,84303;0;3
1977-06-12 11:00:00Z;45,33227;0;3
1977-06-13 11:00:00Z;45,95989;0;3
1977-06-14 11:00:00Z;55,33987;0;3
1977-06-15 11:00:00Z;58,22826;0;3
1977-06-16 11:00:00Z;51,18268;0;3
1977-06-17 11:00:00Z;46,59306;0;3
1977-06-18 11:00:00Z;48,52613;0;3
1977-06-19 11:00:00Z;41,09278;0;3
1977-06-20 11:00:00Z;29,9266;0;3
1977-06-21 11:00:00Z;21,69492;0;3
1977-06-22 11:00:00Z;15,98763;0;3
1977-06-23 11:00:00Z;13,72923;0;3
1977-06-24 11:00:00Z;17,05256;0;3
1977-06-25 11:00:00Z;15,46935;0;3
1977-06-26 11:00:00Z;15,72731;0;3
1977-06-27 11:00:00Z;17,05256;0;3
1977-06-28 11:00:00Z;16,51536;0;3
1977-06-29 11:00:00Z;17,32473;0;3
1977-06-30 11:00:00Z;21,69492;0;3
1977-07-01 11:00:00Z;36,02852;0;3
1977-07-02 11:00:00Z;39,35704;0;3
1977-07-03 11:00:00Z;41,09278;0;3
1977-07-04 11:00:00Z;41,6821;0;3
1977-07-05 11:00:00Z;42,87697;0;3
1977-07-06 11:00:00Z;46,59306;0;3
1977-07-07 11:00:00Z;45,33227;0;3
1977-07-08 11:00:00Z;42,27682;0;3
1977-07-09 11:00:00Z;34,96073;0;3
1977-07-10 11:00:00Z;26,96085;0;3
1977-07-11 11:00:00Z;24,24902;0;3
1977-07-12 11:00:00Z;25,58511;0;3
1977-07-13 11:00:00Z;20,17789;0;3
1977-07-14 11:00:00Z;13,97081;0;3
1977-07-15 11:00:00Z;11,87983;0;3
1977-07-16 11:00:00Z;14,21473;0;3
1977-07-17 11:00:00Z;22,63434;0;3
1977-07-18 11:00:00Z;23,92117;0;3
1977-07-19 11:00:00Z;27,31101;0;3
1977-07-20 11:00:00Z;33,39753;0;3
1977-07-21 11:00:00Z;30,89337;0;3
1977-07-22 11:00:00Z;29,09928;0;3
1977-07-23 11:00:00Z;22,63434;0;3
1977-07-24 11:00:00Z;20,47645;0;3
1977-07-25 11:00:00Z;22,31875;0;3
1977-07-26 11:00:00Z;17,59927;0;3
1977-07-27 11:00:00Z;15,46935;0;3
1977-07-28 11:00:00Z;19,58804;0;3
1977-07-29 11:00:00Z;19,29672;0;3
1977-07-30 11:00:00Z;16,25031;0;3
1977-07-31 11:00:00Z;14,96047;0;3
1977-08-01 11:00:00Z;12,10295;0;3
1977-08-02 11:00:00Z;10,38183;0;3
1977-08-03 11:00:00Z;14,96047;0;3
1977-08-04 11:00:00Z;18,43722;0;3
1977-08-05 11:00:00Z;18,72132;0;3
1977-08-06 11:00:00Z;31,38419;0;3
1977-08-07 11:00:00Z;24,91212;0;3
1977-08-08 11:00:00Z;12,78608;0;3
1977-08-09 11:00:00Z;8,994428;0;3
1977-08-10 11:00:00Z;7,892004;0;3
1977-08-11 11:00:00Z;7,542134;0;3
1977-08-12 11:00:00Z;7,370477;0;3
1977-08-13 11:00:00Z;6,837012;0;3
1977-08-14 11:00:00Z;7,200998;0;3
1977-08-15 11:00:00Z;7,03366;0;3
1977-08-16 11:00:00Z;6,453053;0;3
1977-08-17 11:00:00Z;5,900297;0;3
1977-08-18 11:00:00Z;5,375094;0;3
1977-08-19 11:00:00Z;4,877141;0;3
1977-08-20 11:00:00Z;4,255044;0;3
1977-08-21 11:00:00Z;3,96171;0;3
1977-08-22 11:00:00Z;4,717158;0;3
1977-08-23 11:00:00Z;6,453053;0;3
1977-08-24 11:00:00Z;6,265721;0;3
1977-08-25 11:00:00Z;4,717158;0;3
1977-08-26 11:00:00Z;5,547119;0;3
1977-08-27 11:00:00Z;19,00782;0;3
1977-08-28 11:00:00Z;9,185919;0;3
1977-08-29 11:00:00Z;6,265721;0;3
1977-08-30 11:00:00Z;11,87983;0;3
1977-08-31 11:00:00Z;19,29672;0;3
1977-09-01 11:00:00Z;12,55607;0;3
1977-09-02 11:00:00Z;9,379639;0;3
1977-09-03 11:00:00Z;20,77743;0;3
1977-09-04 11:00:00Z;17,05256;0;3
1977-09-05 11:00:00Z;11,0102;0;3
1977-09-06 11:00:00Z;23,92117;0;3
1977-09-07 11:00:00Z;22,95237;0;3
1977-09-08 11:00:00Z;13,48996;0;3
1977-09-09 11:00:00Z;9,773783;0;3
1977-09-10 11:00:00Z;7,892004;0;3
1977-09-11 11:00:00Z;6,837012;0;3
1977-09-12 11:00:00Z;5,722183;0;3
1977-09-13 11:00:00Z;5,206098;0;3
1977-09-14 11:00:00Z;4,717158;0;3
1977-09-15 11:00:00Z;4,560154;0;3
1977-09-16 11:00:00Z;4,717158;0;3
1977-09-17 11:00:00Z;4,255044;0;3
1977-09-18 11:00:00Z;4,106911;0;3
1977-09-19 11:00:00Z;4,560154;0;3
1977-09-20 11:00:00Z;8,070228;0;3
1977-09-21 11:00:00Z;15,46935;0;3
1977-09-22 11:00:00Z;13,97081;0;3
1977-09-23 11:00:00Z;8,070228;0;3
1977-09-24 11:00:00Z;6,081473;0;3
1977-09-25 11:00:00Z;5,206098;0;3
1977-09-26 11:00:00Z;4,877141;0;3
1977-09-27 11:00:00Z;4,255044;0;3
1977-09-28 11:00:00Z;4,106911;0;3
1977-09-29 11:00:00Z;5,040117;0;3
1977-09-30 11:00:00Z;6,837012;0;3
1977-10-01 11:00:00Z;5,375094;0;3
1977-10-02 11:00:00Z;4,106911;0;3
1977-10-03 11:00:00Z;3,54357;0;3
1977-10-04 11:00:00Z;3,279235;0;3
1977-10-05 11:00:00Z;3,026317;0;3
1977-10-06 11:00:00Z;2,784704;0;3
1977-10-07 11:00:00Z;2,668103;0;3
1977-10-08 11:00:00Z;2,554287;0;3
1977-10-09 11:00:00Z;2,33495;0;3
1977-10-10 11:00:00Z;2,554287;0;3
1977-10-11 11:00:00Z;3,151356;0;3
1977-10-12 11:00:00Z;2,784704;0;3
1977-10-13 11:00:00Z;2,443241;0;3
1977-10-14 11:00:00Z;2,2294;0;3
1977-10-15 11:00:00Z;2,2294;0;3
1977-10-16 11:00:00Z;3,151356;0;3
1977-10-17 11:00:00Z;12,32836;0;3
1977-10-18 11:00:00Z;32,3808;0;3
1977-10-19 11:00:00Z;11,0102;0;3
1977-10-20 11:00:00Z;7,715975;0;3
1977-10-21 11:00:00Z;8,250649;0;3
1977-10-22 11:00:00Z;9,575592;0;3
1977-10-23 11:00:00Z;5,900297;0;3
1977-10-24 11:00:00Z;9,185919;0;3
1977-10-25 11:00:00Z;8,618112;0;3
1977-10-26 11:00:00Z;18,15551;0;3
1977-10-27 11:00:00Z;12,10295;0;3
1977-10-28 11:00:00Z;9,379639;0;3
1977-10-29 11:00:00Z;7,200998;0;3
1977-10-30 11:00:00Z;7,715975;0;3
1977-10-31 11:00:00Z;9,379639;0;3
1977-11-01 11:00:00Z;14,21473;0;3
1977-11-02 11:00:00Z;12,55607;0;3
1977-11-03 11:00:00Z;7,370477;0;3
1977-11-04 11:00:00Z;3,409969;0;3
1977-11-05 11:00:00Z;2,554287;0;3
1977-11-06 11:00:00Z;2,2294;0;3
1977-11-07 11:00:00Z;1,929039;0;3
1977-11-08 11:00:00Z;1,742218;0;3
1977-11-09 11:00:00Z;1,652785;0;3
1977-11-10 11:00:00Z;1,565981;0;3
1977-11-11 11:00:00Z;1,481791;0;3
1977-11-12 11:00:00Z;1,400195;0;3
1977-11-13 11:00:00Z;1,321178;0;3
1977-11-14 11:00:00Z;1,244721;0;3
1977-11-15 11:00:00Z;1,170806;0;3
1977-11-16 11:00:00Z;1,170806;0;3
1977-11-17 11:00:00Z;1,099414;0;3
1977-11-18 11:00:00Z;1,099414;0;3
1977-11-19 11:00:00Z;1,030527;0;3
1977-11-20 11:00:00Z;1,030527;0;3
1977-11-21 11:00:00Z;1,030527;0;3
1977-11-22 11:00:00Z;0,9641246;0;3
1977-11-23 11:00:00Z;0,9641246;0;3
1977-11-24 11:00:00Z;0,9641246;0;3
1977-11-25 11:00:00Z;0,9641246;0;3
1977-11-26 11:00:00Z;0,9001881;0;3
1977-11-27 11:00:00Z;0,9001881;0;3
1977-11-28 11:00:00Z;0,9641246;0;3
1977-11-29 11:00:00Z;1,030527;0;3
1977-11-30 11:00:00Z;1,244721;0;3
1977-12-01 11:00:00Z;1,742218;0;3
1977-12-02 11:00:00Z;1,929039;0;3
1977-12-03 11:00:00Z;1,742218;0;3
1977-12-04 11:00:00Z;1,565981;0;3
1977-12-05 11:00:00Z;1,481791;0;3
1977-12-06 11:00:00Z;1,400195;0;3
1977-12-07 11:00:00Z;1,321178;0;3
1977-12-08 11:00:00Z;1,244721;0;3
1977-12-09 11:00:00Z;1,170806;0;3
1977-12-10 11:00:00Z;1,170806;0;3
1977-12-11 11:00:00Z;1,099414;0;3
1977-12-12 11:00:00Z;1,030527;0;3
1977-12-13 11:00:00Z;1,030527;0;3
1977-12-14 11:00:00Z;0,9641246;0;3
1977-12-15 11:00:00Z;0,9641246;0;3
1977-12-16 11:00:00Z;0,9001881;0;3
1977-12-17 11:00:00Z;0,9001881;0;3
1977-12-18 11:00:00Z;0,9001881;0;3
1977-12-19 11:00:00Z;0,838697;0;3
1977-12-20 11:00:00Z;0,838697;0;3
1977-12-21 11:00:00Z;0,838697;0;3
1977-12-22 11:00:00Z;0,7796305;0;3
1977-12-23 11:00:00Z;0,7796305;0;3
1977-12-24 11:00:00Z;0,7796305;0;3
1977-12-25 11:00:00Z;0,7229679;0;3
1977-12-26 11:00:00Z;0,7229679;0;3
1977-12-27 11:00:00Z;0,7229679;0;3
1977-12-28 11:00:00Z;0,7229679;0;3
1977-12-29 11:00:00Z;0,6686874;0;3
1977-12-30 11:00:00Z;0,6686874;0;3
1977-12-31 11:00:00Z;0,6686874;0;3
1978-01-01 11:00:00Z;0,6686874;0;3
1978-01-02 11:00:00Z;0,6167667;0;3
1978-01-03 11:00:00Z;0,6167667;0;3
1978-01-04 11:00:00Z;0,6167667;0;3
1978-01-05 11:00:00Z;0,6167667;0;3
1978-01-06 11:00:00Z;0,6167667;0;3
1978-01-07 11:00:00Z;0,7796305;0;3
1978-01-08 11:00:00Z;1,244721;0;3
1978-01-09 11:00:00Z;1,170806;0;3
1978-01-10 11:00:00Z;1,030527;0;3
1978-01-11 11:00:00Z;0,9641246;0;3
1978-01-12 11:00:00Z;0,9001881;0;3
1978-01-13 11:00:00Z;0,9001881;0;3
1978-01-14 11:00:00Z;0,838697;0;3
1978-01-15 11:00:00Z;0,838697;0;3
1978-01-16 11:00:00Z;0,7796305;0;3
1978-01-17 11:00:00Z;0,7796305;0;3
1978-01-18 11:00:00Z;0,7229679;0;3
1978-01-19 11:00:00Z;0,7229679;0;3
1978-01-20 11:00:00Z;0,7229679;0;3
1978-01-21 11:00:00Z;0,6686874;0;3
1978-01-22 11:00:00Z;0,6686874;0;3
1978-01-23 11:00:00Z;0,6686874;0;3
1978-01-24 11:00:00Z;0,6167667;0;3
1978-01-25 11:00:00Z;0,6167667;0;3
1978-01-26 11:00:00Z;0,6167667;0;3
1978-01-27 11:00:00Z;0,5671835;0;3
1978-01-28 11:00:00Z;0,5671835;0;3
1978-01-29 11:00:00Z;0,5671835;0;3
1978-01-30 11:00:00Z;0,5671835;0;3
1978-01-31 11:00:00Z;0,5199142;0;3
1978-02-01 11:00:00Z;0,5199142;0;3
1978-02-02 11:00:00Z;0,5199142;0;3
1978-02-03 11:00:00Z;0,5199142;0;3
1978-02-04 11:00:00Z;0,5199142;0;3
1978-02-05 11:00:00Z;0,5199142;0;3
1978-02-06 11:00:00Z;0,4749349;0;3
1978-02-07 11:00:00Z;0,4749349;0;3
1978-02-08 11:00:00Z;0,4749349;0;3
1978-02-09 11:00:00Z;0,4749349;0;3
1978-02-10 11:00:00Z;0,4749349;0;3
1978-02-11 11:00:00Z;0,4749349;0;3
1978-02-12 11:00:00Z;0,4749349;0;3
1978-02-13 11:00:00Z;0,4749349;0;3
1978-02-14 11:00:00Z;0,4749349;0;3
1978-02-15 11:00:00Z;0,4749349;0;3
1978-02-16 11:00:00Z;0,4749349;0;3
1978-02-17 11:00:00Z;0,4749349;0;3
1978-02-18 11:00:00Z;0,4749349;0;3
1978-02-19 11:00:00Z;0,4322211;0;3
1978-02-20 11:00:00Z;0,4322211;0;3
1978-02-21 11:00:00Z;0,4322211;0;3
1978-02-22 11:00:00Z;0,4322211;0;3
1978-02-23 11:00:00Z;0,4322211;0;3
1978-02-24 11:00:00Z;0,4322211;0;3
1978-02-25 11:00:00Z;0,4322211;0;3
1978-02-26 11:00:00Z;0,4322211;0;3
1978-02-27 11:00:00Z;0,4322211;0;3
1978-02-28 11:00:00Z;0,4322211;0;3
1978-03-01 11:00:00Z;0,4322211;0;3
1978-03-02 11:00:00Z;0,4322211;0;3
1978-03-03 11:00:00Z;0,4322211;0;3
1978-03-04 11:00:00Z;0,4322211;0;3
1978-03-05 11:00:00Z;0,4322211;0;3
1978-03-06 11:00:00Z;0,4322211;0;3
1978-03-07 11:00:00Z;0,4322211;0;3
1978-03-08 11:00:00Z;0,4322211;0;3
1978-03-09 11:00:00Z;0,4322211;0;3
1978-03-10 11:00:00Z;0,5199142;0;3
1978-03-11 11:00:00Z;0,7229679;0;3
1978-03-12 11:00:00Z;0,7229679;0;3
1978-03-13 11:00:00Z;0,7229679;0;3
1978-03-14 11:00:00Z;0,6686874;0;3
1978-03-15 11:00:00Z;0,6167667;0;3
1978-03-16 11:00:00Z;0,6167667;0;3
1978-03-17 11:00:00Z;0,6167667;0;3
1978-03-18 11:00:00Z;0,5671835;0;3
1978-03-19 11:00:00Z;0,5671835;0;3
1978-03-20 11:00:00Z;0,5671835;0;3
1978-03-21 11:00:00Z;0,5199142;0;3
1978-03-22 11:00:00Z;0,5199142;0;3
1978-03-23 11:00:00Z;0,4749349;0;3
1978-03-24 11:00:00Z;0,4749349;0;3
1978-03-25 11:00:00Z;0,4322211;0;3
1978-03-26 11:00:00Z;0,4322211;0;3
1978-03-27 11:00:00Z;0,3917474;0;3
1978-03-28 11:00:00Z;0,3917474;0;3
1978-03-29 11:00:00Z;0,3534874;0;3
1978-03-30 11:00:00Z;0,3534874;0;3
1978-03-31 11:00:00Z;0,3534874;0;3
1978-04-01 11:00:00Z;0,3174143;0;3
1978-04-02 11:00:00Z;0,3174143;0;3
1978-04-03 11:00:00Z;0,3174143;0;3
1978-04-04 11:00:00Z;0,2835001;0;3
1978-04-05 11:00:00Z;0,2835001;0;3
1978-04-06 11:00:00Z;0,2835001;0;3
1978-04-07 11:00:00Z;0,3534874;0;3
1978-04-08 11:00:00Z;0,5199142;0;3
1978-04-09 11:00:00Z;0,5671835;0;3
1978-04-10 11:00:00Z;0,5671835;0;3
1978-04-11 11:00:00Z;0,5199142;0;3
1978-04-12 11:00:00Z;0,4749349;0;3
1978-04-13 11:00:00Z;0,4322211;0;3
1978-04-14 11:00:00Z;0,3917474;0;3
1978-04-15 11:00:00Z;0,3534874;0;3
1978-04-16 11:00:00Z;0,3174143;0;3
1978-04-17 11:00:00Z;0,2835001;0;3
1978-04-18 11:00:00Z;0,2517157;0;3
1978-04-19 11:00:00Z;0,2517157;0;3
1978-04-20 11:00:00Z;0,2220311;0;3
1978-04-21 11:00:00Z;0,2220311;0;3
1978-04-22 11:00:00Z;0,2220311;0;3
1978-04-23 11:00:00Z;0,3174143;0;3
1978-04-24 11:00:00Z;0,3917474;0;3
1978-04-25 11:00:00Z;0,3917474;0;3
1978-04-26 11:00:00Z;0,3917474;0;3
1978-04-27 11:00:00Z;0,3534874;0;3
1978-04-28 11:00:00Z;0,3534874;0;3
1978-04-29 11:00:00Z;0,3534874;0;3
1978-04-30 11:00:00Z;0,3534874;0;3
1978-05-01 11:00:00Z;0,3174143;0;3
1978-05-02 11:00:00Z;0,3174143;0;3
1978-05-03 11:00:00Z;0,2835001;0;3
1978-05-04 11:00:00Z;0,2835001;0;3
1978-05-05 11:00:00Z;0,2835001;0;3
1978-05-06 11:00:00Z;0,2835001;0;3
1978-05-07 11:00:00Z;0,2835001;0;3
1978-05-08 11:00:00Z;0,2835001;0;3
1978-05-09 11:00:00Z;0,2835001;0;3
1978-05-10 11:00:00Z;0,3174143;0;3
1978-05-11 11:00:00Z;0,3174143;0;3
1978-05-12 11:00:00Z;0,3917474;0;3
1978-05-13 11:00:00Z;0,5199142;0;3
1978-05-14 11:00:00Z;0,7796305;0;3
1978-05-15 11:00:00Z;2,2294;0;3
1978-05-16 11:00:00Z;5,547119;0;3
1978-05-17 11:00:00Z;8,070228;0;3
1978-05-18 11:00:00Z;7,370477;0;3
1978-05-19 11:00:00Z;7,200998;0;3
1978-05-20 11:00:00Z;9,575592;0;3
1978-05-21 11:00:00Z;12,32836;0;3
1978-05-22 11:00:00Z;12,78608;0;3
1978-05-23 11:00:00Z;34,43455;0;3
1978-05-24 11:00:00Z;61,21178;0;3
1978-05-25 11:00:00Z;62,73965;0;3
1978-05-26 11:00:00Z;42,87697;0;3
1978-05-27 11:00:00Z;33,91349;0;3
1978-05-28 11:00:00Z;30,89337;0;3
1978-05-29 11:00:00Z;38,78912;0;3
1978-05-30 11:00:00Z;45,95989;0;3
1978-05-31 11:00:00Z;45,95989;0;3
1978-06-01 11:00:00Z;38,78912;0;3
1978-06-02 11:00:00Z;39,35704;0;3
1978-06-03 11:00:00Z;55,33987;0;3
1978-06-04 11:00:00Z;45,33227;0;3
1978-06-05 11:00:00Z;42,87697;0;3
1978-06-06 11:00:00Z;40,50885;0;3
1978-06-07 11:00:00Z;42,87697;0;3
1978-06-08 11:00:00Z;47,87616;0;3
1978-06-09 11:00:00Z;47,87616;0;3
1978-06-10 11:00:00Z;38,22651;0;3
1978-06-11 11:00:00Z;37,11706;0;3
1978-06-12 11:00:00Z;34,43455;0;3
1978-06-13 11:00:00Z;29,9266;0;3
1978-06-14 11:00:00Z;22,31875;0;3
1978-06-15 11:00:00Z;24,57934;0;3
1978-06-16 11:00:00Z;28,73661;0;3
1978-06-17 11:00:00Z;25,24738;0;3
1978-06-18 11:00:00Z;19,58804;0;3
1978-06-19 11:00:00Z;18,15551;0;3
1978-06-20 11:00:00Z;22,31875;0;3
1978-06-21 11:00:00Z;26,61319;0;3
1978-06-22 11:00:00Z;42,27682;0;3
1978-06-23 11:00:00Z;36,57019;0;3
1978-06-24 11:00:00Z;47,87616;0;3
1978-06-25 11:00:00Z;60,45691;0;3
1978-06-26 11:00:00Z;38,78912;0;3
1978-06-27 11:00:00Z;29,46446;0;3
1978-06-28 11:00:00Z;28,01881;0;3
1978-06-29 11:00:00Z;26,26801;0;3
1978-06-30 11:00:00Z;23,92117;0;3
1978-07-01 11:00:00Z;19,88176;0;3
1978-07-02 11:00:00Z;17,05256;0;3
1978-07-03 11:00:00Z;14,21473;0;3
1978-07-04 11:00:00Z;10,79848;0;3
1978-07-05 11:00:00Z;10,1769;0;3
1978-07-06 11:00:00Z;11,87983;0;3
1978-07-07 11:00:00Z;17,59927;0;3
1978-07-08 11:00:00Z;14,96047;0;3
1978-07-09 11:00:00Z;11,44045;0;3
1978-07-10 11:00:00Z;8,070228;0;3
1978-07-11 11:00:00Z;7,892004;0;3
1978-07-12 11:00:00Z;6,837012;0;3
1978-07-13 11:00:00Z;5,722183;0;3
1978-07-14 11:00:00Z;5,040117;0;3
1978-07-15 11:00:00Z;5,206098;0;3
1978-07-16 11:00:00Z;4,717158;0;3
1978-07-17 11:00:00Z;4,560154;0;3
1978-07-18 11:00:00Z;4,106911;0;3
1978-07-19 11:00:00Z;3,680052;0;3
1978-07-20 11:00:00Z;4,717158;0;3
1978-07-21 11:00:00Z;5,722183;0;3
1978-07-22 11:00:00Z;4,560154;0;3
1978-07-23 11:00:00Z;4,106911;0;3
1978-07-24 11:00:00Z;3,96171;0;3
1978-07-25 11:00:00Z;5,040117;0;3
1978-07-26 11:00:00Z;6,453053;0;3
1978-07-27 11:00:00Z;4,255044;0;3
1978-07-28 11:00:00Z;4,255044;0;3
1978-07-29 11:00:00Z;4,106911;0;3
1978-07-30 11:00:00Z;3,54357;0;3
1978-07-31 11:00:00Z;3,151356;0;3
1978-08-01 11:00:00Z;3,96171;0;3
1978-08-02 11:00:00Z;3,279235;0;3
1978-08-03 11:00:00Z;2,668103;0;3
1978-08-04 11:00:00Z;2,784704;0;3
1978-08-05 11:00:00Z;2,904104;0;3
1978-08-06 11:00:00Z;2,554287;0;3
1978-08-07 11:00:00Z;2,2294;0;3
1978-08-08 11:00:00Z;2,02646;0;3
1978-08-09 11:00:00Z;1,929039;0;3
1978-08-10 11:00:00Z;1,834298;0;3
1978-08-11 11:00:00Z;1,834298;0;3
1978-08-12 11:00:00Z;1,742218;0;3
1978-08-13 11:00:00Z;1,742218;0;3
1978-08-14 11:00:00Z;1,481791;0;3
1978-08-15 11:00:00Z;1,244721;0;3
1978-08-16 11:00:00Z;1,099414;0;3
1978-08-17 11:00:00Z;1,244721;0;3
1978-08-18 11:00:00Z;1,834298;0;3
1978-08-19 11:00:00Z;1,834298;0;3
1978-08-20 11:00:00Z;1,652785;0;3
1978-08-21 11:00:00Z;1,565981;0;3
1978-08-22 11:00:00Z;2,443241;0;3
1978-08-23 11:00:00Z;2,904104;0;3
1978-08-24 11:00:00Z;2,443241;0;3
1978-08-25 11:00:00Z;2,126575;0;3
1978-08-26 11:00:00Z;1,929039;0;3
1978-08-27 11:00:00Z;1,929039;0;3
1978-08-28 11:00:00Z;3,151356;0;3
1978-08-29 11:00:00Z;3,409969;0;3
1978-08-30 11:00:00Z;2,668103;0;3
1978-08-31 11:00:00Z;2,668103;0;3
1978-09-01 11:00:00Z;2,2294;0;3
1978-09-02 11:00:00Z;1,929039;0;3
1978-09-03 11:00:00Z;2,02646;0;3
1978-09-04 11:00:00Z;2,2294;0;3
1978-09-05 11:00:00Z;2,126575;0;3
1978-09-06 11:00:00Z;1,929039;0;3
1978-09-07 11:00:00Z;1,742218;0;3
1978-09-08 11:00:00Z;1,834298;0;3
1978-09-09 11:00:00Z;2,02646;0;3
1978-09-10 11:00:00Z;1,834298;0;3
1978-09-11 11:00:00Z;1,929039;0;3
1978-09-12 11:00:00Z;3,54357;0;3
1978-09-13 11:00:00Z;4,406121;0;3
1978-09-14 11:00:00Z;3,409969;0;3
1978-09-15 11:00:00Z;3,279235;0;3
1978-09-16 11:00:00Z;4,255044;0;3
1978-09-17 11:00:00Z;8,994428;0;3
1978-09-18 11:00:00Z;18,43722;0;3
1978-09-19 11:00:00Z;20,17789;0;3
1978-09-20 11:00:00Z;9,575592;0;3
1978-09-21 11:00:00Z;8,618112;0;3
1978-09-22 11:00:00Z;7,200998;0;3
1978-09-23 11:00:00Z;5,547119;0;3
1978-09-24 11:00:00Z;4,406121;0;3
1978-09-25 11:00:00Z;3,819428;0;3
1978-09-26 11:00:00Z;3,54357;0;3
1978-09-27 11:00:00Z;3,54357;0;3
1978-09-28 11:00:00Z;3,279235;0;3
1978-09-29 11:00:00Z;2,904104;0;3
1978-09-30 11:00:00Z;2,554287;0;3
1978-10-01 11:00:00Z;2,443241;0;3
1978-10-02 11:00:00Z;2,554287;0;3
1978-10-03 11:00:00Z;2,443241;0;3
1978-10-04 11:00:00Z;2,443241;0;3
1978-10-05 11:00:00Z;2,33495;0;3
1978-10-06 11:00:00Z;2,2294;0;3
1978-10-07 11:00:00Z;2,126575;0;3
1978-10-08 11:00:00Z;2,126575;0;3
1978-10-09 11:00:00Z;3,54357;0;3
1978-10-10 11:00:00Z;4,560154;0;3
1978-10-11 11:00:00Z;4,106911;0;3
1978-10-12 11:00:00Z;5,900297;0;3
1978-10-13 11:00:00Z;20,47645;0;3
1978-10-14 11:00:00Z;16,78278;0;3
1978-10-15 11:00:00Z;7,542134;0;3
1978-10-16 11:00:00Z;7,715975;0;3
1978-10-17 11:00:00Z;6,453053;0;3
1978-10-18 11:00:00Z;6,265721;0;3
1978-10-19 11:00:00Z;3,819428;0;3
1978-10-20 11:00:00Z;5,547119;0;3
1978-10-21 11:00:00Z;5,040117;0;3
1978-10-22 11:00:00Z;5,375094;0;3
1978-10-23 11:00:00Z;5,040117;0;3
1978-10-24 11:00:00Z;4,717158;0;3
1978-10-25 11:00:00Z;4,106911;0;3
1978-10-26 11:00:00Z;3,680052;0;3
1978-10-27 11:00:00Z;4,106911;0;3
1978-10-28 11:00:00Z;7,03366;0;3
1978-10-29 11:00:00Z;6,265721;0;3
1978-10-30 11:00:00Z;5,722183;0;3
1978-10-31 11:00:00Z;5,206098;0;3
1978-11-01 11:00:00Z;4,877141;0;3
1978-11-02 11:00:00Z;5,040117;0;3
1978-11-03 11:00:00Z;5,206098;0;3
1978-11-04 11:00:00Z;4,717158;0;3
1978-11-05 11:00:00Z;4,255044;0;3
1978-11-06 11:00:00Z;4,106911;0;3
1978-11-07 11:00:00Z;5,900297;0;3
1978-11-08 11:00:00Z;9,974216;0;3
1978-11-09 11:00:00Z;12,78608;0;3
1978-11-10 11:00:00Z;29,46446;0;3
1978-11-11 11:00:00Z;21,38666;0;3
1978-11-12 11:00:00Z;22,95237;0;3
1978-11-13 11:00:00Z;30,40752;0;3
1978-11-14 11:00:00Z;18,15551;0;3
1978-11-15 11:00:00Z;11,659;0;3
1978-11-16 11:00:00Z;7,370477;0;3
1978-11-17 11:00:00Z;5,375094;0;3
1978-11-18 11:00:00Z;4,406121;0;3
1978-11-19 11:00:00Z;3,96171;0;3
1978-11-20 11:00:00Z;3,54357;0;3
1978-11-21 11:00:00Z;3,151356;0;3
1978-11-22 11:00:00Z;2,904104;0;3
1978-11-23 11:00:00Z;2,668103;0;3
1978-11-24 11:00:00Z;2,554287;0;3
1978-11-25 11:00:00Z;2,443241;0;3
1978-11-26 11:00:00Z;2,33495;0;3
1978-11-27 11:00:00Z;2,126575;0;3
1978-11-28 11:00:00Z;2,02646;0;3
1978-11-29 11:00:00Z;1,929039;0;3
1978-11-30 11:00:00Z;1,834298;0;3
1978-12-01 11:00:00Z;1,834298;0;3
1978-12-02 11:00:00Z;1,742218;0;3
1978-12-03 11:00:00Z;1,652785;0;3
1978-12-04 11:00:00Z;1,565981;0;3
1978-12-05 11:00:00Z;1,565981;0;3
1978-12-06 11:00:00Z;1,481791;0;3
1978-12-07 11:00:00Z;1,481791;0;3
1978-12-08 11:00:00Z;1,400195;0;3
1978-12-09 11:00:00Z;1,321178;0;3
1978-12-10 11:00:00Z;1,321178;0;3
1978-12-11 11:00:00Z;1,244721;0;3
1978-12-12 11:00:00Z;1,170806;0;3
1978-12-13 11:00:00Z;1,170806;0;3
1978-12-14 11:00:00Z;1,099414;0;3
1978-12-15 11:00:00Z;1,099414;0;3
1978-12-16 11:00:00Z;1,030527;0;3
1978-12-17 11:00:00Z;0,9641246;0;3
1978-12-18 11:00:00Z;0,9641246;0;3
1978-12-19 11:00:00Z;0,9001881;0;3
1978-12-20 11:00:00Z;0,9001881;0;3
1978-12-21 11:00:00Z;0,838697;0;3
1978-12-22 11:00:00Z;0,838697;0;3
1978-12-23 11:00:00Z;0,7796305;0;3
1978-12-24 11:00:00Z;0,7796305;0;3
1978-12-25 11:00:00Z;0,7796305;0;3
1978-12-26 11:00:00Z;0,7229679;0;3
1978-12-27 11:00:00Z;0,7229679;0;3
1978-12-28 11:00:00Z;0,6686874;0;3
1978-12-29 11:00:00Z;0,6686874;0;3
1978-12-30 11:00:00Z;0,6167667;0;3
1978-12-31 11:00:00Z;0,6167667;0;3
1979-01-01 11:00:00Z;0,6167667;0;3
1979-01-02 11:00:00Z;0,5671835;0;3
1979-01-03 11:00:00Z;0,5671835;0;3
1979-01-04 11:00:00Z;0,5671835;0;3
1979-01-05 11:00:00Z;0,5671835;0;3
1979-01-06 11:00:00Z;0,5671835;0;3
1979-01-07 11:00:00Z;0,5199142;0;3
1979-01-08 11:00:00Z;0,5199142;0;3
1979-01-09 11:00:00Z;0,5199142;0;3
1979-01-10 11:00:00Z;0,5199142;0;3
1979-01-11 11:00:00Z;0,5199142;0;3
1979-01-12 11:00:00Z;0,5199142;0;3
1979-01-13 11:00:00Z;0,5199142;0;3
1979-01-14 11:00:00Z;0,4749349;0;3
1979-01-15 11:00:00Z;0,4749349;0;3
1979-01-16 11:00:00Z;0,4749349;0;3
1979-01-17 11:00:00Z;0,4749349;0;3
1979-01-18 11:00:00Z;0,4749349;0;3
1979-01-19 11:00:00Z;0,4749349;0;3
1979-01-20 11:00:00Z;0,4749349;0;3
1979-01-21 11:00:00Z;0,4749349;0;3
1979-01-22 11:00:00Z;0,4749349;0;3
1979-01-23 11:00:00Z;0,4322211;0;3
1979-01-24 11:00:00Z;0,4322211;0;3
1979-01-25 11:00:00Z;0,4322211;0;3
1979-01-26 11:00:00Z;0,4322211;0;3
1979-01-27 11:00:00Z;0,4322211;0;3
1979-01-28 11:00:00Z;0,4322211;0;3
1979-01-29 11:00:00Z;0,4322211;0;3
1979-01-30 11:00:00Z;0,4322211;0;3
1979-01-31 11:00:00Z;0,4322211;0;3
1979-02-01 11:00:00Z;0,4322211;0;3
1979-02-02 11:00:00Z;0,4322211;0;3
1979-02-03 11:00:00Z;0,4322211;0;3
1979-02-04 11:00:00Z;0,4322211;0;3
1979-02-05 11:00:00Z;0,3917474;0;3
1979-02-06 11:00:00Z;0,3917474;0;3
1979-02-07 11:00:00Z;0,3917474;0;3
1979-02-08 11:00:00Z;0,3917474;0;3
1979-02-09 11:00:00Z;0,3917474;0;3
1979-02-10 11:00:00Z;0,3917474;0;3
1979-02-11 11:00:00Z;0,3917474;0;3
1979-02-12 11:00:00Z;0,3917474;0;3
1979-02-13 11:00:00Z;0,3917474;0;3
1979-02-14 11:00:00Z;0,3917474;0;3
1979-02-15 11:00:00Z;0,3917474;0;3
1979-02-16 11:00:00Z;0,3917474;0;3
1979-02-17 11:00:00Z;0,3917474;0;3
1979-02-18 11:00:00Z;0,3917474;0;3
1979-02-19 11:00:00Z;0,3917474;0;3
1979-02-20 11:00:00Z;0,3917474;0;3
1979-02-21 11:00:00Z;0,3917474;0;3
1979-02-22 11:00:00Z;0,3917474;0;3
1979-02-23 11:00:00Z;0,3917474;0;3
1979-02-24 11:00:00Z;0,3917474;0;3
1979-02-25 11:00:00Z;0,4322211;0;3
1979-02-26 11:00:00Z;2,668103;0;3
1979-02-27 11:00:00Z;2,668103;0;3
1979-02-28 11:00:00Z;2,443241;0;3
1979-03-01 11:00:00Z;2,02646;0;3
1979-03-02 11:00:00Z;1,834298;0;3
1979-03-03 11:00:00Z;1,834298;0;3
1979-03-04 11:00:00Z;1,565981;0;3
1979-03-05 11:00:00Z;1,400195;0;3
1979-03-06 11:00:00Z;1,244721;0;3
1979-03-07 11:00:00Z;1,170806;0;3
1979-03-08 11:00:00Z;1,030527;0;3
1979-03-09 11:00:00Z;0,9641246;0;3
1979-03-10 11:00:00Z;0,9001881;0;3
1979-03-11 11:00:00Z;0,838697;0;3
1979-03-12 11:00:00Z;0,7796305;0;3
1979-03-13 11:00:00Z;0,7229679;0;3
1979-03-14 11:00:00Z;0,6686874;0;3
1979-03-15 11:00:00Z;0,6686874;0;3
1979-03-16 11:00:00Z;0,6167667;0;3
1979-03-17 11:00:00Z;0,6167667;0;3
1979-03-18 11:00:00Z;0,6167667;0;3
1979-03-19 11:00:00Z;0,5671835;0;3
1979-03-20 11:00:00Z;0,5671835;0;3
1979-03-21 11:00:00Z;0,5199142;0;3
1979-03-22 11:00:00Z;0,5199142;0;3
1979-03-23 11:00:00Z;0,4749349;0;3
1979-03-24 11:00:00Z;0,4322211;0;3
1979-03-25 11:00:00Z;0,4322211;0;3
1979-03-26 11:00:00Z;0,4322211;0;3
1979-03-27 11:00:00Z;0,3917474;0;3
1979-03-28 11:00:00Z;0,3917474;0;3
1979-03-29 11:00:00Z;0,3917474;0;3
1979-03-30 11:00:00Z;0,3917474;0;3
1979-03-31 11:00:00Z;0,3917474;0;3
1979-04-01 11:00:00Z;0,3917474;0;3
1979-04-02 11:00:00Z;0,3917474;0;3
1979-04-03 11:00:00Z;0,3917474;0;3
1979-04-04 11:00:00Z;0,3917474;0;3
1979-04-05 11:00:00Z;0,3917474;0;3
1979-04-06 11:00:00Z;0,3917474;0;3
1979-04-07 11:00:00Z;0,3917474;0;3
1979-04-08 11:00:00Z;0,3917474;0;3
1979-04-09 11:00:00Z;0,3917474;0;3
1979-04-10 11:00:00Z;0,3917474;0;3
1979-04-11 11:00:00Z;0,3917474;0;3
1979-04-12 11:00:00Z;0,3917474;0;3
1979-04-13 11:00:00Z;0,3917474;0;3
1979-04-14 11:00:00Z;0,3917474;0;3
1979-04-15 11:00:00Z;0,3917474;0;3
1979-04-16 11:00:00Z;0,3534874;0;3
1979-04-17 11:00:00Z;0,3534874;0;3
1979-04-18 11:00:00Z;0,3534874;0;3
1979-04-19 11:00:00Z;0,3534874;0;3
1979-04-20 11:00:00Z;0,3534874;0;3
1979-04-21 11:00:00Z;0,4749349;0;3
1979-04-22 11:00:00Z;0,7229679;0;3
1979-04-23 11:00:00Z;1,030527;0;3
1979-04-24 11:00:00Z;1,321178;0;3
1979-04-25 11:00:00Z;1,400195;0;3
1979-04-26 11:00:00Z;1,481791;0;3
1979-04-27 11:00:00Z;1,565981;0;3
1979-04-28 11:00:00Z;1,565981;0;3
1979-04-29 11:00:00Z;1,481791;0;3
1979-04-30 11:00:00Z;1,481791;0;3
1979-05-01 11:00:00Z;1,400195;0;3
1979-05-02 11:00:00Z;1,244721;0;3
1979-05-03 11:00:00Z;1,244721;0;3
1979-05-04 11:00:00Z;1,170806;0;3
1979-05-05 11:00:00Z;1,244721;0;3
1979-05-06 11:00:00Z;1,400195;0;3
1979-05-07 11:00:00Z;1,565981;0;3
1979-05-08 11:00:00Z;1,742218;0;3
1979-05-09 11:00:00Z;1,834298;0;3
1979-05-10 11:00:00Z;1,834298;0;3
1979-05-11 11:00:00Z;1,742218;0;3
1979-05-12 11:00:00Z;1,565981;0;3
1979-05-13 11:00:00Z;1,400195;0;3
1979-05-14 11:00:00Z;2,2294;0;3
1979-05-15 11:00:00Z;4,406121;0;3
1979-05-16 11:00:00Z;4,106911;0;3
1979-05-17 11:00:00Z;4,877141;0;3
1979-05-18 11:00:00Z;8,618112;0;3
1979-05-19 11:00:00Z;9,575592;0;3
1979-05-20 11:00:00Z;8,250649;0;3
1979-05-21 11:00:00Z;7,892004;0;3
1979-05-22 11:00:00Z;15,46935;0;3
1979-05-23 11:00:00Z;19,29672;0;3
1979-05-24 11:00:00Z;22,00562;0;3
1979-05-25 11:00:00Z;29,46446;0;3
1979-05-26 11:00:00Z;47,87616;0;3
1979-05-27 11:00:00Z;51,18268;0;3
1979-05-28 11:00:00Z;45,95989;0;3
1979-05-29 11:00:00Z;49,18174;0;3
1979-05-30 11:00:00Z;56,05312;0;3
1979-05-31 11:00:00Z;59,70804;0;3
1979-06-01 11:00:00Z;48,52613;0;3
1979-06-02 11:00:00Z;61,97269;0;3
1979-06-03 11:00:00Z;53,2352;0;3
1979-06-04 11:00:00Z;47,87616;0;3
1979-06-05 11:00:00Z;44,09363;0;3
1979-06-06 11:00:00Z;49,18174;0;3
1979-06-07 11:00:00Z;56,77226;0;3
1979-06-08 11:00:00Z;54,63248;0;3
1979-06-09 11:00:00Z;42,27682;0;3
1979-06-10 11:00:00Z;31,87999;0;3
1979-06-11 11:00:00Z;30,40752;0;3
1979-06-12 11:00:00Z;36,57019;0;3
1979-06-13 11:00:00Z;35,49205;0;3
1979-06-14 11:00:00Z;43,48257;0;3
1979-06-15 11:00:00Z;52,54525;0;3
1979-06-16 11:00:00Z;48,52613;0;3
1979-06-17 11:00:00Z;42,87697;0;3
1979-06-18 11:00:00Z;33,91349;0;3
1979-06-19 11:00:00Z;26,61319;0;3
1979-06-20 11:00:00Z;27,31101;0;3
1979-06-21 11:00:00Z;35,49205;0;3
1979-06-22 11:00:00Z;53,2352;0;3
1979-06-23 11:00:00Z;53,93093;0;3
1979-06-24 11:00:00Z;49,84303;0;3
1979-06-25 11:00:00Z;58,22826;0;3
1979-06-26 11:00:00Z;71,58182;0;3
1979-06-27 11:00:00Z;50,51;0;3
1979-06-28 11:00:00Z;36,02852;0;3
1979-06-29 11:00:00Z;27,31101;0;3
1979-06-30 11:00:00Z;31,38419;0;3
1979-07-01 11:00:00Z;28,01881;0;3
1979-07-02 11:00:00Z;20,17789;0;3
1979-07-03 11:00:00Z;17,59927;0;3
1979-07-04 11:00:00Z;19,29672;0;3
1979-07-05 11:00:00Z;19,58804;0;3
1979-07-06 11:00:00Z;19,58804;0;3
1979-07-07 11:00:00Z;21,38666;0;3
1979-07-08 11:00:00Z;37,11706;0;3
1979-07-09 11:00:00Z;50,51;0;3
1979-07-10 11:00:00Z;42,27682;0;3
1979-07-11 11:00:00Z;25,92532;0;3
1979-07-12 11:00:00Z;19,00782;0;3
1979-07-13 11:00:00Z;18,72132;0;3
1979-07-14 11:00:00Z;20,47645;0;3
1979-07-15 11:00:00Z;24,91212;0;3
1979-07-16 11:00:00Z;24,57934;0;3
1979-07-17 11:00:00Z;19,29672;0;3
1979-07-18 11:00:00Z;15,72731;0;3
1979-07-19 11:00:00Z;14,96047;0;3
1979-07-20 11:00:00Z;14,96047;0;3
1979-07-21 11:00:00Z;13,72923;0;3
1979-07-22 11:00:00Z;13,97081;0;3
1979-07-23 11:00:00Z;18,15551;0;3
1979-07-24 11:00:00Z;17,32473;0;3
1979-07-25 11:00:00Z;14,21473;0;3
1979-07-26 11:00:00Z;11,0102;0;3
1979-07-27 11:00:00Z;9,379639;0;3
1979-07-28 11:00:00Z;8,433275;0;3
1979-07-29 11:00:00Z;7,542134;0;3
1979-07-30 11:00:00Z;7,892004;0;3
1979-07-31 11:00:00Z;8,618112;0;3
1979-08-01 11:00:00Z;8,994428;0;3
1979-08-02 11:00:00Z;7,542134;0;3
1979-08-03 11:00:00Z;6,837012;0;3
1979-08-04 11:00:00Z;5,900297;0;3
1979-08-05 11:00:00Z;5,040117;0;3
1979-08-06 11:00:00Z;4,406121;0;3
1979-08-07 11:00:00Z;3,96171;0;3
1979-08-08 11:00:00Z;4,406121;0;3
1979-08-09 11:00:00Z;6,265721;0;3
1979-08-10 11:00:00Z;7,200998;0;3
1979-08-11 11:00:00Z;6,453053;0;3
1979-08-12 11:00:00Z;5,900297;0;3
1979-08-13 11:00:00Z;6,453053;0;3
1979-08-14 11:00:00Z;5,900297;0;3
1979-08-15 11:00:00Z;5,722183;0;3
1979-08-16 11:00:00Z;6,453053;0;3
1979-08-17 11:00:00Z;4,406121;0;3
1979-08-18 11:00:00Z;3,680052;0;3
1979-08-19 11:00:00Z;3,96171;0;3
1979-08-20 11:00:00Z;3,819428;0;3
1979-08-21 11:00:00Z;3,409969;0;3
1979-08-22 11:00:00Z;3,279235;0;3
1979-08-23 11:00:00Z;17,05256;0;3
1979-08-24 11:00:00Z;9,185919;0;3
1979-08-25 11:00:00Z;6,265721;0;3
1979-08-26 11:00:00Z;5,040117;0;3
1979-08-27 11:00:00Z;4,106911;0;3
1979-08-28 11:00:00Z;3,96171;0;3
1979-08-29 11:00:00Z;3,96171;0;3
1979-08-30 11:00:00Z;4,255044;0;3
1979-08-31 11:00:00Z;10,1769;0;3
1979-09-01 11:00:00Z;24,91212;0;3
1979-09-02 11:00:00Z;14,21473;0;3
1979-09-03 11:00:00Z;8,805161;0;3
1979-09-04 11:00:00Z;9,379639;0;3
1979-09-05 11:00:00Z;9,575592;0;3
1979-09-06 11:00:00Z;7,200998;0;3
1979-09-07 11:00:00Z;5,722183;0;3
1979-09-08 11:00:00Z;5,722183;0;3
1979-09-09 11:00:00Z;12,32836;0;3
1979-09-10 11:00:00Z;8,994428;0;3
1979-09-11 11:00:00Z;10,58902;0;3
1979-09-12 11:00:00Z;9,185919;0;3
1979-09-13 11:00:00Z;11,0102;0;3
1979-09-14 11:00:00Z;8,805161;0;3
1979-09-15 11:00:00Z;10,38183;0;3
1979-09-16 11:00:00Z;9,773783;0;3
1979-09-17 11:00:00Z;7,200998;0;3
1979-09-18 11:00:00Z;8,433275;0;3
1979-09-19 11:00:00Z;11,0102;0;3
1979-09-20 11:00:00Z;12,55607;0;3
1979-09-21 11:00:00Z;9,575592;0;3
1979-09-22 11:00:00Z;8,433275;0;3
1979-09-23 11:00:00Z;7,892004;0;3
1979-09-24 11:00:00Z;6,453053;0;3
1979-09-25 11:00:00Z;5,547119;0;3
1979-09-26 11:00:00Z;8,994428;0;3
1979-09-27 11:00:00Z;13,48996;0;3
1979-09-28 11:00:00Z;10,58902;0;3
1979-09-29 11:00:00Z;9,773783;0;3
1979-09-30 11:00:00Z;9,379639;0;3
1979-10-01 11:00:00Z;7,542134;0;3
1979-10-02 11:00:00Z;5,375094;0;3
1979-10-03 11:00:00Z;7,715975;0;3
1979-10-04 11:00:00Z;13,97081;0;3
1979-10-05 11:00:00Z;7,542134;0;3
1979-10-06 11:00:00Z;5,547119;0;3
1979-10-07 11:00:00Z;5,547119;0;3
1979-10-08 11:00:00Z;6,081473;0;3
1979-10-09 11:00:00Z;9,185919;0;3
1979-10-10 11:00:00Z;7,715975;0;3
1979-10-11 11:00:00Z;5,375094;0;3
1979-10-12 11:00:00Z;3,026317;0;3
1979-10-13 11:00:00Z;3,96171;0;3
1979-10-14 11:00:00Z;3,680052;0;3
1979-10-15 11:00:00Z;3,279235;0;3
1979-10-16 11:00:00Z;3,026317;0;3
1979-10-17 11:00:00Z;2,784704;0;3
1979-10-18 11:00:00Z;2,554287;0;3
1979-10-19 11:00:00Z;2,443241;0;3
1979-10-20 11:00:00Z;2,443241;0;3
1979-10-21 11:00:00Z;2,784704;0;3
1979-10-22 11:00:00Z;2,443241;0;3
1979-10-23 11:00:00Z;3,409969;0;3
1979-10-24 11:00:00Z;3,026317;0;3
1979-10-25 11:00:00Z;2,554287;0;3
1979-10-26 11:00:00Z;2,2294;0;3
1979-10-27 11:00:00Z;2,02646;0;3
1979-10-28 11:00:00Z;1,929039;0;3
1979-10-29 11:00:00Z;1,834298;0;3
1979-10-30 11:00:00Z;1,742218;0;3
1979-10-31 11:00:00Z;1,652785;0;3
1979-11-01 11:00:00Z;1,565981;0;3
1979-11-02 11:00:00Z;1,481791;0;3
1979-11-03 11:00:00Z;1,481791;0;3
1979-11-04 11:00:00Z;1,400195;0;3
1979-11-05 11:00:00Z;1,321178;0;3
1979-11-06 11:00:00Z;1,321178;0;3
1979-11-07 11:00:00Z;1,244721;0;3
1979-11-08 11:00:00Z;1,244721;0;3
1979-11-09 11:00:00Z;1,170806;0;3
1979-11-10 11:00:00Z;1,170806;0;3
1979-11-11 11:00:00Z;1,099414;0;3
1979-11-12 11:00:00Z;1,099414;0;3
1979-11-13 11:00:00Z;1,099414;0;3
1979-11-14 11:00:00Z;1,030527;0;3
1979-11-15 11:00:00Z;1,030527;0;3
1979-11-16 11:00:00Z;1,030527;0;3
1979-11-17 11:00:00Z;1,030527;0;3
1979-11-18 11:00:00Z;1,030527;0;3
1979-11-19 11:00:00Z;1,030527;0;3
1979-11-20 11:00:00Z;1,030527;0;3
1979-11-21 11:00:00Z;1,030527;0;3
1979-11-22 11:00:00Z;0,9641246;0;3
1979-11-23 11:00:00Z;0,9641246;0;3
1979-11-24 11:00:00Z;0,9641246;0;3
1979-11-25 11:00:00Z;1,030527;0;3
1979-11-26 11:00:00Z;1,030527;0;3
1979-11-27 11:00:00Z;0,9641246;0;3
1979-11-28 11:00:00Z;0,9001881;0;3
1979-11-29 11:00:00Z;0,9001881;0;3
1979-11-30 11:00:00Z;0,838697;0;3
1979-12-01 11:00:00Z;0,9001881;0;3
1979-12-02 11:00:00Z;0,9001881;0;3
1979-12-03 11:00:00Z;0,9001881;0;3
1979-12-04 11:00:00Z;0,9001881;0;3
1979-12-05 11:00:00Z;0,9001881;0;3
1979-12-06 11:00:00Z;0,838697;0;3
1979-12-07 11:00:00Z;0,838697;0;3
1979-12-08 11:00:00Z;0,838697;0;3
1979-12-09 11:00:00Z;0,838697;0;3
1979-12-10 11:00:00Z;0,838697;0;3
1979-12-11 11:00:00Z;0,838697;0;3
1979-12-12 11:00:00Z;0,838697;0;3
1979-12-13 11:00:00Z;0,838697;0;3
1979-12-14 11:00:00Z;0,7796305;0;3
1979-12-15 11:00:00Z;0,7796305;0;3
1979-12-16 11:00:00Z;0,7796305;0;3
1979-12-17 11:00:00Z;0,7796305;0;3
1979-12-18 11:00:00Z;0,7796305;0;3
1979-12-19 11:00:00Z;0,7796305;0;3
1979-12-20 11:00:00Z;0,7796305;0;3
1979-12-21 11:00:00Z;0,838697;0;3
1979-12-22 11:00:00Z;0,9001881;0;3
1979-12-23 11:00:00Z;0,9001881;0;3
1979-12-24 11:00:00Z;0,838697;0;3
1979-12-25 11:00:00Z;0,7796305;0;3
1979-12-26 11:00:00Z;0,7796305;0;3
1979-12-27 11:00:00Z;0,7229679;0;3
1979-12-28 11:00:00Z;0,7229679;0;3
1979-12-29 11:00:00Z;0,7229679;0;3
1979-12-30 11:00:00Z;0,7229679;0;3
1979-12-31 11:00:00Z;0,6686874;0;3
1980-01-01 11:00:00Z;0,6686874;0;3
1980-01-02 11:00:00Z;0,6686874;0;3
1980-01-03 11:00:00Z;0,6167667;0;3
1980-01-04 11:00:00Z;0,6167667;0;3
1980-01-05 11:00:00Z;0,5671835;0;3
1980-01-06 11:00:00Z;0,5671835;0;3
1980-01-07 11:00:00Z;0,5671835;0;3
1980-01-08 11:00:00Z;0,5671835;0;3
1980-01-09 11:00:00Z;0,5671835;0;3
1980-01-10 11:00:00Z;0,5199142;0;3
1980-01-11 11:00:00Z;0,5199142;0;3
1980-01-12 11:00:00Z;0,4749349;0;3
1980-01-13 11:00:00Z;0,6167667;0;3
1980-01-14 11:00:00Z;1,170806;0;3
1980-01-15 11:00:00Z;1,099414;0;3
1980-01-16 11:00:00Z;1,030527;0;3
1980-01-17 11:00:00Z;0,9641246;0;3
1980-01-18 11:00:00Z;0,9001881;0;3
1980-01-19 11:00:00Z;0,838697;0;3
1980-01-20 11:00:00Z;0,7796305;0;3
1980-01-21 11:00:00Z;0,7229679;0;3
1980-01-22 11:00:00Z;0,6686874;0;3
1980-01-23 11:00:00Z;0,6686874;0;3
1980-01-24 11:00:00Z;0,6167667;0;3
1980-01-25 11:00:00Z;0,6167667;0;3
1980-01-26 11:00:00Z;0,5671835;0;3
1980-01-27 11:00:00Z;0,5671835;0;3
1980-01-28 11:00:00Z;0,5199142;0;3
1980-01-29 11:00:00Z;0,5199142;0;3
1980-01-30 11:00:00Z;0,4749349;0;3
1980-01-31 11:00:00Z;0,4749349;0;3
1980-02-01 11:00:00Z;0,4322211;0;3
1980-02-02 11:00:00Z;0,3917474;0;3
1980-02-03 11:00:00Z;0,3917474;0;3
1980-02-04 11:00:00Z;0,3534874;0;3
1980-02-05 11:00:00Z;0,3534874;0;3
1980-02-06 11:00:00Z;0,3534874;0;3
1980-02-07 11:00:00Z;0,3534874;0;3
1980-02-08 11:00:00Z;0,3174143;0;3
1980-02-09 11:00:00Z;0,3174143;0;3
1980-02-10 11:00:00Z;0,3174143;0;3
1980-02-11 11:00:00Z;0,3174143;0;3
1980-02-12 11:00:00Z;0,3174143;0;3
1980-02-13 11:00:00Z;0,3174143;0;3
1980-02-14 11:00:00Z;0,2835001;0;3
1980-02-15 11:00:00Z;0,2835001;0;3
1980-02-16 11:00:00Z;0,2835001;0;3
1980-02-17 11:00:00Z;0,2835001;0;3
1980-02-18 11:00:00Z;0,2835001;0;3
1980-02-19 11:00:00Z;0,2517157;0;3
1980-02-20 11:00:00Z;0,2517157;0;3
1980-02-21 11:00:00Z;0,2517157;0;3
1980-02-22 11:00:00Z;0,2517157;0;3
1980-02-23 11:00:00Z;0,2517157;0;3
1980-02-24 11:00:00Z;0,2220311;0;3
1980-02-25 11:00:00Z;0,2220311;0;3
1980-02-26 11:00:00Z;0,2220311;0;3
1980-02-27 11:00:00Z;0,2220311;0;3
1980-02-28 11:00:00Z;0,1944152;0;3
1980-02-29 11:00:00Z;0,1944152;0;3
1980-03-01 11:00:00Z;0,1944152;0;3
1980-03-02 11:00:00Z;0,1944152;0;3
1980-03-03 11:00:00Z;0,1944152;0;3
1980-03-04 11:00:00Z;0,1944152;0;3
1980-03-05 11:00:00Z;0,1944152;0;3
1980-03-06 11:00:00Z;0,1944152;0;3
1980-03-07 11:00:00Z;0,1944152;0;3
1980-03-08 11:00:00Z;0,1944152;0;3
1980-03-09 11:00:00Z;0,1944152;0;3
1980-03-10 11:00:00Z;0,1944152;0;3
1980-03-11 11:00:00Z;0,1944152;0;3
1980-03-12 11:00:00Z;0,1944152;0;3
1980-03-13 11:00:00Z;0,1944152;0;3
1980-03-14 11:00:00Z;0,1944152;0;3
1980-03-15 11:00:00Z;0,1944152;0;3
1980-03-16 11:00:00Z;0,1944152;0;3
1980-03-17 11:00:00Z;0,1688351;0;3
1980-03-18 11:00:00Z;0,1688351;0;3
1980-03-19 11:00:00Z;0,1688351;0;3
1980-03-20 11:00:00Z;0,1688351;0;3
1980-03-21 11:00:00Z;0,1688351;0;3
1980-03-22 11:00:00Z;0,1688351;0;3
1980-03-23 11:00:00Z;0,1688351;0;3
1980-03-24 11:00:00Z;0,1688351;0;3
1980-03-25 11:00:00Z;0,1688351;0;3
1980-03-26 11:00:00Z;0,1688351;0;3
1980-03-27 11:00:00Z;0,1688351;0;3
1980-03-28 11:00:00Z;0,1688351;0;3
1980-03-29 11:00:00Z;0,1688351;0;3
1980-03-30 11:00:00Z;0,1688351;0;3
1980-03-31 11:00:00Z;0,1688351;0;3
1980-04-01 11:00:00Z;0,1688351;0;3
1980-04-02 11:00:00Z;0,1688351;0;3
1980-04-03 11:00:00Z;0,1688351;0;3
1980-04-04 11:00:00Z;0,1688351;0;3
1980-04-05 11:00:00Z;0,1688351;0;3
1980-04-06 11:00:00Z;0,1944152;0;3
1980-04-07 11:00:00Z;0,1944152;0;3
1980-04-08 11:00:00Z;0,1944152;0;3
1980-04-09 11:00:00Z;0,1944152;0;3
1980-04-10 11:00:00Z;0,1944152;0;3
1980-04-11 11:00:00Z;0,1944152;0;3
1980-04-12 11:00:00Z;0,1944152;0;3
1980-04-13 11:00:00Z;0,2517157;0;3
1980-04-14 11:00:00Z;0,3534874;0;3
1980-04-15 11:00:00Z;0,6167667;0;3
1980-04-16 11:00:00Z;1,244721;0;3
1980-04-17 11:00:00Z;2,126575;0;3
1980-04-18 11:00:00Z;1,929039;0;3
1980-04-19 11:00:00Z;1,742218;0;3
1980-04-20 11:00:00Z;1,565981;0;3
1980-04-21 11:00:00Z;1,400195;0;3
1980-04-22 11:00:00Z;1,321178;0;3
1980-04-23 11:00:00Z;1,400195;0;3
1980-04-24 11:00:00Z;1,481791;0;3
1980-04-25 11:00:00Z;1,400195;0;3
1980-04-26 11:00:00Z;1,321178;0;3
1980-04-27 11:00:00Z;1,170806;0;3
1980-04-28 11:00:00Z;1,099414;0;3
1980-04-29 11:00:00Z;1,099414;0;3
1980-04-30 11:00:00Z;1,030527;0;3
1980-05-01 11:00:00Z;0,9641246;0;3
1980-05-02 11:00:00Z;0,9641246;0;3
1980-05-03 11:00:00Z;1,170806;0;3
1980-05-04 11:00:00Z;1,834298;0;3
1980-05-05 11:00:00Z;2,554287;0;3
1980-05-06 11:00:00Z;3,279235;0;3
1980-05-07 11:00:00Z;3,54357;0;3
1980-05-08 11:00:00Z;3,409969;0;3
1980-05-09 11:00:00Z;3,026317;0;3
1980-05-10 11:00:00Z;2,784704;0;3
1980-05-11 11:00:00Z;2,33495;0;3
1980-05-12 11:00:00Z;2,2294;0;3
1980-05-13 11:00:00Z;2,2294;0;3
1980-05-14 11:00:00Z;3,279235;0;3
1980-05-15 11:00:00Z;8,070228;0;3
1980-05-16 11:00:00Z;11,659;0;3
1980-05-17 11:00:00Z;13,01839;0;3
1980-05-18 11:00:00Z;15,98763;0;3
1980-05-19 11:00:00Z;15,98763;0;3
1980-05-20 11:00:00Z;15,98763;0;3
1980-05-21 11:00:00Z;15,21373;0;3
1980-05-22 11:00:00Z;12,55607;0;3
1980-05-23 11:00:00Z;10,1769;0;3
1980-05-24 11:00:00Z;8,994428;0;3
1980-05-25 11:00:00Z;10,58902;0;3
1980-05-26 11:00:00Z;14,21473;0;3
1980-05-27 11:00:00Z;19,29672;0;3
1980-05-28 11:00:00Z;23,92117;0;3
1980-05-29 11:00:00Z;26,96085;0;3
1980-05-30 11:00:00Z;36,02852;0;3
1980-05-31 11:00:00Z;47,87616;0;3
1980-06-01 11:00:00Z;61,21178;0;3
1980-06-02 11:00:00Z;58,96517;0;3
1980-06-03 11:00:00Z;60,45691;0;3
1980-06-04 11:00:00Z;58,96517;0;3
1980-06-05 11:00:00Z;53,2352;0;3
1980-06-06 11:00:00Z;47,87616;0;3
1980-06-07 11:00:00Z;46,59306;0;3
1980-06-08 11:00:00Z;53,2352;0;3
1980-06-09 11:00:00Z;60,45691;0;3
1980-06-10 11:00:00Z;53,93093;0;3
1980-06-11 11:00:00Z;37,66916;0;3
1980-06-12 11:00:00Z;23,92117;0;3
1980-06-13 11:00:00Z;15,98763;0;3
1980-06-14 11:00:00Z;12,55607;0;3
1980-06-15 11:00:00Z;17,8762;0;3
1980-06-16 11:00:00Z;26,96085;0;3
1980-06-17 11:00:00Z;35,49205;0;3
1980-06-18 11:00:00Z;41,09278;0;3
1980-06-19 11:00:00Z;43,48257;0;3
1980-06-20 11:00:00Z;47,87616;0;3
1980-06-21 11:00:00Z;49,84303;0;3
1980-06-22 11:00:00Z;41,09278;0;3
1980-06-23 11:00:00Z;32,3808;0;3
1980-06-24 11:00:00Z;25,24738;0;3
1980-06-25 11:00:00Z;26,96085;0;3
1980-06-26 11:00:00Z;26,96085;0;3
1980-06-27 11:00:00Z;19,58804;0;3
1980-06-28 11:00:00Z;15,72731;0;3
1980-06-29 11:00:00Z;17,8762;0;3
1980-06-30 11:00:00Z;18,72132;0;3
1980-07-01 11:00:00Z;18,15551;0;3
1980-07-02 11:00:00Z;14,46097;0;3
1980-07-03 11:00:00Z;14,21473;0;3
1980-07-04 11:00:00Z;12,10295;0;3
1980-07-05 11:00:00Z;12,10295;0;3
1980-07-06 11:00:00Z;10,38183;0;3
1980-07-07 11:00:00Z;9,575592;0;3
1980-07-08 11:00:00Z;8,433275;0;3
1980-07-09 11:00:00Z;8,994428;0;3
1980-07-10 11:00:00Z;8,994428;0;3
1980-07-11 11:00:00Z;8,994428;0;3
1980-07-12 11:00:00Z;8,070228;0;3
1980-07-13 11:00:00Z;6,837012;0;3
1980-07-14 11:00:00Z;5,547119;0;3
1980-07-15 11:00:00Z;4,560154;0;3
1980-07-16 11:00:00Z;4,877141;0;3
1980-07-17 11:00:00Z;6,453053;0;3
1980-07-18 11:00:00Z;5,375094;0;3
1980-07-19 11:00:00Z;5,040117;0;3
1980-07-20 11:00:00Z;4,560154;0;3
1980-07-21 11:00:00Z;4,255044;0;3
1980-07-22 11:00:00Z;3,96171;0;3
1980-07-23 11:00:00Z;4,877141;0;3
1980-07-24 11:00:00Z;4,106911;0;3
1980-07-25 11:00:00Z;5,900297;0;3
1980-07-26 11:00:00Z;4,255044;0;3
1980-07-27 11:00:00Z;4,106911;0;3
1980-07-28 11:00:00Z;3,96171;0;3
1980-07-29 11:00:00Z;3,151356;0;3
1980-07-30 11:00:00Z;2,784704;0;3
1980-07-31 11:00:00Z;2,904104;0;3
1980-08-01 11:00:00Z;3,026317;0;3
1980-08-02 11:00:00Z;2,554287;0;3
1980-08-03 11:00:00Z;2,443241;0;3
1980-08-04 11:00:00Z;3,026317;0;3
1980-08-05 11:00:00Z;2,904104;0;3
1980-08-06 11:00:00Z;3,279235;0;3
1980-08-07 11:00:00Z;3,680052;0;3
1980-08-08 11:00:00Z;2,784704;0;3
1980-08-09 11:00:00Z;2,33495;0;3
1980-08-10 11:00:00Z;2,02646;0;3
1980-08-11 11:00:00Z;1,742218;0;3
1980-08-12 11:00:00Z;1,742218;0;3
1980-08-13 11:00:00Z;1,652785;0;3
1980-08-14 11:00:00Z;1,652785;0;3
1980-08-15 11:00:00Z;1,652785;0;3
1980-08-16 11:00:00Z;1,652785;0;3
1980-08-17 11:00:00Z;1,652785;0;3
1980-08-18 11:00:00Z;1,652785;0;3
1980-08-19 11:00:00Z;1,481791;0;3
1980-08-20 11:00:00Z;1,400195;0;3
1980-08-21 11:00:00Z;2,33495;0;3
1980-08-22 11:00:00Z;2,668103;0;3
1980-08-23 11:00:00Z;1,929039;0;3
1980-08-24 11:00:00Z;2,2294;0;3
1980-08-25 11:00:00Z;2,904104;0;3
1980-08-26 11:00:00Z;3,409969;0;3
1980-08-27 11:00:00Z;2,554287;0;3
1980-08-28 11:00:00Z;2,126575;0;3
1980-08-29 11:00:00Z;2,33495;0;3
1980-08-30 11:00:00Z;2,126575;0;3
1980-08-31 11:00:00Z;1,929039;0;3
1980-09-01 11:00:00Z;1,929039;0;3
1980-09-02 11:00:00Z;1,652785;0;3
1980-09-03 11:00:00Z;1,652785;0;3
1980-09-04 11:00:00Z;1,652785;0;3
1980-09-05 11:00:00Z;2,02646;0;3
1980-09-06 11:00:00Z;2,2294;0;3
1980-09-07 11:00:00Z;2,668103;0;3
1980-09-08 11:00:00Z;3,96171;0;3
1980-09-09 11:00:00Z;9,575592;0;3
1980-09-10 11:00:00Z;6,081473;0;3
1980-09-11 11:00:00Z;4,406121;0;3
1980-09-12 11:00:00Z;3,96171;0;3
1980-09-13 11:00:00Z;3,96171;0;3
1980-09-14 11:00:00Z;9,379639;0;3
1980-09-15 11:00:00Z;5,722183;0;3
1980-09-16 11:00:00Z;4,255044;0;3
1980-09-17 11:00:00Z;3,54357;0;3
1980-09-18 11:00:00Z;3,409969;0;3
1980-09-19 11:00:00Z;3,96171;0;3
1980-09-20 11:00:00Z;3,819428;0;3
1980-09-21 11:00:00Z;3,151356;0;3
1980-09-22 11:00:00Z;3,026317;0;3
1980-09-23 11:00:00Z;3,026317;0;3
1980-09-24 11:00:00Z;2,784704;0;3
1980-09-25 11:00:00Z;2,443241;0;3
1980-09-26 11:00:00Z;2,33495;0;3
1980-09-27 11:00:00Z;2,2294;0;3
1980-09-28 11:00:00Z;2,126575;0;3
1980-09-29 11:00:00Z;3,279235;0;3
1980-09-30 11:00:00Z;3,819428;0;3
1980-10-01 11:00:00Z;5,040117;0;3
1980-10-02 11:00:00Z;4,106911;0;3
1980-10-03 11:00:00Z;3,819428;0;3
1980-10-04 11:00:00Z;3,409969;0;3
1980-10-05 11:00:00Z;3,151356;0;3
1980-10-06 11:00:00Z;5,375094;0;3
1980-10-07 11:00:00Z;17,05256;0;3
1980-10-08 11:00:00Z;9,773783;0;3
1980-10-09 11:00:00Z;10,1769;0;3
1980-10-10 11:00:00Z;9,185919;0;3
1980-10-11 11:00:00Z;6,265721;0;3
1980-10-12 11:00:00Z;4,717158;0;3
1980-10-13 11:00:00Z;4,255044;0;3
1980-10-14 11:00:00Z;3,680052;0;3
1980-10-15 11:00:00Z;3,279235;0;3
1980-10-16 11:00:00Z;2,784704;0;3
1980-10-17 11:00:00Z;2,443241;0;3
1980-10-18 11:00:00Z;2,668103;0;3
1980-10-19 11:00:00Z;2,554287;0;3
1980-10-20 11:00:00Z;2,443241;0;3
1980-10-21 11:00:00Z;2,33495;0;3
1980-10-22 11:00:00Z;2,33495;0;3
1980-10-23 11:00:00Z;2,2294;0;3
1980-10-24 11:00:00Z;2,126575;0;3
1980-10-25 11:00:00Z;2,02646;0;3
1980-10-26 11:00:00Z;1,929039;0;3
1980-10-27 11:00:00Z;1,834298;0;3
1980-10-28 11:00:00Z;1,834298;0;3
1980-10-29 11:00:00Z;1,742218;0;3
1980-10-30 11:00:00Z;1,652785;0;3
1980-10-31 11:00:00Z;1,565981;0;3
1980-11-01 11:00:00Z;1,481791;0;3
1980-11-02 11:00:00Z;1,400195;0;3
1980-11-03 11:00:00Z;1,565981;0;3
1980-11-04 11:00:00Z;2,126575;0;3
1980-11-05 11:00:00Z;2,668103;0;3
1980-11-06 11:00:00Z;2,443241;0;3
1980-11-07 11:00:00Z;2,02646;0;3
1980-11-08 11:00:00Z;1,742218;0;3
1980-11-09 11:00:00Z;1,481791;0;3
1980-11-10 11:00:00Z;1,321178;0;3
1980-11-11 11:00:00Z;1,170806;0;3
1980-11-12 11:00:00Z;1,099414;0;3
1980-11-13 11:00:00Z;1,030527;0;3
1980-11-14 11:00:00Z;0,9641246;0;3
1980-11-15 11:00:00Z;0,9641246;0;3
1980-11-16 11:00:00Z;0,9641246;0;3
1980-11-17 11:00:00Z;0,9641246;0;3
1980-11-18 11:00:00Z;0,9641246;0;3
1980-11-19 11:00:00Z;0,9641246;0;3
1980-11-20 11:00:00Z;0,9001881;0;3
1980-11-21 11:00:00Z;0,9001881;0;3
1980-11-22 11:00:00Z;0,9001881;0;3
1980-11-23 11:00:00Z;0,9001881;0;3
1980-11-24 11:00:00Z;0,9001881;0;3
1980-11-25 11:00:00Z;0,838697;0;3
1980-11-26 11:00:00Z;0,838697;0;3
1980-11-27 11:00:00Z;0,838697;0;3
1980-11-28 11:00:00Z;0,838697;0;3
1980-11-29 11:00:00Z;0,7796305;0;3
1980-11-30 11:00:00Z;0,7796305;0;3
1980-12-01 11:00:00Z;0,7796305;0;3
1980-12-02 11:00:00Z;0,7796305;0;3
1980-12-03 11:00:00Z;0,7796305;0;3
1980-12-04 11:00:00Z;0,7796305;0;3
1980-12-05 11:00:00Z;0,7229679;0;3
1980-12-06 11:00:00Z;0,7229679;0;3
1980-12-07 11:00:00Z;0,7229679;0;3
1980-12-08 11:00:00Z;0,7229679;0;3
1980-12-09 11:00:00Z;0,7229679;0;3
1980-12-10 11:00:00Z;0,7229679;0;3
1980-12-11 11:00:00Z;0,6686874;0;3
1980-12-12 11:00:00Z;0,6686874;0;3
1980-12-13 11:00:00Z;0,6686874;0;3
1980-12-14 11:00:00Z;0,6686874;0;3
1980-12-15 11:00:00Z;0,6686874;0;3
1980-12-16 11:00:00Z;0,6686874;0;3
1980-12-17 11:00:00Z;0,6167667;0;3
1980-12-18 11:00:00Z;0,6167667;0;3
1980-12-19 11:00:00Z;0,6167667;0;3
1980-12-20 11:00:00Z;0,6167667;0;3
1980-12-21 11:00:00Z;0,6167667;0;3
1980-12-22 11:00:00Z;0,6167667;0;3
1980-12-23 11:00:00Z;0,5671835;0;3
1980-12-24 11:00:00Z;0,5671835;0;3
1980-12-25 11:00:00Z;0,5671835;0;3
1980-12-26 11:00:00Z;0,5671835;0;3
1980-12-27 11:00:00Z;0,5671835;0;3
1980-12-28 11:00:00Z;0,5671835;0;3
1980-12-29 11:00:00Z;0,5199142;0;3
1980-12-30 11:00:00Z;0,5199142;0;3
1980-12-31 11:00:00Z;0,5199142;0;3
1981-01-01 11:00:00Z;0,5199142;0;3
1981-01-02 11:00:00Z;0,4749349;0;3
1981-01-03 11:00:00Z;0,4749349;0;3
1981-01-04 11:00:00Z;0,4749349;0;3
1981-01-05 11:00:00Z;0,4749349;0;3
1981-01-06 11:00:00Z;0,4749349;0;3
1981-01-07 11:00:00Z;0,4749349;0;3
1981-01-08 11:00:00Z;0,4749349;0;3
1981-01-09 11:00:00Z;0,5199142;0;3
1981-01-10 11:00:00Z;0,5671835;0;3
1981-01-11 11:00:00Z;0,5199142;0;3
1981-01-12 11:00:00Z;0,5199142;0;3
1981-01-13 11:00:00Z;0,5199142;0;3
1981-01-14 11:00:00Z;0,5199142;0;3
1981-01-15 11:00:00Z;0,5199142;0;3
1981-01-16 11:00:00Z;0,4749349;0;3
1981-01-17 11:00:00Z;0,4749349;0;3
1981-01-18 11:00:00Z;0,4749349;0;3
1981-01-19 11:00:00Z;0,4749349;0;3
1981-01-20 11:00:00Z;0,4749349;0;3
1981-01-21 11:00:00Z;0,4749349;0;3
1981-01-22 11:00:00Z;0,4749349;0;3
1981-01-23 11:00:00Z;0,4749349;0;3
1981-01-24 11:00:00Z;0,4749349;0;3
1981-01-25 11:00:00Z;0,5199142;0;3
1981-01-26 11:00:00Z;0,6167667;0;3
1981-01-27 11:00:00Z;0,9001881;0;3
1981-01-28 11:00:00Z;19,88176;0;3
1981-01-29 11:00:00Z;21,08083;0;3
1981-01-30 11:00:00Z;14,21473;0;3
1981-01-31 11:00:00Z;10,1769;0;3
1981-02-01 11:00:00Z;7,370477;0;3
1981-02-02 11:00:00Z;5,722183;0;3
1981-02-03 11:00:00Z;4,717158;0;3
1981-02-04 11:00:00Z;4,106911;0;3
1981-02-05 11:00:00Z;3,54357;0;3
1981-02-06 11:00:00Z;3,151356;0;3
1981-02-07 11:00:00Z;2,904104;0;3
1981-02-08 11:00:00Z;2,668103;0;3
1981-02-09 11:00:00Z;2,33495;0;3
1981-02-10 11:00:00Z;2,02646;0;3
1981-02-11 11:00:00Z;1,834298;0;3
1981-02-12 11:00:00Z;1,652785;0;3
1981-02-13 11:00:00Z;1,481791;0;3
1981-02-14 11:00:00Z;1,321178;0;3
1981-02-15 11:00:00Z;1,244721;0;3
1981-02-16 11:00:00Z;1,170806;0;3
1981-02-17 11:00:00Z;1,099414;0;3
1981-02-18 11:00:00Z;1,030527;0;3
1981-02-19 11:00:00Z;0,9641246;0;3
1981-02-20 11:00:00Z;0,9001881;0;3
1981-02-21 11:00:00Z;0,838697;0;3
1981-02-22 11:00:00Z;0,7796305;0;3
1981-02-23 11:00:00Z;0,7796305;0;3
1981-02-24 11:00:00Z;0,7229679;0;3
1981-02-25 11:00:00Z;0,7229679;0;3
1981-02-26 11:00:00Z;0,6686874;0;3
1981-02-27 11:00:00Z;0,6686874;0;3
1981-02-28 11:00:00Z;0,6167667;0;3
1981-03-01 11:00:00Z;0,6167667;0;3
1981-03-02 11:00:00Z;0,5671835;0;3
1981-03-03 11:00:00Z;0,5671835;0;3
1981-03-04 11:00:00Z;0,5671835;0;3
1981-03-05 11:00:00Z;0,5671835;0;3
1981-03-06 11:00:00Z;0,5199142;0;3
1981-03-07 11:00:00Z;0,5199142;0;3
1981-03-08 11:00:00Z;0,5199142;0;3
1981-03-09 11:00:00Z;0,5199142;0;3
1981-03-10 11:00:00Z;0,5199142;0;3
1981-03-11 11:00:00Z;0,5199142;0;3
1981-03-12 11:00:00Z;0,4749349;0;3
1981-03-13 11:00:00Z;0,4749349;0;3
1981-03-14 11:00:00Z;0,4749349;0;3
1981-03-15 11:00:00Z;0,4749349;0;3
1981-03-16 11:00:00Z;0,4749349;0;3
1981-03-17 11:00:00Z;0,4749349;0;3
1981-03-18 11:00:00Z;0,4749349;0;3
1981-03-19 11:00:00Z;0,4322211;0;3
1981-03-20 11:00:00Z;0,4322211;0;3
1981-03-21 11:00:00Z;0,4322211;0;3
1981-03-22 11:00:00Z;0,4322211;0;3
1981-03-23 11:00:00Z;0,4322211;0;3
1981-03-24 11:00:00Z;0,4322211;0;3
1981-03-25 11:00:00Z;0,4322211;0;3
1981-03-26 11:00:00Z;0,4322211;0;3
1981-03-27 11:00:00Z;0,4322211;0;3
1981-03-28 11:00:00Z;0,4322211;0;3
1981-03-29 11:00:00Z;0,4322211;0;3
1981-03-30 11:00:00Z;0,4322211;0;3
1981-03-31 11:00:00Z;0,4322211;0;3
1981-04-01 11:00:00Z;0,3917474;0;3
1981-04-02 11:00:00Z;0,3917474;0;3
1981-04-03 11:00:00Z;0,3917474;0;3
1981-04-04 11:00:00Z;0,3917474;0;3
1981-04-05 11:00:00Z;0,3917474;0;3
1981-04-06 11:00:00Z;0,4322211;0;3
1981-04-07 11:00:00Z;0,4749349;0;3
1981-04-08 11:00:00Z;0,5671835;0;3
1981-04-09 11:00:00Z;0,7229679;0;3
1981-04-10 11:00:00Z;1,652785;0;3
1981-04-11 11:00:00Z;11,22419;0;3
1981-04-12 11:00:00Z;7,03366;0;3
1981-04-13 11:00:00Z;4,406121;0;3
1981-04-14 11:00:00Z;3,409969;0;3
1981-04-15 11:00:00Z;2,904104;0;3
1981-04-16 11:00:00Z;2,554287;0;3
1981-04-17 11:00:00Z;2,33495;0;3
1981-04-18 11:00:00Z;2,126575;0;3
1981-04-19 11:00:00Z;1,929039;0;3
1981-04-20 11:00:00Z;1,834298;0;3
1981-04-21 11:00:00Z;1,742218;0;3
1981-04-22 11:00:00Z;1,652785;0;3
1981-04-23 11:00:00Z;1,565981;0;3
1981-04-24 11:00:00Z;1,481791;0;3
1981-04-25 11:00:00Z;1,400195;0;3
1981-04-26 11:00:00Z;1,321178;0;3
1981-04-27 11:00:00Z;1,321178;0;3
1981-04-28 11:00:00Z;1,244721;0;3
1981-04-29 11:00:00Z;1,244721;0;3
1981-04-30 11:00:00Z;1,244721;0;3
1981-05-01 11:00:00Z;1,170806;0;3
1981-05-02 11:00:00Z;1,170806;0;3
1981-05-03 11:00:00Z;1,170806;0;3
1981-05-04 11:00:00Z;1,170806;0;3
1981-05-05 11:00:00Z;1,099414;0;3
1981-05-06 11:00:00Z;1,030527;0;3
1981-05-07 11:00:00Z;1,030527;0;3
1981-05-08 11:00:00Z;0,9641246;0;3
1981-05-09 11:00:00Z;1,244721;0;3
1981-05-10 11:00:00Z;3,409969;0;3
1981-05-11 11:00:00Z;6,081473;0;3
1981-05-12 11:00:00Z;10,38183;0;3
1981-05-13 11:00:00Z;15,46935;0;3
1981-05-14 11:00:00Z;23,27284;0;3
1981-05-15 11:00:00Z;22,63434;0;3
1981-05-16 11:00:00Z;28,73661;0;3
1981-05-17 11:00:00Z;29,9266;0;3
1981-05-18 11:00:00Z;33,91349;0;3
1981-05-19 11:00:00Z;36,57019;0;3
1981-05-20 11:00:00Z;41,09278;0;3
1981-05-21 11:00:00Z;43,48257;0;3
1981-05-22 11:00:00Z;51,86109;0;3
1981-05-23 11:00:00Z;62,73965;0;3
1981-05-24 11:00:00Z;63,51271;0;3
1981-05-25 11:00:00Z;64,29183;0;3
1981-05-26 11:00:00Z;60,45691;0;3
1981-05-27 11:00:00Z;53,2352;0;3
1981-05-28 11:00:00Z;48,52613;0;3
1981-05-29 11:00:00Z;51,18268;0;3
1981-05-30 11:00:00Z;43,48257;0;3
1981-05-31 11:00:00Z;36,57019;0;3
1981-06-01 11:00:00Z;32,88664;0;3
1981-06-02 11:00:00Z;32,88664;0;3
1981-06-03 11:00:00Z;27,31101;0;3
1981-06-04 11:00:00Z;24,91212;0;3
1981-06-05 11:00:00Z;22,00562;0;3
1981-06-06 11:00:00Z;18,72132;0;3
1981-06-07 11:00:00Z;16,51536;0;3
1981-06-08 11:00:00Z;15,98763;0;3
1981-06-09 11:00:00Z;16,51536;0;3
1981-06-10 11:00:00Z;19,29672;0;3
1981-06-11 11:00:00Z;20,17789;0;3
1981-06-12 11:00:00Z;16,25031;0;3
1981-06-13 11:00:00Z;11,87983;0;3
1981-06-14 11:00:00Z;12,32836;0;3
1981-06-15 11:00:00Z;14,96047;0;3
1981-06-16 11:00:00Z;17,05256;0;3
1981-06-17 11:00:00Z;16,25031;0;3
1981-06-18 11:00:00Z;12,10295;0;3
1981-06-19 11:00:00Z;9,773783;0;3
1981-06-20 11:00:00Z;9,773783;0;3
1981-06-21 11:00:00Z;11,87983;0;3
1981-06-22 11:00:00Z;13,25302;0;3
1981-06-23 11:00:00Z;23,92117;0;3
1981-06-24 11:00:00Z;37,11706;0;3
1981-06-25 11:00:00Z;35,49205;0;3
1981-06-26 11:00:00Z;27,66366;0;3
1981-06-27 11:00:00Z;23,59578;0;3
1981-06-28 11:00:00Z;18,72132;0;3
1981-06-29 11:00:00Z;16,78278;0;3
1981-06-30 11:00:00Z;15,21373;0;3
1981-07-01 11:00:00Z;20,47645;0;3
1981-07-02 11:00:00Z;25,58511;0;3
1981-07-03 11:00:00Z;28,73661;0;3
1981-07-04 11:00:00Z;29,46446;0;3
1981-07-05 11:00:00Z;27,66366;0;3
1981-07-06 11:00:00Z;23,27284;0;3
1981-07-07 11:00:00Z;28,01881;0;3
1981-07-08 11:00:00Z;33,39753;0;3
1981-07-09 11:00:00Z;33,91349;0;3
1981-07-10 11:00:00Z;39,93027;0;3
1981-07-11 11:00:00Z;54,63248;0;3
1981-07-12 11:00:00Z;34,43455;0;3
1981-07-13 11:00:00Z;20,77743;0;3
1981-07-14 11:00:00Z;20,17789;0;3
1981-07-15 11:00:00Z;21,08083;0;3
1981-07-16 11:00:00Z;16,51536;0;3
1981-07-17 11:00:00Z;13,25302;0;3
1981-07-18 11:00:00Z;14,70955;0;3
1981-07-19 11:00:00Z;18,72132;0;3
1981-07-20 11:00:00Z;14,96047;0;3
1981-07-21 11:00:00Z;14,70955;0;3
1981-07-22 11:00:00Z;13,97081;0;3
1981-07-23 11:00:00Z;34,96073;0;3
1981-07-24 11:00:00Z;34,96073;0;3
1981-07-25 11:00:00Z;20,77743;0;3
1981-07-26 11:00:00Z;23,59578;0;3
1981-07-27 11:00:00Z;25,24738;0;3
1981-07-28 11:00:00Z;22,63434;0;3
1981-07-29 11:00:00Z;13,97081;0;3
1981-07-30 11:00:00Z;11,87983;0;3
1981-07-31 11:00:00Z;11,22419;0;3
1981-08-01 11:00:00Z;10,1769;0;3
1981-08-02 11:00:00Z;13,01839;0;3
1981-08-03 11:00:00Z;10,58902;0;3
1981-08-04 11:00:00Z;15,46935;0;3
1981-08-05 11:00:00Z;18,15551;0;3
1981-08-06 11:00:00Z;13,97081;0;3
1981-08-07 11:00:00Z;19,00782;0;3
1981-08-08 11:00:00Z;12,78608;0;3
1981-08-09 11:00:00Z;8,433275;0;3
1981-08-10 11:00:00Z;7,542134;0;3
1981-08-11 11:00:00Z;6,837012;0;3
1981-08-12 11:00:00Z;6,081473;0;3
1981-08-13 11:00:00Z;5,722183;0;3
1981-08-14 11:00:00Z;6,081473;0;3
1981-08-15 11:00:00Z;14,46097;0;3
1981-08-16 11:00:00Z;12,32836;0;3
1981-08-17 11:00:00Z;8,618112;0;3
1981-08-18 11:00:00Z;7,03366;0;3
1981-08-19 11:00:00Z;5,722183;0;3
1981-08-20 11:00:00Z;4,877141;0;3
1981-08-21 11:00:00Z;4,406121;0;3
1981-08-22 11:00:00Z;3,819428;0;3
1981-08-23 11:00:00Z;3,54357;0;3
1981-08-24 11:00:00Z;3,279235;0;3
1981-08-25 11:00:00Z;3,151356;0;3
1981-08-26 11:00:00Z;5,375094;0;3
1981-08-27 11:00:00Z;5,722183;0;3
1981-08-28 11:00:00Z;3,96171;0;3
1981-08-29 11:00:00Z;3,409969;0;3
1981-08-30 11:00:00Z;3,151356;0;3
1981-08-31 11:00:00Z;2,784704;0;3
1981-09-01 11:00:00Z;2,668103;0;3
1981-09-02 11:00:00Z;2,554287;0;3
1981-09-03 11:00:00Z;2,554287;0;3
1981-09-04 11:00:00Z;2,668103;0;3
1981-09-05 11:00:00Z;2,668103;0;3
1981-09-06 11:00:00Z;7,370477;0;3
1981-09-07 11:00:00Z;10,79848;0;3
1981-09-08 11:00:00Z;19,88176;0;3
1981-09-09 11:00:00Z;15,46935;0;3
1981-09-10 11:00:00Z;10,58902;0;3
1981-09-11 11:00:00Z;8,070228;0;3
1981-09-12 11:00:00Z;7,370477;0;3
1981-09-13 11:00:00Z;6,081473;0;3
1981-09-14 11:00:00Z;5,040117;0;3
1981-09-15 11:00:00Z;4,560154;0;3
1981-09-16 11:00:00Z;3,96171;0;3
1981-09-17 11:00:00Z;3,409969;0;3
1981-09-18 11:00:00Z;3,151356;0;3
1981-09-19 11:00:00Z;3,026317;0;3
1981-09-20 11:00:00Z;3,026317;0;3
1981-09-21 11:00:00Z;2,784704;0;3
1981-09-22 11:00:00Z;2,554287;0;3
1981-09-23 11:00:00Z;2,33495;0;3
1981-09-24 11:00:00Z;2,554287;0;3
1981-09-25 11:00:00Z;3,026317;0;3
1981-09-26 11:00:00Z;3,026317;0;3
1981-09-27 11:00:00Z;3,819428;0;3
1981-09-28 11:00:00Z;3,680052;0;3
1981-09-29 11:00:00Z;4,406121;0;3
1981-09-30 11:00:00Z;5,547119;0;3
1981-10-01 11:00:00Z;7,892004;0;3
1981-10-02 11:00:00Z;7,542134;0;3
1981-10-03 11:00:00Z;6,265721;0;3
1981-10-04 11:00:00Z;5,040117;0;3
1981-10-05 11:00:00Z;5,375094;0;3
1981-10-06 11:00:00Z;9,379639;0;3
1981-10-07 11:00:00Z;7,542134;0;3
1981-10-08 11:00:00Z;5,375094;0;3
1981-10-09 11:00:00Z;4,106911;0;3
1981-10-10 11:00:00Z;3,680052;0;3
1981-10-11 11:00:00Z;3,54357;0;3
1981-10-12 11:00:00Z;3,409969;0;3
1981-10-13 11:00:00Z;3,279235;0;3
1981-10-14 11:00:00Z;3,151356;0;3
1981-10-15 11:00:00Z;2,904104;0;3
1981-10-16 11:00:00Z;2,784704;0;3
1981-10-17 11:00:00Z;2,33495;0;3
1981-10-18 11:00:00Z;1,481791;0;3
1981-10-19 11:00:00Z;2,126575;0;3
1981-10-20 11:00:00Z;2,02646;0;3
1981-10-21 11:00:00Z;1,834298;0;3
1981-10-22 11:00:00Z;2,126575;0;3
1981-10-23 11:00:00Z;1,834298;0;3
1981-10-24 11:00:00Z;1,565981;0;3
1981-10-25 11:00:00Z;1,321178;0;3
1981-10-26 11:00:00Z;1,099414;0;3
1981-10-27 11:00:00Z;1,030527;0;3
1981-10-28 11:00:00Z;0,9001881;0;3
1981-10-29 11:00:00Z;0,7796305;0;3
1981-10-30 11:00:00Z;0,7229679;0;3
1981-10-31 11:00:00Z;0,6686874;0;3
1981-11-01 11:00:00Z;0,6167667;0;3
1981-11-02 11:00:00Z;0,5671835;0;3
1981-11-03 11:00:00Z;0,5199142;0;3
1981-11-04 11:00:00Z;0,4749349;0;3
1981-11-05 11:00:00Z;0,4749349;0;3
1981-11-06 11:00:00Z;0,4322211;0;3
1981-11-07 11:00:00Z;0,4322211;0;3
1981-11-08 11:00:00Z;0,3917474;0;3
1981-11-09 11:00:00Z;0,3917474;0;3
1981-11-10 11:00:00Z;0,3534874;0;3
1981-11-11 11:00:00Z;0,3534874;0;3
1981-11-12 11:00:00Z;0,3534874;0;3
1981-11-13 11:00:00Z;0,3174143;0;3
1981-11-14 11:00:00Z;0,3174143;0;3
1981-11-15 11:00:00Z;0,3174143;0;3
1981-11-16 11:00:00Z;0,3174143;0;3
1981-11-17 11:00:00Z;0,3174143;0;3
1981-11-18 11:00:00Z;0,3174143;0;3
1981-11-19 11:00:00Z;0,2835001;0;3
1981-11-20 11:00:00Z;0,2835001;0;3
1981-11-21 11:00:00Z;0,2835001;0;3
1981-11-22 11:00:00Z;0,2835001;0;3
1981-11-23 11:00:00Z;0,2835001;0;3
1981-11-24 11:00:00Z;0,2835001;0;3
1981-11-25 11:00:00Z;0,2835001;0;3
1981-11-26 11:00:00Z;0,2835001;0;3
1981-11-27 11:00:00Z;0,2835001;0;3
1981-11-28 11:00:00Z;0,2835001;0;3
1981-11-29 11:00:00Z;0,2835001;0;3
1981-11-30 11:00:00Z;0,2835001;0;3
1981-12-01 11:00:00Z;0,2835001;0;3
1981-12-02 11:00:00Z;0,2835001;0;3
1981-12-03 11:00:00Z;0,3174143;0;3
1981-12-04 11:00:00Z;0,5199142;0;3
1981-12-05 11:00:00Z;1,652785;0;3
1981-12-06 11:00:00Z;1,099414;0;3
1981-12-07 11:00:00Z;0,7229679;0;3
1981-12-08 11:00:00Z;0,5671835;0;3
1981-12-09 11:00:00Z;0,4749349;0;3
1981-12-10 11:00:00Z;0,3917474;0;3
1981-12-11 11:00:00Z;0,3534874;0;3
1981-12-12 11:00:00Z;0,3174143;0;3
1981-12-13 11:00:00Z;0,3174143;0;3
1981-12-14 11:00:00Z;0,2835001;0;3
1981-12-15 11:00:00Z;0,2517157;0;3
1981-12-16 11:00:00Z;0,2517157;0;3
1981-12-17 11:00:00Z;0,2517157;0;3
1981-12-18 11:00:00Z;0,2220311;0;3
1981-12-19 11:00:00Z;0,2220311;0;3
1981-12-20 11:00:00Z;0,2220311;0;3
1981-12-21 11:00:00Z;0,1944152;0;3
1981-12-22 11:00:00Z;0,1944152;0;3
1981-12-23 11:00:00Z;0,1944152;0;3
1981-12-24 11:00:00Z;0,1944152;0;3
1981-12-25 11:00:00Z;0,1688351;0;3
1981-12-26 11:00:00Z;0,1688351;0;3
1981-12-27 11:00:00Z;0,1688351;0;3
1981-12-28 11:00:00Z;0,1688351;0;3
1981-12-29 11:00:00Z;0,1688351;0;3
1981-12-30 11:00:00Z;0,1688351;0;3
1981-12-31 11:00:00Z;0,1688351;0;3
1982-01-01 11:00:00Z;0,1688351;0;3
1982-01-02 11:00:00Z;0,1688351;0;3
1982-01-03 11:00:00Z;0,1688351;0;3
1982-01-04 11:00:00Z;0,1452569;0;3
1982-01-05 11:00:00Z;0,1452569;0;3
1982-01-06 11:00:00Z;0,1452569;0;3
1982-01-07 11:00:00Z;0,1452569;0;3
1982-01-08 11:00:00Z;0,1452569;0;3
1982-01-09 11:00:00Z;0,1452569;0;3
1982-01-10 11:00:00Z;0,1452569;0;3
1982-01-11 11:00:00Z;0,1452569;0;3
1982-01-12 11:00:00Z;0,1452569;0;3
1982-01-13 11:00:00Z;0,1452569;0;3
1982-01-14 11:00:00Z;0,1452569;0;3
1982-01-15 11:00:00Z;0,1452569;0;3
1982-01-16 11:00:00Z;0,3917474;0;3
1982-01-17 11:00:00Z;1,030527;0;3
1982-01-18 11:00:00Z;2,126575;0;3
1982-01-19 11:00:00Z;1,834298;0;3
1982-01-20 11:00:00Z;1,400195;0;3
1982-01-21 11:00:00Z;1,030527;0;3
1982-01-22 11:00:00Z;0,838697;0;3
1982-01-23 11:00:00Z;0,6686874;0;3
1982-01-24 11:00:00Z;0,5671835;0;3
1982-01-25 11:00:00Z;0,5199142;0;3
1982-01-26 11:00:00Z;0,4749349;0;3
1982-01-27 11:00:00Z;0,4322211;0;3
1982-01-28 11:00:00Z;0,3917474;0;3
1982-01-29 11:00:00Z;0,3534874;0;3
1982-01-30 11:00:00Z;0,3174143;0;3
1982-01-31 11:00:00Z;0,2835001;0;3
1982-02-01 11:00:00Z;0,2517157;0;3
1982-02-02 11:00:00Z;0,2517157;0;3
1982-02-03 11:00:00Z;0,2220311;0;3
1982-02-04 11:00:00Z;0,2220311;0;3
1982-02-05 11:00:00Z;0,1944152;0;3
1982-02-06 11:00:00Z;0,1944152;0;3
1982-02-07 11:00:00Z;0,1688351;0;3
1982-02-08 11:00:00Z;0,1688351;0;3
1982-02-09 11:00:00Z;0,1688351;0;3
1982-02-10 11:00:00Z;0,1452569;0;3
1982-02-11 11:00:00Z;0,1452569;0;3
1982-02-12 11:00:00Z;0,1452569;0;3
1982-02-13 11:00:00Z;0,1452569;0;3
1982-02-14 11:00:00Z;0,1236449;0;3
1982-02-15 11:00:00Z;0,1236449;0;3
1982-02-16 11:00:00Z;0,1236449;0;3
1982-02-17 11:00:00Z;0,1236449;0;3
1982-02-18 11:00:00Z;0,1236449;0;3
1982-02-19 11:00:00Z;0,1039617;0;3
1982-02-20 11:00:00Z;0,1039617;0;3
1982-02-21 11:00:00Z;0,1039617;0;3
1982-02-22 11:00:00Z;0,1039617;0;3
1982-02-23 11:00:00Z;0,1039617;0;3
1982-02-24 11:00:00Z;0,1039617;0;3
1982-02-25 11:00:00Z;0,08616744;0;3
1982-02-26 11:00:00Z;0,08616744;0;3
1982-02-27 11:00:00Z;0,08616744;0;3
1982-02-28 11:00:00Z;0,08616744;0;3
1982-03-01 11:00:00Z;0,08616744;0;3
1982-03-02 11:00:00Z;0,08616744;0;3
1982-03-03 11:00:00Z;0,08616744;0;3
1982-03-04 11:00:00Z;0,08616744;0;3
1982-03-05 11:00:00Z;0,0702204;0;3
1982-03-06 11:00:00Z;0,0702204;0;3
1982-03-07 11:00:00Z;0,0702204;0;3
1982-03-08 11:00:00Z;0,0702204;0;3
1982-03-09 11:00:00Z;0,0702204;0;3
1982-03-10 11:00:00Z;0,0702204;0;3
1982-03-11 11:00:00Z;0,0702204;0;3
1982-03-12 11:00:00Z;0,0702204;0;3
1982-03-13 11:00:00Z;0,0702204;0;3
1982-03-14 11:00:00Z;0,0702204;0;3
1982-03-15 11:00:00Z;0,0702204;0;3
1982-03-16 11:00:00Z;0,05607582;0;3
1982-03-17 11:00:00Z;0,05607582;0;3
1982-03-18 11:00:00Z;0,05607582;0;3
1982-03-19 11:00:00Z;0,05607582;0;3
1982-03-20 11:00:00Z;0,05607582;0;3
1982-03-21 11:00:00Z;0,05607582;0;3
1982-03-22 11:00:00Z;0,05607582;0;3
1982-03-23 11:00:00Z;0,05607582;0;3
1982-03-24 11:00:00Z;0,0702204;0;3
1982-03-25 11:00:00Z;0,1039617;0;3
1982-03-26 11:00:00Z;0,2220311;0;3
1982-03-27 11:00:00Z;0,9001881;0;3
1982-03-28 11:00:00Z;1,565981;0;3
1982-03-29 11:00:00Z;1,321178;0;3
1982-03-30 11:00:00Z;1,099414;0;3
1982-03-31 11:00:00Z;0,9641246;0;3
1982-04-01 11:00:00Z;0,838697;0;3
1982-04-02 11:00:00Z;0,7229679;0;3
1982-04-03 11:00:00Z;0,6686874;0;3
1982-04-04 11:00:00Z;0,6167667;0;3
1982-04-05 11:00:00Z;0,5671835;0;3
1982-04-06 11:00:00Z;0,5199142;0;3
1982-04-07 11:00:00Z;0,4749349;0;3
1982-04-08 11:00:00Z;0,4322211;0;3
1982-04-09 11:00:00Z;0,3917474;0;3
1982-04-10 11:00:00Z;0,3917474;0;3
1982-04-11 11:00:00Z;0,3534874;0;3
1982-04-12 11:00:00Z;0,3174143;0;3
1982-04-13 11:00:00Z;0,3174143;0;3
1982-04-14 11:00:00Z;0,2835001;0;3
1982-04-15 11:00:00Z;0,2835001;0;3
1982-04-16 11:00:00Z;0,2517157;0;3
1982-04-17 11:00:00Z;0,2517157;0;3
1982-04-18 11:00:00Z;0,2220311;0;3
1982-04-19 11:00:00Z;0,2220311;0;3
1982-04-20 11:00:00Z;0,2220311;0;3
1982-04-21 11:00:00Z;0,2517157;0;3
1982-04-22 11:00:00Z;0,2835001;0;3
1982-04-23 11:00:00Z;0,3917474;0;3
1982-04-24 11:00:00Z;0,9001881;0;3
1982-04-25 11:00:00Z;3,54357;0;3
1982-04-26 11:00:00Z;7,370477;0;3
1982-04-27 11:00:00Z;6,643479;0;3
1982-04-28 11:00:00Z;5,040117;0;3
1982-04-29 11:00:00Z;3,96171;0;3
1982-04-30 11:00:00Z;3,409969;0;3
1982-05-01 11:00:00Z;3,151356;0;3
1982-05-02 11:00:00Z;2,904104;0;3
1982-05-03 11:00:00Z;2,784704;0;3
1982-05-04 11:00:00Z;2,668103;0;3
1982-05-05 11:00:00Z;2,668103;0;3
1982-05-06 11:00:00Z;2,784704;0;3
1982-05-07 11:00:00Z;3,409969;0;3
1982-05-08 11:00:00Z;5,547119;0;3
1982-05-09 11:00:00Z;7,542134;0;3
1982-05-10 11:00:00Z;9,974216;0;3
1982-05-11 11:00:00Z;10,1769;0;3
1982-05-12 11:00:00Z;14,96047;0;3
1982-05-13 11:00:00Z;13,01839;0;3
1982-05-14 11:00:00Z;9,575592;0;3
1982-05-15 11:00:00Z;7,370477;0;3
1982-05-16 11:00:00Z;8,433275;0;3
1982-05-17 11:00:00Z;6,453053;0;3
1982-05-18 11:00:00Z;5,206098;0;3
1982-05-19 11:00:00Z;5,206098;0;3
1982-05-20 11:00:00Z;6,265721;0;3
1982-05-21 11:00:00Z;7,892004;0;3
1982-05-22 11:00:00Z;9,575592;0;3
1982-05-23 11:00:00Z;11,0102;0;3
1982-05-24 11:00:00Z;12,55607;0;3
1982-05-25 11:00:00Z;15,46935;0;3
1982-05-26 11:00:00Z;19,29672;0;3
1982-05-27 11:00:00Z;27,31101;0;3
1982-05-28 11:00:00Z;33,39753;0;3
1982-05-29 11:00:00Z;26,96085;0;3
1982-05-30 11:00:00Z;25,58511;0;3
1982-05-31 11:00:00Z;39,35704;0;3
1982-06-01 11:00:00Z;42,27682;0;3
1982-06-02 11:00:00Z;47,87616;0;3
1982-06-03 11:00:00Z;56,05312;0;3
1982-06-04 11:00:00Z;59,70804;0;3
1982-06-05 11:00:00Z;63,51271;0;3
1982-06-06 11:00:00Z;42,27682;0;3
1982-06-07 11:00:00Z;25,58511;0;3
1982-06-08 11:00:00Z;20,17789;0;3
1982-06-09 11:00:00Z;15,46935;0;3
1982-06-10 11:00:00Z;11,659;0;3
1982-06-11 11:00:00Z;9,773783;0;3
1982-06-12 11:00:00Z;8,805161;0;3
1982-06-13 11:00:00Z;8,250649;0;3
1982-06-14 11:00:00Z;8,070228;0;3
1982-06-15 11:00:00Z;8,618112;0;3
1982-06-16 11:00:00Z;11,0102;0;3
1982-06-17 11:00:00Z;13,01839;0;3
1982-06-18 11:00:00Z;13,01839;0;3
1982-06-19 11:00:00Z;12,10295;0;3
1982-06-20 11:00:00Z;9,773783;0;3
1982-06-21 11:00:00Z;9,575592;0;3
1982-06-22 11:00:00Z;9,185919;0;3
1982-06-23 11:00:00Z;9,575592;0;3
1982-06-24 11:00:00Z;10,1769;0;3
1982-06-25 11:00:00Z;11,0102;0;3
1982-06-26 11:00:00Z;12,10295;0;3
1982-06-27 11:00:00Z;17,32473;0;3
1982-06-28 11:00:00Z;33,39753;0;3
1982-06-29 11:00:00Z;42,87697;0;3
1982-06-30 11:00:00Z;44,71019;0;3
1982-07-01 11:00:00Z;48,52613;0;3
1982-07-02 11:00:00Z;48,52613;0;3
1982-07-03 11:00:00Z;51,86109;0;3
1982-07-04 11:00:00Z;65,86847;0;3
1982-07-05 11:00:00Z;67,46974;0;3
1982-07-06 11:00:00Z;57,4973;0;3
1982-07-07 11:00:00Z;47,23181;0;3
1982-07-08 11:00:00Z;33,91349;0;3
1982-07-09 11:00:00Z;33,91349;0;3
1982-07-10 11:00:00Z;35,49205;0;3
1982-07-11 11:00:00Z;48,52613;0;3
1982-07-12 11:00:00Z;44,71019;0;3
1982-07-13 11:00:00Z;38,78912;0;3
1982-07-14 11:00:00Z;29,46446;0;3
1982-07-15 11:00:00Z;27,31101;0;3
1982-07-16 11:00:00Z;44,09363;0;3
1982-07-17 11:00:00Z;56,05312;0;3
1982-07-18 11:00:00Z;58,96517;0;3
1982-07-19 11:00:00Z;39,35704;0;3
1982-07-20 11:00:00Z;53,2352;0;3
1982-07-21 11:00:00Z;52,54525;0;3
1982-07-22 11:00:00Z;27,31101;0;3
1982-07-23 11:00:00Z;28,37646;0;3
1982-07-24 11:00:00Z;31,38419;0;3
1982-07-25 11:00:00Z;27,66366;0;3
1982-07-26 11:00:00Z;22,95237;0;3
1982-07-27 11:00:00Z;15,46935;0;3
1982-07-28 11:00:00Z;13,97081;0;3
1982-07-29 11:00:00Z;18,72132;0;3
1982-07-30 11:00:00Z;17,59927;0;3
1982-07-31 11:00:00Z;19,29672;0;3
1982-08-01 11:00:00Z;15,98763;0;3
1982-08-02 11:00:00Z;13,25302;0;3
1982-08-03 11:00:00Z;10,38183;0;3
1982-08-04 11:00:00Z;8,070228;0;3
1982-08-05 11:00:00Z;7,200998;0;3
1982-08-06 11:00:00Z;7,200998;0;3
1982-08-07 11:00:00Z;7,892004;0;3
1982-08-08 11:00:00Z;9,379639;0;3
1982-08-09 11:00:00Z;11,0102;0;3
1982-08-10 11:00:00Z;17,05256;0;3
1982-08-11 11:00:00Z;8,805161;0;3
1982-08-12 11:00:00Z;7,892004;0;3
1982-08-13 11:00:00Z;19,00782;0;3
1982-08-14 11:00:00Z;17,05256;0;3
1982-08-15 11:00:00Z;10,1769;0;3
1982-08-16 11:00:00Z;8,994428;0;3
1982-08-17 11:00:00Z;8,070228;0;3
1982-08-18 11:00:00Z;9,773783;0;3
1982-08-19 11:00:00Z;9,575592;0;3
1982-08-20 11:00:00Z;11,44045;0;3
1982-08-21 11:00:00Z;22,00562;0;3
1982-08-22 11:00:00Z;16,25031;0;3
1982-08-23 11:00:00Z;9,974216;0;3
1982-08-24 11:00:00Z;7,715975;0;3
1982-08-25 11:00:00Z;6,453053;0;3
1982-08-26 11:00:00Z;7,03366;0;3
1982-08-27 11:00:00Z;12,32836;0;3
1982-08-28 11:00:00Z;8,250649;0;3
1982-08-29 11:00:00Z;8,805161;0;3
1982-08-30 11:00:00Z;7,03366;0;3
1982-08-31 11:00:00Z;6,265721;0;3
1982-09-01 11:00:00Z;10,1769;0;3
1982-09-02 11:00:00Z;9,974216;0;3
1982-09-03 11:00:00Z;6,453053;0;3
1982-09-04 11:00:00Z;4,877141;0;3
1982-09-05 11:00:00Z;4,106911;0;3
1982-09-06 11:00:00Z;3,96171;0;3
1982-09-07 11:00:00Z;3,54357;0;3
1982-09-08 11:00:00Z;3,409969;0;3
1982-09-09 11:00:00Z;4,106911;0;3
1982-09-10 11:00:00Z;3,96171;0;3
1982-09-11 11:00:00Z;8,805161;0;3
1982-09-12 11:00:00Z;37,11706;0;3
1982-09-13 11:00:00Z;15,21373;0;3
1982-09-14 11:00:00Z;9,185919;0;3
1982-09-15 11:00:00Z;17,05256;0;3
1982-09-16 11:00:00Z;33,91349;0;3
1982-09-17 11:00:00Z;21,08083;0;3
1982-09-18 11:00:00Z;18,72132;0;3
1982-09-19 11:00:00Z;11,0102;0;3
1982-09-20 11:00:00Z;7,715975;0;3
1982-09-21 11:00:00Z;6,643479;0;3
1982-09-22 11:00:00Z;7,892004;0;3
1982-09-23 11:00:00Z;8,618112;0;3
1982-09-24 11:00:00Z;7,200998;0;3
1982-09-25 11:00:00Z;5,547119;0;3
1982-09-26 11:00:00Z;4,717158;0;3
1982-09-27 11:00:00Z;5,722183;0;3
1982-09-28 11:00:00Z;8,805161;0;3
1982-09-29 11:00:00Z;6,837012;0;3
1982-09-30 11:00:00Z;5,722183;0;3
1982-10-01 11:00:00Z;6,265721;0;3
1982-10-02 11:00:00Z;6,643479;0;3
1982-10-03 11:00:00Z;5,722183;0;3
1982-10-04 11:00:00Z;5,722183;0;3
1982-10-05 11:00:00Z;4,877141;0;3
1982-10-06 11:00:00Z;4,406121;0;3
1982-10-07 11:00:00Z;5,040117;0;3
1982-10-08 11:00:00Z;4,255044;0;3
1982-10-09 11:00:00Z;3,279235;0;3
1982-10-10 11:00:00Z;2,126575;0;3
1982-10-11 11:00:00Z;2,668103;0;3
1982-10-12 11:00:00Z;2,2294;0;3
1982-10-13 11:00:00Z;1,834298;0;3
1982-10-14 11:00:00Z;1,565981;0;3
1982-10-15 11:00:00Z;1,321178;0;3
1982-10-16 11:00:00Z;1,170806;0;3
1982-10-17 11:00:00Z;1,099414;0;3
1982-10-18 11:00:00Z;0,9641246;0;3
1982-10-19 11:00:00Z;0,9001881;0;3
1982-10-20 11:00:00Z;0,838697;0;3
1982-10-21 11:00:00Z;0,838697;0;3
1982-10-22 11:00:00Z;0,9001881;0;3
1982-10-23 11:00:00Z;1,030527;0;3
1982-10-24 11:00:00Z;1,030527;0;3
1982-10-25 11:00:00Z;1,030527;0;3
1982-10-26 11:00:00Z;1,170806;0;3
1982-10-27 11:00:00Z;1,321178;0;3
1982-10-28 11:00:00Z;2,443241;0;3
1982-10-29 11:00:00Z;4,877141;0;3
1982-10-30 11:00:00Z;9,185919;0;3
1982-10-31 11:00:00Z;7,542134;0;3
1982-11-01 11:00:00Z;4,877141;0;3
1982-11-02 11:00:00Z;4,717158;0;3
1982-11-03 11:00:00Z;3,680052;0;3
1982-11-04 11:00:00Z;3,279235;0;3
1982-11-05 11:00:00Z;3,151356;0;3
1982-11-06 11:00:00Z;3,54357;0;3
1982-11-07 11:00:00Z;3,279235;0;3
1982-11-08 11:00:00Z;2,784704;0;3
1982-11-09 11:00:00Z;2,668103;0;3
1982-11-10 11:00:00Z;2,668103;0;3
1982-11-11 11:00:00Z;3,409969;0;3
1982-11-12 11:00:00Z;2,904104;0;3
1982-11-13 11:00:00Z;2,784704;0;3
1982-11-14 11:00:00Z;2,784704;0;3
1982-11-15 11:00:00Z;2,668103;0;3
1982-11-16 11:00:00Z;2,668103;0;3
1982-11-17 11:00:00Z;2,554287;0;3
1982-11-18 11:00:00Z;2,554287;0;3
1982-11-19 11:00:00Z;2,554287;0;3
1982-11-20 11:00:00Z;2,443241;0;3
1982-11-21 11:00:00Z;2,443241;0;3
1982-11-22 11:00:00Z;2,443241;0;3
1982-11-23 11:00:00Z;2,443241;0;3
1982-11-24 11:00:00Z;2,33495;0;3
1982-11-25 11:00:00Z;2,33495;0;3
1982-11-26 11:00:00Z;2,33495;0;3
1982-11-27 11:00:00Z;2,33495;0;3
1982-11-28 11:00:00Z;2,33495;0;3
1982-11-29 11:00:00Z;2,2294;0;3
1982-11-30 11:00:00Z;2,2294;0;3
1982-12-01 11:00:00Z;2,2294;0;3
1982-12-02 11:00:00Z;2,443241;0;3
1982-12-03 11:00:00Z;3,151356;0;3
1982-12-04 11:00:00Z;4,406121;0;3
1982-12-05 11:00:00Z;3,96171;0;3
1982-12-06 11:00:00Z;3,409969;0;3
1982-12-07 11:00:00Z;3,026317;0;3
1982-12-08 11:00:00Z;2,784704;0;3
1982-12-09 11:00:00Z;2,554287;0;3
1982-12-10 11:00:00Z;2,443241;0;3
1982-12-11 11:00:00Z;2,33495;0;3
1982-12-12 11:00:00Z;2,2294;0;3
1982-12-13 11:00:00Z;2,126575;0;3
1982-12-14 11:00:00Z;2,126575;0;3
1982-12-15 11:00:00Z;2,02646;0;3
1982-12-16 11:00:00Z;1,929039;0;3
1982-12-17 11:00:00Z;1,929039;0;3
1982-12-18 11:00:00Z;1,834298;0;3
1982-12-19 11:00:00Z;1,742218;0;3
1982-12-20 11:00:00Z;1,652785;0;3
1982-12-21 11:00:00Z;1,565981;0;3
1982-12-22 11:00:00Z;1,481791;0;3
1982-12-23 11:00:00Z;1,400195;0;3
1982-12-24 11:00:00Z;1,321178;0;3
1982-12-25 11:00:00Z;1,321178;0;3
1982-12-26 11:00:00Z;1,244721;0;3
1982-12-27 11:00:00Z;1,244721;0;3
1982-12-28 11:00:00Z;1,170806;0;3
1982-12-29 11:00:00Z;1,170806;0;3
1982-12-30 11:00:00Z;1,099414;0;3
1982-12-31 11:00:00Z;1,099414;0;3
1983-01-01 11:00:00Z;1,099414;0;3
1983-01-02 11:00:00Z;1,030527;0;3
1983-01-03 11:00:00Z;0,9641246;0;3
1983-01-04 11:00:00Z;0,9641246;0;3
1983-01-05 11:00:00Z;0,9001881;0;3
1983-01-06 11:00:00Z;0,9001881;0;3
1983-01-07 11:00:00Z;0,838697;0;3
1983-01-08 11:00:00Z;0,838697;0;3
1983-01-09 11:00:00Z;0,7796305;0;3
1983-01-10 11:00:00Z;0,7796305;0;3
1983-01-11 11:00:00Z;0,7229679;0;3
1983-01-12 11:00:00Z;0,7229679;0;3
1983-01-13 11:00:00Z;0,6686874;0;3
1983-01-14 11:00:00Z;0,6686874;0;3
1983-01-15 11:00:00Z;0,6167667;0;3
1983-01-16 11:00:00Z;0,6167667;0;3
1983-01-17 11:00:00Z;0,5671835;0;3
1983-01-18 11:00:00Z;0,5671835;0;3
1983-01-19 11:00:00Z;0,5199142;0;3
1983-01-20 11:00:00Z;0,5199142;0;3
1983-01-21 11:00:00Z;0,5199142;0;3
1983-01-22 11:00:00Z;0,5199142;0;3
1983-01-23 11:00:00Z;0,4749349;0;3
1983-01-24 11:00:00Z;0,4749349;0;3
1983-01-25 11:00:00Z;0,4749349;0;3
1983-01-26 11:00:00Z;0,4749349;0;3
1983-01-27 11:00:00Z;0,4749349;0;3
1983-01-28 11:00:00Z;0,4322211;0;3
1983-01-29 11:00:00Z;0,4322211;0;3
1983-01-30 11:00:00Z;0,4322211;0;3
1983-01-31 11:00:00Z;0,4322211;0;3
1983-02-01 11:00:00Z;0,4322211;0;3
1983-02-02 11:00:00Z;0,4322211;0;3
1983-02-03 11:00:00Z;0,4322211;0;3
1983-02-04 11:00:00Z;0,3917474;0;3
1983-02-05 11:00:00Z;0,3917474;0;3
1983-02-06 11:00:00Z;0,3917474;0;3
1983-02-07 11:00:00Z;0,3917474;0;3
1983-02-08 11:00:00Z;0,3534874;0;3
1983-02-09 11:00:00Z;0,3534874;0;3
1983-02-10 11:00:00Z;0,3534874;0;3
1983-02-11 11:00:00Z;0,3534874;0;3
1983-02-12 11:00:00Z;0,3534874;0;3
1983-02-13 11:00:00Z;0,3534874;0;3
1983-02-14 11:00:00Z;0,3534874;0;3
1983-02-15 11:00:00Z;0,3534874;0;3
1983-02-16 11:00:00Z;0,3534874;0;3
1983-02-17 11:00:00Z;0,3534874;0;3
1983-02-18 11:00:00Z;0,3534874;0;3
1983-02-19 11:00:00Z;0,3917474;0;3
1983-02-20 11:00:00Z;0,4749349;0;3
1983-02-21 11:00:00Z;0,7796305;0;3
1983-02-22 11:00:00Z;1,244721;0;3
1983-02-23 11:00:00Z;1,929039;0;3
1983-02-24 11:00:00Z;2,784704;0;3
1983-02-25 11:00:00Z;2,126575;0;3
1983-02-26 11:00:00Z;1,652785;0;3
1983-02-27 11:00:00Z;1,244721;0;3
1983-02-28 11:00:00Z;0,9001881;0;3
1983-03-01 11:00:00Z;0,7229679;0;3
1983-03-02 11:00:00Z;0,6686874;0;3
1983-03-03 11:00:00Z;0,6167667;0;3
1983-03-04 11:00:00Z;0,5671835;0;3
1983-03-05 11:00:00Z;0,5199142;0;3
1983-03-06 11:00:00Z;0,4749349;0;3
1983-03-07 11:00:00Z;0,4322211;0;3
1983-03-08 11:00:00Z;0,3917474;0;3
1983-03-09 11:00:00Z;0,3534874;0;3
1983-03-10 11:00:00Z;0,3174143;0;3
1983-03-11 11:00:00Z;0,3174143;0;3
1983-03-12 11:00:00Z;0,3917474;0;3
1983-03-13 11:00:00Z;0,7229679;0;3
1983-03-14 11:00:00Z;1,321178;0;3
1983-03-15 11:00:00Z;0,9641246;0;3
1983-03-16 11:00:00Z;0,7229679;0;3
1983-03-17 11:00:00Z;0,5671835;0;3
1983-03-18 11:00:00Z;0,4749349;0;3
1983-03-19 11:00:00Z;0,3917474;0;3
1983-03-20 11:00:00Z;0,3174143;0;3
1983-03-21 11:00:00Z;0,2835001;0;3
1983-03-22 11:00:00Z;0,2517157;0;3
1983-03-23 11:00:00Z;0,2517157;0;3
1983-03-24 11:00:00Z;0,2517157;0;3
1983-03-25 11:00:00Z;0,2220311;0;3
1983-03-26 11:00:00Z;0,2220311;0;3
1983-03-27 11:00:00Z;0,2220311;0;3
1983-03-28 11:00:00Z;0,2220311;0;3
1983-03-29 11:00:00Z;0,1944152;0;3
1983-03-30 11:00:00Z;0,1944152;0;3
1983-03-31 11:00:00Z;0,1944152;0;3
1983-04-01 11:00:00Z;0,1944152;0;3
1983-04-02 11:00:00Z;0,1944152;0;3
1983-04-03 11:00:00Z;0,1944152;0;3
1983-04-04 11:00:00Z;0,1944152;0;3
1983-04-05 11:00:00Z;0,1944152;0;3
1983-04-06 11:00:00Z;0,1944152;0;3
1983-04-07 11:00:00Z;0,1944152;0;3
1983-04-08 11:00:00Z;0,1944152;0;3
1983-04-09 11:00:00Z;0,1944152;0;3
1983-04-10 11:00:00Z;0,1944152;0;3
1983-04-11 11:00:00Z;0,1944152;0;3
1983-04-12 11:00:00Z;0,1944152;0;3
1983-04-13 11:00:00Z;0,1944152;0;3
1983-04-14 11:00:00Z;0,1944152;0;3
1983-04-15 11:00:00Z;0,2517157;0;3
1983-04-16 11:00:00Z;0,3534874;0;3
1983-04-17 11:00:00Z;0,4749349;0;3
1983-04-18 11:00:00Z;2,126575;0;3
1983-04-19 11:00:00Z;3,96171;0;3
1983-04-20 11:00:00Z;3,279235;0;3
1983-04-21 11:00:00Z;4,717158;0;3
1983-04-22 11:00:00Z;5,375094;0;3
1983-04-23 11:00:00Z;7,200998;0;3
1983-04-24 11:00:00Z;9,185919;0;3
1983-04-25 11:00:00Z;9,185919;0;3
1983-04-26 11:00:00Z;8,994428;0;3
1983-04-27 11:00:00Z;8,250649;0;3
1983-04-28 11:00:00Z;6,837012;0;3
1983-04-29 11:00:00Z;7,03366;0;3
1983-04-30 11:00:00Z;8,433275;0;3
1983-05-01 11:00:00Z;8,618112;0;3
1983-05-02 11:00:00Z;8,433275;0;3
1983-05-03 11:00:00Z;7,542134;0;3
1983-05-04 11:00:00Z;6,643479;0;3
1983-05-05 11:00:00Z;6,081473;0;3
1983-05-06 11:00:00Z;5,900297;0;3
1983-05-07 11:00:00Z;6,643479;0;3
1983-05-08 11:00:00Z;9,773783;0;3
1983-05-09 11:00:00Z;14,46097;0;3
1983-05-10 11:00:00Z;20,77743;0;3
1983-05-11 11:00:00Z;29,09928;0;3
1983-05-12 11:00:00Z;31,38419;0;3
1983-05-13 11:00:00Z;37,11706;0;3
1983-05-14 11:00:00Z;33,39753;0;3
1983-05-15 11:00:00Z;31,38419;0;3
1983-05-16 11:00:00Z;37,66916;0;3
1983-05-17 11:00:00Z;37,11706;0;3
1983-05-18 11:00:00Z;41,09278;0;3
1983-05-19 11:00:00Z;51,18268;0;3
1983-05-20 11:00:00Z;49,18174;0;3
1983-05-21 11:00:00Z;48,52613;0;3
1983-05-22 11:00:00Z;42,87697;0;3
1983-05-23 11:00:00Z;61,97269;0;3
1983-05-24 11:00:00Z;53,2352;0;3
1983-05-25 11:00:00Z;38,78912;0;3
1983-05-26 11:00:00Z;27,66366;0;3
1983-05-27 11:00:00Z;25,92532;0;3
1983-05-28 11:00:00Z;31,87999;0;3
1983-05-29 11:00:00Z;33,39753;0;3
1983-05-30 11:00:00Z;34,96073;0;3
1983-05-31 11:00:00Z;36,57019;0;3
1983-06-01 11:00:00Z;32,88664;0;3
1983-06-02 11:00:00Z;29,09928;0;3
1983-06-03 11:00:00Z;24,24902;0;3
1983-06-04 11:00:00Z;18,43722;0;3
1983-06-05 11:00:00Z;13,72923;0;3
1983-06-06 11:00:00Z;13,01839;0;3
1983-06-07 11:00:00Z;17,59927;0;3
1983-06-08 11:00:00Z;23,59578;0;3
1983-06-09 11:00:00Z;24,24902;0;3
1983-06-10 11:00:00Z;29,9266;0;3
1983-06-11 11:00:00Z;25,58511;0;3
1983-06-12 11:00:00Z;23,59578;0;3
1983-06-13 11:00:00Z;27,66366;0;3
1983-06-14 11:00:00Z;28,37646;0;3
1983-06-15 11:00:00Z;30,89337;0;3
1983-06-16 11:00:00Z;34,96073;0;3
1983-06-17 11:00:00Z;27,31101;0;3
1983-06-18 11:00:00Z;22,31875;0;3
1983-06-19 11:00:00Z;23,59578;0;3
1983-06-20 11:00:00Z;19,88176;0;3
1983-06-21 11:00:00Z;13,48996;0;3
1983-06-22 11:00:00Z;10,79848;0;3
1983-06-23 11:00:00Z;11,22419;0;3
1983-06-24 11:00:00Z;15,46935;0;3
1983-06-25 11:00:00Z;16,25031;0;3
1983-06-26 11:00:00Z;16,51536;0;3
1983-06-27 11:00:00Z;26,26801;0;3
1983-06-28 11:00:00Z;28,37646;0;3
1983-06-29 11:00:00Z;27,66366;0;3
1983-06-30 11:00:00Z;29,9266;0;3
1983-07-01 11:00:00Z;39,35704;0;3
1983-07-02 11:00:00Z;36,02852;0;3
1983-07-03 11:00:00Z;39,35704;0;3
1983-07-04 11:00:00Z;36,02852;0;3
1983-07-05 11:00:00Z;24,24902;0;3
1983-07-06 11:00:00Z;19,29672;0;3
1983-07-07 11:00:00Z;22,63434;0;3
1983-07-08 11:00:00Z;28,01881;0;3
1983-07-09 11:00:00Z;28,73661;0;3
1983-07-10 11:00:00Z;33,39753;0;3
1983-07-11 11:00:00Z;22,31875;0;3
1983-07-12 11:00:00Z;13,97081;0;3
1983-07-13 11:00:00Z;11,87983;0;3
1983-07-14 11:00:00Z;9,575592;0;3
1983-07-15 11:00:00Z;8,994428;0;3
1983-07-16 11:00:00Z;10,79848;0;3
1983-07-17 11:00:00Z;10,79848;0;3
1983-07-18 11:00:00Z;8,070228;0;3
1983-07-19 11:00:00Z;10,1769;0;3
1983-07-20 11:00:00Z;32,3808;0;3
1983-07-21 11:00:00Z;26,96085;0;3
1983-07-22 11:00:00Z;13,01839;0;3
1983-07-23 11:00:00Z;11,0102;0;3
1983-07-24 11:00:00Z;10,58902;0;3
1983-07-25 11:00:00Z;8,250649;0;3
1983-07-26 11:00:00Z;8,070228;0;3
1983-07-27 11:00:00Z;7,892004;0;3
1983-07-28 11:00:00Z;13,25302;0;3
1983-07-29 11:00:00Z;14,96047;0;3
1983-07-30 11:00:00Z;9,773783;0;3
1983-07-31 11:00:00Z;7,542134;0;3
1983-08-01 11:00:00Z;6,643479;0;3
1983-08-02 11:00:00Z;19,58804;0;3
1983-08-03 11:00:00Z;19,29672;0;3
1983-08-04 11:00:00Z;12,32836;0;3
1983-08-05 11:00:00Z;8,994428;0;3
1983-08-06 11:00:00Z;7,892004;0;3
1983-08-07 11:00:00Z;6,837012;0;3
1983-08-08 11:00:00Z;6,643479;0;3
1983-08-09 11:00:00Z;8,618112;0;3
1983-08-10 11:00:00Z;8,994428;0;3
1983-08-11 11:00:00Z;11,0102;0;3
1983-08-12 11:00:00Z;7,715975;0;3
1983-08-13 11:00:00Z;6,265721;0;3
1983-08-14 11:00:00Z;6,265721;0;3
1983-08-15 11:00:00Z;6,081473;0;3
1983-08-16 11:00:00Z;7,542134;0;3
1983-08-17 11:00:00Z;6,837012;0;3
1983-08-18 11:00:00Z;5,900297;0;3
1983-08-19 11:00:00Z;5,040117;0;3
1983-08-20 11:00:00Z;4,560154;0;3
1983-08-21 11:00:00Z;4,560154;0;3
1983-08-22 11:00:00Z;6,643479;0;3
1983-08-23 11:00:00Z;9,185919;0;3
1983-08-24 11:00:00Z;9,974216;0;3
1983-08-25 11:00:00Z;9,974216;0;3
1983-08-26 11:00:00Z;12,55607;0;3
1983-08-27 11:00:00Z;10,38183;0;3
1983-08-28 11:00:00Z;53,93093;0;3
1983-08-29 11:00:00Z;31,38419;0;3
1983-08-30 11:00:00Z;26,26801;0;3
1983-08-31 11:00:00Z;29,09928;0;3
1983-09-01 11:00:00Z;17,32473;0;3
1983-09-02 11:00:00Z;13,48996;0;3
1983-09-03 11:00:00Z;10,58902;0;3
1983-09-04 11:00:00Z;9,379639;0;3
1983-09-05 11:00:00Z;9,575592;0;3
1983-09-06 11:00:00Z;12,32836;0;3
1983-09-07 11:00:00Z;12,32836;0;3
1983-09-08 11:00:00Z;13,01839;0;3
1983-09-09 11:00:00Z;9,379639;0;3
1983-09-10 11:00:00Z;15,72731;0;3
1983-09-11 11:00:00Z;9,773783;0;3
1983-09-12 11:00:00Z;7,715975;0;3
1983-09-13 11:00:00Z;6,643479;0;3
1983-09-14 11:00:00Z;5,722183;0;3
1983-09-15 11:00:00Z;5,722183;0;3
1983-09-16 11:00:00Z;5,375094;0;3
1983-09-17 11:00:00Z;6,453053;0;3
1983-09-18 11:00:00Z;14,46097;0;3
1983-09-19 11:00:00Z;16,25031;0;3
1983-09-20 11:00:00Z;11,87983;0;3
1983-09-21 11:00:00Z;8,805161;0;3
1983-09-22 11:00:00Z;7,542134;0;3
1983-09-23 11:00:00Z;6,453053;0;3
1983-09-24 11:00:00Z;7,370477;0;3
1983-09-25 11:00:00Z;7,03366;0;3
1983-09-26 11:00:00Z;15,21373;0;3
1983-09-27 11:00:00Z;10,58902;0;3
1983-09-28 11:00:00Z;8,618112;0;3
1983-09-29 11:00:00Z;7,715975;0;3
1983-09-30 11:00:00Z;7,200998;0;3
1983-10-01 11:00:00Z;6,453053;0;3
1983-10-02 11:00:00Z;5,722183;0;3
1983-10-03 11:00:00Z;5,206098;0;3
1983-10-04 11:00:00Z;4,255044;0;3
1983-10-05 11:00:00Z;5,040117;0;3
1983-10-06 11:00:00Z;4,560154;0;3
1983-10-07 11:00:00Z;6,453053;0;3
1983-10-08 11:00:00Z;6,081473;0;3
1983-10-09 11:00:00Z;4,877141;0;3
1983-10-10 11:00:00Z;4,406121;0;3
1983-10-11 11:00:00Z;3,409969;0;3
1983-10-12 11:00:00Z;3,819428;0;3
1983-10-13 11:00:00Z;3,409969;0;3
1983-10-14 11:00:00Z;3,151356;0;3
1983-10-15 11:00:00Z;3,409969;0;3
1983-10-16 11:00:00Z;5,040117;0;3
1983-10-17 11:00:00Z;14,96047;0;3
1983-10-18 11:00:00Z;15,46935;0;3
1983-10-19 11:00:00Z;11,0102;0;3
1983-10-20 11:00:00Z;8,070228;0;3
1983-10-21 11:00:00Z;7,542134;0;3
1983-10-22 11:00:00Z;5,547119;0;3
1983-10-23 11:00:00Z;13,01839;0;3
1983-10-24 11:00:00Z;9,379639;0;3
1983-10-25 11:00:00Z;7,370477;0;3
1983-10-26 11:00:00Z;6,453053;0;3
1983-10-27 11:00:00Z;5,900297;0;3
1983-10-28 11:00:00Z;5,547119;0;3
1983-10-29 11:00:00Z;5,206098;0;3
1983-10-30 11:00:00Z;5,547119;0;3
1983-10-31 11:00:00Z;5,040117;0;3
1983-11-01 11:00:00Z;4,406121;0;3
1983-11-02 11:00:00Z;3,96171;0;3
1983-11-03 11:00:00Z;3,409969;0;3
1983-11-04 11:00:00Z;3,279235;0;3
1983-11-05 11:00:00Z;3,54357;0;3
1983-11-06 11:00:00Z;3,151356;0;3
1983-11-07 11:00:00Z;7,03366;0;3
1983-11-08 11:00:00Z;42,87697;0;3
1983-11-09 11:00:00Z;32,3808;0;3
1983-11-10 11:00:00Z;19,88176;0;3
1983-11-11 11:00:00Z;13,48996;0;3
1983-11-12 11:00:00Z;9,773783;0;3
1983-11-13 11:00:00Z;8,618112;0;3
1983-11-14 11:00:00Z;9,575592;0;3
1983-11-15 11:00:00Z;8,433275;0;3
1983-11-16 11:00:00Z;7,542134;0;3
1983-11-17 11:00:00Z;6,453053;0;3
1983-11-18 11:00:00Z;5,375094;0;3
1983-11-19 11:00:00Z;4,406121;0;3
1983-11-20 11:00:00Z;3,54357;0;3
1983-11-21 11:00:00Z;3,409969;0;3
1983-11-22 11:00:00Z;3,151356;0;3
1983-11-23 11:00:00Z;3,026317;0;3
1983-11-24 11:00:00Z;2,784704;0;3
1983-11-25 11:00:00Z;2,668103;0;3
1983-11-26 11:00:00Z;2,554287;0;3
1983-11-27 11:00:00Z;2,33495;0;3
1983-11-28 11:00:00Z;2,2294;0;3
1983-11-29 11:00:00Z;2,02646;0;3
1983-11-30 11:00:00Z;1,929039;0;3
1983-12-01 11:00:00Z;1,834298;0;3
1983-12-02 11:00:00Z;1,742218;0;3
1983-12-03 11:00:00Z;13,48996;0;3
1983-12-04 11:00:00Z;18,72132;0;3
1983-12-05 11:00:00Z;11,22419;0;3
1983-12-06 11:00:00Z;8,250649;0;3
1983-12-07 11:00:00Z;6,453053;0;3
1983-12-08 11:00:00Z;5,547119;0;3
1983-12-09 11:00:00Z;4,877141;0;3
1983-12-10 11:00:00Z;4,406121;0;3
1983-12-11 11:00:00Z;3,96171;0;3
1983-12-12 11:00:00Z;3,54357;0;3
1983-12-13 11:00:00Z;3,026317;0;3
1983-12-14 11:00:00Z;2,668103;0;3
1983-12-15 11:00:00Z;3,96171;0;3
1983-12-16 11:00:00Z;4,877141;0;3
1983-12-17 11:00:00Z;4,106911;0;3
1983-12-18 11:00:00Z;3,54357;0;3
1983-12-19 11:00:00Z;3,026317;0;3
1983-12-20 11:00:00Z;2,668103;0;3
1983-12-21 11:00:00Z;2,554287;0;3
1983-12-22 11:00:00Z;2,33495;0;3
1983-12-23 11:00:00Z;2,2294;0;3
1983-12-24 11:00:00Z;2,02646;0;3
1983-12-25 11:00:00Z;1,929039;0;3
1983-12-26 11:00:00Z;1,742218;0;3
1983-12-27 11:00:00Z;1,652785;0;3
1983-12-28 11:00:00Z;1,481791;0;3
1983-12-29 11:00:00Z;1,400195;0;3
1983-12-30 11:00:00Z;1,244721;0;3
1983-12-31 11:00:00Z;1,170806;0;3
1984-01-01 11:00:00Z;1,099414;0;3
1984-01-02 11:00:00Z;1,099414;0;3
1984-01-03 11:00:00Z;1,030527;0;3
1984-01-04 11:00:00Z;1,030527;0;3
1984-01-05 11:00:00Z;1,030527;0;3
1984-01-06 11:00:00Z;0,9641246;0;3
1984-01-07 11:00:00Z;0,9641246;0;3
1984-01-08 11:00:00Z;0,9641246;0;3
1984-01-09 11:00:00Z;0,9001881;0;3
1984-01-10 11:00:00Z;0,9001881;0;3
1984-01-11 11:00:00Z;0,9001881;0;3
1984-01-12 11:00:00Z;0,838697;0;3
1984-01-13 11:00:00Z;0,838697;0;3
1984-01-14 11:00:00Z;0,838697;0;3
1984-01-15 11:00:00Z;0,838697;0;3
1984-01-16 11:00:00Z;0,7796305;0;3
1984-01-17 11:00:00Z;0,7796305;0;3
1984-01-18 11:00:00Z;0,7796305;0;3
1984-01-19 11:00:00Z;0,7229679;0;3
1984-01-20 11:00:00Z;0,7229679;0;3
1984-01-21 11:00:00Z;0,7229679;0;3
1984-01-22 11:00:00Z;0,7229679;0;3
1984-01-23 11:00:00Z;0,7229679;0;3
1984-01-24 11:00:00Z;0,6686874;0;3
1984-01-25 11:00:00Z;0,6686874;0;3
1984-01-26 11:00:00Z;0,6686874;0;3
1984-01-27 11:00:00Z;0,6686874;0;3
1984-01-28 11:00:00Z;0,6686874;0;3
1984-01-29 11:00:00Z;0,6686874;0;3
1984-01-30 11:00:00Z;0,6167667;0;3
1984-01-31 11:00:00Z;0,6167667;0;3
1984-02-01 11:00:00Z;0,6167667;0;3
1984-02-02 11:00:00Z;0,6167667;0;3
1984-02-03 11:00:00Z;0,6167667;0;3
1984-02-04 11:00:00Z;0,6167667;0;3
1984-02-05 11:00:00Z;0,6167667;0;3
1984-02-06 11:00:00Z;0,6167667;0;3
1984-02-07 11:00:00Z;0,5671835;0;3
1984-02-08 11:00:00Z;0,5671835;0;3
1984-02-09 11:00:00Z;0,5671835;0;3
1984-02-10 11:00:00Z;0,5671835;0;3
1984-02-11 11:00:00Z;0,5671835;0;3
1984-02-12 11:00:00Z;0,9001881;0;3
1984-02-13 11:00:00Z;1,652785;0;3
1984-02-14 11:00:00Z;2,668103;0;3
1984-02-15 11:00:00Z;2,126575;0;3
1984-02-16 11:00:00Z;1,652785;0;3
1984-02-17 11:00:00Z;1,321178;0;3
1984-02-18 11:00:00Z;1,030527;0;3
1984-02-19 11:00:00Z;0,838697;0;3
1984-02-20 11:00:00Z;0,6686874;0;3
1984-02-21 11:00:00Z;0,6686874;0;3
1984-02-22 11:00:00Z;0,6167667;0;3
1984-02-23 11:00:00Z;0,6167667;0;3
1984-02-24 11:00:00Z;0,6167667;0;3
1984-02-25 11:00:00Z;0,5671835;0;3
1984-02-26 11:00:00Z;0,5671835;0;3
1984-02-27 11:00:00Z;0,838697;0;3
1984-02-28 11:00:00Z;1,321178;0;3
1984-02-29 11:00:00Z;1,170806;0;3
1984-03-01 11:00:00Z;1,030527;0;3
1984-03-02 11:00:00Z;0,9001881;0;3
1984-03-03 11:00:00Z;0,838697;0;3
1984-03-04 11:00:00Z;0,7796305;0;3
1984-03-05 11:00:00Z;0,7796305;0;3
1984-03-06 11:00:00Z;0,7229679;0;3
1984-03-07 11:00:00Z;0,6686874;0;3
1984-03-08 11:00:00Z;0,6167667;0;3
1984-03-09 11:00:00Z;0,6167667;0;3
1984-03-10 11:00:00Z;0,5671835;0;3
1984-03-11 11:00:00Z;0,5671835;0;3
1984-03-12 11:00:00Z;0,5199142;0;3
1984-03-13 11:00:00Z;0,5199142;0;3
1984-03-14 11:00:00Z;0,5199142;0;3
1984-03-15 11:00:00Z;0,5199142;0;3
1984-03-16 11:00:00Z;0,4749349;0;3
1984-03-17 11:00:00Z;0,4749349;0;3
1984-03-18 11:00:00Z;0,4749349;0;3
1984-03-19 11:00:00Z;0,4322211;0;3
1984-03-20 11:00:00Z;0,4322211;0;3
1984-03-21 11:00:00Z;0,4322211;0;3
1984-03-22 11:00:00Z;0,4322211;0;3
1984-03-23 11:00:00Z;0,4322211;0;3
1984-03-24 11:00:00Z;0,3917474;0;3
1984-03-25 11:00:00Z;0,3917474;0;3
1984-03-26 11:00:00Z;0,3917474;0;3
1984-03-27 11:00:00Z;0,3917474;0;3
1984-03-28 11:00:00Z;0,3917474;0;3
1984-03-29 11:00:00Z;0,3917474;0;3
1984-03-30 11:00:00Z;0,3534874;0;3
1984-03-31 11:00:00Z;0,3534874;0;3
1984-04-01 11:00:00Z;0,3534874;0;3
1984-04-02 11:00:00Z;0,3534874;0;3
1984-04-03 11:00:00Z;0,3534874;0;3
1984-04-04 11:00:00Z;0,3534874;0;3
1984-04-05 11:00:00Z;0,3534874;0;3
1984-04-06 11:00:00Z;0,3534874;0;3
1984-04-07 11:00:00Z;0,3534874;0;3
1984-04-08 11:00:00Z;0,3534874;0;3
1984-04-09 11:00:00Z;0,3534874;0;3
1984-04-10 11:00:00Z;0,3534874;0;3
1984-04-11 11:00:00Z;0,3174143;0;3
1984-04-12 11:00:00Z;0,3174143;0;3
1984-04-13 11:00:00Z;0,3174143;0;3
1984-04-14 11:00:00Z;0,3174143;0;3
1984-04-15 11:00:00Z;0,3174143;0;3
1984-04-16 11:00:00Z;0,3174143;0;3
1984-04-17 11:00:00Z;0,3174143;0;3
1984-04-18 11:00:00Z;0,3174143;0;3
1984-04-19 11:00:00Z;0,3174143;0;3
1984-04-20 11:00:00Z;0,3174143;0;3
1984-04-21 11:00:00Z;0,3917474;0;3
1984-04-22 11:00:00Z;0,9001881;0;3
1984-04-23 11:00:00Z;1,834298;0;3
1984-04-24 11:00:00Z;3,680052;0;3
1984-04-25 11:00:00Z;3,151356;0;3
1984-04-26 11:00:00Z;2,784704;0;3
1984-04-27 11:00:00Z;2,443241;0;3
1984-04-28 11:00:00Z;3,279235;0;3
1984-04-29 11:00:00Z;6,265721;0;3
1984-04-30 11:00:00Z;8,250649;0;3
1984-05-01 11:00:00Z;9,575592;0;3
1984-05-02 11:00:00Z;11,659;0;3
1984-05-03 11:00:00Z;12,55607;0;3
1984-05-04 11:00:00Z;14,96047;0;3
1984-05-05 11:00:00Z;14,21473;0;3
1984-05-06 11:00:00Z;12,55607;0;3
1984-05-07 11:00:00Z;11,22419;0;3
1984-05-08 11:00:00Z;9,974216;0;3
1984-05-09 11:00:00Z;8,618112;0;3
1984-05-10 11:00:00Z;7,370477;0;3
1984-05-11 11:00:00Z;6,453053;0;3
1984-05-12 11:00:00Z;6,081473;0;3
1984-05-13 11:00:00Z;6,453053;0;3
1984-05-14 11:00:00Z;9,379639;0;3
1984-05-15 11:00:00Z;14,46097;0;3
1984-05-16 11:00:00Z;21,38666;0;3
1984-05-17 11:00:00Z;45,33227;0;3
1984-05-18 11:00:00Z;49,18174;0;3
1984-05-19 11:00:00Z;51,18268;0;3
1984-05-20 11:00:00Z;49,84303;0;3
1984-05-21 11:00:00Z;39,35704;0;3
1984-05-22 11:00:00Z;38,22651;0;3
1984-05-23 11:00:00Z;39,93027;0;3
1984-05-24 11:00:00Z;40,50885;0;3
1984-05-25 11:00:00Z;51,86109;0;3
1984-05-26 11:00:00Z;62,73965;0;3
1984-05-27 11:00:00Z;71,58182;0;3
1984-05-28 11:00:00Z;82,09916;0;3
1984-05-29 11:00:00Z;75,85158;0;3
1984-05-30 11:00:00Z;74,98489;0;3
1984-05-31 11:00:00Z;66,66602;0;3
1984-06-01 11:00:00Z;61,97269;0;3
1984-06-02 11:00:00Z;70,74687;0;3
1984-06-03 11:00:00Z;84,87469;0;3
1984-06-04 11:00:00Z;72,42307;0;3
1984-06-05 11:00:00Z;58,96517;0;3
1984-06-06 11:00:00Z;58,96517;0;3
1984-06-07 11:00:00Z;45,33227;0;3
1984-06-08 11:00:00Z;35,49205;0;3
1984-06-09 11:00:00Z;24,91212;0;3
1984-06-10 11:00:00Z;18,15551;0;3
1984-06-11 11:00:00Z;14,21473;0;3
1984-06-12 11:00:00Z;12,55607;0;3
1984-06-13 11:00:00Z;16,78278;0;3
1984-06-14 11:00:00Z;22,63434;0;3
1984-06-15 11:00:00Z;25,58511;0;3
1984-06-16 11:00:00Z;28,01881;0;3
1984-06-17 11:00:00Z;27,31101;0;3
1984-06-18 11:00:00Z;29,09928;0;3
1984-06-19 11:00:00Z;40,50885;0;3
1984-06-20 11:00:00Z;36,57019;0;3
1984-06-21 11:00:00Z;26,61319;0;3
1984-06-22 11:00:00Z;49,84303;0;3
1984-06-23 11:00:00Z;43,48257;0;3
1984-06-24 11:00:00Z;32,88664;0;3
1984-06-25 11:00:00Z;26,96085;0;3
1984-06-26 11:00:00Z;26,61319;0;3
1984-06-27 11:00:00Z;29,09928;0;3
1984-06-28 11:00:00Z;25,58511;0;3
1984-06-29 11:00:00Z;24,24902;0;3
1984-06-30 11:00:00Z;24,57934;0;3
1984-07-01 11:00:00Z;23,27284;0;3
1984-07-02 11:00:00Z;16,25031;0;3
1984-07-03 11:00:00Z;14,96047;0;3
1984-07-04 11:00:00Z;15,46935;0;3
1984-07-05 11:00:00Z;14,21473;0;3
1984-07-06 11:00:00Z;12,55607;0;3
1984-07-07 11:00:00Z;14,21473;0;3
1984-07-08 11:00:00Z;26,96085;0;3
1984-07-09 11:00:00Z;34,96073;0;3
1984-07-10 11:00:00Z;37,11706;0;3
1984-07-11 11:00:00Z;38,22651;0;3
1984-07-12 11:00:00Z;36,02852;0;3
1984-07-13 11:00:00Z;25,24738;0;3
1984-07-14 11:00:00Z;21,69492;0;3
1984-07-15 11:00:00Z;18,72132;0;3
1984-07-16 11:00:00Z;16,25031;0;3
1984-07-17 11:00:00Z;15,21373;0;3
1984-07-18 11:00:00Z;14,46097;0;3
1984-07-19 11:00:00Z;14,46097;0;3
1984-07-20 11:00:00Z;13,48996;0;3
1984-07-21 11:00:00Z;12,78608;0;3
1984-07-22 11:00:00Z;17,05256;0;3
1984-07-23 11:00:00Z;12,78608;0;3
1984-07-24 11:00:00Z;11,22419;0;3
1984-07-25 11:00:00Z;12,10295;0;3
1984-07-26 11:00:00Z;14,46097;0;3
1984-07-27 11:00:00Z;17,8762;0;3
1984-07-28 11:00:00Z;13,25302;0;3
1984-07-29 11:00:00Z;12,10295;0;3
1984-07-30 11:00:00Z;12,78608;0;3
1984-07-31 11:00:00Z;12,55607;0;3
1984-08-01 11:00:00Z;19,00782;0;3
1984-08-02 11:00:00Z;21,69492;0;3
1984-08-03 11:00:00Z;12,32836;0;3
1984-08-04 11:00:00Z;15,46935;0;3
1984-08-05 11:00:00Z;15,98763;0;3
1984-08-06 11:00:00Z;13,97081;0;3
1984-08-07 11:00:00Z;18,15551;0;3
1984-08-08 11:00:00Z;13,01839;0;3
1984-08-09 11:00:00Z;8,805161;0;3
1984-08-10 11:00:00Z;7,370477;0;3
1984-08-11 11:00:00Z;9,773783;0;3
1984-08-12 11:00:00Z;11,22419;0;3
1984-08-13 11:00:00Z;9,575592;0;3
1984-08-14 11:00:00Z;6,643479;0;3
1984-08-15 11:00:00Z;5,722183;0;3
1984-08-16 11:00:00Z;7,370477;0;3
1984-08-17 11:00:00Z;6,837012;0;3
1984-08-18 11:00:00Z;5,375094;0;3
1984-08-19 11:00:00Z;13,72923;0;3
1984-08-20 11:00:00Z;12,78608;0;3
1984-08-21 11:00:00Z;8,433275;0;3
1984-08-22 11:00:00Z;9,575592;0;3
1984-08-23 11:00:00Z;32,88664;0;3
1984-08-24 11:00:00Z;20,77743;0;3
1984-08-25 11:00:00Z;16,25031;0;3
1984-08-26 11:00:00Z;10,58902;0;3
1984-08-27 11:00:00Z;8,618112;0;3
1984-08-28 11:00:00Z;6,837012;0;3
1984-08-29 11:00:00Z;6,081473;0;3
1984-08-30 11:00:00Z;6,643479;0;3
1984-08-31 11:00:00Z;9,379639;0;3
1984-09-01 11:00:00Z;8,433275;0;3
1984-09-02 11:00:00Z;7,370477;0;3
1984-09-03 11:00:00Z;6,643479;0;3
1984-09-04 11:00:00Z;5,206098;0;3
1984-09-05 11:00:00Z;4,717158;0;3
1984-09-06 11:00:00Z;6,837012;0;3
1984-09-07 11:00:00Z;8,433275;0;3
1984-09-08 11:00:00Z;9,974216;0;3
1984-09-09 11:00:00Z;9,185919;0;3
1984-09-10 11:00:00Z;7,715975;0;3
1984-09-11 11:00:00Z;8,618112;0;3
1984-09-12 11:00:00Z;9,773783;0;3
1984-09-13 11:00:00Z;8,805161;0;3
1984-09-14 11:00:00Z;8,250649;0;3
1984-09-15 11:00:00Z;6,453053;0;3
1984-09-16 11:00:00Z;5,547119;0;3
1984-09-17 11:00:00Z;4,717158;0;3
1984-09-18 11:00:00Z;4,255044;0;3
1984-09-19 11:00:00Z;3,819428;0;3
1984-09-20 11:00:00Z;3,54357;0;3
1984-09-21 11:00:00Z;3,026317;0;3
1984-09-22 11:00:00Z;2,784704;0;3
1984-09-23 11:00:00Z;2,668103;0;3
1984-09-24 11:00:00Z;2,443241;0;3
1984-09-25 11:00:00Z;2,33495;0;3
1984-09-26 11:00:00Z;2,33495;0;3
1984-09-27 11:00:00Z;2,02646;0;3
1984-09-28 11:00:00Z;1,652785;0;3
1984-09-29 11:00:00Z;1,929039;0;3
1984-09-30 11:00:00Z;1,481791;0;3
1984-10-01 11:00:00Z;1,652785;0;3
1984-10-02 11:00:00Z;1,565981;0;3
1984-10-03 11:00:00Z;5,547119;0;3
1984-10-04 11:00:00Z;6,837012;0;3
1984-10-05 11:00:00Z;5,722183;0;3
1984-10-06 11:00:00Z;5,375094;0;3
1984-10-07 11:00:00Z;12,78608;0;3
1984-10-08 11:00:00Z;8,070228;0;3
1984-10-09 11:00:00Z;7,200998;0;3
1984-10-10 11:00:00Z;6,643479;0;3
1984-10-11 11:00:00Z;5,206098;0;3
1984-10-12 11:00:00Z;5,375094;0;3
1984-10-13 11:00:00Z;4,106911;0;3
1984-10-14 11:00:00Z;3,54357;0;3
1984-10-15 11:00:00Z;3,409969;0;3
1984-10-16 11:00:00Z;3,026317;0;3
1984-10-17 11:00:00Z;5,206098;0;3
1984-10-18 11:00:00Z;4,717158;0;3
1984-10-19 11:00:00Z;3,279235;0;3
1984-10-20 11:00:00Z;3,279235;0;3
1984-10-21 11:00:00Z;2,904104;0;3
1984-10-22 11:00:00Z;2,784704;0;3
1984-10-23 11:00:00Z;2,668103;0;3
1984-10-24 11:00:00Z;2,668103;0;3
1984-10-25 11:00:00Z;2,554287;0;3
1984-10-26 11:00:00Z;2,443241;0;3
1984-10-27 11:00:00Z;2,33495;0;3
1984-10-28 11:00:00Z;2,33495;0;3
1984-10-29 11:00:00Z;2,2294;0;3
1984-10-30 11:00:00Z;3,680052;0;3
1984-10-31 11:00:00Z;5,900297;0;3
1984-11-01 11:00:00Z;5,375094;0;3
1984-11-02 11:00:00Z;13,72923;0;3
1984-11-03 11:00:00Z;12,10295;0;3
1984-11-04 11:00:00Z;7,200998;0;3
1984-11-05 11:00:00Z;5,900297;0;3
1984-11-06 11:00:00Z;4,877141;0;3
1984-11-07 11:00:00Z;4,406121;0;3
1984-11-08 11:00:00Z;4,106911;0;3
1984-11-09 11:00:00Z;3,819428;0;3
1984-11-10 11:00:00Z;3,54357;0;3
1984-11-11 11:00:00Z;3,279235;0;3
1984-11-12 11:00:00Z;3,026317;0;3
1984-11-13 11:00:00Z;2,784704;0;3
1984-11-14 11:00:00Z;2,554287;0;3
1984-11-15 11:00:00Z;2,443241;0;3
1984-11-16 11:00:00Z;2,2294;0;3
1984-11-17 11:00:00Z;2,02646;0;3
1984-11-18 11:00:00Z;1,929039;0;3
1984-11-19 11:00:00Z;1,834298;0;3
1984-11-20 11:00:00Z;1,742218;0;3
1984-11-21 11:00:00Z;1,565981;0;3
1984-11-22 11:00:00Z;1,400195;0;3
1984-11-23 11:00:00Z;1,321178;0;3
1984-11-24 11:00:00Z;1,244721;0;3
1984-11-25 11:00:00Z;1,170806;0;3
1984-11-26 11:00:00Z;1,099414;0;3
1984-11-27 11:00:00Z;1,030527;0;3
1984-11-28 11:00:00Z;0,9641246;0;3
1984-11-29 11:00:00Z;0,9001881;0;3
1984-11-30 11:00:00Z;0,838697;0;3
1984-12-01 11:00:00Z;0,7796305;0;3
1984-12-02 11:00:00Z;0,6686874;0;3
1984-12-03 11:00:00Z;0,6167667;0;3
1984-12-04 11:00:00Z;0,6167667;0;3
1984-12-05 11:00:00Z;0,6167667;0;3
1984-12-06 11:00:00Z;0,6167667;0;3
1984-12-07 11:00:00Z;0,6167667;0;3
1984-12-08 11:00:00Z;1,030527;0;3
1984-12-09 11:00:00Z;2,02646;0;3
1984-12-10 11:00:00Z;1,400195;0;3
1984-12-11 11:00:00Z;1,030527;0;3
1984-12-12 11:00:00Z;0,9641246;0;3
1984-12-13 11:00:00Z;0,838697;0;3
1984-12-14 11:00:00Z;0,838697;0;3
1984-12-15 11:00:00Z;0,7796305;0;3
1984-12-16 11:00:00Z;0,7229679;0;3
1984-12-17 11:00:00Z;0,6686874;0;3
1984-12-18 11:00:00Z;0,6686874;0;3
1984-12-19 11:00:00Z;0,6686874;0;3
1984-12-20 11:00:00Z;0,6686874;0;3
1984-12-21 11:00:00Z;0,6686874;0;3
1984-12-22 11:00:00Z;0,6167667;0;3
1984-12-23 11:00:00Z;0,6167667;0;3
1984-12-24 11:00:00Z;0,6167667;0;3
1984-12-25 11:00:00Z;0,5671835;0;3
1984-12-26 11:00:00Z;0,5671835;0;3
1984-12-27 11:00:00Z;0,5199142;0;3
1984-12-28 11:00:00Z;0,4749349;0;3
1984-12-29 11:00:00Z;0,4322211;0;3
1984-12-30 11:00:00Z;0,3917474;0;3
1984-12-31 11:00:00Z;0,3534874;0;3
1985-01-01 11:00:00Z;0,3174143;0;3
1985-01-02 11:00:00Z;0,2835001;0;3
1985-01-03 11:00:00Z;0,2835001;0;3
1985-01-04 11:00:00Z;0,2517157;0;3
1985-01-05 11:00:00Z;0,2517157;0;3
1985-01-06 11:00:00Z;0,2517157;0;3
1985-01-07 11:00:00Z;0,2517157;0;3
1985-01-08 11:00:00Z;0,2220311;0;3
1985-01-09 11:00:00Z;0,2220311;0;3
1985-01-10 11:00:00Z;0,2220311;0;3
1985-01-11 11:00:00Z;0,2220311;0;3
1985-01-12 11:00:00Z;0,1944152;0;3
1985-01-13 11:00:00Z;0,1944152;0;3
1985-01-14 11:00:00Z;0,1944152;0;3
1985-01-15 11:00:00Z;0,1944152;0;3
1985-01-16 11:00:00Z;0,2835001;0;3
1985-01-17 11:00:00Z;0,3917474;0;3
1985-01-18 11:00:00Z;0,5671835;0;3
1985-01-19 11:00:00Z;0,4322211;0;3
1985-01-20 11:00:00Z;0,3534874;0;3
1985-01-21 11:00:00Z;0,3174143;0;3
1985-01-22 11:00:00Z;0,2835001;0;3
1985-01-23 11:00:00Z;0,2835001;0;3
1985-01-24 11:00:00Z;0,2517157;0;3
1985-01-25 11:00:00Z;0,2517157;0;3
1985-01-26 11:00:00Z;0,2517157;0;3
1985-01-27 11:00:00Z;0,2517157;0;3
1985-01-28 11:00:00Z;0,2220311;0;3
1985-01-29 11:00:00Z;0,2220311;0;3
1985-01-30 11:00:00Z;0,2220311;0;3
1985-01-31 11:00:00Z;0,2220311;0;3
1985-02-01 11:00:00Z;0,2220311;0;3
1985-02-02 11:00:00Z;0,2220311;0;3
1985-02-03 11:00:00Z;0,1944152;0;3
1985-02-04 11:00:00Z;0,1944152;0;3
1985-02-05 11:00:00Z;0,1944152;0;3
1985-02-06 11:00:00Z;0,1688351;0;3
1985-02-07 11:00:00Z;0,1688351;0;3
1985-02-08 11:00:00Z;0,1688351;0;3
1985-02-09 11:00:00Z;0,1452569;0;3
1985-02-10 11:00:00Z;0,1452569;0;3
1985-02-11 11:00:00Z;0,1452569;0;3
1985-02-12 11:00:00Z;0,1452569;0;3
1985-02-13 11:00:00Z;0,1236449;0;3
1985-02-14 11:00:00Z;0,1236449;0;3
1985-02-15 11:00:00Z;0,1236449;0;3
1985-02-16 11:00:00Z;0,1236449;0;3
1985-02-17 11:00:00Z;0,1236449;0;3
1985-02-18 11:00:00Z;0,1039617;0;3
1985-02-19 11:00:00Z;0,1039617;0;3
1985-02-20 11:00:00Z;0,1039617;0;3
1985-02-21 11:00:00Z;0,1039617;0;3
1985-02-22 11:00:00Z;0,1039617;0;3
1985-02-23 11:00:00Z;0,08616744;0;3
1985-02-24 11:00:00Z;0,08616744;0;3
1985-02-25 11:00:00Z;0,08616744;0;3
1985-02-26 11:00:00Z;0,08616744;0;3
1985-02-27 11:00:00Z;0,0702204;0;3
1985-02-28 11:00:00Z;0,0702204;0;3
1985-03-01 11:00:00Z;0,0702204;0;3
1985-03-02 11:00:00Z;0,0702204;0;3
1985-03-03 11:00:00Z;0,05607582;0;3
1985-03-04 11:00:00Z;0,05607582;0;3
1985-03-05 11:00:00Z;0,05607582;0;3
1985-03-06 11:00:00Z;0,05607582;0;3
1985-03-07 11:00:00Z;0,04368579;0;3
1985-03-08 11:00:00Z;0,04368579;0;3
1985-03-09 11:00:00Z;0,04368579;0;3
1985-03-10 11:00:00Z;0,04368579;0;3
1985-03-11 11:00:00Z;0,03299872;0;3
1985-03-12 11:00:00Z;0,03299872;0;3
1985-03-13 11:00:00Z;0,03299872;0;3
1985-03-14 11:00:00Z;0,03299872;0;3
1985-03-15 11:00:00Z;0,0239583;0;3
1985-03-16 11:00:00Z;0,0239583;0;3
1985-03-17 11:00:00Z;0,0239583;0;3
1985-03-18 11:00:00Z;0,0239583;0;3
1985-03-19 11:00:00Z;0,01650257;0;3
1985-03-20 11:00:00Z;0,01650257;0;3
1985-03-21 11:00:00Z;0,01650257;0;3
1985-03-22 11:00:00Z;0,01650257;0;3
1985-03-23 11:00:00Z;0,01650257;0;3
1985-03-24 11:00:00Z;0,01650257;0;3
1985-03-25 11:00:00Z;0,01650257;0;3
1985-03-26 11:00:00Z;0,01650257;0;3
1985-03-27 11:00:00Z;0,01650257;0;3
1985-03-28 11:00:00Z;0,01650257;0;3
1985-03-29 11:00:00Z;0,01650257;0;3
1985-03-30 11:00:00Z;0,01650257;0;3
1985-03-31 11:00:00Z;0,01650257;0;3
1985-04-01 11:00:00Z;0,01650257;0;3
1985-04-02 11:00:00Z;0,01056224;0;3
1985-04-03 11:00:00Z;0,01056224;0;3
1985-04-04 11:00:00Z;0,01056224;0;3
1985-04-05 11:00:00Z;0,01056224;0;3
1985-04-06 11:00:00Z;0,01056224;0;3
1985-04-07 11:00:00Z;0,01056224;0;3
1985-04-08 11:00:00Z;0,01056224;0;3
1985-04-09 11:00:00Z;0,01056224;0;3
1985-04-10 11:00:00Z;0,01056224;0;3
1985-04-11 11:00:00Z;0,01056224;0;3
1985-04-12 11:00:00Z;0,01056224;0;3
1985-04-13 11:00:00Z;0,01056224;0;3
1985-04-14 11:00:00Z;0,01056224;0;3
1985-04-15 11:00:00Z;0,01056224;0;3
1985-04-16 11:00:00Z;0,01056224;0;3
1985-04-17 11:00:00Z;0,01056224;0;3
1985-04-18 11:00:00Z;0,01056224;0;3
1985-04-19 11:00:00Z;0,01056224;0;3
1985-04-20 11:00:00Z;0,01056224;0;3
1985-04-21 11:00:00Z;0,01056224;0;3
1985-04-22 11:00:00Z;0,01056224;0;3
1985-04-23 11:00:00Z;0,006058231;0;3
1985-04-24 11:00:00Z;0,006058231;0;3
1985-04-25 11:00:00Z;0,006058231;0;3
1985-04-26 11:00:00Z;0,006058231;0;3
1985-04-27 11:00:00Z;0,006058231;0;3
1985-04-28 11:00:00Z;0,006058231;0;3
1985-04-29 11:00:00Z;0,006058231;0;3
1985-04-30 11:00:00Z;0,006058231;0;3
1985-05-01 11:00:00Z;0,006058231;0;3
1985-05-02 11:00:00Z;0,006058231;0;3
1985-05-03 11:00:00Z;0,006058231;0;3
1985-05-04 11:00:00Z;0,04368579;0;3
1985-05-05 11:00:00Z;0,1944152;0;3
1985-05-06 11:00:00Z;0,5671835;0;3
1985-05-07 11:00:00Z;1,481791;0;3
1985-05-08 11:00:00Z;2,668103;0;3
1985-05-09 11:00:00Z;3,409969;0;3
1985-05-10 11:00:00Z;4,106911;0;3
1985-05-11 11:00:00Z;4,560154;0;3
1985-05-12 11:00:00Z;5,375094;0;3
1985-05-13 11:00:00Z;5,900297;0;3
1985-05-14 11:00:00Z;6,643479;0;3
1985-05-15 11:00:00Z;5,722183;0;3
1985-05-16 11:00:00Z;4,717158;0;3
1985-05-17 11:00:00Z;4,255044;0;3
1985-05-18 11:00:00Z;4,255044;0;3
1985-05-19 11:00:00Z;4,877141;0;3
1985-05-20 11:00:00Z;5,722183;0;3
1985-05-21 11:00:00Z;6,265721;0;3
1985-05-22 11:00:00Z;4,877141;0;3
1985-05-23 11:00:00Z;4,106911;0;3
1985-05-24 11:00:00Z;3,54357;0;3
1985-05-25 11:00:00Z;3,279235;0;3
1985-05-26 11:00:00Z;3,279235;0;3
1985-05-27 11:00:00Z;4,877141;0;3
1985-05-28 11:00:00Z;15,98763;0;3
1985-05-29 11:00:00Z;37,11706;0;3
1985-05-30 11:00:00Z;36,57019;0;3
1985-05-31 11:00:00Z;33,39753;0;3
1985-06-01 11:00:00Z;36,02852;0;3
1985-06-02 11:00:00Z;44,71019;0;3
1985-06-03 11:00:00Z;27,66366;0;3
1985-06-04 11:00:00Z;19,88176;0;3
1985-06-05 11:00:00Z;17,8762;0;3
1985-06-06 11:00:00Z;14,46097;0;3
1985-06-07 11:00:00Z;15,98763;0;3
1985-06-08 11:00:00Z;18,15551;0;3
1985-06-09 11:00:00Z;19,29672;0;3
1985-06-10 11:00:00Z;24,57934;0;3
1985-06-11 11:00:00Z;31,87999;0;3
1985-06-12 11:00:00Z;32,88664;0;3
1985-06-13 11:00:00Z;32,88664;0;3
1985-06-14 11:00:00Z;36,57019;0;3
1985-06-15 11:00:00Z;40,50885;0;3
1985-06-16 11:00:00Z;42,87697;0;3
1985-06-17 11:00:00Z;36,02852;0;3
1985-06-18 11:00:00Z;28,01881;0;3
1985-06-19 11:00:00Z;28,01881;0;3
1985-06-20 11:00:00Z;35,49205;0;3
1985-06-21 11:00:00Z;42,87697;0;3
1985-06-22 11:00:00Z;45,95989;0;3
1985-06-23 11:00:00Z;45,95989;0;3
1985-06-24 11:00:00Z;35,49205;0;3
1985-06-25 11:00:00Z;29,9266;0;3
1985-06-26 11:00:00Z;30,40752;0;3
1985-06-27 11:00:00Z;34,43455;0;3
1985-06-28 11:00:00Z;37,11706;0;3
1985-06-29 11:00:00Z;31,87999;0;3
1985-06-30 11:00:00Z;23,27284;0;3
1985-07-01 11:00:00Z;18,72132;0;3
1985-07-02 11:00:00Z;14,21473;0;3
1985-07-03 11:00:00Z;12,32836;0;3
1985-07-04 11:00:00Z;15,21373;0;3
1985-07-05 11:00:00Z;13,72923;0;3
1985-07-06 11:00:00Z;11,659;0;3
1985-07-07 11:00:00Z;12,32836;0;3
1985-07-08 11:00:00Z;15,98763;0;3
1985-07-09 11:00:00Z;10,58902;0;3
1985-07-10 11:00:00Z;9,379639;0;3
1985-07-11 11:00:00Z;9,379639;0;3
1985-07-12 11:00:00Z;10,58902;0;3
1985-07-13 11:00:00Z;12,10295;0;3
1985-07-14 11:00:00Z;13,48996;0;3
1985-07-15 11:00:00Z;7,542134;0;3
1985-07-16 11:00:00Z;15,46935;0;3
1985-07-17 11:00:00Z;9,575592;0;3
1985-07-18 11:00:00Z;6,643479;0;3
1985-07-19 11:00:00Z;7,370477;0;3
1985-07-20 11:00:00Z;8,433275;0;3
1985-07-21 11:00:00Z;11,0102;0;3
1985-07-22 11:00:00Z;12,32836;0;3
1985-07-23 11:00:00Z;22,63434;0;3
1985-07-24 11:00:00Z;10,79848;0;3
1985-07-25 11:00:00Z;7,370477;0;3
1985-07-26 11:00:00Z;6,081473;0;3
1985-07-27 11:00:00Z;5,375094;0;3
1985-07-28 11:00:00Z;4,717158;0;3
1985-07-29 11:00:00Z;4,255044;0;3
1985-07-30 11:00:00Z;4,560154;0;3
1985-07-31 11:00:00Z;4,717158;0;3
1985-08-01 11:00:00Z;4,106911;0;3
1985-08-02 11:00:00Z;3,680052;0;3
1985-08-03 11:00:00Z;3,96171;0;3
1985-08-04 11:00:00Z;3,680052;0;3
1985-08-05 11:00:00Z;4,106911;0;3
1985-08-06 11:00:00Z;4,877141;0;3
1985-08-07 11:00:00Z;3,96171;0;3
1985-08-08 11:00:00Z;7,370477;0;3
1985-08-09 11:00:00Z;6,837012;0;3
1985-08-10 11:00:00Z;7,200998;0;3
1985-08-11 11:00:00Z;5,206098;0;3
1985-08-12 11:00:00Z;9,185919;0;3
1985-08-13 11:00:00Z;10,79848;0;3
1985-08-14 11:00:00Z;8,805161;0;3
1985-08-15 11:00:00Z;8,070228;0;3
1985-08-16 11:00:00Z;6,643479;0;3
1985-08-17 11:00:00Z;5,547119;0;3
1985-08-18 11:00:00Z;5,547119;0;3
1985-08-19 11:00:00Z;5,375094;0;3
1985-08-20 11:00:00Z;4,255044;0;3
1985-08-21 11:00:00Z;3,96171;0;3
1985-08-22 11:00:00Z;4,717158;0;3
1985-08-23 11:00:00Z;5,722183;0;3
1985-08-24 11:00:00Z;4,560154;0;3
1985-08-25 11:00:00Z;3,96171;0;3
1985-08-26 11:00:00Z;4,560154;0;3
1985-08-27 11:00:00Z;5,206098;0;3
1985-08-28 11:00:00Z;5,375094;0;3
1985-08-29 11:00:00Z;8,433275;0;3
1985-08-30 11:00:00Z;22,63434;0;3
1985-08-31 11:00:00Z;12,10295;0;3
1985-09-01 11:00:00Z;7,715975;0;3
1985-09-02 11:00:00Z;6,081473;0;3
1985-09-03 11:00:00Z;5,040117;0;3
1985-09-04 11:00:00Z;5,040117;0;3
1985-09-05 11:00:00Z;9,379639;0;3
1985-09-06 11:00:00Z;8,250649;0;3
1985-09-07 11:00:00Z;5,900297;0;3
1985-09-08 11:00:00Z;8,070228;0;3
1985-09-09 11:00:00Z;11,44045;0;3
1985-09-10 11:00:00Z;11,22419;0;3
1985-09-11 11:00:00Z;8,070228;0;3
1985-09-12 11:00:00Z;7,03366;0;3
1985-09-13 11:00:00Z;5,900297;0;3
1985-09-14 11:00:00Z;5,206098;0;3
1985-09-15 11:00:00Z;7,03366;0;3
1985-09-16 11:00:00Z;6,453053;0;3
1985-09-17 11:00:00Z;6,265721;0;3
1985-09-18 11:00:00Z;6,081473;0;3
1985-09-19 11:00:00Z;5,722183;0;3
1985-09-20 11:00:00Z;7,03366;0;3
1985-09-21 11:00:00Z;19,00782;0;3
1985-09-22 11:00:00Z;19,88176;0;3
1985-09-23 11:00:00Z;12,78608;0;3
1985-09-24 11:00:00Z;10,38183;0;3
1985-09-25 11:00:00Z;8,805161;0;3
1985-09-26 11:00:00Z;7,892004;0;3
1985-09-27 11:00:00Z;8,618112;0;3
1985-09-28 11:00:00Z;10,58902;0;3
1985-09-29 11:00:00Z;7,892004;0;3
1985-09-30 11:00:00Z;7,200998;0;3
1985-10-01 11:00:00Z;20,17789;0;3
1985-10-02 11:00:00Z;20,77743;0;3
1985-10-03 11:00:00Z;13,25302;0;3
1985-10-04 11:00:00Z;22,95237;0;3
1985-10-05 11:00:00Z;28,01881;0;3
1985-10-06 11:00:00Z;35,49205;0;3
1985-10-07 11:00:00Z;24,24902;0;3
1985-10-08 11:00:00Z;27,31101;0;3
1985-10-09 11:00:00Z;14,70955;0;3
1985-10-10 11:00:00Z;9,974216;0;3
1985-10-11 11:00:00Z;7,892004;0;3
1985-10-12 11:00:00Z;6,081473;0;3
1985-10-13 11:00:00Z;4,560154;0;3
1985-10-14 11:00:00Z;6,081473;0;3
1985-10-15 11:00:00Z;21,08083;0;3
1985-10-16 11:00:00Z;36,02852;0;3
1985-10-17 11:00:00Z;10,58902;0;3
1985-10-18 11:00:00Z;12,78608;0;3
1985-10-19 11:00:00Z;17,32473;0;3
1985-10-20 11:00:00Z;36,02852;0;3
1985-10-21 11:00:00Z;18,43722;0;3
1985-10-22 11:00:00Z;20,17789;0;3
1985-10-23 11:00:00Z;46,59306;0;3
1985-10-24 11:00:00Z;45,95989;0;3
1985-10-25 11:00:00Z;29,09928;0;3
1985-10-26 11:00:00Z;33,91349;0;3
1985-10-27 11:00:00Z;15,98763;0;3
1985-10-28 11:00:00Z;12,32836;0;3
1985-10-29 11:00:00Z;12,55607;0;3
1985-10-30 11:00:00Z;24,24902;0;3
1985-10-31 11:00:00Z;13,01839;0;3
1985-11-01 11:00:00Z;10,58902;0;3
1985-11-02 11:00:00Z;9,575592;0;3
1985-11-03 11:00:00Z;8,805161;0;3
1985-11-04 11:00:00Z;8,618112;0;3
1985-11-05 11:00:00Z;9,575592;0;3
1985-11-06 11:00:00Z;8,994428;0;3
1985-11-07 11:00:00Z;8,250649;0;3
1985-11-08 11:00:00Z;8,070228;0;3
1985-11-09 11:00:00Z;8,618112;0;3
1985-11-10 11:00:00Z;8,805161;0;3
1985-11-11 11:00:00Z;8,250649;0;3
1985-11-12 11:00:00Z;7,542134;0;3
1985-11-13 11:00:00Z;6,453053;0;3
1985-11-14 11:00:00Z;5,722183;0;3
1985-11-15 11:00:00Z;5,040117;0;3
1985-11-16 11:00:00Z;4,560154;0;3
1985-11-17 11:00:00Z;4,106911;0;3
1985-11-18 11:00:00Z;3,680052;0;3
1985-11-19 11:00:00Z;3,409969;0;3
1985-11-20 11:00:00Z;3,151356;0;3
1985-11-21 11:00:00Z;2,904104;0;3
1985-11-22 11:00:00Z;2,668103;0;3
1985-11-23 11:00:00Z;2,554287;0;3
1985-11-24 11:00:00Z;2,443241;0;3
1985-11-25 11:00:00Z;2,33495;0;3
1985-11-26 11:00:00Z;2,2294;0;3
1985-11-27 11:00:00Z;2,126575;0;3
1985-11-28 11:00:00Z;2,126575;0;3
1985-11-29 11:00:00Z;2,02646;0;3
1985-11-30 11:00:00Z;2,02646;0;3
1985-12-01 11:00:00Z;1,929039;0;3
1985-12-02 11:00:00Z;1,929039;0;3
1985-12-03 11:00:00Z;1,834298;0;3
1985-12-04 11:00:00Z;1,834298;0;3
1985-12-05 11:00:00Z;1,742218;0;3
1985-12-06 11:00:00Z;1,742218;0;3
1985-12-07 11:00:00Z;1,652785;0;3
1985-12-08 11:00:00Z;1,565981;0;3
1985-12-09 11:00:00Z;1,565981;0;3
1985-12-10 11:00:00Z;1,481791;0;3
1985-12-11 11:00:00Z;1,481791;0;3
1985-12-12 11:00:00Z;1,400195;0;3
1985-12-13 11:00:00Z;1,400195;0;3
1985-12-14 11:00:00Z;1,321178;0;3
1985-12-15 11:00:00Z;1,321178;0;3
1985-12-16 11:00:00Z;1,244721;0;3
1985-12-17 11:00:00Z;1,244721;0;3
1985-12-18 11:00:00Z;1,244721;0;3
1985-12-19 11:00:00Z;1,170806;0;3
1985-12-20 11:00:00Z;1,170806;0;3
1985-12-21 11:00:00Z;1,170806;0;3
1985-12-22 11:00:00Z;1,170806;0;3
1985-12-23 11:00:00Z;1,099414;0;3
1985-12-24 11:00:00Z;1,099414;0;3
1985-12-25 11:00:00Z;1,099414;0;3
1985-12-26 11:00:00Z;1,099414;0;3
1985-12-27 11:00:00Z;1,099414;0;3
1985-12-28 11:00:00Z;1,099414;0;3
1985-12-29 11:00:00Z;1,030527;0;3
1985-12-30 11:00:00Z;1,030527;0;3
1985-12-31 11:00:00Z;1,030527;0;3
1986-01-01 11:00:00Z;1,030527;0;3
1986-01-02 11:00:00Z;0,9641246;0;3
1986-01-03 11:00:00Z;0,9001881;0;3
1986-01-04 11:00:00Z;0,9001881;0;3
1986-01-05 11:00:00Z;0,9001881;0;3
1986-01-06 11:00:00Z;0,9001881;0;3
1986-01-07 11:00:00Z;0,9001881;0;3
1986-01-08 11:00:00Z;0,838697;0;3
1986-01-09 11:00:00Z;0,838697;0;3
1986-01-10 11:00:00Z;0,838697;0;3
1986-01-11 11:00:00Z;0,838697;0;3
1986-01-12 11:00:00Z;0,838697;0;3
1986-01-13 11:00:00Z;0,7796305;0;3
1986-01-14 11:00:00Z;0,7796305;0;3
1986-01-15 11:00:00Z;0,7229679;0;3
1986-01-16 11:00:00Z;0,7229679;0;3
1986-01-17 11:00:00Z;0,6686874;0;3
1986-01-18 11:00:00Z;0,6686874;0;3
1986-01-19 11:00:00Z;0,6167667;0;3
1986-01-20 11:00:00Z;0,6167667;0;3
1986-01-21 11:00:00Z;0,5671835;0;3
1986-01-22 11:00:00Z;0,5671835;0;3
1986-01-23 11:00:00Z;0,5671835;0;3
1986-01-24 11:00:00Z;0,5671835;0;3
1986-01-25 11:00:00Z;0,5199142;0;3
1986-01-26 11:00:00Z;0,5199142;0;3
1986-01-27 11:00:00Z;0,5199142;0;3
1986-01-28 11:00:00Z;0,4749349;0;3
1986-01-29 11:00:00Z;0,4749349;0;3
1986-01-30 11:00:00Z;0,4322211;0;3
1986-01-31 11:00:00Z;0,4322211;0;3
1986-02-01 11:00:00Z;0,3917474;0;3
1986-02-02 11:00:00Z;0,3534874;0;3
1986-02-03 11:00:00Z;0,3534874;0;3
1986-02-04 11:00:00Z;0,3534874;0;3
1986-02-05 11:00:00Z;0,3534874;0;3
1986-02-06 11:00:00Z;0,3534874;0;3
1986-02-07 11:00:00Z;0,3534874;0;3
1986-02-08 11:00:00Z;0,3534874;0;3
1986-02-09 11:00:00Z;0,3534874;0;3
1986-02-10 11:00:00Z;0,3534874;0;3
1986-02-11 11:00:00Z;0,3174143;0;3
1986-02-12 11:00:00Z;0,3174143;0;3
1986-02-13 11:00:00Z;0,3174143;0;3
1986-02-14 11:00:00Z;0,3174143;0;3
1986-02-15 11:00:00Z;0,3174143;0;3
1986-02-16 11:00:00Z;0,3174143;0;3
1986-02-17 11:00:00Z;0,3174143;0;3
1986-02-18 11:00:00Z;0,3174143;0;3
1986-02-19 11:00:00Z;0,3174143;0;3
1986-02-20 11:00:00Z;0,3174143;0;3
1986-02-21 11:00:00Z;0,3174143;0;3
1986-02-22 11:00:00Z;0,3174143;0;3
1986-02-23 11:00:00Z;0,3174143;0;3
1986-02-24 11:00:00Z;0,3174143;0;3
1986-02-25 11:00:00Z;0,3174143;0;3
1986-02-26 11:00:00Z;0,3174143;0;3
1986-02-27 11:00:00Z;0,3174143;0;3
1986-02-28 11:00:00Z;0,3174143;0;3
1986-03-01 11:00:00Z;0,3174143;0;3
1986-03-02 11:00:00Z;0,3174143;0;3
1986-03-03 11:00:00Z;0,3174143;0;3
1986-03-04 11:00:00Z;0,3174143;0;3
1986-03-05 11:00:00Z;0,2835001;0;3
1986-03-06 11:00:00Z;0,2835001;0;3
1986-03-07 11:00:00Z;0,2835001;0;3
1986-03-08 11:00:00Z;0,2835001;0;3
1986-03-09 11:00:00Z;0,2835001;0;3
1986-03-10 11:00:00Z;0,2835001;0;3
1986-03-11 11:00:00Z;0,2835001;0;3
1986-03-12 11:00:00Z;0,2835001;0;3
1986-03-13 11:00:00Z;0,2835001;0;3
1986-03-14 11:00:00Z;0,2517157;0;3
1986-03-15 11:00:00Z;0,2517157;0;3
1986-03-16 11:00:00Z;0,2517157;0;3
1986-03-17 11:00:00Z;0,2517157;0;3
1986-03-18 11:00:00Z;0,2220311;0;3
1986-03-19 11:00:00Z;0,2220311;0;3
1986-03-20 11:00:00Z;0,2220311;0;3
1986-03-21 11:00:00Z;0,2220311;0;3
1986-03-22 11:00:00Z;0,2220311;0;3
1986-03-23 11:00:00Z;0,1944152;0;3
1986-03-24 11:00:00Z;0,1944152;0;3
1986-03-25 11:00:00Z;0,1944152;0;3
1986-03-26 11:00:00Z;0,1944152;0;3
1986-03-27 11:00:00Z;0,1688351;0;3
1986-03-28 11:00:00Z;0,1688351;0;3
1986-03-29 11:00:00Z;0,1688351;0;3
1986-03-30 11:00:00Z;0,1688351;0;3
1986-03-31 11:00:00Z;0,1452569;0;3
1986-04-01 11:00:00Z;0,1452569;0;3
1986-04-02 11:00:00Z;0,1452569;0;3
1986-04-03 11:00:00Z;0,1452569;0;3
1986-04-04 11:00:00Z;0,1236449;0;3
1986-04-05 11:00:00Z;0,1236449;0;3
1986-04-06 11:00:00Z;0,1236449;0;3
1986-04-07 11:00:00Z;0,1236449;0;3
1986-04-08 11:00:00Z;0,1236449;0;3
1986-04-09 11:00:00Z;0,1236449;0;3
1986-04-10 11:00:00Z;0,1236449;0;3
1986-04-11 11:00:00Z;0,1236449;0;3
1986-04-12 11:00:00Z;0,1236449;0;3
1986-04-13 11:00:00Z;0,1236449;0;3
1986-04-14 11:00:00Z;0,1236449;0;3
1986-04-15 11:00:00Z;0,1236449;0;3
1986-04-16 11:00:00Z;0,1236449;0;3
1986-04-17 11:00:00Z;0,1236449;0;3
1986-04-18 11:00:00Z;0,1236449;0;3
1986-04-19 11:00:00Z;0,1236449;0;3
1986-04-20 11:00:00Z;0,1236449;0;3
1986-04-21 11:00:00Z;0,1236449;0;3
1986-04-22 11:00:00Z;0,1236449;0;3
1986-04-23 11:00:00Z;0,1236449;0;3
1986-04-24 11:00:00Z;0,1236449;0;3
1986-04-25 11:00:00Z;0,1452569;0;3
1986-04-26 11:00:00Z;0,2517157;0;3
1986-04-27 11:00:00Z;0,3917474;0;3
1986-04-28 11:00:00Z;0,5671835;0;3
1986-04-29 11:00:00Z;1,099414;0;3
1986-04-30 11:00:00Z;2,668103;0;3
1986-05-01 11:00:00Z;7,370477;0;3
1986-05-02 11:00:00Z;12,10295;0;3
1986-05-03 11:00:00Z;15,98763;0;3
1986-05-04 11:00:00Z;18,72132;0;3
1986-05-05 11:00:00Z;19,00782;0;3
1986-05-06 11:00:00Z;19,88176;0;3
1986-05-07 11:00:00Z;16,51536;0;3
1986-05-08 11:00:00Z;19,29672;0;3
1986-05-09 11:00:00Z;25,24738;0;3
1986-05-10 11:00:00Z;36,02852;0;3
1986-05-11 11:00:00Z;34,96073;0;3
1986-05-12 11:00:00Z;44,71019;0;3
1986-05-13 11:00:00Z;45,95989;0;3
1986-05-14 11:00:00Z;44,09363;0;3
1986-05-15 11:00:00Z;37,66916;0;3
1986-05-16 11:00:00Z;32,88664;0;3
1986-05-17 11:00:00Z;33,91349;0;3
1986-05-18 11:00:00Z;30,89337;0;3
1986-05-19 11:00:00Z;26,61319;0;3
1986-05-20 11:00:00Z;29,09928;0;3
1986-05-21 11:00:00Z;38,78912;0;3
1986-05-22 11:00:00Z;65,07708;0;3
1986-05-23 11:00:00Z;60,45691;0;3
1986-05-24 11:00:00Z;40,50885;0;3
1986-05-25 11:00:00Z;33,91349;0;3
1986-05-26 11:00:00Z;32,88664;0;3
1986-05-27 11:00:00Z;37,11706;0;3
1986-05-28 11:00:00Z;28,73661;0;3
1986-05-29 11:00:00Z;25,24738;0;3
1986-05-30 11:00:00Z;26,96085;0;3
1986-05-31 11:00:00Z;23,59578;0;3
1986-06-01 11:00:00Z;23,27284;0;3
1986-06-02 11:00:00Z;29,09928;0;3
1986-06-03 11:00:00Z;39,93027;0;3
1986-06-04 11:00:00Z;53,93093;0;3
1986-06-05 11:00:00Z;53,2352;0;3
1986-06-06 11:00:00Z;53,93093;0;3
1986-06-07 11:00:00Z;50,51;0;3
1986-06-08 11:00:00Z;47,23181;0;3
1986-06-09 11:00:00Z;52,54525;0;3
1986-06-10 11:00:00Z;41,6821;0;3
1986-06-11 11:00:00Z;42,87697;0;3
1986-06-12 11:00:00Z;49,84303;0;3
1986-06-13 11:00:00Z;39,93027;0;3
1986-06-14 11:00:00Z;26,61319;0;3
1986-06-15 11:00:00Z;24,91212;0;3
1986-06-16 11:00:00Z;20,47645;0;3
1986-06-17 11:00:00Z;29,46446;0;3
1986-06-18 11:00:00Z;30,40752;0;3
1986-06-19 11:00:00Z;24,24902;0;3
1986-06-20 11:00:00Z;15,98763;0;3
1986-06-21 11:00:00Z;13,48996;0;3
1986-06-22 11:00:00Z;13,97081;0;3
1986-06-23 11:00:00Z;11,0102;0;3
1986-06-24 11:00:00Z;11,659;0;3
1986-06-25 11:00:00Z;15,72731;0;3
1986-06-26 11:00:00Z;14,96047;0;3
1986-06-27 11:00:00Z;15,46935;0;3
1986-06-28 11:00:00Z;12,32836;0;3
1986-06-29 11:00:00Z;10,1769;0;3
1986-06-30 11:00:00Z;13,01839;0;3
1986-07-01 11:00:00Z;11,87983;0;3
1986-07-02 11:00:00Z;9,185919;0;3
1986-07-03 11:00:00Z;7,03366;0;3
1986-07-04 11:00:00Z;6,453053;0;3
1986-07-05 11:00:00Z;10,38183;0;3
1986-07-06 11:00:00Z;13,72923;0;3
1986-07-07 11:00:00Z;12,78608;0;3
1986-07-08 11:00:00Z;9,379639;0;3
1986-07-09 11:00:00Z;13,48996;0;3
1986-07-10 11:00:00Z;10,79848;0;3
1986-07-11 11:00:00Z;7,892004;0;3
1986-07-12 11:00:00Z;7,03366;0;3
1986-07-13 11:00:00Z;8,433275;0;3
1986-07-14 11:00:00Z;8,070228;0;3
1986-07-15 11:00:00Z;7,370477;0;3
1986-07-16 11:00:00Z;8,070228;0;3
1986-07-17 11:00:00Z;7,542134;0;3
1986-07-18 11:00:00Z;9,185919;0;3
1986-07-19 11:00:00Z;8,805161;0;3
1986-07-20 11:00:00Z;5,547119;0;3
1986-07-21 11:00:00Z;4,106911;0;3
1986-07-22 11:00:00Z;4,106911;0;3
1986-07-23 11:00:00Z;4,560154;0;3
1986-07-24 11:00:00Z;4,717158;0;3
1986-07-25 11:00:00Z;6,643479;0;3
1986-07-26 11:00:00Z;8,618112;0;3
1986-07-27 11:00:00Z;5,722183;0;3
1986-07-28 11:00:00Z;4,877141;0;3
1986-07-29 11:00:00Z;4,255044;0;3
1986-07-30 11:00:00Z;4,255044;0;3
1986-07-31 11:00:00Z;5,722183;0;3
1986-08-01 11:00:00Z;3,819428;0;3
1986-08-02 11:00:00Z;5,547119;0;3
1986-08-03 11:00:00Z;4,406121;0;3
1986-08-04 11:00:00Z;3,680052;0;3
1986-08-05 11:00:00Z;3,819428;0;3
1986-08-06 11:00:00Z;4,106911;0;3
1986-08-07 11:00:00Z;3,54357;0;3
1986-08-08 11:00:00Z;2,904104;0;3
1986-08-09 11:00:00Z;2,443241;0;3
1986-08-10 11:00:00Z;2,2294;0;3
1986-08-11 11:00:00Z;2,126575;0;3
1986-08-12 11:00:00Z;2,126575;0;3
1986-08-13 11:00:00Z;2,02646;0;3
1986-08-14 11:00:00Z;1,929039;0;3
1986-08-15 11:00:00Z;1,742218;0;3
1986-08-16 11:00:00Z;1,652785;0;3
1986-08-17 11:00:00Z;1,481791;0;3
1986-08-18 11:00:00Z;1,481791;0;3
1986-08-19 11:00:00Z;1,652785;0;3
1986-08-20 11:00:00Z;1,929039;0;3
1986-08-21 11:00:00Z;1,834298;0;3
1986-08-22 11:00:00Z;1,565981;0;3
1986-08-23 11:00:00Z;1,481791;0;3
1986-08-24 11:00:00Z;1,400195;0;3
1986-08-25 11:00:00Z;1,244721;0;3
1986-08-26 11:00:00Z;1,170806;0;3
1986-08-27 11:00:00Z;1,099414;0;3
1986-08-28 11:00:00Z;0,9641246;0;3
1986-08-29 11:00:00Z;0,9001881;0;3
1986-08-30 11:00:00Z;0,838697;0;3
1986-08-31 11:00:00Z;0,838697;0;3
1986-09-01 11:00:00Z;0,838697;0;3
1986-09-02 11:00:00Z;0,838697;0;3
1986-09-03 11:00:00Z;0,838697;0;3
1986-09-04 11:00:00Z;0,838697;0;3
1986-09-05 11:00:00Z;0,838697;0;3
1986-09-06 11:00:00Z;0,7796305;0;3
1986-09-07 11:00:00Z;0,7796305;0;3
1986-09-08 11:00:00Z;0,838697;0;3
1986-09-09 11:00:00Z;1,099414;0;3
1986-09-10 11:00:00Z;1,321178;0;3
1986-09-11 11:00:00Z;1,321178;0;3
1986-09-12 11:00:00Z;1,170806;0;3
1986-09-13 11:00:00Z;1,170806;0;3
1986-09-14 11:00:00Z;1,099414;0;3
1986-09-15 11:00:00Z;1,099414;0;3
1986-09-16 11:00:00Z;1,099414;0;3
1986-09-17 11:00:00Z;1,099414;0;3
1986-09-18 11:00:00Z;1,030527;0;3
1986-09-19 11:00:00Z;1,929039;0;3
1986-09-20 11:00:00Z;2,904104;0;3
1986-09-21 11:00:00Z;2,668103;0;3
1986-09-22 11:00:00Z;2,554287;0;3
1986-09-23 11:00:00Z;2,33495;0;3
1986-09-24 11:00:00Z;1,834298;0;3
1986-09-25 11:00:00Z;1,742218;0;3
1986-09-26 11:00:00Z;1,481791;0;3
1986-09-27 11:00:00Z;2,126575;0;3
1986-09-28 11:00:00Z;1,742218;0;3
1986-09-29 11:00:00Z;7,200998;0;3
1986-09-30 11:00:00Z;9,974216;0;3
1986-10-01 11:00:00Z;11,659;0;3
1986-10-02 11:00:00Z;13,72923;0;3
1986-10-03 11:00:00Z;8,805161;0;3
1986-10-04 11:00:00Z;7,200998;0;3
1986-10-05 11:00:00Z;4,877141;0;3
1986-10-06 11:00:00Z;3,96171;0;3
1986-10-07 11:00:00Z;5,206098;0;3
1986-10-08 11:00:00Z;4,255044;0;3
1986-10-09 11:00:00Z;3,279235;0;3
1986-10-10 11:00:00Z;4,255044;0;3
1986-10-11 11:00:00Z;6,081473;0;3
1986-10-12 11:00:00Z;18,72132;0;3
1986-10-13 11:00:00Z;50,51;0;3
1986-10-14 11:00:00Z;32,3808;0;3
1986-10-15 11:00:00Z;31,38419;0;3
1986-10-16 11:00:00Z;24,24902;0;3
1986-10-17 11:00:00Z;12,55607;0;3
1986-10-18 11:00:00Z;14,21473;0;3
1986-10-19 11:00:00Z;13,97081;0;3
1986-10-20 11:00:00Z;15,98763;0;3
1986-10-21 11:00:00Z;11,0102;0;3
1986-10-22 11:00:00Z;7,542134;0;3
1986-10-23 11:00:00Z;6,837012;0;3
1986-10-24 11:00:00Z;5,547119;0;3
1986-10-25 11:00:00Z;4,717158;0;3
1986-10-26 11:00:00Z;4,106911;0;3
1986-10-27 11:00:00Z;4,255044;0;3
1986-10-28 11:00:00Z;4,255044;0;3
1986-10-29 11:00:00Z;8,250649;0;3
1986-10-30 11:00:00Z;9,185919;0;3
1986-10-31 11:00:00Z;6,837012;0;3
1986-11-01 11:00:00Z;6,265721;0;3
1986-11-02 11:00:00Z;4,717158;0;3
1986-11-03 11:00:00Z;4,255044;0;3
1986-11-04 11:00:00Z;3,96171;0;3
1986-11-05 11:00:00Z;3,680052;0;3
1986-11-06 11:00:00Z;3,54357;0;3
1986-11-07 11:00:00Z;3,279235;0;3
1986-11-08 11:00:00Z;3,151356;0;3
1986-11-09 11:00:00Z;2,904104;0;3
1986-11-10 11:00:00Z;2,784704;0;3
1986-11-11 11:00:00Z;2,668103;0;3
1986-11-12 11:00:00Z;2,554287;0;3
1986-11-13 11:00:00Z;2,443241;0;3
1986-11-14 11:00:00Z;2,33495;0;3
1986-11-15 11:00:00Z;2,2294;0;3
1986-11-16 11:00:00Z;2,126575;0;3
1986-11-17 11:00:00Z;2,126575;0;3
1986-11-18 11:00:00Z;2,02646;0;3
1986-11-19 11:00:00Z;2,02646;0;3
1986-11-20 11:00:00Z;1,929039;0;3
1986-11-21 11:00:00Z;1,929039;0;3
1986-11-22 11:00:00Z;1,834298;0;3
1986-11-23 11:00:00Z;1,742218;0;3
1986-11-24 11:00:00Z;1,742218;0;3
1986-11-25 11:00:00Z;1,652785;0;3
1986-11-26 11:00:00Z;1,652785;0;3
1986-11-27 11:00:00Z;1,565981;0;3
1986-11-28 11:00:00Z;1,929039;0;3
1986-11-29 11:00:00Z;2,443241;0;3
1986-11-30 11:00:00Z;2,02646;0;3
1986-12-01 11:00:00Z;1,929039;0;3
1986-12-02 11:00:00Z;1,834298;0;3
1986-12-03 11:00:00Z;1,834298;0;3
1986-12-04 11:00:00Z;1,742218;0;3
1986-12-05 11:00:00Z;1,742218;0;3
1986-12-06 11:00:00Z;1,652785;0;3
1986-12-07 11:00:00Z;1,652785;0;3
1986-12-08 11:00:00Z;1,565981;0;3
1986-12-09 11:00:00Z;1,565981;0;3
1986-12-10 11:00:00Z;1,481791;0;3
1986-12-11 11:00:00Z;1,481791;0;3
1986-12-12 11:00:00Z;1,400195;0;3
1986-12-13 11:00:00Z;1,400195;0;3
1986-12-14 11:00:00Z;1,321178;0;3
1986-12-15 11:00:00Z;1,321178;0;3
1986-12-16 11:00:00Z;1,321178;0;3
1986-12-17 11:00:00Z;1,321178;0;3
1986-12-18 11:00:00Z;1,244721;0;3
1986-12-19 11:00:00Z;1,244721;0;3
1986-12-20 11:00:00Z;1,244721;0;3
1986-12-21 11:00:00Z;1,244721;0;3
1986-12-22 11:00:00Z;1,170806;0;3
1986-12-23 11:00:00Z;1,170806;0;3
1986-12-24 11:00:00Z;1,170806;0;3
1986-12-25 11:00:00Z;1,170806;0;3
1986-12-26 11:00:00Z;1,099414;0;3
1986-12-27 11:00:00Z;1,099414;0;3
1986-12-28 11:00:00Z;1,099414;0;3
1986-12-29 11:00:00Z;1,099414;0;3
1986-12-30 11:00:00Z;1,030527;0;3
1986-12-31 11:00:00Z;1,030527;0;3
1987-01-01 11:00:00Z;1,030527;0;3
1987-01-02 11:00:00Z;1,030527;0;3
1987-01-03 11:00:00Z;0,9641246;0;3
1987-01-04 11:00:00Z;0,9641246;0;3
1987-01-05 11:00:00Z;0,9641246;0;3
1987-01-06 11:00:00Z;0,9641246;0;3
1987-01-07 11:00:00Z;0,9001881;0;3
1987-01-08 11:00:00Z;0,9001881;0;3
1987-01-09 11:00:00Z;0,9001881;0;3
1987-01-10 11:00:00Z;0,838697;0;3
1987-01-11 11:00:00Z;0,838697;0;3
1987-01-12 11:00:00Z;0,838697;0;3
1987-01-13 11:00:00Z;0,838697;0;3
1987-01-14 11:00:00Z;0,7796305;0;3
1987-01-15 11:00:00Z;0,7796305;0;3
1987-01-16 11:00:00Z;0,7796305;0;3
1987-01-17 11:00:00Z;0,7229679;0;3
1987-01-18 11:00:00Z;0,7229679;0;3
1987-01-19 11:00:00Z;0,7229679;0;3
1987-01-20 11:00:00Z;0,7229679;0;3
1987-01-21 11:00:00Z;0,6686874;0;3
1987-01-22 11:00:00Z;0,6686874;0;3
1987-01-23 11:00:00Z;0,6686874;0;3
1987-01-24 11:00:00Z;0,6167667;0;3
1987-01-25 11:00:00Z;0,6167667;0;3
1987-01-26 11:00:00Z;0,6167667;0;3
1987-01-27 11:00:00Z;0,6167667;0;3
1987-01-28 11:00:00Z;0,5671835;0;3
1987-01-29 11:00:00Z;0,5671835;0;3
1987-01-30 11:00:00Z;0,6167667;0;3
1987-01-31 11:00:00Z;0,6686874;0;3
1987-02-01 11:00:00Z;0,838697;0;3
1987-02-02 11:00:00Z;1,170806;0;3
1987-02-03 11:00:00Z;1,099414;0;3
1987-02-04 11:00:00Z;0,9641246;0;3
1987-02-05 11:00:00Z;0,9001881;0;3
1987-02-06 11:00:00Z;0,838697;0;3
1987-02-07 11:00:00Z;0,7796305;0;3
1987-02-08 11:00:00Z;0,6686874;0;3
1987-02-09 11:00:00Z;0,6167667;0;3
1987-02-10 11:00:00Z;0,5671835;0;3
1987-02-11 11:00:00Z;0,5671835;0;3
1987-02-12 11:00:00Z;0,5199142;0;3
1987-02-13 11:00:00Z;0,5199142;0;3
1987-02-14 11:00:00Z;0,4749349;0;3
1987-02-15 11:00:00Z;0,4749349;0;3
1987-02-16 11:00:00Z;0,4322211;0;3
1987-02-17 11:00:00Z;0,4322211;0;3
1987-02-18 11:00:00Z;0,3917474;0;3
1987-02-19 11:00:00Z;0,3917474;0;3
1987-02-20 11:00:00Z;0,3534874;0;3
1987-02-21 11:00:00Z;0,3534874;0;3
1987-02-22 11:00:00Z;0,3174143;0;3
1987-02-23 11:00:00Z;0,3174143;0;3
1987-02-24 11:00:00Z;0,2835001;0;3
1987-02-25 11:00:00Z;0,2835001;0;3
1987-02-26 11:00:00Z;0,2517157;0;3
1987-02-27 11:00:00Z;0,2517157;0;3
1987-02-28 11:00:00Z;0,2220311;0;3
1987-03-01 11:00:00Z;0,2220311;0;3
1987-03-02 11:00:00Z;0,2220311;0;3
1987-03-03 11:00:00Z;0,1944152;0;3
1987-03-04 11:00:00Z;0,1944152;0;3
1987-03-05 11:00:00Z;0,1944152;0;3
1987-03-06 11:00:00Z;0,1944152;0;3
1987-03-07 11:00:00Z;0,1688351;0;3
1987-03-08 11:00:00Z;0,1688351;0;3
1987-03-09 11:00:00Z;0,1688351;0;3
1987-03-10 11:00:00Z;0,1688351;0;3
1987-03-11 11:00:00Z;0,1452569;0;3
1987-03-12 11:00:00Z;0,1452569;0;3
1987-03-13 11:00:00Z;0,1452569;0;3
1987-03-14 11:00:00Z;0,1452569;0;3
1987-03-15 11:00:00Z;0,1236449;0;3
1987-03-16 11:00:00Z;0,1236449;0;3
1987-03-17 11:00:00Z;0,1236449;0;3
1987-03-18 11:00:00Z;0,1236449;0;3
1987-03-19 11:00:00Z;0,1039617;0;3
1987-03-20 11:00:00Z;0,1039617;0;3
1987-03-21 11:00:00Z;0,1039617;0;3
1987-03-22 11:00:00Z;0,1039617;0;3
1987-03-23 11:00:00Z;0,1039617;0;3
1987-03-24 11:00:00Z;0,1039617;0;3
1987-03-25 11:00:00Z;0,1039617;0;3
1987-03-26 11:00:00Z;0,1039617;0;3
1987-03-27 11:00:00Z;0,1039617;0;3
1987-03-28 11:00:00Z;0,08616744;0;3
1987-03-29 11:00:00Z;0,08616744;0;3
1987-03-30 11:00:00Z;0,08616744;0;3
1987-03-31 11:00:00Z;0,08616744;0;3
1987-04-01 11:00:00Z;0,08616744;0;3
1987-04-02 11:00:00Z;0,08616744;0;3
1987-04-03 11:00:00Z;0,08616744;0;3
1987-04-04 11:00:00Z;0,08616744;0;3
1987-04-05 11:00:00Z;0,08616744;0;3
1987-04-06 11:00:00Z;0,08616744;0;3
1987-04-07 11:00:00Z;0,08616744;0;3
1987-04-08 11:00:00Z;0,08616744;0;3
1987-04-09 11:00:00Z;0,08616744;0;3
1987-04-10 11:00:00Z;0,08616744;0;3
1987-04-11 11:00:00Z;0,08616744;0;3
1987-04-12 11:00:00Z;0,08616744;0;3
1987-04-13 11:00:00Z;0,0702204;0;3
1987-04-14 11:00:00Z;0,0702204;0;3
1987-04-15 11:00:00Z;0,0702204;0;3
1987-04-16 11:00:00Z;0,0702204;0;3
1987-04-17 11:00:00Z;0,0702204;0;3
1987-04-18 11:00:00Z;0,0702204;0;3
1987-04-19 11:00:00Z;0,0702204;0;3
1987-04-20 11:00:00Z;0,0702204;0;3
1987-04-21 11:00:00Z;0,08616744;0;3
1987-04-22 11:00:00Z;0,1039617;0;3
1987-04-23 11:00:00Z;0,1236449;0;3
1987-04-24 11:00:00Z;0,1452569;0;3
1987-04-25 11:00:00Z;0,1688351;0;3
1987-04-26 11:00:00Z;0,2220311;0;3
1987-04-27 11:00:00Z;0,2517157;0;3
1987-04-28 11:00:00Z;0,2835001;0;3
1987-04-29 11:00:00Z;0,3174143;0;3
1987-04-30 11:00:00Z;0,3917474;0;3
1987-05-01 11:00:00Z;3,409969;0;3
1987-05-02 11:00:00Z;8,070228;0;3
1987-05-03 11:00:00Z;9,575592;0;3
1987-05-04 11:00:00Z;10,38183;0;3
1987-05-05 11:00:00Z;10,79848;0;3
1987-05-06 11:00:00Z;8,250649;0;3
1987-05-07 11:00:00Z;7,03366;0;3
1987-05-08 11:00:00Z;5,900297;0;3
1987-05-09 11:00:00Z;7,03366;0;3
1987-05-10 11:00:00Z;10,58902;0;3
1987-05-11 11:00:00Z;9,575592;0;3
1987-05-12 11:00:00Z;8,250649;0;3
1987-05-13 11:00:00Z;7,370477;0;3
1987-05-14 11:00:00Z;6,837012;0;3
1987-05-15 11:00:00Z;5,547119;0;3
1987-05-16 11:00:00Z;4,717158;0;3
1987-05-17 11:00:00Z;5,547119;0;3
1987-05-18 11:00:00Z;7,892004;0;3
1987-05-19 11:00:00Z;13,72923;0;3
1987-05-20 11:00:00Z;12,10295;0;3
1987-05-21 11:00:00Z;9,974216;0;3
1987-05-22 11:00:00Z;11,0102;0;3
1987-05-23 11:00:00Z;12,78608;0;3
1987-05-24 11:00:00Z;12,78608;0;3
1987-05-25 11:00:00Z;17,32473;0;3
1987-05-26 11:00:00Z;18,72132;0;3
1987-05-27 11:00:00Z;16,25031;0;3
1987-05-28 11:00:00Z;13,48996;0;3
1987-05-29 11:00:00Z;13,97081;0;3
1987-05-30 11:00:00Z;17,59927;0;3
1987-05-31 11:00:00Z;23,27284;0;3
1987-06-01 11:00:00Z;27,66366;0;3
1987-06-02 11:00:00Z;25,58511;0;3
1987-06-03 11:00:00Z;25,24738;0;3
1987-06-04 11:00:00Z;30,40752;0;3
1987-06-05 11:00:00Z;30,89337;0;3
1987-06-06 11:00:00Z;31,87999;0;3
1987-06-07 11:00:00Z;29,46446;0;3
1987-06-08 11:00:00Z;36,02852;0;3
1987-06-09 11:00:00Z;42,87697;0;3
1987-06-10 11:00:00Z;38,22651;0;3
1987-06-11 11:00:00Z;33,39753;0;3
1987-06-12 11:00:00Z;32,3808;0;3
1987-06-13 11:00:00Z;36,02852;0;3
1987-06-14 11:00:00Z;43,48257;0;3
1987-06-15 11:00:00Z;43,48257;0;3
1987-06-16 11:00:00Z;42,87697;0;3
1987-06-17 11:00:00Z;42,87697;0;3
1987-06-18 11:00:00Z;51,18268;0;3
1987-06-19 11:00:00Z;46,59306;0;3
1987-06-20 11:00:00Z;42,27682;0;3
1987-06-21 11:00:00Z;41,6821;0;3
1987-06-22 11:00:00Z;41,6821;0;3
1987-06-23 11:00:00Z;38,78912;0;3
1987-06-24 11:00:00Z;37,66916;0;3
1987-06-25 11:00:00Z;32,88664;0;3
1987-06-26 11:00:00Z;34,43455;0;3
1987-06-27 11:00:00Z;34,43455;0;3
1987-06-28 11:00:00Z;40,50885;0;3
1987-06-29 11:00:00Z;34,43455;0;3
1987-06-30 11:00:00Z;25,92532;0;3
1987-07-01 11:00:00Z;21,08083;0;3
1987-07-02 11:00:00Z;22,31875;0;3
1987-07-03 11:00:00Z;17,8762;0;3
1987-07-04 11:00:00Z;16,25031;0;3
1987-07-05 11:00:00Z;29,9266;0;3
1987-07-06 11:00:00Z;42,87697;0;3
1987-07-07 11:00:00Z;42,27682;0;3
1987-07-08 11:00:00Z;35,49205;0;3
1987-07-09 11:00:00Z;29,09928;0;3
1987-07-10 11:00:00Z;25,24738;0;3
1987-07-11 11:00:00Z;24,24902;0;3
1987-07-12 11:00:00Z;20,17789;0;3
1987-07-13 11:00:00Z;15,98763;0;3
1987-07-14 11:00:00Z;13,97081;0;3
1987-07-15 11:00:00Z;14,46097;0;3
1987-07-16 11:00:00Z;20,17789;0;3
1987-07-17 11:00:00Z;23,59578;0;3
1987-07-18 11:00:00Z;22,31875;0;3
1987-07-19 11:00:00Z;24,91212;0;3
1987-07-20 11:00:00Z;24,57934;0;3
1987-07-21 11:00:00Z;21,38666;0;3
1987-07-22 11:00:00Z;19,29672;0;3
1987-07-23 11:00:00Z;19,29672;0;3
1987-07-24 11:00:00Z;12,55607;0;3
1987-07-25 11:00:00Z;10,79848;0;3
1987-07-26 11:00:00Z;12,32836;0;3
1987-07-27 11:00:00Z;9,974216;0;3
1987-07-28 11:00:00Z;9,974216;0;3
1987-07-29 11:00:00Z;8,805161;0;3
1987-07-30 11:00:00Z;7,03366;0;3
1987-07-31 11:00:00Z;6,453053;0;3
1987-08-01 11:00:00Z;6,453053;0;3
1987-08-02 11:00:00Z;6,643479;0;3
1987-08-03 11:00:00Z;8,994428;0;3
1987-08-04 11:00:00Z;12,10295;0;3
1987-08-05 11:00:00Z;21,69492;0;3
1987-08-06 11:00:00Z;18,43722;0;3
1987-08-07 11:00:00Z;13,25302;0;3
1987-08-08 11:00:00Z;8,805161;0;3
1987-08-09 11:00:00Z;6,453053;0;3
1987-08-10 11:00:00Z;5,040117;0;3
1987-08-11 11:00:00Z;4,406121;0;3
1987-08-12 11:00:00Z;4,106911;0;3
1987-08-13 11:00:00Z;3,819428;0;3
1987-08-14 11:00:00Z;3,54357;0;3
1987-08-15 11:00:00Z;3,026317;0;3
1987-08-16 11:00:00Z;2,668103;0;3
1987-08-17 11:00:00Z;2,554287;0;3
1987-08-18 11:00:00Z;2,443241;0;3
1987-08-19 11:00:00Z;2,554287;0;3
1987-08-20 11:00:00Z;3,151356;0;3
1987-08-21 11:00:00Z;2,784704;0;3
1987-08-22 11:00:00Z;7,03366;0;3
1987-08-23 11:00:00Z;7,370477;0;3
1987-08-24 11:00:00Z;4,717158;0;3
1987-08-25 11:00:00Z;3,409969;0;3
1987-08-26 11:00:00Z;2,904104;0;3
1987-08-27 11:00:00Z;2,668103;0;3
1987-08-28 11:00:00Z;2,668103;0;3
1987-08-29 11:00:00Z;2,904104;0;3
1987-08-30 11:00:00Z;2,904104;0;3
1987-08-31 11:00:00Z;2,784704;0;3
1987-09-01 11:00:00Z;2,784704;0;3
1987-09-02 11:00:00Z;2,443241;0;3
1987-09-03 11:00:00Z;2,33495;0;3
1987-09-04 11:00:00Z;2,33495;0;3
1987-09-05 11:00:00Z;2,33495;0;3
1987-09-06 11:00:00Z;2,33495;0;3
1987-09-07 11:00:00Z;2,784704;0;3
1987-09-08 11:00:00Z;4,406121;0;3
1987-09-09 11:00:00Z;5,375094;0;3
1987-09-10 11:00:00Z;6,265721;0;3
1987-09-11 11:00:00Z;5,722183;0;3
1987-09-12 11:00:00Z;4,255044;0;3
1987-09-13 11:00:00Z;3,54357;0;3
1987-09-14 11:00:00Z;3,151356;0;3
1987-09-15 11:00:00Z;3,026317;0;3
1987-09-16 11:00:00Z;3,026317;0;3
1987-09-17 11:00:00Z;2,904104;0;3
1987-09-18 11:00:00Z;2,668103;0;3
1987-09-19 11:00:00Z;2,668103;0;3
1987-09-20 11:00:00Z;2,904104;0;3
1987-09-21 11:00:00Z;2,904104;0;3
1987-09-22 11:00:00Z;2,668103;0;3
1987-09-23 11:00:00Z;2,443241;0;3
1987-09-24 11:00:00Z;2,668103;0;3
1987-09-25 11:00:00Z;2,784704;0;3
1987-09-26 11:00:00Z;2,904104;0;3
1987-09-27 11:00:00Z;3,026317;0;3
1987-09-28 11:00:00Z;3,409969;0;3
1987-09-29 11:00:00Z;3,151356;0;3
1987-09-30 11:00:00Z;2,668103;0;3
1987-10-01 11:00:00Z;2,33495;0;3
1987-10-02 11:00:00Z;2,2294;0;3
1987-10-03 11:00:00Z;4,560154;0;3
1987-10-04 11:00:00Z;23,92117;0;3
1987-10-05 11:00:00Z;12,10295;0;3
1987-10-06 11:00:00Z;7,03366;0;3
1987-10-07 11:00:00Z;7,715975;0;3
1987-10-08 11:00:00Z;12,78608;0;3
1987-10-09 11:00:00Z;17,32473;0;3
1987-10-10 11:00:00Z;15,21373;0;3
1987-10-11 11:00:00Z;11,0102;0;3
1987-10-12 11:00:00Z;16,78278;0;3
1987-10-13 11:00:00Z;21,38666;0;3
1987-10-14 11:00:00Z;22,95237;0;3
1987-10-15 11:00:00Z;13,97081;0;3
1987-10-16 11:00:00Z;16,25031;0;3
1987-10-17 11:00:00Z;26,96085;0;3
1987-10-18 11:00:00Z;14,96047;0;3
1987-10-19 11:00:00Z;13,01839;0;3
1987-10-20 11:00:00Z;7,715975;0;3
1987-10-21 11:00:00Z;5,722183;0;3
1987-10-22 11:00:00Z;5,040117;0;3
1987-10-23 11:00:00Z;4,717158;0;3
1987-10-24 11:00:00Z;2,554287;0;3
1987-10-25 11:00:00Z;3,026317;0;3
1987-10-26 11:00:00Z;3,409969;0;3
1987-10-27 11:00:00Z;3,026317;0;3
1987-10-28 11:00:00Z;2,784704;0;3
1987-10-29 11:00:00Z;3,026317;0;3
1987-10-30 11:00:00Z;2,554287;0;3
1987-10-31 11:00:00Z;2,668103;0;3
1987-11-01 11:00:00Z;2,554287;0;3
1987-11-02 11:00:00Z;2,443241;0;3
1987-11-03 11:00:00Z;2,443241;0;3
1987-11-04 11:00:00Z;4,717158;0;3
1987-11-05 11:00:00Z;4,560154;0;3
1987-11-06 11:00:00Z;3,54357;0;3
1987-11-07 11:00:00Z;3,409969;0;3
1987-11-08 11:00:00Z;3,819428;0;3
1987-11-09 11:00:00Z;3,96171;0;3
1987-11-10 11:00:00Z;6,453053;0;3
1987-11-11 11:00:00Z;7,370477;0;3
1987-11-12 11:00:00Z;5,375094;0;3
1987-11-13 11:00:00Z;5,722183;0;3
1987-11-14 11:00:00Z;5,040117;0;3
1987-11-15 11:00:00Z;4,106911;0;3
1987-11-16 11:00:00Z;3,819428;0;3
1987-11-17 11:00:00Z;3,54357;0;3
1987-11-18 11:00:00Z;3,279235;0;3
1987-11-19 11:00:00Z;3,026317;0;3
1987-11-20 11:00:00Z;2,784704;0;3
1987-11-21 11:00:00Z;2,668103;0;3
1987-11-22 11:00:00Z;2,554287;0;3
1987-11-23 11:00:00Z;2,443241;0;3
1987-11-24 11:00:00Z;2,33495;0;3
1987-11-25 11:00:00Z;2,33495;0;3
1987-11-26 11:00:00Z;2,2294;0;3
1987-11-27 11:00:00Z;2,126575;0;3
1987-11-28 11:00:00Z;2,02646;0;3
1987-11-29 11:00:00Z;1,929039;0;3
1987-11-30 11:00:00Z;1,834298;0;3
1987-12-01 11:00:00Z;2,126575;0;3
1987-12-02 11:00:00Z;3,96171;0;3
1987-12-03 11:00:00Z;7,03366;0;3
1987-12-04 11:00:00Z;8,433275;0;3
1987-12-05 11:00:00Z;5,722183;0;3
1987-12-06 11:00:00Z;4,717158;0;3
1987-12-07 11:00:00Z;4,106911;0;3
1987-12-08 11:00:00Z;3,819428;0;3
1987-12-09 11:00:00Z;3,54357;0;3
1987-12-10 11:00:00Z;3,279235;0;3
1987-12-11 11:00:00Z;3,151356;0;3
1987-12-12 11:00:00Z;3,026317;0;3
1987-12-13 11:00:00Z;3,026317;0;3
1987-12-14 11:00:00Z;2,904104;0;3
1987-12-15 11:00:00Z;2,784704;0;3
1987-12-16 11:00:00Z;2,668103;0;3
1987-12-17 11:00:00Z;2,554287;0;3
1987-12-18 11:00:00Z;2,443241;0;3
1987-12-19 11:00:00Z;2,443241;0;3
1987-12-20 11:00:00Z;2,33495;0;3
1987-12-21 11:00:00Z;2,2294;0;3
1987-12-22 11:00:00Z;2,126575;0;3
1987-12-23 11:00:00Z;2,33495;0;3
1987-12-24 11:00:00Z;2,668103;0;3
1987-12-25 11:00:00Z;3,279235;0;3
1987-12-26 11:00:00Z;4,406121;0;3
1987-12-27 11:00:00Z;3,680052;0;3
1987-12-28 11:00:00Z;3,279235;0;3
1987-12-29 11:00:00Z;3,151356;0;3
1987-12-30 11:00:00Z;2,904104;0;3
1987-12-31 11:00:00Z;2,554287;0;3
1988-01-01 11:00:00Z;2,33495;0;3
1988-01-02 11:00:00Z;2,2294;0;3
1988-01-03 11:00:00Z;2,2294;0;3
1988-01-04 11:00:00Z;2,126575;0;3
1988-01-05 11:00:00Z;2,02646;0;3
1988-01-06 11:00:00Z;2,02646;0;3
1988-01-07 11:00:00Z;1,929039;0;3
1988-01-08 11:00:00Z;1,929039;0;3
1988-01-09 11:00:00Z;1,834298;0;3
1988-01-10 11:00:00Z;1,742218;0;3
1988-01-11 11:00:00Z;1,742218;0;3
1988-01-12 11:00:00Z;1,652785;0;3
1988-01-13 11:00:00Z;1,565981;0;3
1988-01-14 11:00:00Z;1,565981;0;3
1988-01-15 11:00:00Z;1,481791;0;3
1988-01-16 11:00:00Z;1,400195;0;3
1988-01-17 11:00:00Z;1,400195;0;3
1988-01-18 11:00:00Z;1,321178;0;3
1988-01-19 11:00:00Z;1,321178;0;3
1988-01-20 11:00:00Z;1,244721;0;3
1988-01-21 11:00:00Z;1,170806;0;3
1988-01-22 11:00:00Z;1,170806;0;3
1988-01-23 11:00:00Z;1,099414;0;3
1988-01-24 11:00:00Z;1,099414;0;3
1988-01-25 11:00:00Z;1,030527;0;3
1988-01-26 11:00:00Z;1,030527;0;3
1988-01-27 11:00:00Z;0,9641246;0;3
1988-01-28 11:00:00Z;0,9001881;0;3
1988-01-29 11:00:00Z;0,9001881;0;3
1988-01-30 11:00:00Z;0,838697;0;3
1988-01-31 11:00:00Z;0,838697;0;3
1988-02-01 11:00:00Z;0,7796305;0;3
1988-02-02 11:00:00Z;0,7796305;0;3
1988-02-03 11:00:00Z;0,7229679;0;3
1988-02-04 11:00:00Z;0,7229679;0;3
1988-02-05 11:00:00Z;0,6686874;0;3
1988-02-06 11:00:00Z;0,6686874;0;3
1988-02-07 11:00:00Z;0,6167667;0;3
1988-02-08 11:00:00Z;0,6167667;0;3
1988-02-09 11:00:00Z;0,5671835;0;3
1988-02-10 11:00:00Z;0,5671835;0;3
1988-02-11 11:00:00Z;0,5199142;0;3
1988-02-12 11:00:00Z;0,5199142;0;3
1988-02-13 11:00:00Z;0,4749349;0;3
1988-02-14 11:00:00Z;0,4749349;0;3
1988-02-15 11:00:00Z;0,4322211;0;3
1988-02-16 11:00:00Z;0,4322211;0;3
1988-02-17 11:00:00Z;0,3917474;0;3
1988-02-18 11:00:00Z;0,3917474;0;3
1988-02-19 11:00:00Z;0,3917474;0;3
1988-02-20 11:00:00Z;0,3917474;0;3
1988-02-21 11:00:00Z;0,3534874;0;3
1988-02-22 11:00:00Z;0,3534874;0;3
1988-02-23 11:00:00Z;0,3534874;0;3
1988-02-24 11:00:00Z;0,3534874;0;3
1988-02-25 11:00:00Z;0,3174143;0;3
1988-02-26 11:00:00Z;0,3174143;0;3
1988-02-27 11:00:00Z;0,3174143;0;3
1988-02-28 11:00:00Z;0,3174143;0;3
1988-02-29 11:00:00Z;0,2835001;0;3
1988-03-01 11:00:00Z;0,2835001;0;3
1988-03-02 11:00:00Z;0,2835001;0;3
1988-03-03 11:00:00Z;0,2835001;0;3
1988-03-04 11:00:00Z;0,2835001;0;3
1988-03-05 11:00:00Z;0,2517157;0;3
1988-03-06 11:00:00Z;0,2517157;0;3
1988-03-07 11:00:00Z;0,2517157;0;3
1988-03-08 11:00:00Z;0,2517157;0;3
1988-03-09 11:00:00Z;0,2517157;0;3
1988-03-10 11:00:00Z;0,2517157;0;3
1988-03-11 11:00:00Z;0,2220311;0;3
1988-03-12 11:00:00Z;0,2220311;0;3
1988-03-13 11:00:00Z;0,2220311;0;3
1988-03-14 11:00:00Z;0,2220311;0;3
1988-03-15 11:00:00Z;0,2220311;0;3
1988-03-16 11:00:00Z;0,2220311;0;3
1988-03-17 11:00:00Z;0,2220311;0;3
1988-03-18 11:00:00Z;0,1944152;0;3
1988-03-19 11:00:00Z;0,1944152;0;3
1988-03-20 11:00:00Z;0,1944152;0;3
1988-03-21 11:00:00Z;0,1944152;0;3
1988-03-22 11:00:00Z;0,1944152;0;3
1988-03-23 11:00:00Z;0,1944152;0;3
1988-03-24 11:00:00Z;0,1688351;0;3
1988-03-25 11:00:00Z;0,1688351;0;3
1988-03-26 11:00:00Z;0,1688351;0;3
1988-03-27 11:00:00Z;0,1688351;0;3
1988-03-28 11:00:00Z;0,1688351;0;3
1988-03-29 11:00:00Z;0,1688351;0;3
1988-03-30 11:00:00Z;0,1452569;0;3
1988-03-31 11:00:00Z;0,1452569;0;3
1988-04-01 11:00:00Z;0,1236449;0;3
1988-04-02 11:00:00Z;0,1236449;0;3
1988-04-03 11:00:00Z;0,1236449;0;3
1988-04-04 11:00:00Z;0,1688351;0;3
1988-04-05 11:00:00Z;1,321178;0;3
1988-04-06 11:00:00Z;2,02646;0;3
1988-04-07 11:00:00Z;1,565981;0;3
1988-04-08 11:00:00Z;1,170806;0;3
1988-04-09 11:00:00Z;0,7796305;0;3
1988-04-10 11:00:00Z;0,6167667;0;3
1988-04-11 11:00:00Z;0,4749349;0;3
1988-04-12 11:00:00Z;0,3534874;0;3
1988-04-13 11:00:00Z;0,3174143;0;3
1988-04-14 11:00:00Z;0,2835001;0;3
1988-04-15 11:00:00Z;0,2835001;0;3
1988-04-16 11:00:00Z;0,2835001;0;3
1988-04-17 11:00:00Z;0,2835001;0;3
1988-04-18 11:00:00Z;0,2835001;0;3
1988-04-19 11:00:00Z;0,2835001;0;3
1988-04-20 11:00:00Z;0,2835001;0;3
1988-04-21 11:00:00Z;0,2835001;0;3
1988-04-22 11:00:00Z;0,2835001;0;3
1988-04-23 11:00:00Z;0,2835001;0;3
1988-04-24 11:00:00Z;0,2835001;0;3
1988-04-25 11:00:00Z;0,2835001;0;3
1988-04-26 11:00:00Z;0,2835001;0;3
1988-04-27 11:00:00Z;0,2517157;0;3
1988-04-28 11:00:00Z;0,2517157;0;3
1988-04-29 11:00:00Z;0,2220311;0;3
1988-04-30 11:00:00Z;0,2220311;0;3
1988-05-01 11:00:00Z;0,2220311;0;3
1988-05-02 11:00:00Z;0,2220311;0;3
1988-05-03 11:00:00Z;0,4749349;0;3
1988-05-04 11:00:00Z;0,9001881;0;3
1988-05-05 11:00:00Z;0,7796305;0;3
1988-05-06 11:00:00Z;1,170806;0;3
1988-05-07 11:00:00Z;1,400195;0;3
1988-05-08 11:00:00Z;4,106911;0;3
1988-05-09 11:00:00Z;8,433275;0;3
1988-05-10 11:00:00Z;8,250649;0;3
1988-05-11 11:00:00Z;8,805161;0;3
1988-05-12 11:00:00Z;9,185919;0;3
1988-05-13 11:00:00Z;10,79848;0;3
1988-05-14 11:00:00Z;10,58902;0;3
1988-05-15 11:00:00Z;8,618112;0;3
1988-05-16 11:00:00Z;7,892004;0;3
1988-05-17 11:00:00Z;11,22419;0;3
1988-05-18 11:00:00Z;9,974216;0;3
1988-05-19 11:00:00Z;8,070228;0;3
1988-05-20 11:00:00Z;7,542134;0;3
1988-05-21 11:00:00Z;8,433275;0;3
1988-05-22 11:00:00Z;8,805161;0;3
1988-05-23 11:00:00Z;10,38183;0;3
1988-05-24 11:00:00Z;13,48996;0;3
1988-05-25 11:00:00Z;16,25031;0;3
1988-05-26 11:00:00Z;21,08083;0;3
1988-05-27 11:00:00Z;28,73661;0;3
1988-05-28 11:00:00Z;39,93027;0;3
1988-05-29 11:00:00Z;53,2352;0;3
1988-05-30 11:00:00Z;56,77226;0;3
1988-05-31 11:00:00Z;62,73965;0;3
1988-06-01 11:00:00Z;47,23181;0;3
1988-06-02 11:00:00Z;29,09928;0;3
1988-06-03 11:00:00Z;25,58511;0;3
1988-06-04 11:00:00Z;19,88176;0;3
1988-06-05 11:00:00Z;25,92532;0;3
1988-06-06 11:00:00Z;28,01881;0;3
1988-06-07 11:00:00Z;34,96073;0;3
1988-06-08 11:00:00Z;47,23181;0;3
1988-06-09 11:00:00Z;45,95989;0;3
1988-06-10 11:00:00Z;37,11706;0;3
1988-06-11 11:00:00Z;25,58511;0;3
1988-06-12 11:00:00Z;25,24738;0;3
1988-06-13 11:00:00Z;33,39753;0;3
1988-06-14 11:00:00Z;23,59578;0;3
1988-06-15 11:00:00Z;19,29672;0;3
1988-06-16 11:00:00Z;24,57934;0;3
1988-06-17 11:00:00Z;31,38419;0;3
1988-06-18 11:00:00Z;30,40752;0;3
1988-06-19 11:00:00Z;32,88664;0;3
1988-06-20 11:00:00Z;31,38419;0;3
1988-06-21 11:00:00Z;44,09363;0;3
1988-06-22 11:00:00Z;47,23181;0;3
1988-06-23 11:00:00Z;45,33227;0;3
1988-06-24 11:00:00Z;38,22651;0;3
1988-06-25 11:00:00Z;32,3808;0;3
1988-06-26 11:00:00Z;43,48257;0;3
1988-06-27 11:00:00Z;47,87616;0;3
1988-06-28 11:00:00Z;36,57019;0;3
1988-06-29 11:00:00Z;34,43455;0;3
1988-06-30 11:00:00Z;35,49205;0;3
1988-07-01 11:00:00Z;32,88664;0;3
1988-07-02 11:00:00Z;25,24738;0;3
1988-07-03 11:00:00Z;28,01881;0;3
1988-07-04 11:00:00Z;38,78912;0;3
1988-07-05 11:00:00Z;19,88176;0;3
1988-07-06 11:00:00Z;19,88176;0;3
1988-07-07 11:00:00Z;26,96085;0;3
1988-07-08 11:00:00Z;26,26801;0;3
1988-07-09 11:00:00Z;25,58511;0;3
1988-07-10 11:00:00Z;20,17789;0;3
1988-07-11 11:00:00Z;15,21373;0;3
1988-07-12 11:00:00Z;25,58511;0;3
1988-07-13 11:00:00Z;16,78278;0;3
1988-07-14 11:00:00Z;11,0102;0;3
1988-07-15 11:00:00Z;9,575592;0;3
1988-07-16 11:00:00Z;8,805161;0;3
1988-07-17 11:00:00Z;8,250649;0;3
1988-07-18 11:00:00Z;9,773783;0;3
1988-07-19 11:00:00Z;19,88176;0;3
1988-07-20 11:00:00Z;15,21373;0;3
1988-07-21 11:00:00Z;10,1769;0;3
1988-07-22 11:00:00Z;8,250649;0;3
1988-07-23 11:00:00Z;5,900297;0;3
1988-07-24 11:00:00Z;5,206098;0;3
1988-07-25 11:00:00Z;4,877141;0;3
1988-07-26 11:00:00Z;8,070228;0;3
1988-07-27 11:00:00Z;11,0102;0;3
1988-07-28 11:00:00Z;11,44045;0;3
1988-07-29 11:00:00Z;7,892004;0;3
1988-07-30 11:00:00Z;31,38419;0;3
1988-07-31 11:00:00Z;19,88176;0;3
1988-08-01 11:00:00Z;11,659;0;3
1988-08-02 11:00:00Z;10,58902;0;3
1988-08-03 11:00:00Z;7,715975;0;3
1988-08-04 11:00:00Z;5,547119;0;3
1988-08-05 11:00:00Z;4,560154;0;3
1988-08-06 11:00:00Z;4,255044;0;3
1988-08-07 11:00:00Z;4,106911;0;3
1988-08-08 11:00:00Z;3,96171;0;3
1988-08-09 11:00:00Z;3,680052;0;3
1988-08-10 11:00:00Z;3,279235;0;3
1988-08-11 11:00:00Z;2,904104;0;3
1988-08-12 11:00:00Z;2,784704;0;3
1988-08-13 11:00:00Z;2,668103;0;3
1988-08-14 11:00:00Z;2,554287;0;3
1988-08-15 11:00:00Z;2,33495;0;3
1988-08-16 11:00:00Z;2,2294;0;3
1988-08-17 11:00:00Z;3,54357;0;3
1988-08-18 11:00:00Z;4,106911;0;3
1988-08-19 11:00:00Z;4,877141;0;3
1988-08-20 11:00:00Z;3,680052;0;3
1988-08-21 11:00:00Z;7,03366;0;3
1988-08-22 11:00:00Z;6,265721;0;3
1988-08-23 11:00:00Z;4,877141;0;3
1988-08-24 11:00:00Z;5,040117;0;3
1988-08-25 11:00:00Z;4,255044;0;3
1988-08-26 11:00:00Z;3,279235;0;3
1988-08-27 11:00:00Z;2,904104;0;3
1988-08-28 11:00:00Z;2,554287;0;3
1988-08-29 11:00:00Z;2,443241;0;3
1988-08-30 11:00:00Z;3,026317;0;3
1988-08-31 11:00:00Z;3,819428;0;3
1988-09-01 11:00:00Z;2,904104;0;3
1988-09-02 11:00:00Z;2,554287;0;3
1988-09-03 11:00:00Z;2,2294;0;3
1988-09-04 11:00:00Z;2,2294;0;3
1988-09-05 11:00:00Z;2,126575;0;3
1988-09-06 11:00:00Z;2,33495;0;3
1988-09-07 11:00:00Z;2,784704;0;3
1988-09-08 11:00:00Z;2,33495;0;3
1988-09-09 11:00:00Z;2,2294;0;3
1988-09-10 11:00:00Z;2,33495;0;3
1988-09-11 11:00:00Z;2,554287;0;3
1988-09-12 11:00:00Z;2,554287;0;3
1988-09-13 11:00:00Z;5,900297;0;3
1988-09-14 11:00:00Z;6,453053;0;3
1988-09-15 11:00:00Z;40,50885;0;3
1988-09-16 11:00:00Z;39,93027;0;3
1988-09-17 11:00:00Z;38,78912;0;3
1988-09-18 11:00:00Z;22,95237;0;3
1988-09-19 11:00:00Z;22,31875;0;3
1988-09-20 11:00:00Z;42,87697;0;3
1988-09-21 11:00:00Z;21,38666;0;3
1988-09-22 11:00:00Z;13,25302;0;3
1988-09-23 11:00:00Z;14,46097;0;3
1988-09-24 11:00:00Z;20,47645;0;3
1988-09-25 11:00:00Z;17,59927;0;3
1988-09-26 11:00:00Z;10,79848;0;3
1988-09-27 11:00:00Z;8,250649;0;3
1988-09-28 11:00:00Z;6,643479;0;3
1988-09-29 11:00:00Z;6,837012;0;3
1988-09-30 11:00:00Z;8,618112;0;3
1988-10-01 11:00:00Z;5,375094;0;3
1988-10-02 11:00:00Z;12,32836;0;3
1988-10-03 11:00:00Z;26,61319;0;3
1988-10-04 11:00:00Z;36,57019;0;3
1988-10-05 11:00:00Z;22,00562;0;3
1988-10-06 11:00:00Z;13,25302;0;3
1988-10-07 11:00:00Z;12,55607;0;3
1988-10-08 11:00:00Z;13,48996;0;3
1988-10-09 11:00:00Z;11,87983;0;3
1988-10-10 11:00:00Z;7,200998;0;3
1988-10-11 11:00:00Z;5,375094;0;3
1988-10-12 11:00:00Z;7,03366;0;3
1988-10-13 11:00:00Z;7,892004;0;3
1988-10-14 11:00:00Z;7,200998;0;3
1988-10-15 11:00:00Z;9,185919;0;3
1988-10-16 11:00:00Z;12,78608;0;3
1988-10-17 11:00:00Z;25,58511;0;3
1988-10-18 11:00:00Z;13,25302;0;3
1988-10-19 11:00:00Z;6,643479;0;3
1988-10-20 11:00:00Z;6,081473;0;3
1988-10-21 11:00:00Z;5,375094;0;3
1988-10-22 11:00:00Z;4,717158;0;3
1988-10-23 11:00:00Z;4,560154;0;3
1988-10-24 11:00:00Z;3,680052;0;3
1988-10-25 11:00:00Z;5,722183;0;3
1988-10-26 11:00:00Z;5,900297;0;3
1988-10-27 11:00:00Z;4,560154;0;3
1988-10-28 11:00:00Z;4,106911;0;3
1988-10-29 11:00:00Z;3,819428;0;3
1988-10-30 11:00:00Z;3,409969;0;3
1988-10-31 11:00:00Z;3,151356;0;3
1988-11-01 11:00:00Z;3,151356;0;3
1988-11-02 11:00:00Z;3,026317;0;3
1988-11-03 11:00:00Z;3,151356;0;3
1988-11-04 11:00:00Z;3,279235;0;3
1988-11-05 11:00:00Z;3,409969;0;3
1988-11-06 11:00:00Z;2,904104;0;3
1988-11-07 11:00:00Z;2,554287;0;3
1988-11-08 11:00:00Z;2,33495;0;3
1988-11-09 11:00:00Z;2,2294;0;3
1988-11-10 11:00:00Z;2,2294;0;3
1988-11-11 11:00:00Z;3,026317;0;3
1988-11-12 11:00:00Z;4,717158;0;3
1988-11-13 11:00:00Z;4,255044;0;3
1988-11-14 11:00:00Z;3,026317;0;3
1988-11-15 11:00:00Z;2,668103;0;3
1988-11-16 11:00:00Z;11,22419;0;3
1988-11-17 11:00:00Z;9,974216;0;3
1988-11-18 11:00:00Z;7,715975;0;3
1988-11-19 11:00:00Z;7,03366;0;3
1988-11-20 11:00:00Z;6,081473;0;3
1988-11-21 11:00:00Z;5,900297;0;3
1988-11-22 11:00:00Z;5,206098;0;3
1988-11-23 11:00:00Z;4,560154;0;3
1988-11-24 11:00:00Z;4,406121;0;3
1988-11-25 11:00:00Z;3,680052;0;3
1988-11-26 11:00:00Z;3,279235;0;3
1988-11-27 11:00:00Z;3,026317;0;3
1988-11-28 11:00:00Z;2,904104;0;3
1988-11-29 11:00:00Z;2,784704;0;3
1988-11-30 11:00:00Z;2,784704;0;3
1988-12-01 11:00:00Z;2,668103;0;3
1988-12-02 11:00:00Z;2,668103;0;3
1988-12-03 11:00:00Z;2,554287;0;3
1988-12-04 11:00:00Z;2,554287;0;3
1988-12-05 11:00:00Z;2,443241;0;3
1988-12-06 11:00:00Z;2,443241;0;3
1988-12-07 11:00:00Z;2,443241;0;3
1988-12-08 11:00:00Z;2,33495;0;3
1988-12-09 11:00:00Z;2,33495;0;3
1988-12-10 11:00:00Z;2,443241;0;3
1988-12-11 11:00:00Z;2,443241;0;3
1988-12-12 11:00:00Z;2,443241;0;3
1988-12-13 11:00:00Z;2,33495;0;3
1988-12-14 11:00:00Z;2,2294;0;3
1988-12-15 11:00:00Z;2,2294;0;3
1988-12-16 11:00:00Z;3,680052;0;3
1988-12-17 11:00:00Z;3,819428;0;3
1988-12-18 11:00:00Z;3,409969;0;3
1988-12-19 11:00:00Z;3,151356;0;3
1988-12-20 11:00:00Z;2,904104;0;3
1988-12-21 11:00:00Z;2,784704;0;3
1988-12-22 11:00:00Z;2,554287;0;3
1988-12-23 11:00:00Z;2,554287;0;3
1988-12-24 11:00:00Z;2,554287;0;3
1988-12-25 11:00:00Z;2,554287;0;3
1988-12-26 11:00:00Z;2,443241;0;3
1988-12-27 11:00:00Z;2,443241;0;3
1988-12-28 11:00:00Z;2,443241;0;3
1988-12-29 11:00:00Z;4,406121;0;3
1988-12-30 11:00:00Z;6,081473;0;3
1988-12-31 11:00:00Z;4,717158;0;3
1989-01-01 11:00:00Z;4,106911;0;3
1989-01-02 11:00:00Z;3,680052;0;3
1989-01-03 11:00:00Z;7,03366;0;3
1989-01-04 11:00:00Z;11,659;0;3
1989-01-05 11:00:00Z;14,21473;0;3
1989-01-06 11:00:00Z;11,87983;0;3
1989-01-07 11:00:00Z;9,575592;0;3
1989-01-08 11:00:00Z;8,433275;0;3
1989-01-09 11:00:00Z;7,370477;0;3
1989-01-10 11:00:00Z;6,453053;0;3
1989-01-11 11:00:00Z;5,206098;0;3
1989-01-12 11:00:00Z;4,406121;0;3
1989-01-13 11:00:00Z;4,106911;0;3
1989-01-14 11:00:00Z;3,54357;0;3
1989-01-15 11:00:00Z;3,409969;0;3
1989-01-16 11:00:00Z;3,151356;0;3
1989-01-17 11:00:00Z;3,026317;0;3
1989-01-18 11:00:00Z;2,904104;0;3
1989-01-19 11:00:00Z;2,668103;0;3
1989-01-20 11:00:00Z;2,668103;0;3
1989-01-21 11:00:00Z;2,554287;0;3
1989-01-22 11:00:00Z;2,554287;0;3
1989-01-23 11:00:00Z;2,554287;0;3
1989-01-24 11:00:00Z;2,554287;0;3
1989-01-25 11:00:00Z;4,406121;0;3
1989-01-26 11:00:00Z;6,837012;0;3
1989-01-27 11:00:00Z;5,722183;0;3
1989-01-28 11:00:00Z;6,453053;0;3
1989-01-29 11:00:00Z;6,837012;0;3
1989-01-30 11:00:00Z;5,900297;0;3
1989-01-31 11:00:00Z;5,547119;0;3
1989-02-01 11:00:00Z;11,87983;0;3
1989-02-02 11:00:00Z;16,51536;0;3
1989-02-03 11:00:00Z;15,98763;0;3
1989-02-04 11:00:00Z;13,48996;0;3
1989-02-05 11:00:00Z;10,79848;0;3
1989-02-06 11:00:00Z;9,185919;0;3
1989-02-07 11:00:00Z;8,250649;0;3
1989-02-08 11:00:00Z;7,715975;0;3
1989-02-09 11:00:00Z;7,200998;0;3
1989-02-10 11:00:00Z;6,643479;0;3
1989-02-11 11:00:00Z;6,081473;0;3
1989-02-12 11:00:00Z;5,375094;0;3
1989-02-13 11:00:00Z;5,040117;0;3
1989-02-14 11:00:00Z;4,877141;0;3
1989-02-15 11:00:00Z;4,560154;0;3
1989-02-16 11:00:00Z;4,255044;0;3
1989-02-17 11:00:00Z;3,96171;0;3
1989-02-18 11:00:00Z;3,819428;0;3
1989-02-19 11:00:00Z;3,54357;0;3
1989-02-20 11:00:00Z;3,279235;0;3
1989-02-21 11:00:00Z;3,151356;0;3
1989-02-22 11:00:00Z;3,026317;0;3
1989-02-23 11:00:00Z;2,904104;0;3
1989-02-24 11:00:00Z;2,784704;0;3
1989-02-25 11:00:00Z;2,554287;0;3
1989-02-26 11:00:00Z;2,443241;0;3
1989-02-27 11:00:00Z;2,33495;0;3
1989-02-28 11:00:00Z;2,2294;0;3
1989-03-01 11:00:00Z;2,126575;0;3
1989-03-02 11:00:00Z;2,02646;0;3
1989-03-03 11:00:00Z;2,02646;0;3
1989-03-04 11:00:00Z;1,929039;0;3
1989-03-05 11:00:00Z;1,929039;0;3
1989-03-06 11:00:00Z;1,834298;0;3
1989-03-07 11:00:00Z;1,834298;0;3
1989-03-08 11:00:00Z;1,742218;0;3
1989-03-09 11:00:00Z;1,652785;0;3
1989-03-10 11:00:00Z;1,652785;0;3
1989-03-11 11:00:00Z;1,565981;0;3
1989-03-12 11:00:00Z;1,565981;0;3
1989-03-13 11:00:00Z;1,481791;0;3
1989-03-14 11:00:00Z;1,481791;0;3
1989-03-15 11:00:00Z;1,400195;0;3
1989-03-16 11:00:00Z;1,321178;0;3
1989-03-17 11:00:00Z;1,321178;0;3
1989-03-18 11:00:00Z;1,244721;0;3
1989-03-19 11:00:00Z;1,244721;0;3
1989-03-20 11:00:00Z;1,170806;0;3
1989-03-21 11:00:00Z;1,099414;0;3
1989-03-22 11:00:00Z;1,099414;0;3
1989-03-23 11:00:00Z;1,030527;0;3
1989-03-24 11:00:00Z;1,030527;0;3
1989-03-25 11:00:00Z;0,9641246;0;3
1989-03-26 11:00:00Z;0,9641246;0;3
1989-03-27 11:00:00Z;0,9001881;0;3
1989-03-28 11:00:00Z;0,838697;0;3
1989-03-29 11:00:00Z;0,838697;0;3
1989-03-30 11:00:00Z;0,7796305;0;3
1989-03-31 11:00:00Z;0,7796305;0;3
1989-04-01 11:00:00Z;0,7229679;0;3
1989-04-02 11:00:00Z;0,7229679;0;3
1989-04-03 11:00:00Z;0,6686874;0;3
1989-04-04 11:00:00Z;0,6686874;0;3
1989-04-05 11:00:00Z;0,6686874;0;3
1989-04-06 11:00:00Z;0,6686874;0;3
1989-04-07 11:00:00Z;0,6167667;0;3
1989-04-08 11:00:00Z;0,6167667;0;3
1989-04-09 11:00:00Z;0,6167667;0;3
1989-04-10 11:00:00Z;0,5671835;0;3
1989-04-11 11:00:00Z;0,5671835;0;3
1989-04-12 11:00:00Z;3,54357;0;3
1989-04-13 11:00:00Z;6,081473;0;3
1989-04-14 11:00:00Z;13,01839;0;3
1989-04-15 11:00:00Z;14,21473;0;3
1989-04-16 11:00:00Z;14,21473;0;3
1989-04-17 11:00:00Z;13,72923;0;3
1989-04-18 11:00:00Z;12,55607;0;3
1989-04-19 11:00:00Z;11,22419;0;3
1989-04-20 11:00:00Z;11,0102;0;3
1989-04-21 11:00:00Z;12,10295;0;3
1989-04-22 11:00:00Z;10,38183;0;3
1989-04-23 11:00:00Z;9,185919;0;3
1989-04-24 11:00:00Z;7,715975;0;3
1989-04-25 11:00:00Z;7,03366;0;3
1989-04-26 11:00:00Z;6,265721;0;3
1989-04-27 11:00:00Z;5,547119;0;3
1989-04-28 11:00:00Z;5,206098;0;3
1989-04-29 11:00:00Z;4,717158;0;3
1989-04-30 11:00:00Z;4,560154;0;3
1989-05-01 11:00:00Z;4,560154;0;3
1989-05-02 11:00:00Z;5,206098;0;3
1989-05-03 11:00:00Z;8,070228;0;3
1989-05-04 11:00:00Z;12,78608;0;3
1989-05-05 11:00:00Z;13,48996;0;3
1989-05-06 11:00:00Z;11,659;0;3
1989-05-07 11:00:00Z;9,974216;0;3
1989-05-08 11:00:00Z;9,575592;0;3
1989-05-09 11:00:00Z;8,805161;0;3
1989-05-10 11:00:00Z;8,618112;0;3
1989-05-11 11:00:00Z;8,250649;0;3
1989-05-12 11:00:00Z;7,715975;0;3
1989-05-13 11:00:00Z;7,542134;0;3
1989-05-14 11:00:00Z;8,994428;0;3
1989-05-15 11:00:00Z;11,44045;0;3
1989-05-16 11:00:00Z;22,00562;0;3
1989-05-17 11:00:00Z;27,66366;0;3
1989-05-18 11:00:00Z;26,96085;0;3
1989-05-19 11:00:00Z;25,24738;0;3
1989-05-20 11:00:00Z;25,92532;0;3
1989-05-21 11:00:00Z;19,00782;0;3
1989-05-22 11:00:00Z;22,63434;0;3
1989-05-23 11:00:00Z;32,88664;0;3
1989-05-24 11:00:00Z;39,35704;0;3
1989-05-25 11:00:00Z;38,78912;0;3
1989-05-26 11:00:00Z;32,3808;0;3
1989-05-27 11:00:00Z;24,91212;0;3
1989-05-28 11:00:00Z;18,72132;0;3
1989-05-29 11:00:00Z;20,47645;0;3
1989-05-30 11:00:00Z;23,27284;0;3
1989-05-31 11:00:00Z;21,38666;0;3
1989-06-01 11:00:00Z;19,58804;0;3
1989-06-02 11:00:00Z;17,05256;0;3
1989-06-03 11:00:00Z;15,72731;0;3
1989-06-04 11:00:00Z;18,72132;0;3
1989-06-05 11:00:00Z;25,24738;0;3
1989-06-06 11:00:00Z;37,66916;0;3
1989-06-07 11:00:00Z;39,35704;0;3
1989-06-08 11:00:00Z;35,49205;0;3
1989-06-09 11:00:00Z;49,18174;0;3
1989-06-10 11:00:00Z;53,2352;0;3
1989-06-11 11:00:00Z;47,23181;0;3
1989-06-12 11:00:00Z;41,09278;0;3
1989-06-13 11:00:00Z;37,11706;0;3
1989-06-14 11:00:00Z;47,23181;0;3
1989-06-15 11:00:00Z;58,96517;0;3
1989-06-16 11:00:00Z;61,97269;0;3
1989-06-17 11:00:00Z;61,97269;0;3
1989-06-18 11:00:00Z;61,21178;0;3
1989-06-19 11:00:00Z;69,91821;0;3
1989-06-20 11:00:00Z;71,58182;0;3
1989-06-21 11:00:00Z;57,4973;0;3
1989-06-22 11:00:00Z;55,33987;0;3
1989-06-23 11:00:00Z;49,18174;0;3
1989-06-24 11:00:00Z;44,71019;0;3
1989-06-25 11:00:00Z;42,27682;0;3
1989-06-26 11:00:00Z;45,33227;0;3
1989-06-27 11:00:00Z;58,96517;0;3
1989-06-28 11:00:00Z;63,51271;0;3
1989-06-29 11:00:00Z;101,7448;0;3
1989-06-30 11:00:00Z;88,66817;0;3
1989-07-01 11:00:00Z;65,86847;0;3
1989-07-02 11:00:00Z;45,95989;0;3
1989-07-03 11:00:00Z;33,39753;0;3
1989-07-04 11:00:00Z;38,22651;0;3
1989-07-05 11:00:00Z;49,18174;0;3
1989-07-06 11:00:00Z;44,09363;0;3
1989-07-07 11:00:00Z;46,59306;0;3
1989-07-08 11:00:00Z;40,50885;0;3
1989-07-09 11:00:00Z;32,88664;0;3
1989-07-10 11:00:00Z;29,9266;0;3
1989-07-11 11:00:00Z;38,22651;0;3
1989-07-12 11:00:00Z;38,78912;0;3
1989-07-13 11:00:00Z;33,91349;0;3
1989-07-14 11:00:00Z;29,9266;0;3
1989-07-15 11:00:00Z;25,58511;0;3
1989-07-16 11:00:00Z;26,96085;0;3
1989-07-17 11:00:00Z;26,96085;0;3
1989-07-18 11:00:00Z;21,69492;0;3
1989-07-19 11:00:00Z;19,00782;0;3
1989-07-20 11:00:00Z;15,72731;0;3
1989-07-21 11:00:00Z;17,32473;0;3
1989-07-22 11:00:00Z;20,17789;0;3
1989-07-23 11:00:00Z;22,31875;0;3
1989-07-24 11:00:00Z;24,57934;0;3
1989-07-25 11:00:00Z;38,22651;0;3
1989-07-26 11:00:00Z;38,78912;0;3
1989-07-27 11:00:00Z;38,78912;0;3
1989-07-28 11:00:00Z;36,57019;0;3
1989-07-29 11:00:00Z;25,92532;0;3
1989-07-30 11:00:00Z;27,66366;0;3
1989-07-31 11:00:00Z;27,66366;0;3
1989-08-01 11:00:00Z;29,46446;0;3
1989-08-02 11:00:00Z;43,48257;0;3
1989-08-03 11:00:00Z;34,96073;0;3
1989-08-04 11:00:00Z;43,48257;0;3
1989-08-05 11:00:00Z;56,05312;0;3
1989-08-06 11:00:00Z;37,11706;0;3
1989-08-07 11:00:00Z;29,9266;0;3
1989-08-08 11:00:00Z;22,00562;0;3
1989-08-09 11:00:00Z;19,88176;0;3
1989-08-10 11:00:00Z;20,77743;0;3
1989-08-11 11:00:00Z;26,26801;0;3
1989-08-12 11:00:00Z;28,01881;0;3
1989-08-13 11:00:00Z;24,91212;0;3
1989-08-14 11:00:00Z;17,32473;0;3
1989-08-15 11:00:00Z;13,97081;0;3
1989-08-16 11:00:00Z;15,46935;0;3
1989-08-17 11:00:00Z;17,59927;0;3
1989-08-18 11:00:00Z;16,78278;0;3
1989-08-19 11:00:00Z;18,72132;0;3
1989-08-20 11:00:00Z;19,29672;0;3
1989-08-21 11:00:00Z;13,97081;0;3
1989-08-22 11:00:00Z;10,58902;0;3
1989-08-23 11:00:00Z;11,22419;0;3
1989-08-24 11:00:00Z;13,48996;0;3
1989-08-25 11:00:00Z;9,379639;0;3
1989-08-26 11:00:00Z;7,03366;0;3
1989-08-27 11:00:00Z;5,722183;0;3
1989-08-28 11:00:00Z;5,206098;0;3
1989-08-29 11:00:00Z;5,040117;0;3
1989-08-30 11:00:00Z;4,717158;0;3
1989-08-31 11:00:00Z;4,560154;0;3
1989-09-01 11:00:00Z;9,185919;0;3
1989-09-02 11:00:00Z;9,773783;0;3
1989-09-03 11:00:00Z;8,250649;0;3
1989-09-04 11:00:00Z;7,03366;0;3
1989-09-05 11:00:00Z;5,375094;0;3
1989-09-06 11:00:00Z;9,575592;0;3
1989-09-07 11:00:00Z;56,05312;0;3
1989-09-08 11:00:00Z;33,91349;0;3
1989-09-09 11:00:00Z;15,72731;0;3
1989-09-10 11:00:00Z;10,1769;0;3
1989-09-11 11:00:00Z;7,715975;0;3
1989-09-12 11:00:00Z;8,805161;0;3
1989-09-13 11:00:00Z;9,379639;0;3
1989-09-14 11:00:00Z;7,542134;0;3
1989-09-15 11:00:00Z;6,837012;0;3
1989-09-16 11:00:00Z;6,081473;0;3
1989-09-17 11:00:00Z;5,722183;0;3
1989-09-18 11:00:00Z;6,081473;0;3
1989-09-19 11:00:00Z;6,081473;0;3
1989-09-20 11:00:00Z;13,97081;0;3
1989-09-21 11:00:00Z;40,50885;0;3
1989-09-22 11:00:00Z;34,96073;0;3
1989-09-23 11:00:00Z;22,95237;0;3
1989-09-24 11:00:00Z;17,8762;0;3
1989-09-25 11:00:00Z;15,98763;0;3
1989-09-26 11:00:00Z;14,21473;0;3
1989-09-27 11:00:00Z;9,974216;0;3
1989-09-28 11:00:00Z;8,433275;0;3
1989-09-29 11:00:00Z;6,643479;0;3
1989-09-30 11:00:00Z;6,453053;0;3
1989-10-01 11:00:00Z;6,837012;0;3
1989-10-02 11:00:00Z;7,200998;0;3
1989-10-03 11:00:00Z;8,994428;0;3
1989-10-04 11:00:00Z;27,66366;0;3
1989-10-05 11:00:00Z;18,43722;0;3
1989-10-06 11:00:00Z;14,96047;0;3
1989-10-07 11:00:00Z;11,22419;0;3
1989-10-08 11:00:00Z;7,03366;0;3
1989-10-09 11:00:00Z;6,643479;0;3
1989-10-10 11:00:00Z;5,206098;0;3
1989-10-11 11:00:00Z;4,406121;0;3
1989-10-12 11:00:00Z;4,406121;0;3
1989-10-13 11:00:00Z;3,680052;0;3
1989-10-14 11:00:00Z;3,409969;0;3
1989-10-15 11:00:00Z;3,819428;0;3
1989-10-16 11:00:00Z;3,409969;0;3
1989-10-17 11:00:00Z;3,279235;0;3
1989-10-18 11:00:00Z;3,151356;0;3
1989-10-19 11:00:00Z;3,026317;0;3
1989-10-20 11:00:00Z;2,904104;0;3
1989-10-21 11:00:00Z;2,904104;0;3
1989-10-22 11:00:00Z;6,643479;0;3
1989-10-23 11:00:00Z;17,8762;0;3
1989-10-24 11:00:00Z;13,48996;0;3
1989-10-25 11:00:00Z;7,715975;0;3
1989-10-26 11:00:00Z;5,900297;0;3
1989-10-27 11:00:00Z;4,717158;0;3
1989-10-28 11:00:00Z;3,819428;0;3
1989-10-29 11:00:00Z;3,54357;0;3
1989-10-30 11:00:00Z;3,409969;0;3
1989-10-31 11:00:00Z;3,279235;0;3
1989-11-01 11:00:00Z;3,151356;0;3
1989-11-02 11:00:00Z;2,904104;0;3
1989-11-03 11:00:00Z;2,784704;0;3
1989-11-04 11:00:00Z;2,668103;0;3
1989-11-05 11:00:00Z;2,554287;0;3
1989-11-06 11:00:00Z;2,443241;0;3
1989-11-07 11:00:00Z;2,443241;0;3
1989-11-08 11:00:00Z;2,33495;0;3
1989-11-09 11:00:00Z;2,33495;0;3
1989-11-10 11:00:00Z;2,2294;0;3
1989-11-11 11:00:00Z;2,2294;0;3
1989-11-12 11:00:00Z;2,126575;0;3
1989-11-13 11:00:00Z;2,2294;0;3
1989-11-14 11:00:00Z;2,2294;0;3
1989-11-15 11:00:00Z;2,2294;0;3
1989-11-16 11:00:00Z;2,33495;0;3
1989-11-17 11:00:00Z;2,33495;0;3
1989-11-18 11:00:00Z;2,443241;0;3
1989-11-19 11:00:00Z;2,784704;0;3
1989-11-20 11:00:00Z;2,784704;0;3
1989-11-21 11:00:00Z;2,554287;0;3
1989-11-22 11:00:00Z;2,443241;0;3
1989-11-23 11:00:00Z;2,443241;0;3
1989-11-24 11:00:00Z;2,33495;0;3
1989-11-25 11:00:00Z;2,33495;0;3
1989-11-26 11:00:00Z;2,2294;0;3
1989-11-27 11:00:00Z;2,2294;0;3
1989-11-28 11:00:00Z;2,126575;0;3
1989-11-29 11:00:00Z;3,96171;0;3
1989-11-30 11:00:00Z;7,03366;0;3
1989-12-01 11:00:00Z;7,370477;0;3
1989-12-02 11:00:00Z;54,63248;0;3
1989-12-03 11:00:00Z;65,86847;0;3
1989-12-04 11:00:00Z;14,21473;0;3
1989-12-05 11:00:00Z;11,22419;0;3
1989-12-06 11:00:00Z;9,974216;0;3
1989-12-07 11:00:00Z;8,433275;0;3
1989-12-08 11:00:00Z;6,837012;0;3
1989-12-09 11:00:00Z;5,900297;0;3
1989-12-10 11:00:00Z;5,206098;0;3
1989-12-11 11:00:00Z;4,877141;0;3
1989-12-12 11:00:00Z;4,717158;0;3
1989-12-13 11:00:00Z;4,406121;0;3
1989-12-14 11:00:00Z;4,106911;0;3
1989-12-15 11:00:00Z;3,96171;0;3
1989-12-16 11:00:00Z;3,680052;0;3
1989-12-17 11:00:00Z;3,409969;0;3
1989-12-18 11:00:00Z;3,151356;0;3
1989-12-19 11:00:00Z;3,026317;0;3
1989-12-20 11:00:00Z;2,784704;0;3
1989-12-21 11:00:00Z;2,668103;0;3
1989-12-22 11:00:00Z;2,554287;0;3
1989-12-23 11:00:00Z;2,33495;0;3
1989-12-24 11:00:00Z;2,2294;0;3
1989-12-25 11:00:00Z;2,126575;0;3
1989-12-26 11:00:00Z;1,929039;0;3
1989-12-27 11:00:00Z;1,834298;0;3
1989-12-28 11:00:00Z;1,742218;0;3
1989-12-29 11:00:00Z;1,652785;0;3
1989-12-30 11:00:00Z;1,481791;0;3
1989-12-31 11:00:00Z;1,400195;0;3
1990-01-01 11:00:00Z;1,321178;0;3
1990-01-02 11:00:00Z;1,244721;0;3
1990-01-03 11:00:00Z;1,170806;0;3
1990-01-04 11:00:00Z;1,099414;0;3
1990-01-05 11:00:00Z;1,030527;0;3
1990-01-06 11:00:00Z;0,9641246;0;3
1990-01-07 11:00:00Z;0,9001881;0;3
1990-01-08 11:00:00Z;0,9001881;0;3
1990-01-09 11:00:00Z;0,838697;0;3
1990-01-10 11:00:00Z;0,838697;0;3
1990-01-11 11:00:00Z;0,7796305;0;3
1990-01-12 11:00:00Z;0,838697;0;3
1990-01-13 11:00:00Z;1,481791;0;3
1990-01-14 11:00:00Z;2,784704;0;3
1990-01-15 11:00:00Z;2,33495;0;3
1990-01-16 11:00:00Z;1,834298;0;3
1990-01-17 11:00:00Z;1,652785;0;3
1990-01-18 11:00:00Z;1,481791;0;3
1990-01-19 11:00:00Z;1,321178;0;3
1990-01-20 11:00:00Z;1,244721;0;3
1990-01-21 11:00:00Z;1,170806;0;3
1990-01-22 11:00:00Z;1,099414;0;3
1990-01-23 11:00:00Z;1,030527;0;3
1990-01-24 11:00:00Z;0,9641246;0;3
1990-01-25 11:00:00Z;0,9001881;0;3
1990-01-26 11:00:00Z;0,838697;0;3
1990-01-27 11:00:00Z;0,838697;0;3
1990-01-28 11:00:00Z;0,7796305;0;3
1990-01-29 11:00:00Z;0,7229679;0;3
1990-01-30 11:00:00Z;0,6686874;0;3
1990-01-31 11:00:00Z;0,6686874;0;3
1990-02-01 11:00:00Z;0,6167667;0;3
1990-02-02 11:00:00Z;0,5671835;0;3
1990-02-03 11:00:00Z;0,5199142;0;3
1990-02-04 11:00:00Z;0,5199142;0;3
1990-02-05 11:00:00Z;0,4749349;0;3
1990-02-06 11:00:00Z;3,279235;0;3
1990-02-07 11:00:00Z;14,96047;0;3
1990-02-08 11:00:00Z;10,1769;0;3
1990-02-09 11:00:00Z;7,03366;0;3
1990-02-10 11:00:00Z;5,040117;0;3
1990-02-11 11:00:00Z;3,96171;0;3
1990-02-12 11:00:00Z;3,54357;0;3
1990-02-13 11:00:00Z;3,151356;0;3
1990-02-14 11:00:00Z;2,784704;0;3
1990-02-15 11:00:00Z;2,554287;0;3
1990-02-16 11:00:00Z;2,443241;0;3
1990-02-17 11:00:00Z;2,33495;0;3
1990-02-18 11:00:00Z;2,2294;0;3
1990-02-19 11:00:00Z;2,02646;0;3
1990-02-20 11:00:00Z;1,929039;0;3
1990-02-21 11:00:00Z;1,834298;0;3
1990-02-22 11:00:00Z;1,834298;0;3
1990-02-23 11:00:00Z;3,96171;0;3
1990-02-24 11:00:00Z;15,98763;0;3
1990-02-25 11:00:00Z;10,1769;0;3
1990-02-26 11:00:00Z;7,542134;0;3
1990-02-27 11:00:00Z;5,547119;0;3
1990-02-28 11:00:00Z;4,255044;0;3
1990-03-01 11:00:00Z;3,409969;0;3
1990-03-02 11:00:00Z;3,026317;0;3
1990-03-03 11:00:00Z;2,668103;0;3
1990-03-04 11:00:00Z;2,33495;0;3
1990-03-05 11:00:00Z;2,126575;0;3
1990-03-06 11:00:00Z;1,929039;0;3
1990-03-07 11:00:00Z;1,834298;0;3
1990-03-08 11:00:00Z;1,652785;0;3
1990-03-09 11:00:00Z;1,565981;0;3
1990-03-10 11:00:00Z;1,481791;0;3
1990-03-11 11:00:00Z;1,321178;0;3
1990-03-12 11:00:00Z;1,244721;0;3
1990-03-13 11:00:00Z;1,321178;0;3
1990-03-14 11:00:00Z;1,481791;0;3
1990-03-15 11:00:00Z;2,02646;0;3
1990-03-16 11:00:00Z;2,784704;0;3
1990-03-17 11:00:00Z;2,784704;0;3
1990-03-18 11:00:00Z;2,904104;0;3
1990-03-19 11:00:00Z;3,680052;0;3
1990-03-20 11:00:00Z;3,279235;0;3
1990-03-21 11:00:00Z;2,904104;0;3
1990-03-22 11:00:00Z;2,443241;0;3
1990-03-23 11:00:00Z;2,2294;0;3
1990-03-24 11:00:00Z;2,02646;0;3
1990-03-25 11:00:00Z;1,929039;0;3
1990-03-26 11:00:00Z;1,742218;0;3
1990-03-27 11:00:00Z;1,565981;0;3
1990-03-28 11:00:00Z;2,02646;0;3
1990-03-29 11:00:00Z;2,126575;0;3
1990-03-30 11:00:00Z;1,742218;0;3
1990-03-31 11:00:00Z;1,652785;0;3
1990-04-01 11:00:00Z;1,565981;0;3
1990-04-02 11:00:00Z;1,481791;0;3
1990-04-03 11:00:00Z;1,400195;0;3
1990-04-04 11:00:00Z;1,321178;0;3
1990-04-05 11:00:00Z;1,244721;0;3
1990-04-06 11:00:00Z;1,170806;0;3
1990-04-07 11:00:00Z;1,170806;0;3
1990-04-08 11:00:00Z;1,170806;0;3
1990-04-09 11:00:00Z;1,170806;0;3
1990-04-10 11:00:00Z;1,244721;0;3
1990-04-11 11:00:00Z;1,244721;0;3
1990-04-12 11:00:00Z;1,400195;0;3
1990-04-13 11:00:00Z;3,026317;0;3
1990-04-14 11:00:00Z;4,255044;0;3
1990-04-15 11:00:00Z;5,722183;0;3
1990-04-16 11:00:00Z;12,78608;0;3
1990-04-17 11:00:00Z;12,55607;0;3
1990-04-18 11:00:00Z;12,10295;0;3
1990-04-19 11:00:00Z;10,1769;0;3
1990-04-20 11:00:00Z;8,070228;0;3
1990-04-21 11:00:00Z;7,200998;0;3
1990-04-22 11:00:00Z;6,837012;0;3
1990-04-23 11:00:00Z;6,643479;0;3
1990-04-24 11:00:00Z;5,722183;0;3
1990-04-25 11:00:00Z;6,453053;0;3
1990-04-26 11:00:00Z;10,58902;0;3
1990-04-27 11:00:00Z;9,773783;0;3
1990-04-28 11:00:00Z;7,200998;0;3
1990-04-29 11:00:00Z;6,265721;0;3
1990-04-30 11:00:00Z;7,542134;0;3
1990-05-01 11:00:00Z;6,453053;0;3
1990-05-02 11:00:00Z;14,96047;0;3
1990-05-03 11:00:00Z;26,61319;0;3
1990-05-04 11:00:00Z;32,88664;0;3
1990-05-05 11:00:00Z;33,91349;0;3
1990-05-06 11:00:00Z;28,37646;0;3
1990-05-07 11:00:00Z;23,27284;0;3
1990-05-08 11:00:00Z;17,05256;0;3
1990-05-09 11:00:00Z;13,72923;0;3
1990-05-10 11:00:00Z;12,55607;0;3
1990-05-11 11:00:00Z;11,44045;0;3
1990-05-12 11:00:00Z;9,379639;0;3
1990-05-13 11:00:00Z;8,433275;0;3
1990-05-14 11:00:00Z;8,805161;0;3
1990-05-15 11:00:00Z;8,994428;0;3
1990-05-16 11:00:00Z;8,070228;0;3
1990-05-17 11:00:00Z;7,03366;0;3
1990-05-18 11:00:00Z;6,265721;0;3
1990-05-19 11:00:00Z;5,547119;0;3
1990-05-20 11:00:00Z;4,877141;0;3
1990-05-21 11:00:00Z;4,406121;0;3
1990-05-22 11:00:00Z;4,106911;0;3
1990-05-23 11:00:00Z;4,406121;0;3
1990-05-24 11:00:00Z;5,547119;0;3
1990-05-25 11:00:00Z;7,03366;0;3
1990-05-26 11:00:00Z;7,370477;0;3
1990-05-27 11:00:00Z;7,892004;0;3
1990-05-28 11:00:00Z;10,79848;0;3
1990-05-29 11:00:00Z;12,55607;0;3
1990-05-30 11:00:00Z;16,78278;0;3
1990-05-31 11:00:00Z;19,58804;0;3
1990-06-01 11:00:00Z;23,92117;0;3
1990-06-02 11:00:00Z;24,24902;0;3
1990-06-03 11:00:00Z;24,91212;0;3
1990-06-04 11:00:00Z;27,31101;0;3
1990-06-05 11:00:00Z;40,50885;0;3
1990-06-06 11:00:00Z;50,51;0;3
1990-06-07 11:00:00Z;51,86109;0;3
1990-06-08 11:00:00Z;49,84303;0;3
1990-06-09 11:00:00Z;46,59306;0;3
1990-06-10 11:00:00Z;46,59306;0;3
1990-06-11 11:00:00Z;45,95989;0;3
1990-06-12 11:00:00Z;42,27682;0;3
1990-06-13 11:00:00Z;38,78912;0;3
1990-06-14 11:00:00Z;31,38419;0;3
1990-06-15 11:00:00Z;31,87999;0;3
1990-06-16 11:00:00Z;32,3808;0;3
1990-06-17 11:00:00Z;31,87999;0;3
1990-06-18 11:00:00Z;32,3808;0;3
1990-06-19 11:00:00Z;41,09278;0;3
1990-06-20 11:00:00Z;51,86109;0;3
1990-06-21 11:00:00Z;57,4973;0;3
1990-06-22 11:00:00Z;61,97269;0;3
1990-06-23 11:00:00Z;66,66602;0;3
1990-06-24 11:00:00Z;83,94291;0;3
1990-06-25 11:00:00Z;71,58182;0;3
1990-06-26 11:00:00Z;59,70804;0;3
1990-06-27 11:00:00Z;53,93093;0;3
1990-06-28 11:00:00Z;47,87616;0;3
1990-06-29 11:00:00Z;42,87697;0;3
1990-06-30 11:00:00Z;36,02852;0;3
1990-07-01 11:00:00Z;27,31101;0;3
1990-07-02 11:00:00Z;32,3808;0;3
1990-07-03 11:00:00Z;54,63248;0;3
1990-07-04 11:00:00Z;49,84303;0;3
1990-07-05 11:00:00Z;34,96073;0;3
1990-07-06 11:00:00Z;34,43455;0;3
1990-07-07 11:00:00Z;36,57019;0;3
1990-07-08 11:00:00Z;33,91349;0;3
1990-07-09 11:00:00Z;33,39753;0;3
1990-07-10 11:00:00Z;35,49205;0;3
1990-07-11 11:00:00Z;36,57019;0;3
1990-07-12 11:00:00Z;28,37646;0;3
1990-07-13 11:00:00Z;29,46446;0;3
1990-07-14 11:00:00Z;27,66366;0;3
1990-07-15 11:00:00Z;22,95237;0;3
1990-07-16 11:00:00Z;23,92117;0;3
1990-07-17 11:00:00Z;25,58511;0;3
1990-07-18 11:00:00Z;25,92532;0;3
1990-07-19 11:00:00Z;27,31101;0;3
1990-07-20 11:00:00Z;26,61319;0;3
1990-07-21 11:00:00Z;33,39753;0;3
1990-07-22 11:00:00Z;45,33227;0;3
1990-07-23 11:00:00Z;37,66916;0;3
1990-07-24 11:00:00Z;28,73661;0;3
1990-07-25 11:00:00Z;25,24738;0;3
1990-07-26 11:00:00Z;21,69492;0;3
1990-07-27 11:00:00Z;19,29672;0;3
1990-07-28 11:00:00Z;18,15551;0;3
1990-07-29 11:00:00Z;22,95237;0;3
1990-07-30 11:00:00Z;28,37646;0;3
1990-07-31 11:00:00Z;21,69492;0;3
1990-08-01 11:00:00Z;22,00562;0;3
1990-08-02 11:00:00Z;18,72132;0;3
1990-08-03 11:00:00Z;20,47645;0;3
1990-08-04 11:00:00Z;25,58511;0;3
1990-08-05 11:00:00Z;20,17789;0;3
1990-08-06 11:00:00Z;20,77743;0;3
1990-08-07 11:00:00Z;14,46097;0;3
1990-08-08 11:00:00Z;12,55607;0;3
1990-08-09 11:00:00Z;11,87983;0;3
1990-08-10 11:00:00Z;9,575592;0;3
1990-08-11 11:00:00Z;8,805161;0;3
1990-08-12 11:00:00Z;9,773783;0;3
1990-08-13 11:00:00Z;14,70955;0;3
1990-08-14 11:00:00Z;17,05256;0;3
1990-08-15 11:00:00Z;26,96085;0;3
1990-08-16 11:00:00Z;23,92117;0;3
1990-08-17 11:00:00Z;23,92117;0;3
1990-08-18 11:00:00Z;28,73661;0;3
1990-08-19 11:00:00Z;17,59927;0;3
1990-08-20 11:00:00Z;11,44045;0;3
1990-08-21 11:00:00Z;10,1769;0;3
1990-08-22 11:00:00Z;8,994428;0;3
1990-08-23 11:00:00Z;8,070228;0;3
1990-08-24 11:00:00Z;8,070228;0;3
1990-08-25 11:00:00Z;7,892004;0;3
1990-08-26 11:00:00Z;6,643479;0;3
1990-08-27 11:00:00Z;5,547119;0;3
1990-08-28 11:00:00Z;5,206098;0;3
1990-08-29 11:00:00Z;5,900297;0;3
1990-08-30 11:00:00Z;6,837012;0;3
1990-08-31 11:00:00Z;8,433275;0;3
1990-09-01 11:00:00Z;9,974216;0;3
1990-09-02 11:00:00Z;11,659;0;3
1990-09-03 11:00:00Z;8,618112;0;3
1990-09-04 11:00:00Z;6,643479;0;3
1990-09-05 11:00:00Z;5,040117;0;3
1990-09-06 11:00:00Z;4,106911;0;3
1990-09-07 11:00:00Z;3,680052;0;3
1990-09-08 11:00:00Z;4,106911;0;3
1990-09-09 11:00:00Z;4,406121;0;3
1990-09-10 11:00:00Z;4,255044;0;3
1990-09-11 11:00:00Z;3,54357;0;3
1990-09-12 11:00:00Z;3,409969;0;3
1990-09-13 11:00:00Z;4,255044;0;3
1990-09-14 11:00:00Z;3,680052;0;3
1990-09-15 11:00:00Z;4,406121;0;3
1990-09-16 11:00:00Z;4,406121;0;3
1990-09-17 11:00:00Z;3,54357;0;3
1990-09-18 11:00:00Z;3,151356;0;3
1990-09-19 11:00:00Z;4,255044;0;3
1990-09-20 11:00:00Z;4,560154;0;3
1990-09-21 11:00:00Z;5,722183;0;3
1990-09-22 11:00:00Z;4,560154;0;3
1990-09-23 11:00:00Z;3,026317;0;3
1990-09-24 11:00:00Z;2,33495;0;3
1990-09-25 11:00:00Z;2,443241;0;3
1990-09-26 11:00:00Z;2,2294;0;3
1990-09-27 11:00:00Z;1,929039;0;3
1990-09-28 11:00:00Z;1,929039;0;3
1990-09-29 11:00:00Z;1,929039;0;3
1990-09-30 11:00:00Z;1,929039;0;3
1990-10-01 11:00:00Z;1,834298;0;3
1990-10-02 11:00:00Z;1,565981;0;3
1990-10-03 11:00:00Z;1,400195;0;3
1990-10-04 11:00:00Z;1,652785;0;3
1990-10-05 11:00:00Z;6,265721;0;3
1990-10-06 11:00:00Z;5,375094;0;3
1990-10-07 11:00:00Z;3,819428;0;3
1990-10-08 11:00:00Z;3,151356;0;3
1990-10-09 11:00:00Z;4,560154;0;3
1990-10-10 11:00:00Z;20,77743;0;3
1990-10-11 11:00:00Z;8,805161;0;3
1990-10-12 11:00:00Z;6,643479;0;3
1990-10-13 11:00:00Z;9,379639;0;3
1990-10-14 11:00:00Z;22,00562;0;3
1990-10-15 11:00:00Z;29,9266;0;3
1990-10-16 11:00:00Z;31,38419;0;3
1990-10-17 11:00:00Z;38,78912;0;3
1990-10-18 11:00:00Z;24,91212;0;3
1990-10-19 11:00:00Z;11,87983;0;3
1990-10-20 11:00:00Z;8,070228;0;3
1990-10-21 11:00:00Z;5,375094;0;3
1990-10-22 11:00:00Z;16,51536;0;3
1990-10-23 11:00:00Z;27,31101;0;3
1990-10-24 11:00:00Z;19,29672;0;3
1990-10-25 11:00:00Z;12,78608;0;3
1990-10-26 11:00:00Z;6,453053;0;3
1990-10-27 11:00:00Z;5,375094;0;3
1990-10-28 11:00:00Z;3,96171;0;3
1990-10-29 11:00:00Z;3,819428;0;3
1990-10-30 11:00:00Z;3,409969;0;3
1990-10-31 11:00:00Z;2,904104;0;3
1990-11-01 11:00:00Z;2,443241;0;3
1990-11-02 11:00:00Z;2,2294;0;3
1990-11-03 11:00:00Z;2,126575;0;3
1990-11-04 11:00:00Z;2,126575;0;3
1990-11-05 11:00:00Z;2,2294;0;3
1990-11-06 11:00:00Z;2,443241;0;3
1990-11-07 11:00:00Z;2,904104;0;3
1990-11-08 11:00:00Z;4,877141;0;3
1990-11-09 11:00:00Z;4,877141;0;3
1990-11-10 11:00:00Z;5,722183;0;3
1990-11-11 11:00:00Z;4,255044;0;3
1990-11-12 11:00:00Z;3,96171;0;3
1990-11-13 11:00:00Z;3,026317;0;3
1990-11-14 11:00:00Z;2,668103;0;3
1990-11-15 11:00:00Z;2,443241;0;3
1990-11-16 11:00:00Z;2,33495;0;3
1990-11-17 11:00:00Z;2,2294;0;3
1990-11-18 11:00:00Z;2,126575;0;3
1990-11-19 11:00:00Z;1,929039;0;3
1990-11-20 11:00:00Z;1,834298;0;3
1990-11-21 11:00:00Z;1,742218;0;3
1990-11-22 11:00:00Z;1,742218;0;3
1990-11-23 11:00:00Z;1,652785;0;3
1990-11-24 11:00:00Z;1,652785;0;3
1990-11-25 11:00:00Z;1,565981;0;3
1990-11-26 11:00:00Z;1,565981;0;3
1990-11-27 11:00:00Z;1,481791;0;3
1990-11-28 11:00:00Z;1,481791;0;3
1990-11-29 11:00:00Z;1,400195;0;3
1990-11-30 11:00:00Z;1,652785;0;3
1990-12-01 11:00:00Z;2,33495;0;3
1990-12-02 11:00:00Z;2,904104;0;3
1990-12-03 11:00:00Z;2,784704;0;3
1990-12-04 11:00:00Z;2,668103;0;3
1990-12-05 11:00:00Z;2,784704;0;3
1990-12-06 11:00:00Z;2,904104;0;3
1990-12-07 11:00:00Z;3,279235;0;3
1990-12-08 11:00:00Z;3,151356;0;3
1990-12-09 11:00:00Z;3,026317;0;3
1990-12-10 11:00:00Z;2,784704;0;3
1990-12-11 11:00:00Z;2,784704;0;3
1990-12-12 11:00:00Z;2,668103;0;3
1990-12-13 11:00:00Z;2,554287;0;3
1990-12-14 11:00:00Z;2,443241;0;3
1990-12-15 11:00:00Z;2,784704;0;3
1990-12-16 11:00:00Z;5,206098;0;3
1990-12-17 11:00:00Z;5,040117;0;3
1990-12-18 11:00:00Z;6,837012;0;3
1990-12-19 11:00:00Z;6,643479;0;3
1990-12-20 11:00:00Z;5,040117;0;3
1990-12-21 11:00:00Z;4,406121;0;3
1990-12-22 11:00:00Z;4,877141;0;3
1990-12-23 11:00:00Z;4,406121;0;3
1990-12-24 11:00:00Z;4,255044;0;3
1990-12-25 11:00:00Z;3,96171;0;3
1990-12-26 11:00:00Z;3,279235;0;3
1990-12-27 11:00:00Z;3,026317;0;3
1990-12-28 11:00:00Z;2,668103;0;3
1990-12-29 11:00:00Z;2,554287;0;3
1990-12-30 11:00:00Z;2,443241;0;3
1990-12-31 11:00:00Z;2,443241;0;3
1991-01-01 11:00:00Z;2,33495;0;3
1991-01-02 11:00:00Z;2,33495;0;3
1991-01-03 11:00:00Z;2,2294;0;3
1991-01-04 11:00:00Z;1,929039;1;3
1991-01-05 11:00:00Z;1,652785;1;3
1991-01-06 11:00:00Z;1,400195;1;3
1991-01-07 11:00:00Z;1,244721;0;3
1991-01-08 11:00:00Z;1,244721;0;3
1991-01-09 11:00:00Z;1,244721;0;3
1991-01-10 11:00:00Z;1,244721;0;3
1991-01-11 11:00:00Z;1,481791;0;3
1991-01-12 11:00:00Z;1,742218;0;3
1991-01-13 11:00:00Z;1,742218;0;3
1991-01-14 11:00:00Z;1,742218;0;3
1991-01-15 11:00:00Z;2,33495;0;3
1991-01-16 11:00:00Z;4,106911;0;3
1991-01-17 11:00:00Z;3,279235;0;3
1991-01-18 11:00:00Z;2,554287;0;3
1991-01-19 11:00:00Z;2,443241;0;3
1991-01-20 11:00:00Z;2,33495;0;3
1991-01-21 11:00:00Z;2,126575;0;3
1991-01-22 11:00:00Z;4,560154;0;3
1991-01-23 11:00:00Z;8,805161;0;3
1991-01-24 11:00:00Z;8,994428;1;3
1991-01-25 11:00:00Z;7,370477;1;3
1991-01-26 11:00:00Z;5,547119;1;3
1991-01-27 11:00:00Z;5,206098;1;3
1991-01-28 11:00:00Z;4,877141;1;3
1991-01-29 11:00:00Z;4,560154;1;3
1991-01-30 11:00:00Z;4,255044;1;3
1991-01-31 11:00:00Z;3,96171;1;3
1991-02-01 11:00:00Z;3,96171;1;3
1991-02-02 11:00:00Z;3,819428;1;3
1991-02-03 11:00:00Z;3,680052;1;3
1991-02-04 11:00:00Z;3,54357;1;3
1991-02-05 11:00:00Z;3,409969;1;3
1991-02-06 11:00:00Z;3,279235;1;3
1991-02-07 11:00:00Z;3,151356;1;3
1991-02-08 11:00:00Z;3,026317;1;3
1991-02-09 11:00:00Z;2,904104;1;3
1991-02-10 11:00:00Z;2,784704;1;3
1991-02-11 11:00:00Z;2,668103;0;3
1991-02-12 11:00:00Z;2,443241;2;3
1991-02-13 11:00:00Z;2,2294;2;3
1991-02-14 11:00:00Z;2,02646;2;3
1991-02-15 11:00:00Z;1,834298;2;3
1991-02-16 11:00:00Z;1,652785;2;3
1991-02-17 11:00:00Z;1,481791;2;3
1991-02-18 11:00:00Z;1,321178;2;3
1991-02-19 11:00:00Z;1,170806;2;3
1991-02-20 11:00:00Z;1,030527;2;3
1991-02-21 11:00:00Z;0,9001881;1;3
1991-02-22 11:00:00Z;0,9001881;2;3
1991-02-23 11:00:00Z;0,9001881;2;3
1991-02-24 11:00:00Z;0,9001881;2;3
1991-02-25 11:00:00Z;0,9001881;2;3
1991-02-26 11:00:00Z;0,9001881;2;3
1991-02-27 11:00:00Z;0,9001881;2;3
1991-02-28 11:00:00Z;0,9001881;1;3
1991-03-01 11:00:00Z;0,9001881;1;3
1991-03-02 11:00:00Z;0,838697;2;3
1991-03-03 11:00:00Z;0,838697;2;3
1991-03-04 11:00:00Z;0,7796305;2;3
1991-03-05 11:00:00Z;0,7229679;1;3
1991-03-06 11:00:00Z;0,7229679;2;3
1991-03-07 11:00:00Z;0,7229679;2;3
1991-03-08 11:00:00Z;0,7229679;2;3
1991-03-09 11:00:00Z;0,7229679;2;3
1991-03-10 11:00:00Z;0,6686874;2;3
1991-03-11 11:00:00Z;0,6686874;2;3
1991-03-12 11:00:00Z;0,6686874;2;3
1991-03-13 11:00:00Z;0,6686874;2;3
1991-03-14 11:00:00Z;0,6686874;2;3
1991-03-15 11:00:00Z;0,6686874;2;3
1991-03-16 11:00:00Z;0,6686874;2;3
1991-03-17 11:00:00Z;0,6167667;2;3
1991-03-18 11:00:00Z;0,6167667;2;3
1991-03-19 11:00:00Z;0,6167667;2;3
1991-03-20 11:00:00Z;0,6167667;2;3
1991-03-21 11:00:00Z;0,6167667;1;3
1991-03-22 11:00:00Z;0,6167667;2;3
1991-03-23 11:00:00Z;0,6167667;2;3
1991-03-24 11:00:00Z;0,6167667;2;3
1991-03-25 11:00:00Z;0,6167667;2;3
1991-03-26 11:00:00Z;0,6167667;2;3
1991-03-27 11:00:00Z;0,6167667;2;3
1991-03-28 11:00:00Z;0,6167667;1;3
1991-03-29 11:00:00Z;0,7796305;2;3
1991-03-30 11:00:00Z;1,030527;2;3
1991-03-31 11:00:00Z;1,244721;1;3
1991-04-01 11:00:00Z;1,652785;1;3
1991-04-02 11:00:00Z;2,554287;2;3
1991-04-03 11:00:00Z;3,819428;2;3
1991-04-04 11:00:00Z;5,206098;2;3
1991-04-05 11:00:00Z;6,837012;2;3
1991-04-06 11:00:00Z;8,618112;2;3
1991-04-07 11:00:00Z;10,38183;0;3
1991-04-08 11:00:00Z;9,974216;0;3
1991-04-09 11:00:00Z;9,773783;0;3
1991-04-10 11:00:00Z;8,250649;0;3
1991-04-11 11:00:00Z;8,994428;0;3
1991-04-12 11:00:00Z;13,97081;0;3
1991-04-13 11:00:00Z;14,21473;0;3
1991-04-14 11:00:00Z;10,58902;0;3
1991-04-15 11:00:00Z;9,575592;0;3
1991-04-16 11:00:00Z;8,618112;0;3
1991-04-17 11:00:00Z;7,715975;0;3
1991-04-18 11:00:00Z;7,370477;0;3
1991-04-19 11:00:00Z;7,200998;0;3
1991-04-20 11:00:00Z;6,837012;0;3
1991-04-21 11:00:00Z;5,900297;0;3
1991-04-22 11:00:00Z;4,560154;0;3
1991-04-23 11:00:00Z;3,819428;0;3
1991-04-24 11:00:00Z;3,279235;0;3
1991-04-25 11:00:00Z;3,026317;0;3
1991-04-26 11:00:00Z;2,904104;0;3
1991-04-27 11:00:00Z;3,026317;0;3
1991-04-28 11:00:00Z;2,784704;0;3
1991-04-29 11:00:00Z;2,668103;0;3
1991-04-30 11:00:00Z;3,151356;0;3
1991-05-01 11:00:00Z;3,279235;0;3
1991-05-02 11:00:00Z;3,279235;0;3
1991-05-03 11:00:00Z;3,151356;0;3
1991-05-04 11:00:00Z;3,026317;0;3
1991-05-05 11:00:00Z;2,784704;0;3
1991-05-06 11:00:00Z;2,33495;0;3
1991-05-07 11:00:00Z;2,02646;0;3
1991-05-08 11:00:00Z;1,929039;0;3
1991-05-09 11:00:00Z;1,742218;0;3
1991-05-10 11:00:00Z;1,742218;0;3
1991-05-11 11:00:00Z;2,784704;0;3
1991-05-12 11:00:00Z;3,680052;0;3
1991-05-13 11:00:00Z;4,255044;0;3
1991-05-14 11:00:00Z;5,900297;0;3
1991-05-15 11:00:00Z;9,185919;0;3
1991-05-16 11:00:00Z;7,715975;0;3
1991-05-17 11:00:00Z;7,715975;0;3
1991-05-18 11:00:00Z;7,892004;0;3
1991-05-19 11:00:00Z;10,1769;0;3
1991-05-20 11:00:00Z;13,01839;0;3
1991-05-21 11:00:00Z;14,70955;0;3
1991-05-22 11:00:00Z;13,72923;0;3
1991-05-23 11:00:00Z;11,44045;0;3
1991-05-24 11:00:00Z;8,433275;0;3
1991-05-25 11:00:00Z;7,542134;0;3
1991-05-26 11:00:00Z;7,542134;0;3
1991-05-27 11:00:00Z;8,805161;0;3
1991-05-28 11:00:00Z;10,1769;0;3
1991-05-29 11:00:00Z;12,32836;0;3
1991-05-30 11:00:00Z;14,70955;0;3
1991-05-31 11:00:00Z;15,98763;0;3
1991-06-01 11:00:00Z;13,01839;0;3
1991-06-02 11:00:00Z;10,58902;0;3
1991-06-03 11:00:00Z;11,0102;0;3
1991-06-04 11:00:00Z;13,48996;0;3
1991-06-05 11:00:00Z;17,32473;0;3
1991-06-06 11:00:00Z;20,77743;0;3
1991-06-07 11:00:00Z;24,24902;0;3
1991-06-08 11:00:00Z;28,37646;0;3
1991-06-09 11:00:00Z;27,31101;0;3
1991-06-10 11:00:00Z;33,39753;0;3
1991-06-11 11:00:00Z;39,93027;0;3
1991-06-12 11:00:00Z;38,78912;0;3
1991-06-13 11:00:00Z;45,95989;0;3
1991-06-14 11:00:00Z;47,87616;0;3
1991-06-15 11:00:00Z;47,87616;0;3
1991-06-16 11:00:00Z;53,2352;0;3
1991-06-17 11:00:00Z;59,70804;0;3
1991-06-18 11:00:00Z;56,05312;0;3
1991-06-19 11:00:00Z;49,84303;0;3
1991-06-20 11:00:00Z;47,23181;0;3
1991-06-21 11:00:00Z;47,87616;0;3
1991-06-22 11:00:00Z;44,09363;0;3
1991-06-23 11:00:00Z;39,93027;0;3
1991-06-24 11:00:00Z;36,57019;0;3
1991-06-25 11:00:00Z;38,78912;0;3
1991-06-26 11:00:00Z;44,09363;0;3
1991-06-27 11:00:00Z;43,48257;0;3
1991-06-28 11:00:00Z;37,66916;0;3
1991-06-29 11:00:00Z;32,88664;0;3
1991-06-30 11:00:00Z;48,52613;0;3
1991-07-01 11:00:00Z;44,71019;0;3
1991-07-02 11:00:00Z;37,11706;0;3
1991-07-03 11:00:00Z;37,66916;0;3
1991-07-04 11:00:00Z;40,50885;0;3
1991-07-05 11:00:00Z;42,87697;0;3
1991-07-06 11:00:00Z;49,84303;0;3
1991-07-07 11:00:00Z;49,84303;0;3
1991-07-08 11:00:00Z;42,27682;0;3
1991-07-09 11:00:00Z;34,96073;0;3
1991-07-10 11:00:00Z;33,39753;0;3
1991-07-11 11:00:00Z;26,96085;0;3
1991-07-12 11:00:00Z;25,92532;0;3
1991-07-13 11:00:00Z;28,37646;0;3
1991-07-14 11:00:00Z;26,96085;0;3
1991-07-15 11:00:00Z;21,69492;0;3
1991-07-16 11:00:00Z;21,08083;0;3
1991-07-17 11:00:00Z;20,17789;0;3
1991-07-18 11:00:00Z;19,58804;0;3
1991-07-19 11:00:00Z;17,59927;0;3
1991-07-20 11:00:00Z;18,15551;0;3
1991-07-21 11:00:00Z;17,59927;0;3
1991-07-22 11:00:00Z;15,21373;0;3
1991-07-23 11:00:00Z;12,78608;0;3
1991-07-24 11:00:00Z;11,44045;0;3
1991-07-25 11:00:00Z;10,58902;0;3
1991-07-26 11:00:00Z;13,97081;0;3
1991-07-27 11:00:00Z;13,25302;0;3
1991-07-28 11:00:00Z;13,01839;0;3
1991-07-29 11:00:00Z;18,72132;0;3
1991-07-30 11:00:00Z;15,98763;0;3
1991-07-31 11:00:00Z;12,55607;0;3
1991-08-01 11:00:00Z;11,22419;0;3
1991-08-02 11:00:00Z;11,87983;0;3
1991-08-03 11:00:00Z;9,773783;0;3
1991-08-04 11:00:00Z;8,618112;0;3
1991-08-05 11:00:00Z;6,265721;0;3
1991-08-06 11:00:00Z;6,081473;0;3
1991-08-07 11:00:00Z;7,370477;0;3
1991-08-08 11:00:00Z;5,900297;0;3
1991-08-09 11:00:00Z;4,877141;0;3
1991-08-10 11:00:00Z;5,040117;0;3
1991-08-11 11:00:00Z;5,722183;0;3
1991-08-12 11:00:00Z;5,375094;0;3
1991-08-13 11:00:00Z;3,96171;0;3
1991-08-14 11:00:00Z;3,279235;0;3
1991-08-15 11:00:00Z;3,54357;0;3
1991-08-16 11:00:00Z;5,206098;0;3
1991-08-17 11:00:00Z;5,547119;0;3
1991-08-18 11:00:00Z;6,643479;0;3
1991-08-19 11:00:00Z;6,265721;0;3
1991-08-20 11:00:00Z;6,643479;0;3
1991-08-21 11:00:00Z;8,433275;0;3
1991-08-22 11:00:00Z;5,722183;0;3
1991-08-23 11:00:00Z;6,265721;0;3
1991-08-24 11:00:00Z;6,081473;0;3
1991-08-25 11:00:00Z;5,375094;0;3
1991-08-26 11:00:00Z;3,680052;0;3
1991-08-27 11:00:00Z;3,026317;0;3
1991-08-28 11:00:00Z;3,151356;0;3
1991-08-29 11:00:00Z;3,026317;0;3
1991-08-30 11:00:00Z;3,409969;0;3
1991-08-31 11:00:00Z;3,409969;0;3
1991-09-01 11:00:00Z;2,784704;1;3
1991-09-02 11:00:00Z;10,79848;2;3
1991-09-03 11:00:00Z;22,95237;2;3
1991-09-04 11:00:00Z;44,71019;0;3
1991-09-05 11:00:00Z;22,95237;0;3
1991-09-06 11:00:00Z;15,21373;0;3
1991-09-07 11:00:00Z;11,87983;0;3
1991-09-08 11:00:00Z;9,974216;0;3
1991-09-09 11:00:00Z;8,805161;0;3
1991-09-10 11:00:00Z;8,070228;0;3
1991-09-11 11:00:00Z;8,070228;0;3
1991-09-12 11:00:00Z;7,03366;0;3
1991-09-13 11:00:00Z;6,453053;0;3
1991-09-14 11:00:00Z;5,722183;0;3
1991-09-15 11:00:00Z;15,46935;0;3
1991-09-16 11:00:00Z;36,02852;0;3
1991-09-17 11:00:00Z;19,00782;0;3
1991-09-18 11:00:00Z;10,38183;0;3
1991-09-19 11:00:00Z;9,773783;0;3
1991-09-20 11:00:00Z;10,1769;0;3
1991-09-21 11:00:00Z;9,185919;0;3
1991-09-22 11:00:00Z;7,200998;0;3
1991-09-23 11:00:00Z;11,44045;0;3
1991-09-24 11:00:00Z;9,974216;0;3
1991-09-25 11:00:00Z;8,250649;0;3
1991-09-26 11:00:00Z;7,200998;0;3
1991-09-27 11:00:00Z;6,081473;0;3
1991-09-28 11:00:00Z;5,206098;0;3
1991-09-29 11:00:00Z;4,717158;0;3
1991-09-30 11:00:00Z;3,96171;0;3
1991-10-01 11:00:00Z;3,279235;0;3
1991-10-02 11:00:00Z;3,96171;0;3
1991-10-03 11:00:00Z;4,106911;0;3
1991-10-04 11:00:00Z;3,680052;0;3
1991-10-05 11:00:00Z;3,680052;0;3
1991-10-06 11:00:00Z;3,54357;0;3
1991-10-07 11:00:00Z;3,96171;0;3
1991-10-08 11:00:00Z;4,406121;0;3
1991-10-09 11:00:00Z;4,560154;0;3
1991-10-10 11:00:00Z;5,900297;0;3
1991-10-11 11:00:00Z;5,206098;0;3
1991-10-12 11:00:00Z;7,892004;0;3
1991-10-13 11:00:00Z;11,22419;0;3
1991-10-14 11:00:00Z;11,659;0;3
1991-10-15 11:00:00Z;8,070228;0;3
1991-10-16 11:00:00Z;5,900297;0;3
1991-10-17 11:00:00Z;7,03366;0;3
1991-10-18 11:00:00Z;12,10295;0;3
1991-10-19 11:00:00Z;5,375094;0;3
1991-10-20 11:00:00Z;4,877141;0;3
1991-10-21 11:00:00Z;5,040117;0;3
1991-10-22 11:00:00Z;4,406121;0;3
1991-10-23 11:00:00Z;4,406121;0;3
1991-10-24 11:00:00Z;4,717158;0;3
1991-10-25 11:00:00Z;6,265721;0;3
1991-10-26 11:00:00Z;5,900297;0;3
1991-10-27 11:00:00Z;5,375094;0;3
1991-10-28 11:00:00Z;4,406121;0;3
1991-10-29 11:00:00Z;3,680052;0;3
1991-10-30 11:00:00Z;3,680052;0;3
1991-10-31 11:00:00Z;4,717158;0;3
1991-11-01 11:00:00Z;3,279235;0;3
1991-11-02 11:00:00Z;3,279235;0;3
1991-11-03 11:00:00Z;2,784704;0;3
1991-11-04 11:00:00Z;2,668103;0;3
1991-11-05 11:00:00Z;2,554287;0;3
1991-11-06 11:00:00Z;3,151356;0;3
1991-11-07 11:00:00Z;5,040117;0;3
1991-11-08 11:00:00Z;6,265721;0;3
1991-11-09 11:00:00Z;6,453053;0;3
1991-11-10 11:00:00Z;6,643479;0;3
1991-11-11 11:00:00Z;7,03366;0;3
1991-11-12 11:00:00Z;7,370477;0;3
1991-11-13 11:00:00Z;5,206098;0;3
1991-11-14 11:00:00Z;3,026317;0;3
1991-11-15 11:00:00Z;2,668103;0;3
1991-11-16 11:00:00Z;2,668103;0;3
1991-11-17 11:00:00Z;2,668103;0;3
1991-11-18 11:00:00Z;2,554287;0;3
1991-11-19 11:00:00Z;2,554287;0;3
1991-11-20 11:00:00Z;2,554287;0;3
1991-11-21 11:00:00Z;2,443241;0;3
1991-11-22 11:00:00Z;2,33495;0;3
1991-11-23 11:00:00Z;2,126575;0;3
1991-11-24 11:00:00Z;9,185919;0;3
1991-11-25 11:00:00Z;32,3808;0;3
1991-11-26 11:00:00Z;26,26801;0;3
1991-11-27 11:00:00Z;18,43722;0;3
1991-11-28 11:00:00Z;11,44045;0;3
1991-11-29 11:00:00Z;8,805161;0;3
1991-11-30 11:00:00Z;6,453053;0;3
1991-12-01 11:00:00Z;8,070228;0;3
1991-12-02 11:00:00Z;7,370477;2;3
1991-12-03 11:00:00Z;6,453053;2;3
1991-12-04 11:00:00Z;5,722183;2;3
1991-12-05 11:00:00Z;4,877141;2;3
1991-12-06 11:00:00Z;4,255044;0;3
1991-12-07 11:00:00Z;4,406121;0;3
1991-12-08 11:00:00Z;3,819428;0;3
1991-12-09 11:00:00Z;3,279235;0;3
1991-12-10 11:00:00Z;3,026317;0;3
1991-12-11 11:00:00Z;4,560154;0;3
1991-12-12 11:00:00Z;3,96171;0;3
1991-12-13 11:00:00Z;2,784704;0;3
1991-12-14 11:00:00Z;3,279235;0;3
1991-12-15 11:00:00Z;3,96171;0;3
1991-12-16 11:00:00Z;4,255044;0;3
1991-12-17 11:00:00Z;5,375094;0;3
1991-12-18 11:00:00Z;5,722183;0;3
1991-12-19 11:00:00Z;5,900297;0;3
1991-12-20 11:00:00Z;6,081473;0;3
1991-12-21 11:00:00Z;6,453053;0;3
1991-12-22 11:00:00Z;6,837012;0;3
1991-12-23 11:00:00Z;7,892004;0;3
1991-12-24 11:00:00Z;8,433275;0;3
1991-12-25 11:00:00Z;8,433275;0;3
1991-12-26 11:00:00Z;8,618112;0;3
1991-12-27 11:00:00Z;8,433275;0;3
1991-12-28 11:00:00Z;8,070228;0;3
1991-12-29 11:00:00Z;9,575592;0;3
1991-12-30 11:00:00Z;8,433275;0;3
1991-12-31 11:00:00Z;8,070228;0;3
1992-01-01 11:00:00Z;7,715975;0;3
1992-01-02 11:00:00Z;5,722183;0;3
1992-01-03 11:00:00Z;5,040117;0;3
1992-01-04 11:00:00Z;4,255044;0;3
1992-01-05 11:00:00Z;4,106911;0;3
1992-01-06 11:00:00Z;4,106911;0;3
1992-01-07 11:00:00Z;4,106911;0;3
1992-01-08 11:00:00Z;4,106911;0;3
1992-01-09 11:00:00Z;4,106911;0;3
1992-01-10 11:00:00Z;4,106911;0;3
1992-01-11 11:00:00Z;4,106911;0;3
1992-01-12 11:00:00Z;4,106911;0;3
1992-01-13 11:00:00Z;4,106911;0;3
1992-01-14 11:00:00Z;4,255044;0;3
1992-01-15 11:00:00Z;7,03366;0;3
1992-01-16 11:00:00Z;5,375094;0;3
1992-01-17 11:00:00Z;4,877141;0;3
1992-01-18 11:00:00Z;5,040117;0;3
1992-01-19 11:00:00Z;4,406121;0;3
1992-01-20 11:00:00Z;4,106911;0;3
1992-01-21 11:00:00Z;4,106911;0;3
1992-01-22 11:00:00Z;4,106911;0;3
1992-01-23 11:00:00Z;3,96171;0;3
1992-01-24 11:00:00Z;3,819428;0;3
1992-01-25 11:00:00Z;3,680052;0;3
1992-01-26 11:00:00Z;3,680052;0;3
1992-01-27 11:00:00Z;7,892004;0;3
1992-01-28 11:00:00Z;21,69492;0;3
1992-01-29 11:00:00Z;23,27284;0;3
1992-01-30 11:00:00Z;20,47645;0;3
1992-01-31 11:00:00Z;18,43722;0;3
1992-02-01 11:00:00Z;16,78278;0;3
1992-02-02 11:00:00Z;15,21373;0;3
1992-02-03 11:00:00Z;12,32836;0;3
1992-02-04 11:00:00Z;10,58902;0;3
1992-02-05 11:00:00Z;9,575592;0;3
1992-02-06 11:00:00Z;9,185919;0;3
1992-02-07 11:00:00Z;10,38183;0;3
1992-02-08 11:00:00Z;11,0102;0;3
1992-02-09 11:00:00Z;8,994428;0;3
1992-02-10 11:00:00Z;8,070228;0;3
1992-02-11 11:00:00Z;7,542134;0;3
1992-02-12 11:00:00Z;6,837012;0;3
1992-02-13 11:00:00Z;6,453053;0;3
1992-02-14 11:00:00Z;6,081473;0;3
1992-02-15 11:00:00Z;5,900297;0;3
1992-02-16 11:00:00Z;5,722183;0;3
1992-02-17 11:00:00Z;5,547119;0;3
1992-02-18 11:00:00Z;5,040117;0;3
1992-02-19 11:00:00Z;4,560154;0;3
1992-02-20 11:00:00Z;4,255044;0;3
1992-02-21 11:00:00Z;4,106911;0;3
1992-02-22 11:00:00Z;4,106911;0;3
1992-02-23 11:00:00Z;4,106911;0;3
1992-02-24 11:00:00Z;4,106911;0;3
1992-02-25 11:00:00Z;4,106911;0;3
1992-02-26 11:00:00Z;4,106911;0;3
1992-02-27 11:00:00Z;4,106911;0;3
1992-02-28 11:00:00Z;4,106911;0;3
1992-02-29 11:00:00Z;4,106911;0;3
1992-03-01 11:00:00Z;4,560154;0;3
1992-03-02 11:00:00Z;5,040117;0;3
1992-03-03 11:00:00Z;4,255044;0;3
1992-03-04 11:00:00Z;4,106911;0;3
1992-03-05 11:00:00Z;4,560154;1;3
1992-03-06 11:00:00Z;4,877141;1;3
1992-03-07 11:00:00Z;5,375094;1;3
1992-03-08 11:00:00Z;4,877141;1;3
1992-03-09 11:00:00Z;4,560154;1;3
1992-03-10 11:00:00Z;3,151356;0;3
1992-03-11 11:00:00Z;2,904104;2;3
1992-03-12 11:00:00Z;2,784704;2;3
1992-03-13 11:00:00Z;2,554287;2;3
1992-03-14 11:00:00Z;2,33495;2;3
1992-03-15 11:00:00Z;2,2294;2;3
1992-03-16 11:00:00Z;2,02646;2;3
1992-03-17 11:00:00Z;1,929039;2;3
1992-03-18 11:00:00Z;1,742218;2;3
1992-03-19 11:00:00Z;2,554287;1;3
1992-03-20 11:00:00Z;2,02646;1;3
1992-03-21 11:00:00Z;1,321178;1;3
1992-03-22 11:00:00Z;1,321178;1;3
1992-03-23 11:00:00Z;1,244721;1;3
1992-03-24 11:00:00Z;1,244721;1;3
1992-03-25 11:00:00Z;1,170806;1;3
1992-03-26 11:00:00Z;1,170806;1;3
1992-03-27 11:00:00Z;1,030527;1;3
1992-03-28 11:00:00Z;1,030527;1;3
1992-03-29 11:00:00Z;0,9641246;1;3
1992-03-30 11:00:00Z;0,9641246;1;3
1992-03-31 11:00:00Z;0,9001881;1;3
1992-04-01 11:00:00Z;0,838697;1;3
1992-04-02 11:00:00Z;0,838697;2;3
1992-04-03 11:00:00Z;0,7796305;2;3
1992-04-04 11:00:00Z;0,7796305;2;3
1992-04-05 11:00:00Z;0,7796305;2;3
1992-04-06 11:00:00Z;0,7229679;2;3
1992-04-07 11:00:00Z;0,7229679;2;3
1992-04-08 11:00:00Z;0,7229679;2;3
1992-04-09 11:00:00Z;0,6686874;2;3
1992-04-10 11:00:00Z;0,6686874;2;3
1992-04-11 11:00:00Z;0,6167667;2;3
1992-04-12 11:00:00Z;0,6167667;2;3
1992-04-13 11:00:00Z;0,6167667;2;3
1992-04-14 11:00:00Z;0,5671835;2;3
1992-04-15 11:00:00Z;0,5671835;2;3
1992-04-16 11:00:00Z;0,5671835;2;3
1992-04-17 11:00:00Z;0,5199142;2;3
1992-04-18 11:00:00Z;0,5199142;2;3
1992-04-19 11:00:00Z;0,5199142;2;3
1992-04-20 11:00:00Z;0,4749349;2;3
1992-04-21 11:00:00Z;0,4749349;1;3
1992-04-22 11:00:00Z;0,4749349;2;3
1992-04-23 11:00:00Z;0,4322211;2;3
1992-04-24 11:00:00Z;0,4322211;2;3
1992-04-25 11:00:00Z;0,4322211;2;3
1992-04-26 11:00:00Z;0,4322211;2;3
1992-04-27 11:00:00Z;0,3917474;2;3
1992-04-28 11:00:00Z;0,3917474;1;3
1992-04-29 11:00:00Z;0,6167667;1;3
1992-04-30 11:00:00Z;0,9001881;1;3
1992-05-01 11:00:00Z;1,652785;1;3
1992-05-02 11:00:00Z;1,929039;2;3
1992-05-03 11:00:00Z;2,2294;2;3
1992-05-04 11:00:00Z;2,554287;2;3
1992-05-05 11:00:00Z;2,904104;0;3
1992-05-06 11:00:00Z;4,406121;0;3
1992-05-07 11:00:00Z;5,040117;0;3
1992-05-08 11:00:00Z;3,96171;0;3
1992-05-09 11:00:00Z;3,151356;0;3
1992-05-10 11:00:00Z;2,904104;0;3
1992-05-11 11:00:00Z;2,784704;0;3
1992-05-12 11:00:00Z;2,554287;0;3
1992-05-13 11:00:00Z;2,443241;0;3
1992-05-14 11:00:00Z;2,33495;0;3
1992-05-15 11:00:00Z;6,453053;0;3
1992-05-16 11:00:00Z;11,87983;0;3
1992-05-17 11:00:00Z;9,974216;0;3
1992-05-18 11:00:00Z;10,58902;0;3
1992-05-19 11:00:00Z;13,25302;0;3
1992-05-20 11:00:00Z;19,58804;0;3
1992-05-21 11:00:00Z;28,01881;0;3
1992-05-22 11:00:00Z;30,40752;0;3
1992-05-23 11:00:00Z;37,66916;0;3
1992-05-24 11:00:00Z;37,11706;0;3
1992-05-25 11:00:00Z;31,87999;0;3
1992-05-26 11:00:00Z;30,40752;0;3
1992-05-27 11:00:00Z;29,9266;0;3
1992-05-28 11:00:00Z;32,3808;0;3
1992-05-29 11:00:00Z;40,50885;0;3
1992-05-30 11:00:00Z;47,23181;0;3
1992-05-31 11:00:00Z;51,86109;0;3
1992-06-01 11:00:00Z;50,51;0;3
1992-06-02 11:00:00Z;51,18268;0;3
1992-06-03 11:00:00Z;56,05312;0;3
1992-06-04 11:00:00Z;66,66602;0;3
1992-06-05 11:00:00Z;71,58182;0;3
1992-06-06 11:00:00Z;58,22826;0;3
1992-06-07 11:00:00Z;60,45691;0;3
1992-06-08 11:00:00Z;61,97269;0;3
1992-06-09 11:00:00Z;65,07708;0;3
1992-06-10 11:00:00Z;66,66602;0;3
1992-06-11 11:00:00Z;63,51271;0;3
1992-06-12 11:00:00Z;69,09582;0;3
1992-06-13 11:00:00Z;80,28165;0;3
1992-06-14 11:00:00Z;92,56893;0;3
1992-06-15 11:00:00Z;79,38269;0;3
1992-06-16 11:00:00Z;60,45691;0;3
1992-06-17 11:00:00Z;38,78912;0;3
1992-06-18 11:00:00Z;31,38419;0;3
1992-06-19 11:00:00Z;30,40752;0;3
1992-06-20 11:00:00Z;40,50885;0;3
1992-06-21 11:00:00Z;43,48257;0;3
1992-06-22 11:00:00Z;28,01881;0;3
1992-06-23 11:00:00Z;19,29672;0;3
1992-06-24 11:00:00Z;16,78278;0;3
1992-06-25 11:00:00Z;18,15551;0;3
1992-06-26 11:00:00Z;23,92117;0;3
1992-06-27 11:00:00Z;30,40752;0;3
1992-06-28 11:00:00Z;32,88664;0;3
1992-06-29 11:00:00Z;29,9266;0;3
1992-06-30 11:00:00Z;26,61319;0;3
1992-07-01 11:00:00Z;25,24738;0;3
1992-07-02 11:00:00Z;23,27284;0;3
1992-07-03 11:00:00Z;23,27284;0;3
1992-07-04 11:00:00Z;21,69492;0;3
1992-07-05 11:00:00Z;23,27284;0;3
1992-07-06 11:00:00Z;22,95237;0;3
1992-07-07 11:00:00Z;19,29672;0;3
1992-07-08 11:00:00Z;19,29672;0;3
1992-07-09 11:00:00Z;23,27284;0;3
1992-07-10 11:00:00Z;24,24902;0;3
1992-07-11 11:00:00Z;22,63434;0;3
1992-07-12 11:00:00Z;21,69492;0;3
1992-07-13 11:00:00Z;31,87999;0;3
1992-07-14 11:00:00Z;41,09278;0;3
1992-07-15 11:00:00Z;32,88664;0;3
1992-07-16 11:00:00Z;42,87697;0;3
1992-07-17 11:00:00Z;32,88664;0;3
1992-07-18 11:00:00Z;22,63434;0;3
1992-07-19 11:00:00Z;27,66366;0;3
1992-07-20 11:00:00Z;33,91349;0;3
1992-07-21 11:00:00Z;31,38419;0;3
1992-07-22 11:00:00Z;33,39753;0;3
1992-07-23 11:00:00Z;39,93027;0;3
1992-07-24 11:00:00Z;33,39753;0;3
1992-07-25 11:00:00Z;28,01881;0;3
1992-07-26 11:00:00Z;27,66366;0;3
1992-07-27 11:00:00Z;54,63248;0;3
1992-07-28 11:00:00Z;42,87697;0;3
1992-07-29 11:00:00Z;25,58511;0;3
1992-07-30 11:00:00Z;21,08083;0;3
1992-07-31 11:00:00Z;20,47645;0;3
1992-08-01 11:00:00Z;20,47645;0;3
1992-08-02 11:00:00Z;16,51536;0;3
1992-08-03 11:00:00Z;18,15551;0;3
1992-08-04 11:00:00Z;20,17789;0;3
1992-08-05 11:00:00Z;19,00782;0;3
1992-08-06 11:00:00Z;17,32473;0;3
1992-08-07 11:00:00Z;15,46935;0;3
1992-08-08 11:00:00Z;18,43722;0;3
1992-08-09 11:00:00Z;17,59927;0;3
1992-08-10 11:00:00Z;11,22419;0;3
1992-08-11 11:00:00Z;17,59927;0;3
1992-08-12 11:00:00Z;20,47645;0;3
1992-08-13 11:00:00Z;13,72923;0;3
1992-08-14 11:00:00Z;12,78608;0;3
1992-08-15 11:00:00Z;13,48996;0;3
1992-08-16 11:00:00Z;11,659;0;3
1992-08-17 11:00:00Z;9,575592;0;3
1992-08-18 11:00:00Z;9,185919;0;3
1992-08-19 11:00:00Z;9,974216;0;3
1992-08-20 11:00:00Z;10,1769;0;3
1992-08-21 11:00:00Z;8,618112;0;3
1992-08-22 11:00:00Z;8,250649;0;3
1992-08-23 11:00:00Z;8,250649;0;3
1992-08-24 11:00:00Z;7,892004;0;3
1992-08-25 11:00:00Z;8,070228;0;3
1992-08-26 11:00:00Z;7,892004;0;3
1992-08-27 11:00:00Z;8,070228;0;3
1992-08-28 11:00:00Z;7,542134;0;3
1992-08-29 11:00:00Z;7,542134;0;3
1992-08-30 11:00:00Z;8,805161;0;3
1992-08-31 11:00:00Z;7,200998;0;3
1992-09-01 11:00:00Z;6,837012;0;3
1992-09-02 11:00:00Z;6,837012;0;3
1992-09-03 11:00:00Z;5,375094;0;3
1992-09-04 11:00:00Z;5,040117;0;3
1992-09-05 11:00:00Z;5,206098;0;3
1992-09-06 11:00:00Z;4,560154;0;3
1992-09-07 11:00:00Z;3,680052;0;3
1992-09-08 11:00:00Z;3,026317;0;3
1992-09-09 11:00:00Z;2,904104;0;3
1992-09-10 11:00:00Z;2,904104;0;3
1992-09-11 11:00:00Z;4,255044;0;3
1992-09-12 11:00:00Z;5,722183;0;3
1992-09-13 11:00:00Z;7,200998;0;3
1992-09-14 11:00:00Z;5,375094;0;3
1992-09-15 11:00:00Z;3,96171;0;3
1992-09-16 11:00:00Z;6,081473;0;3
1992-09-17 11:00:00Z;5,900297;0;3
1992-09-18 11:00:00Z;4,406121;0;3
1992-09-19 11:00:00Z;3,819428;0;3
1992-09-20 11:00:00Z;3,151356;0;3
1992-09-21 11:00:00Z;2,784704;0;3
1992-09-22 11:00:00Z;2,554287;0;3
1992-09-23 11:00:00Z;2,554287;0;3
1992-09-24 11:00:00Z;3,409969;0;3
1992-09-25 11:00:00Z;4,406121;0;3
1992-09-26 11:00:00Z;4,560154;0;3
1992-09-27 11:00:00Z;3,819428;0;3
1992-09-28 11:00:00Z;3,026317;0;3
1992-09-29 11:00:00Z;2,443241;0;3
1992-09-30 11:00:00Z;2,126575;0;3
1992-10-01 11:00:00Z;2,126575;0;3
1992-10-02 11:00:00Z;2,02646;0;3
1992-10-03 11:00:00Z;2,02646;0;3
1992-10-04 11:00:00Z;2,02646;0;3
1992-10-05 11:00:00Z;2,126575;0;3
1992-10-06 11:00:00Z;13,97081;0;3
1992-10-07 11:00:00Z;13,48996;0;3
1992-10-08 11:00:00Z;27,66366;0;3
1992-10-09 11:00:00Z;17,32473;0;3
1992-10-10 11:00:00Z;10,38183;0;3
1992-10-11 11:00:00Z;6,643479;0;3
1992-10-12 11:00:00Z;6,265721;0;3
1992-10-13 11:00:00Z;4,877141;0;3
1992-10-14 11:00:00Z;4,255044;0;3
1992-10-15 11:00:00Z;4,255044;0;3
1992-10-16 11:00:00Z;5,547119;0;3
1992-10-17 11:00:00Z;6,081473;0;3
1992-10-18 11:00:00Z;4,717158;0;3
1992-10-19 11:00:00Z;3,026317;0;3
1992-10-20 11:00:00Z;2,33495;0;3
1992-10-21 11:00:00Z;2,126575;2;3
1992-10-22 11:00:00Z;2,02646;2;3
1992-10-23 11:00:00Z;1,834298;2;3
1992-10-24 11:00:00Z;1,652785;2;3
1992-10-25 11:00:00Z;1,481791;2;3
1992-10-26 11:00:00Z;1,400195;2;3
1992-10-27 11:00:00Z;1,244721;1;3
1992-10-28 11:00:00Z;1,244721;1;3
1992-10-29 11:00:00Z;1,244721;1;3
1992-10-30 11:00:00Z;1,170806;1;3
1992-10-31 11:00:00Z;1,099414;1;3
1992-11-01 11:00:00Z;1,030527;1;3
1992-11-02 11:00:00Z;1,030527;1;3
1992-11-03 11:00:00Z;0,9641246;1;3
1992-11-04 11:00:00Z;0,9641246;0;3
1992-11-05 11:00:00Z;0,838697;0;3
1992-11-06 11:00:00Z;0,838697;0;3
1992-11-07 11:00:00Z;0,838697;0;3
1992-11-08 11:00:00Z;0,7796305;0;3
1992-11-09 11:00:00Z;0,7229679;0;3
1992-11-10 11:00:00Z;0,6686874;0;3
1992-11-11 11:00:00Z;0,6686874;0;3
1992-11-12 11:00:00Z;0,6686874;0;3
1992-11-13 11:00:00Z;0,6686874;0;3
1992-11-14 11:00:00Z;0,6686874;0;3
1992-11-15 11:00:00Z;0,6167667;0;3
1992-11-16 11:00:00Z;0,6167667;0;3
1992-11-17 11:00:00Z;0,5671835;0;3
1992-11-18 11:00:00Z;0,5199142;0;3
1992-11-19 11:00:00Z;0,4322211;0;3
1992-11-20 11:00:00Z;0,4322211;0;3
1992-11-21 11:00:00Z;0,4322211;0;3
1992-11-22 11:00:00Z;0,4322211;0;3
1992-11-23 11:00:00Z;0,4322211;0;3
1992-11-24 11:00:00Z;0,3534874;0;3
1992-11-25 11:00:00Z;0,3174143;0;3
1992-11-26 11:00:00Z;0,3174143;0;3
1992-11-27 11:00:00Z;0,3174143;0;3
1992-11-28 11:00:00Z;0,3174143;0;3
1992-11-29 11:00:00Z;0,2835001;0;3
1992-11-30 11:00:00Z;0,2517157;0;3
1992-12-01 11:00:00Z;0,2517157;0;3
1992-12-02 11:00:00Z;0,2517157;0;3
1992-12-03 11:00:00Z;0,2517157;0;3
1992-12-04 11:00:00Z;0,2517157;0;3
1992-12-05 11:00:00Z;0,2517157;0;3
1992-12-06 11:00:00Z;0,2517157;0;3
1992-12-07 11:00:00Z;0,2517157;0;3
1992-12-08 11:00:00Z;0,2517157;0;3
1992-12-09 11:00:00Z;0,2517157;0;3
1992-12-10 11:00:00Z;3,279235;0;3
1992-12-11 11:00:00Z;2,33495;0;3
1992-12-12 11:00:00Z;2,02646;0;3
1992-12-13 11:00:00Z;2,443241;0;3
1992-12-14 11:00:00Z;1,742218;0;3
1992-12-15 11:00:00Z;1,400195;0;3
1992-12-16 11:00:00Z;1,321178;0;3
1992-12-17 11:00:00Z;1,321178;0;3
1992-12-18 11:00:00Z;1,321178;0;3
1992-12-19 11:00:00Z;1,244721;0;3
1992-12-20 11:00:00Z;1,244721;0;3
1992-12-21 11:00:00Z;1,244721;0;3
1992-12-22 11:00:00Z;1,244721;0;3
1992-12-23 11:00:00Z;1,834298;0;3
1992-12-24 11:00:00Z;5,722183;0;3
1992-12-25 11:00:00Z;3,680052;0;3
1992-12-26 11:00:00Z;3,54357;0;3
1992-12-27 11:00:00Z;2,554287;0;3
1992-12-28 11:00:00Z;6,081473;0;3
1992-12-29 11:00:00Z;12,55607;0;3
1992-12-30 11:00:00Z;10,79848;0;3
1992-12-31 11:00:00Z;7,542134;0;3
1993-01-01 11:00:00Z;5,206098;0;3
1993-01-02 11:00:00Z;7,200998;0;3
1993-01-03 11:00:00Z;11,0102;0;3
1993-01-04 11:00:00Z;6,643479;0;3
1993-01-05 11:00:00Z;4,106911;0;3
1993-01-06 11:00:00Z;3,026317;0;3
1993-01-07 11:00:00Z;2,443241;0;3
1993-01-08 11:00:00Z;2,126575;0;3
1993-01-09 11:00:00Z;1,742218;0;3
1993-01-10 11:00:00Z;1,565981;0;3
1993-01-11 11:00:00Z;1,565981;0;3
1993-01-12 11:00:00Z;1,481791;0;3
1993-01-13 11:00:00Z;1,481791;0;3
1993-01-14 11:00:00Z;1,321178;0;3
1993-01-15 11:00:00Z;1,321178;0;3
1993-01-16 11:00:00Z;1,321178;0;3
1993-01-17 11:00:00Z;1,321178;0;3
1993-01-18 11:00:00Z;1,321178;0;3
1993-01-19 11:00:00Z;1,321178;0;3
1993-01-20 11:00:00Z;1,321178;0;3
1993-01-21 11:00:00Z;1,321178;0;3
1993-01-22 11:00:00Z;1,321178;0;3
1993-01-23 11:00:00Z;1,244721;0;3
1993-01-24 11:00:00Z;1,244721;0;3
1993-01-25 11:00:00Z;1,244721;0;3
1993-01-26 11:00:00Z;1,244721;0;3
1993-01-27 11:00:00Z;1,244721;0;3
1993-01-28 11:00:00Z;1,244721;0;3
1993-01-29 11:00:00Z;1,244721;0;3
1993-01-30 11:00:00Z;1,244721;0;3
1993-01-31 11:00:00Z;1,170806;0;3
1993-02-01 11:00:00Z;2,126575;1;3
1993-02-02 11:00:00Z;8,805161;1;3
1993-02-03 11:00:00Z;9,185919;1;3
1993-02-04 11:00:00Z;8,805161;1;3
1993-02-05 11:00:00Z;9,575592;1;3
1993-02-06 11:00:00Z;10,58902;1;3
1993-02-07 11:00:00Z;10,58902;1;3
1993-02-08 11:00:00Z;10,1769;1;3
1993-02-09 11:00:00Z;11,22419;1;3
1993-02-10 11:00:00Z;9,974216;0;3
1993-02-11 11:00:00Z;6,265721;0;3
1993-02-12 11:00:00Z;5,547119;0;3
1993-02-13 11:00:00Z;4,877141;0;3
1993-02-14 11:00:00Z;4,560154;0;3
1993-02-15 11:00:00Z;4,255044;0;3
1993-02-16 11:00:00Z;3,819428;0;3
1993-02-17 11:00:00Z;3,54357;0;3
1993-02-18 11:00:00Z;3,409969;0;3
1993-02-19 11:00:00Z;3,279235;0;3
1993-02-20 11:00:00Z;2,904104;0;3
1993-02-21 11:00:00Z;2,554287;0;3
1993-02-22 11:00:00Z;2,33495;0;3
1993-02-23 11:00:00Z;2,33495;0;3
1993-02-24 11:00:00Z;2,33495;0;3
1993-02-25 11:00:00Z;1,834298;0;3
1993-02-26 11:00:00Z;1,565981;0;3
1993-02-27 11:00:00Z;1,481791;0;3
1993-02-28 11:00:00Z;1,400195;0;3
1993-03-01 11:00:00Z;1,400195;0;3
1993-03-02 11:00:00Z;1,321178;0;3
1993-03-03 11:00:00Z;1,244721;0;3
1993-03-04 11:00:00Z;1,244721;0;3
1993-03-05 11:00:00Z;1,170806;0;3
1993-03-06 11:00:00Z;1,170806;0;3
1993-03-07 11:00:00Z;1,170806;0;3
1993-03-08 11:00:00Z;1,099414;0;3
1993-03-09 11:00:00Z;1,099414;0;3
1993-03-10 11:00:00Z;1,099414;0;3
1993-03-11 11:00:00Z;1,030527;0;3
1993-03-12 11:00:00Z;1,030527;0;3
1993-03-13 11:00:00Z;1,321178;0;3
1993-03-14 11:00:00Z;11,22419;1;3
1993-03-15 11:00:00Z;13,48996;1;3
1993-03-16 11:00:00Z;12,78608;1;3
1993-03-17 11:00:00Z;11,22419;1;3
1993-03-18 11:00:00Z;11,22419;1;3
1993-03-19 11:00:00Z;11,0102;1;3
1993-03-20 11:00:00Z;10,58902;1;3
1993-03-21 11:00:00Z;9,379639;1;3
1993-03-22 11:00:00Z;4,877141;1;3
1993-03-23 11:00:00Z;2,33495;1;3
1993-03-24 11:00:00Z;1,565981;1;3
1993-03-25 11:00:00Z;1,099414;1;3
1993-03-26 11:00:00Z;0,7796305;1;3
1993-03-27 11:00:00Z;0,5199142;1;3
1993-03-28 11:00:00Z;0,5199142;1;3
1993-03-29 11:00:00Z;0,5199142;1;3
1993-03-30 11:00:00Z;0,5199142;1;3
1993-03-31 11:00:00Z;0,5199142;1;3
1993-04-01 11:00:00Z;0,5199142;1;3
1993-04-02 11:00:00Z;0,4749349;1;3
1993-04-03 11:00:00Z;0,4749349;1;3
1993-04-04 11:00:00Z;0,4322211;1;3
1993-04-05 11:00:00Z;0,4322211;1;3
1993-04-06 11:00:00Z;0,4322211;1;3
1993-04-07 11:00:00Z;0,3917474;1;3
1993-04-08 11:00:00Z;0,3917474;1;3
1993-04-09 11:00:00Z;0,3917474;1;3
1993-04-10 11:00:00Z;0,3917474;1;3
1993-04-11 11:00:00Z;0,3917474;1;3
1993-04-12 11:00:00Z;0,3917474;1;3
1993-04-13 11:00:00Z;0,3917474;1;3
1993-04-14 11:00:00Z;0,3917474;1;3
1993-04-15 11:00:00Z;0,3174143;1;3
1993-04-16 11:00:00Z;0,3174143;1;3
1993-04-17 11:00:00Z;0,3174143;1;3
1993-04-18 11:00:00Z;0,3534874;1;3
1993-04-19 11:00:00Z;0,4322211;1;3
1993-04-20 11:00:00Z;0,4749349;1;3
1993-04-21 11:00:00Z;0,9001881;1;3
1993-04-22 11:00:00Z;0,9001881;1;3
1993-04-23 11:00:00Z;1,652785;1;3
1993-04-24 11:00:00Z;2,668103;1;3
1993-04-25 11:00:00Z;14,70955;0;3
1993-04-26 11:00:00Z;17,32473;0;3
1993-04-27 11:00:00Z;16,78278;0;3
1993-04-28 11:00:00Z;17,05256;0;3
1993-04-29 11:00:00Z;15,46935;0;3
1993-04-30 11:00:00Z;18,15551;0;3
1993-05-01 11:00:00Z;20,77743;0;3
1993-05-02 11:00:00Z;21,08083;0;3
1993-05-03 11:00:00Z;20,47645;0;3
1993-05-04 11:00:00Z;15,72731;0;3
1993-05-05 11:00:00Z;13,48996;0;3
1993-05-06 11:00:00Z;13,48996;0;3
1993-05-07 11:00:00Z;13,97081;0;3
1993-05-08 11:00:00Z;22,31875;0;3
1993-05-09 11:00:00Z;22,63434;0;3
1993-05-10 11:00:00Z;22,00562;0;3
1993-05-11 11:00:00Z;20,77743;0;3
1993-05-12 11:00:00Z;19,58804;0;3
1993-05-13 11:00:00Z;15,46935;0;3
1993-05-14 11:00:00Z;12,55607;0;3
1993-05-15 11:00:00Z;11,0102;0;3
1993-05-16 11:00:00Z;15,98763;0;3
1993-05-17 11:00:00Z;26,96085;0;3
1993-05-18 11:00:00Z;32,88664;0;3
1993-05-19 11:00:00Z;39,35704;0;3
1993-05-20 11:00:00Z;47,23181;0;3
1993-05-21 11:00:00Z;56,05312;0;3
1993-05-22 11:00:00Z;54,63248;0;3
1993-05-23 11:00:00Z;49,84303;0;3
1993-05-24 11:00:00Z;37,11706;0;3
1993-05-25 11:00:00Z;23,92117;0;3
1993-05-26 11:00:00Z;17,59927;0;3
1993-05-27 11:00:00Z;15,21373;0;3
1993-05-28 11:00:00Z;13,72923;0;3
1993-05-29 11:00:00Z;13,97081;0;3
1993-05-30 11:00:00Z;14,96047;0;3
1993-05-31 11:00:00Z;15,21373;0;3
1993-06-01 11:00:00Z;17,32473;1;3
1993-06-02 11:00:00Z;19,58804;0;3
1993-06-03 11:00:00Z;20,47645;0;3
1993-06-04 11:00:00Z;18,72132;0;3
1993-06-05 11:00:00Z;20,17789;0;3
1993-06-06 11:00:00Z;21,69492;0;3
1993-06-07 11:00:00Z;20,47645;0;3
1993-06-08 11:00:00Z;18,72132;0;3
1993-06-09 11:00:00Z;16,25031;0;3
1993-06-10 11:00:00Z;17,32473;0;3
1993-06-11 11:00:00Z;20,77743;0;3
1993-06-12 11:00:00Z;24,24902;0;3
1993-06-13 11:00:00Z;23,59578;0;3
1993-06-14 11:00:00Z;19,00782;0;3
1993-06-15 11:00:00Z;16,25031;0;3
1993-06-16 11:00:00Z;19,00782;0;3
1993-06-17 11:00:00Z;24,24902;0;3
1993-06-18 11:00:00Z;30,89337;0;3
1993-06-19 11:00:00Z;29,9266;0;3
1993-06-20 11:00:00Z;29,46446;0;3
1993-06-21 11:00:00Z;28,73661;0;3
1993-06-22 11:00:00Z;27,31101;0;3
1993-06-23 11:00:00Z;26,96085;0;3
1993-06-24 11:00:00Z;34,96073;0;3
1993-06-25 11:00:00Z;38,78912;0;3
1993-06-26 11:00:00Z;38,78912;0;3
1993-06-27 11:00:00Z;40,50885;0;3
1993-06-28 11:00:00Z;34,43455;0;3
1993-06-29 11:00:00Z;34,96073;0;3
1993-06-30 11:00:00Z;38,22651;0;3
1993-07-01 11:00:00Z;45,95989;0;3
1993-07-02 11:00:00Z;45,95989;0;3
1993-07-03 11:00:00Z;45,95989;0;3
1993-07-04 11:00:00Z;39,93027;0;3
1993-07-05 11:00:00Z;38,78912;0;3
1993-07-06 11:00:00Z;38,22651;0;3
1993-07-07 11:00:00Z;35,49205;0;3
1993-07-08 11:00:00Z;32,88664;0;3
1993-07-09 11:00:00Z;45,95989;0;3
1993-07-10 11:00:00Z;86,7581;0;3
1993-07-11 11:00:00Z;99,65739;0;3
1993-07-12 11:00:00Z;83,94291;0;3
1993-07-13 11:00:00Z;83,94291;0;3
1993-07-14 11:00:00Z;65,86847;0;3
1993-07-15 11:00:00Z;53,93093;0;3
1993-07-16 11:00:00Z;46,59306;0;3
1993-07-17 11:00:00Z;41,09278;0;3
1993-07-18 11:00:00Z;39,93027;0;3
1993-07-19 11:00:00Z;32,88664;0;3
1993-07-20 11:00:00Z;28,73661;0;3
1993-07-21 11:00:00Z;31,87999;0;3
1993-07-22 11:00:00Z;34,96073;0;3
1993-07-23 11:00:00Z;34,96073;0;3
1993-07-24 11:00:00Z;37,11706;0;3
1993-07-25 11:00:00Z;42,87697;0;3
1993-07-26 11:00:00Z;60,45691;0;3
1993-07-27 11:00:00Z;61,21178;0;3
1993-07-28 11:00:00Z;51,18268;0;3
1993-07-29 11:00:00Z;36,02852;0;3
1993-07-30 11:00:00Z;28,37646;0;3
1993-07-31 11:00:00Z;39,35704;0;3
1993-08-01 11:00:00Z;44,71019;0;3
1993-08-02 11:00:00Z;49,84303;0;3
1993-08-03 11:00:00Z;37,11706;0;3
1993-08-04 11:00:00Z;32,88664;0;3
1993-08-05 11:00:00Z;30,89337;0;3
1993-08-06 11:00:00Z;22,95237;0;3
1993-08-07 11:00:00Z;17,05256;0;3
1993-08-08 11:00:00Z;17,05256;0;3
1993-08-09 11:00:00Z;21,69492;0;3
1993-08-10 11:00:00Z;46,59306;0;3
1993-08-11 11:00:00Z;63,51271;0;3
1993-08-12 11:00:00Z;38,22651;1;3
1993-08-13 11:00:00Z;32,88664;1;3
1993-08-14 11:00:00Z;29,09928;1;3
1993-08-15 11:00:00Z;32,88664;1;3
1993-08-16 11:00:00Z;38,22651;1;3
1993-08-17 11:00:00Z;63,51271;1;3
1993-08-18 11:00:00Z;38,22651;1;3
1993-08-19 11:00:00Z;21,69492;0;3
1993-08-20 11:00:00Z;14,21473;0;3
1993-08-21 11:00:00Z;11,87983;0;3
1993-08-22 11:00:00Z;11,87983;0;3
1993-08-23 11:00:00Z;9,974216;0;3
1993-08-24 11:00:00Z;8,250649;1;3
1993-08-25 11:00:00Z;7,370477;1;3
1993-08-26 11:00:00Z;6,453053;1;3
1993-08-27 11:00:00Z;5,722183;0;3
1993-08-28 11:00:00Z;5,375094;0;3
1993-08-29 11:00:00Z;5,547119;0;3
1993-08-30 11:00:00Z;7,370477;0;3
1993-08-31 11:00:00Z;6,081473;0;3
1993-09-01 11:00:00Z;6,453053;0;3
1993-09-02 11:00:00Z;7,542134;0;3
1993-09-03 11:00:00Z;6,265721;0;3
1993-09-04 11:00:00Z;5,547119;0;3
1993-09-05 11:00:00Z;5,040117;0;3
1993-09-06 11:00:00Z;6,453053;0;3
1993-09-07 11:00:00Z;5,206098;0;3
1993-09-08 11:00:00Z;3,96171;0;3
1993-09-09 11:00:00Z;3,54357;0;3
1993-09-10 11:00:00Z;3,279235;0;3
1993-09-11 11:00:00Z;3,026317;0;3
1993-09-12 11:00:00Z;2,904104;0;3
1993-09-13 11:00:00Z;2,904104;0;3
1993-09-14 11:00:00Z;2,784704;0;3
1993-09-15 11:00:00Z;2,554287;0;3
1993-09-16 11:00:00Z;2,02646;0;3
1993-09-17 11:00:00Z;2,02646;0;3
1993-09-18 11:00:00Z;2,02646;0;3
1993-09-19 11:00:00Z;1,929039;0;3
1993-09-20 11:00:00Z;1,929039;0;3
1993-09-21 11:00:00Z;1,834298;0;3
1993-09-22 11:00:00Z;1,834298;0;3
1993-09-23 11:00:00Z;1,929039;0;3
1993-09-24 11:00:00Z;1,929039;1;3
1993-09-25 11:00:00Z;2,02646;1;3
1993-09-26 11:00:00Z;2,02646;1;3
1993-09-27 11:00:00Z;2,126575;1;3
1993-09-28 11:00:00Z;2,126575;1;3
1993-09-29 11:00:00Z;1,929039;1;3
1993-09-30 11:00:00Z;1,834298;1;3
1993-10-01 11:00:00Z;1,834298;1;3
1993-10-02 11:00:00Z;1,742218;1;3
1993-10-03 11:00:00Z;1,742218;0;3
1993-10-04 11:00:00Z;1,929039;0;3
1993-10-05 11:00:00Z;3,96171;0;3
1993-10-06 11:00:00Z;3,680052;0;3
1993-10-07 11:00:00Z;2,784704;0;3
1993-10-08 11:00:00Z;1,400195;0;3
1993-10-09 11:00:00Z;2,2294;0;3
1993-10-10 11:00:00Z;2,126575;0;3
1993-10-11 11:00:00Z;1,565981;0;3
1993-10-12 11:00:00Z;1,481791;0;3
1993-10-13 11:00:00Z;1,244721;0;3
1993-10-14 11:00:00Z;1,244721;0;3
1993-10-15 11:00:00Z;1,170806;0;3
1993-10-16 11:00:00Z;1,321178;0;3
1993-10-17 11:00:00Z;1,244721;0;3
1993-10-18 11:00:00Z;1,481791;0;3
1993-10-19 11:00:00Z;1,652785;0;3
1993-10-20 11:00:00Z;1,652785;0;3
1993-10-21 11:00:00Z;1,652785;0;3
1993-10-22 11:00:00Z;1,652785;0;3
1993-10-23 11:00:00Z;1,565981;0;3
1993-10-24 11:00:00Z;1,481791;0;3
1993-10-25 11:00:00Z;1,400195;0;3
1993-10-26 11:00:00Z;1,400195;0;3
1993-10-27 11:00:00Z;3,151356;0;3
1993-10-28 11:00:00Z;5,722183;0;3
1993-10-29 11:00:00Z;4,560154;0;3
1993-10-30 11:00:00Z;5,040117;0;3
1993-10-31 11:00:00Z;4,406121;0;3
1993-11-01 11:00:00Z;7,370477;0;3
1993-11-02 11:00:00Z;9,379639;0;3
1993-11-03 11:00:00Z;7,715975;0;3
1993-11-04 11:00:00Z;6,265721;0;3
1993-11-05 11:00:00Z;7,03366;0;3
1993-11-06 11:00:00Z;7,370477;0;3
1993-11-07 11:00:00Z;4,106911;0;3
1993-11-08 11:00:00Z;4,255044;0;3
1993-11-09 11:00:00Z;7,542134;0;3
1993-11-10 11:00:00Z;8,805161;0;3
1993-11-11 11:00:00Z;7,370477;0;3
1993-11-12 11:00:00Z;3,680052;0;3
1993-11-13 11:00:00Z;3,54357;0;3
1993-11-14 11:00:00Z;3,409969;0;3
1993-11-15 11:00:00Z;3,279235;0;3
1993-11-16 11:00:00Z;3,409969;0;3
1993-11-17 11:00:00Z;3,151356;0;3
1993-11-18 11:00:00Z;2,554287;0;3
1993-11-19 11:00:00Z;2,33495;0;3
1993-11-20 11:00:00Z;2,2294;0;3
1993-11-21 11:00:00Z;3,409969;0;3
1993-11-22 11:00:00Z;4,717158;0;3
1993-11-23 11:00:00Z;5,547119;0;3
1993-11-24 11:00:00Z;6,081473;0;3
1993-11-25 11:00:00Z;6,265721;0;3
1993-11-26 11:00:00Z;5,375094;0;3
1993-11-27 11:00:00Z;3,680052;2;3
1993-11-28 11:00:00Z;2,33495;2;3
1993-11-29 11:00:00Z;1,321178;2;3
1993-11-30 11:00:00Z;0,6167667;1;3
1993-12-01 11:00:00Z;0,6167667;1;3
1993-12-02 11:00:00Z;0,6167667;2;3
1993-12-03 11:00:00Z;0,6167667;2;3
1993-12-04 11:00:00Z;0,6167667;2;3
1993-12-05 11:00:00Z;0,5671835;2;3
1993-12-06 11:00:00Z;0,5671835;2;3
1993-12-07 11:00:00Z;0,5671835;2;3
1993-12-08 11:00:00Z;0,5671835;2;3
1993-12-09 11:00:00Z;0,5671835;2;3
1993-12-10 11:00:00Z;0,5671835;2;3
1993-12-11 11:00:00Z;0,5671835;2;3
1993-12-12 11:00:00Z;0,5199142;2;3
1993-12-13 11:00:00Z;0,5199142;2;3
1993-12-14 11:00:00Z;0,5199142;2;3
1993-12-15 11:00:00Z;0,5199142;2;3
1993-12-16 11:00:00Z;0,5199142;2;3
1993-12-17 11:00:00Z;0,5199142;2;3
1993-12-18 11:00:00Z;0,4749349;2;3
1993-12-19 11:00:00Z;0,4749349;2;3
1993-12-20 11:00:00Z;0,4749349;2;3
1993-12-21 11:00:00Z;0,4749349;1;3
1993-12-22 11:00:00Z;0,4749349;1;3
1993-12-23 11:00:00Z;0,4749349;2;3
1993-12-24 11:00:00Z;0,4749349;2;3
1993-12-25 11:00:00Z;0,4749349;2;3
1993-12-26 11:00:00Z;0,4749349;2;3
1993-12-27 11:00:00Z;0,4322211;2;3
1993-12-28 11:00:00Z;0,4322211;2;3
1993-12-29 11:00:00Z;0,4322211;2;3
1993-12-30 11:00:00Z;0,4322211;2;3
1993-12-31 11:00:00Z;0,4322211;1;3
1994-01-01 11:00:00Z;0,4280967;1;3
1994-01-02 11:00:00Z;0,4280967;1;3
1994-01-03 11:00:00Z;0,4280967;1;3
1994-01-04 11:00:00Z;0,4280967;1;3
1994-01-05 11:00:00Z;0,4280967;1;3
1994-01-06 11:00:00Z;0,4280967;1;3
1994-01-07 11:00:00Z;0,4280967;1;3
1994-01-08 11:00:00Z;0,4280967;1;3
1994-01-09 11:00:00Z;0,4280967;1;3
1994-01-10 11:00:00Z;0,4280967;1;3
1994-01-11 11:00:00Z;0,4061006;1;3
1994-01-12 11:00:00Z;0,3842315;1;3
1994-01-13 11:00:00Z;0,4061006;1;3
1994-01-14 11:00:00Z;0,3842315;1;3
1994-01-15 11:00:00Z;0,351693;1;3
1994-01-16 11:00:00Z;0,3301977;1;3
1994-01-17 11:00:00Z;0,3301977;1;3
1994-01-18 11:00:00Z;0,3301977;1;3
1994-01-19 11:00:00Z;0,351693;1;3
1994-01-20 11:00:00Z;0,3088783;1;3
1994-01-21 11:00:00Z;0,3088783;1;3
1994-01-22 11:00:00Z;0,2359312;1;3
1994-01-23 11:00:00Z;0,2359312;1;3
1994-01-24 11:00:00Z;0,2359312;1;3
1994-01-25 11:00:00Z;0,2359312;1;3
1994-01-26 11:00:00Z;0,2359312;1;3
1994-01-27 11:00:00Z;0,2359312;1;3
1994-01-28 11:00:00Z;0,2359312;1;3
1994-01-29 11:00:00Z;0,2359312;1;3
1994-01-30 11:00:00Z;0,2359312;1;3
1994-01-31 11:00:00Z;0,2359312;1;3
1994-02-01 11:00:00Z;0,2359312;1;3
1994-02-02 11:00:00Z;0,2359312;1;3
1994-02-03 11:00:00Z;0,2359312;1;3
1994-02-04 11:00:00Z;0,2359312;1;3
1994-02-05 11:00:00Z;0,2359312;1;3
1994-02-06 11:00:00Z;0,2359312;1;3
1994-02-07 11:00:00Z;0,2359312;1;3
1994-02-08 11:00:00Z;0,2359312;1;3
1994-02-09 11:00:00Z;0,2359312;1;3
1994-02-10 11:00:00Z;0,2359312;1;3
1994-02-11 11:00:00Z;0,2359312;1;3
1994-02-12 11:00:00Z;0,1664635;1;3
1994-02-13 11:00:00Z;0,1664635;1;3
1994-02-14 11:00:00Z;0,1664635;1;3
1994-02-15 11:00:00Z;0,1664635;1;3
1994-02-16 11:00:00Z;0,1664635;1;3
1994-02-17 11:00:00Z;0,1474802;1;3
1994-02-18 11:00:00Z;0,06147883;1;3
1994-02-19 11:00:00Z;0,05401887;1;3
1994-02-20 11:00:00Z;0,05401887;1;3
1994-02-21 11:00:00Z;0,05401887;1;3
1994-02-22 11:00:00Z;0,03999012;1;3
1994-02-23 11:00:00Z;0,0164985;1;3
1994-02-24 11:00:00Z;0,0164985;1;3
1994-02-25 11:00:00Z;0,0164985;1;3
1994-02-26 11:00:00Z;0,0164985;1;3
1994-02-27 11:00:00Z;0,0164985;1;3
1994-02-28 11:00:00Z;0,0164985;1;3
1994-03-01 11:00:00Z;0,0164985;1;3
1994-03-02 11:00:00Z;0,0164985;1;3
1994-03-03 11:00:00Z;0,07716124;1;3
1994-03-04 11:00:00Z;0,05401887;1;3
1994-03-05 11:00:00Z;0,01186124;1;3
1994-03-06 11:00:00Z;0,004561082;1;3
1994-03-07 11:00:00Z;0,0164985;1;3
1994-03-08 11:00:00Z;0,0164985;1;3
1994-03-09 11:00:00Z;0,0164985;1;3
1994-03-10 11:00:00Z;0,002089678;1;3
1994-03-11 11:00:00Z;0,002089678;1;3
1994-03-12 11:00:00Z;0,002089678;1;3
1994-03-13 11:00:00Z;0,002089678;1;3
1994-03-14 11:00:00Z;0,004561082;1;3
1994-03-15 11:00:00Z;0,004561082;1;3
1994-03-16 11:00:00Z;0,004561082;1;3
1994-03-17 11:00:00Z;0,007852494;1;3
1994-03-18 11:00:00Z;0,007852494;1;3
1994-03-19 11:00:00Z;0,03999012;1;3
1994-03-20 11:00:00Z;0,04684618;1;3
1994-03-21 11:00:00Z;0,03999012;1;3
1994-03-22 11:00:00Z;0,02168893;1;3
1994-03-23 11:00:00Z;0,02736894;1;3
1994-03-24 11:00:00Z;0,03348462;1;3
1994-03-25 11:00:00Z;0,06147883;1;3
1994-03-26 11:00:00Z;0,06147883;1;3
1994-03-27 11:00:00Z;0,06920046;1;3
1994-03-28 11:00:00Z;0,06920046;1;3
1994-03-29 11:00:00Z;0,07716124;1;3
1994-03-30 11:00:00Z;0,07716124;1;3
1994-03-31 11:00:00Z;0,06147883;1;3
1994-04-01 11:00:00Z;0,03999012;1;3
1994-04-02 11:00:00Z;0,08534139;1;3
1994-04-03 11:00:00Z;0,1022913;1;3
1994-04-04 11:00:00Z;0,1569155;1;3
1994-04-05 11:00:00Z;0,1569155;1;3
1994-04-06 11:00:00Z;0,1664635;1;3
1994-04-07 11:00:00Z;0,1664635;1;3
1994-04-08 11:00:00Z;0,1664635;1;3
1994-04-09 11:00:00Z;0,1664635;1;3
1994-04-10 11:00:00Z;0,1110315;1;3
1994-04-11 11:00:00Z;0,08534139;1;3
1994-04-12 11:00:00Z;0,08534139;1;3
1994-04-13 11:00:00Z;0,1289792;1;3
1994-04-14 11:00:00Z;0,3088783;1;3
1994-04-15 11:00:00Z;0,3842315;1;3
1994-04-16 11:00:00Z;0,3733484;1;3
1994-04-17 11:00:00Z;0,4835753;1;3
1994-04-18 11:00:00Z;0,4613062;1;3
1994-04-19 11:00:00Z;0,319515;1;3
1994-04-20 11:00:00Z;0,319515;1;3
1994-04-21 11:00:00Z;0,2668425;1;3
1994-04-22 11:00:00Z;0,2257622;1;3
1994-04-23 11:00:00Z;0,2056502;1;3
1994-04-24 11:00:00Z;0,1761172;1;3
1994-04-25 11:00:00Z;0,3409244;1;3
1994-04-26 11:00:00Z;1,792663;1;3
1994-04-27 11:00:00Z;5,566857;1;3
1994-04-28 11:00:00Z;9,104952;1;3
1994-04-29 11:00:00Z;10,03557;1;3
1994-04-30 11:00:00Z;8,890634;1;3
1994-05-01 11:00:00Z;5,867696;1;3
1994-05-02 11:00:00Z;4,012867;1;3
1994-05-03 11:00:00Z;3,374584;1;3
1994-05-04 11:00:00Z;3,32946;1;3
1994-05-05 11:00:00Z;4,466661;1;3
1994-05-06 11:00:00Z;8,188484;1;3
1994-05-07 11:00:00Z;13,50449;1;3
1994-05-08 11:00:00Z;14,38652;1;3
1994-05-09 11:00:00Z;18,69076;1;3
1994-05-10 11:00:00Z;21,5079;1;3
1994-05-11 11:00:00Z;17,7532;1;3
1994-05-12 11:00:00Z;16,04167;0;3
1994-05-13 11:00:00Z;13,55014;0;3
1994-05-14 11:00:00Z;11,78801;0;3
1994-05-15 11:00:00Z;9,649136;0;3
1994-05-16 11:00:00Z;7,905131;0;3
1994-05-17 11:00:00Z;6,637065;0;3
1994-05-18 11:00:00Z;5,666214;0;3
1994-05-19 11:00:00Z;5,462371;0;3
1994-05-20 11:00:00Z;5,056245;0;3
1994-05-21 11:00:00Z;5,10855;0;3
1994-05-22 11:00:00Z;5,643036;0;3
1994-05-23 11:00:00Z;5,932568;0;3
1994-05-24 11:00:00Z;5,970369;0;3
1994-05-25 11:00:00Z;5,802807;0;3
1994-05-26 11:00:00Z;5,461977;0;3
1994-05-27 11:00:00Z;5,374352;0;3
1994-05-28 11:00:00Z;4,709109;0;3
1994-05-29 11:00:00Z;4,357535;0;3
1994-05-30 11:00:00Z;4,833323;0;3
1994-05-31 11:00:00Z;10,75726;0;3
1994-06-01 11:00:00Z;16,40091;0;3
1994-06-02 11:00:00Z;11,04484;0;3
1994-06-03 11:00:00Z;10,46484;0;3
1994-06-04 11:00:00Z;17,02323;0;3
1994-06-05 11:00:00Z;25,32696;0;3
1994-06-06 11:00:00Z;24,58762;0;3
1994-06-07 11:00:00Z;30,62965;0;3
1994-06-08 11:00:00Z;29,81187;0;3
1994-06-09 11:00:00Z;25,13037;0;3
1994-06-10 11:00:00Z;27,33556;0;3
1994-06-11 11:00:00Z;26,54148;0;3
1994-06-12 11:00:00Z;28,29268;0;3
1994-06-13 11:00:00Z;27,93035;0;3
1994-06-14 11:00:00Z;36,68333;0;3
1994-06-15 11:00:00Z;29,292;0;3
1994-06-16 11:00:00Z;20,48127;0;3
1994-06-17 11:00:00Z;16,64948;0;3
1994-06-18 11:00:00Z;15,28558;0;3
1994-06-19 11:00:00Z;17,91609;0;3
1994-06-20 11:00:00Z;21,94252;0;3
1994-06-21 11:00:00Z;23,73727;0;3
1994-06-22 11:00:00Z;35,23205;0;3
1994-06-23 11:00:00Z;46,24768;0;3
1994-06-24 11:00:00Z;31,71922;0;3
1994-06-25 11:00:00Z;24,84438;0;3
1994-06-26 11:00:00Z;20,8565;0;3
1994-06-27 11:00:00Z;20,33907;0;3
1994-06-28 11:00:00Z;22,51102;0;3
1994-06-29 11:00:00Z;25,79772;0;3
1994-06-30 11:00:00Z;51,63156;0;3
1994-07-01 11:00:00Z;50,82887;0;3
1994-07-02 11:00:00Z;36,24457;0;3
1994-07-03 11:00:00Z;33,20887;0;3
1994-07-04 11:00:00Z;25,35079;0;3
1994-07-05 11:00:00Z;27,16004;0;3
1994-07-06 11:00:00Z;28,41119;0;3
1994-07-07 11:00:00Z;23,77456;0;3
1994-07-08 11:00:00Z;19,90346;0;3
1994-07-09 11:00:00Z;17,19572;0;3
1994-07-10 11:00:00Z;15,16719;0;3
1994-07-11 11:00:00Z;23,58018;0;3
1994-07-12 11:00:00Z;25,88467;0;3
1994-07-13 11:00:00Z;30,55505;0;3
1994-07-14 11:00:00Z;33,16575;0;3
1994-07-15 11:00:00Z;32,06857;0;3
1994-07-16 11:00:00Z;41,95839;0;3
1994-07-17 11:00:00Z;22,86857;0;3
1994-07-18 11:00:00Z;15,91888;0;3
1994-07-19 11:00:00Z;13,72699;0;3
1994-07-20 11:00:00Z;11,72145;0;3
1994-07-21 11:00:00Z;12,34861;0;3
1994-07-22 11:00:00Z;14,09867;0;3
1994-07-23 11:00:00Z;21,43024;0;3
1994-07-24 11:00:00Z;16,84536;0;3
1994-07-25 11:00:00Z;13,88376;0;3
1994-07-26 11:00:00Z;13,88635;0;3
1994-07-27 11:00:00Z;16,6276;0;3
1994-07-28 11:00:00Z;18,73858;0;3
1994-07-29 11:00:00Z;13,78052;0;3
1994-07-30 11:00:00Z;10,8066;0;3
1994-07-31 11:00:00Z;9,208254;0;3
1994-08-01 11:00:00Z;9,267129;0;3
1994-08-02 11:00:00Z;12,50983;0;3
1994-08-03 11:00:00Z;15,138;0;3
1994-08-04 11:00:00Z;18,15726;0;3
1994-08-05 11:00:00Z;12,41693;0;3
1994-08-06 11:00:00Z;9,841318;0;3
1994-08-07 11:00:00Z;8,791314;0;3
1994-08-08 11:00:00Z;5,973342;0;3
1994-08-09 11:00:00Z;5,885334;0;3
1994-08-10 11:00:00Z;5,60351;0;3
1994-08-11 11:00:00Z;4,576903;0;3
1994-08-12 11:00:00Z;4,784718;0;3
1994-08-13 11:00:00Z;6,685756;0;3
1994-08-14 11:00:00Z;7,302932;0;3
1994-08-15 11:00:00Z;5,320978;0;3
1994-08-16 11:00:00Z;4,503695;0;3
1994-08-17 11:00:00Z;3,638519;0;3
1994-08-18 11:00:00Z;3,434531;0;3
1994-08-19 11:00:00Z;3,780615;0;3
1994-08-20 11:00:00Z;4,183029;0;3
1994-08-21 11:00:00Z;3,817466;0;3
1994-08-22 11:00:00Z;3,512374;0;3
1994-08-23 11:00:00Z;3,497414;0;3
1994-08-24 11:00:00Z;3,399787;0;3
1994-08-25 11:00:00Z;3,005955;0;3
1994-08-26 11:00:00Z;2,843117;0;3
1994-08-27 11:00:00Z;3,256419;0;3
1994-08-28 11:00:00Z;5,049193;0;3
1994-08-29 11:00:00Z;4,097279;0;3
1994-08-30 11:00:00Z;3,396096;0;3
1994-08-31 11:00:00Z;3,222418;0;3
1994-09-01 11:00:00Z;2,660933;0;3
1994-09-02 11:00:00Z;2,525165;0;3
1994-09-03 11:00:00Z;2,268201;0;3
1994-09-04 11:00:00Z;2,131896;0;3
1994-09-05 11:00:00Z;2,238011;0;3
1994-09-06 11:00:00Z;2,259351;0;3
1994-09-07 11:00:00Z;2,116534;0;3
1994-09-08 11:00:00Z;2,071217;0;3
1994-09-09 11:00:00Z;2,290486;0;3
1994-09-10 11:00:00Z;2,098897;0;3
1994-09-11 11:00:00Z;2,808949;0;3
1994-09-12 11:00:00Z;2,867692;0;3
1994-09-13 11:00:00Z;2,56202;0;3
1994-09-14 11:00:00Z;2,23231;0;3
1994-09-15 11:00:00Z;2,000572;0;3
1994-09-16 11:00:00Z;1,739669;0;3
1994-09-17 11:00:00Z;1,593935;0;3
1994-09-18 11:00:00Z;1,411992;0;3
1994-09-19 11:00:00Z;1,306431;0;3
1994-09-20 11:00:00Z;1,269843;0;3
1994-09-21 11:00:00Z;1,185019;0;3
1994-09-22 11:00:00Z;1,550439;0;3
1994-09-23 11:00:00Z;6,191428;0;3
1994-09-24 11:00:00Z;9,035824;0;3
1994-09-25 11:00:00Z;11,7035;0;3
1994-09-26 11:00:00Z;7,879955;0;3
1994-09-27 11:00:00Z;7,958289;0;3
1994-09-28 11:00:00Z;6,749737;0;3
1994-09-29 11:00:00Z;6,970368;0;3
1994-09-30 11:00:00Z;9,775857;0;3
1994-10-01 11:00:00Z;7,174513;0;3
1994-10-02 11:00:00Z;5,231193;0;3
1994-10-03 11:00:00Z;4,179775;0;3
1994-10-04 11:00:00Z;4,13356;0;3
1994-10-05 11:00:00Z;3,548581;0;3
1994-10-06 11:00:00Z;5,030285;0;3
1994-10-07 11:00:00Z;59,29613;0;3
1994-10-08 11:00:00Z;49,9287;0;3
1994-10-09 11:00:00Z;24,00678;0;3
1994-10-10 11:00:00Z;17,06561;0;3
1994-10-11 11:00:00Z;13,38366;0;3
1994-10-12 11:00:00Z;14,02073;0;3
1994-10-13 11:00:00Z;8,793483;0;3
1994-10-14 11:00:00Z;9,516074;0;3
1994-10-15 11:00:00Z;7,364184;0;3
1994-10-16 11:00:00Z;7,099207;0;3
1994-10-17 11:00:00Z;5,525953;0;3
1994-10-18 11:00:00Z;5,168089;0;3
1994-10-19 11:00:00Z;4,946177;0;3
1994-10-20 11:00:00Z;5,052097;0;3
1994-10-21 11:00:00Z;4,882781;0;3
1994-10-22 11:00:00Z;4,400331;0;3
1994-10-23 11:00:00Z;4,157023;0;3
1994-10-24 11:00:00Z;4,530561;0;3
1994-10-25 11:00:00Z;5,776806;0;3
1994-10-26 11:00:00Z;7,502825;0;3
1994-10-27 11:00:00Z;7,288294;0;3
1994-10-28 11:00:00Z;5,540071;0;3
1994-10-29 11:00:00Z;4,979369;0;3
1994-10-30 11:00:00Z;5,115601;0;3
1994-10-31 11:00:00Z;5,114882;0;3
1994-11-01 11:00:00Z;7,138901;0;3
1994-11-02 11:00:00Z;9,325589;0;3
1994-11-03 11:00:00Z;10,76445;0;3
1994-11-04 11:00:00Z;10,7886;0;3
1994-11-05 11:00:00Z;9,207086;0;3
1994-11-06 11:00:00Z;7,647546;0;3
1994-11-07 11:00:00Z;5,19219;0;3
1994-11-08 11:00:00Z;4,798195;0;3
1994-11-09 11:00:00Z;3,856907;1;3
1994-11-10 11:00:00Z;3,374584;1;3
1994-11-11 11:00:00Z;3,114513;1;3
1994-11-12 11:00:00Z;3,080482;1;3
1994-11-13 11:00:00Z;3,046425;1;3
1994-11-14 11:00:00Z;2,955489;1;3
1994-11-15 11:00:00Z;2,852971;1;3
1994-11-16 11:00:00Z;2,761654;1;3
1994-11-17 11:00:00Z;2,555547;1;3
1994-11-18 11:00:00Z;2,532593;1;3
1994-11-19 11:00:00Z;2,544071;1;3
1994-11-20 11:00:00Z;2,555547;1;3
1994-11-21 11:00:00Z;2,567021;1;3
1994-11-22 11:00:00Z;3,057781;1;3
1994-11-23 11:00:00Z;6,496105;1;3
1994-11-24 11:00:00Z;7,470002;1;3
1994-11-25 11:00:00Z;5,985412;1;3
1994-11-26 11:00:00Z;5,253424;1;3
1994-11-27 11:00:00Z;5,491379;1;3
1994-11-28 11:00:00Z;7,444012;1;3
1994-11-29 11:00:00Z;6,421926;1;3
1994-11-30 11:00:00Z;5,350904;1;3
1994-12-01 11:00:00Z;7,28757;1;3
1994-12-02 11:00:00Z;12,67868;1;3
1994-12-03 11:00:00Z;11,76132;1;3
1994-12-04 11:00:00Z;8,281318;1;3
1994-12-05 11:00:00Z;6,305157;1;3
1994-12-06 11:00:00Z;5,220891;1;3
1994-12-07 11:00:00Z;4,927129;1;3
1994-12-08 11:00:00Z;4,057332;1;3
1994-12-09 11:00:00Z;3,778731;1;3
1994-12-10 11:00:00Z;3,171176;1;3
1994-12-11 11:00:00Z;3,318171;1;3
1994-12-12 11:00:00Z;3,778731;1;3
1994-12-13 11:00:00Z;3,82342;1;3
1994-12-14 11:00:00Z;3,767551;1;3
1994-12-15 11:00:00Z;3,588324;1;3
1994-12-16 11:00:00Z;3,363308;1;3
1994-12-17 11:00:00Z;2,932725;1;3
1994-12-18 11:00:00Z;2,693051;1;3
1994-12-19 11:00:00Z;2,750226;1;3
1994-12-20 11:00:00Z;2,7845;1;3
1994-12-21 11:00:00Z;2,773077;1;3
1994-12-22 11:00:00Z;2,71593;1;3
1994-12-23 11:00:00Z;3,091829;1;3
1994-12-24 11:00:00Z;3,49845;1;3
1994-12-25 11:00:00Z;3,979491;1;3
1994-12-26 11:00:00Z;4,861611;1;3
1994-12-27 11:00:00Z;4,201551;1;3
1994-12-28 11:00:00Z;3,509692;1;3
1994-12-29 11:00:00Z;3,114513;1;3
1994-12-30 11:00:00Z;2,668103;1;3
1994-12-31 11:00:00Z;2,126575;1;3
1995-01-01 11:00:00Z;1,929039;1;3
1995-01-02 11:00:00Z;1,742218;1;3
1995-01-03 11:00:00Z;1,742218;1;3
1995-01-04 11:00:00Z;1,655472;0;3
1995-01-05 11:00:00Z;1,48179;1;3
1995-01-06 11:00:00Z;1,321178;1;3
1995-01-07 11:00:00Z;1,244721;1;3
1995-01-08 11:00:00Z;1,170806;1;3
1995-01-09 11:00:00Z;1,099413;1;3
1995-01-10 11:00:00Z;1,030527;1;3
1995-01-11 11:00:00Z;0,9641242;1;3
1995-01-12 11:00:00Z;0,8386968;1;3
1995-01-13 11:00:00Z;1,244721;1;3
1995-01-14 11:00:00Z;1,686009;0;3
1995-01-15 11:00:00Z;2,668103;1;3
1995-01-16 11:00:00Z;2,554286;1;3
1995-01-17 11:00:00Z;2,443241;1;3
1995-01-18 11:00:00Z;2,33495;1;3
1995-01-19 11:00:00Z;2,229399;1;3
1995-01-20 11:00:00Z;2,126575;1;3
1995-01-21 11:00:00Z;2,02646;1;3
1995-01-22 11:00:00Z;1,929039;1;3
1995-01-23 11:00:00Z;1,834298;1;3
1995-01-24 11:00:00Z;1,716858;0;3
1995-01-25 11:00:00Z;1,652785;1;3
1995-01-26 11:00:00Z;1,565981;1;3
1995-01-27 11:00:00Z;1,48179;1;3
1995-01-28 11:00:00Z;1,400195;1;3
1995-01-29 11:00:00Z;1,321178;1;3
1995-01-30 11:00:00Z;1,321178;1;3
1995-01-31 11:00:00Z;1,244721;1;3
1995-02-01 11:00:00Z;1,244721;1;3
1995-02-02 11:00:00Z;1,170806;1;3
1995-02-03 11:00:00Z;1,170806;1;3
1995-02-04 11:00:00Z;1,170806;1;3
1995-02-05 11:00:00Z;1,099413;1;3
1995-02-06 11:00:00Z;1,099413;1;3
1995-02-07 11:00:00Z;1,099413;1;3
1995-02-08 11:00:00Z;1,030527;1;3
1995-02-09 11:00:00Z;1,030527;1;3
1995-02-10 11:00:00Z;1,030527;1;3
1995-02-11 11:00:00Z;0,9641242;1;3
1995-02-12 11:00:00Z;0,9641242;1;3
1995-02-13 11:00:00Z;0,9641242;1;3
1995-02-14 11:00:00Z;0,900188;1;3
1995-02-15 11:00:00Z;0,900188;1;3
1995-02-16 11:00:00Z;0,8386968;1;3
1995-02-17 11:00:00Z;0,8386968;1;3
1995-02-18 11:00:00Z;0,8386968;1;3
1995-02-19 11:00:00Z;0,7796305;1;3
1995-02-20 11:00:00Z;0,7796305;1;3
1995-02-21 11:00:00Z;0,7796305;1;3
1995-02-22 11:00:00Z;0,7229679;1;3
1995-02-23 11:00:00Z;0,7229679;1;3
1995-02-24 11:00:00Z;0,7229679;1;3
1995-02-25 11:00:00Z;0,6686874;1;3
1995-02-26 11:00:00Z;0,6686874;1;3
1995-02-27 11:00:00Z;0,6686874;1;3
1995-02-28 11:00:00Z;0,6167667;1;3
1995-03-01 11:00:00Z;0,6167667;1;3
1995-03-02 11:00:00Z;0,6167667;1;3
1995-03-03 11:00:00Z;0,6167667;1;3
1995-03-04 11:00:00Z;0,6167667;1;3
1995-03-05 11:00:00Z;0,6167667;1;3
1995-03-06 11:00:00Z;0,6167667;0;3
1995-03-07 11:00:00Z;0,6167667;0;3
1995-03-08 11:00:00Z;0,6167667;0;3
1995-03-09 11:00:00Z;0,6167667;0;3
1995-03-10 11:00:00Z;0,6167667;0;3
1995-03-11 11:00:00Z;0,6167667;0;3
1995-03-12 11:00:00Z;0,6167667;0;3
1995-03-13 11:00:00Z;0,6167667;0;3
1995-03-14 11:00:00Z;0,9591926;0;3
1995-03-15 11:00:00Z;2,899151;0;3
1995-03-16 11:00:00Z;2,303457;0;3
1995-03-17 11:00:00Z;1,598103;0;3
1995-03-18 11:00:00Z;1,046401;0;3
1995-03-19 11:00:00Z;0,8447555;0;3
1995-03-20 11:00:00Z;0,6481157;0;3
1995-03-21 11:00:00Z;0,6167667;0;3
1995-03-22 11:00:00Z;0,5748592;0;3
1995-03-23 11:00:00Z;1,906817;0;3
1995-03-24 11:00:00Z;3,231861;0;3
1995-03-25 11:00:00Z;2,03011;0;3
1995-03-26 11:00:00Z;1,35173;0;3
1995-03-27 11:00:00Z;0,8309796;0;3
1995-03-28 11:00:00Z;0,6863714;0;3
1995-03-29 11:00:00Z;0,5671835;0;3
1995-03-30 11:00:00Z;0,5671835;0;3
1995-03-31 11:00:00Z;0,5671835;0;3
1995-04-01 11:00:00Z;0,5671835;0;3
1995-04-02 11:00:00Z;0,5671835;0;3
1995-04-03 11:00:00Z;0,5671835;0;3
1995-04-04 11:00:00Z;0,5671835;0;3
1995-04-05 11:00:00Z;1,227554;0;3
1995-04-06 11:00:00Z;1,652785;1;3
1995-04-07 11:00:00Z;1,400195;1;3
1995-04-08 11:00:00Z;1,244721;1;3
1995-04-09 11:00:00Z;1,099413;1;3
1995-04-10 11:00:00Z;0,9641242;1;3
1995-04-11 11:00:00Z;0,900188;1;3
1995-04-12 11:00:00Z;0,900188;1;3
1995-04-13 11:00:00Z;0,900188;1;3
1995-04-14 11:00:00Z;2,366566;0;3
1995-04-15 11:00:00Z;2,126575;1;3
1995-04-16 11:00:00Z;1,929039;1;3
1995-04-17 11:00:00Z;1,834298;1;3
1995-04-18 11:00:00Z;1,742218;1;3
1995-04-19 11:00:00Z;1,652785;1;3
1995-04-20 11:00:00Z;1,565981;1;3
1995-04-21 11:00:00Z;1,48179;1;3
1995-04-22 11:00:00Z;1,400195;1;3
1995-04-23 11:00:00Z;1,321178;1;3
1995-04-24 11:00:00Z;1,244721;1;3
1995-04-25 11:00:00Z;1,170806;1;3
1995-04-26 11:00:00Z;1,099413;1;3
1995-04-27 11:00:00Z;1,030527;1;3
1995-04-28 11:00:00Z;0,9641242;1;3
1995-04-29 11:00:00Z;0,9641242;1;3
1995-04-30 11:00:00Z;0,900188;1;3
1995-05-01 11:00:00Z;2,427796;0;3
1995-05-02 11:00:00Z;2,431427;0;3
1995-05-03 11:00:00Z;2,43506;0;3
1995-05-04 11:00:00Z;5,919188;0;3
1995-05-05 11:00:00Z;11,24261;0;3
1995-05-06 11:00:00Z;14,15621;0;3
1995-05-07 11:00:00Z;15,85498;0;3
1995-05-08 11:00:00Z;15,0125;0;3
1995-05-09 11:00:00Z;13,42093;0;3
1995-05-10 11:00:00Z;12,58695;0;3
1995-05-11 11:00:00Z;9,956921;0;3
1995-05-12 11:00:00Z;8,574383;0;3
1995-05-13 11:00:00Z;7,818595;0;3
1995-05-14 11:00:00Z;7,92963;0;3
1995-05-15 11:00:00Z;7,675298;0;3
1995-05-16 11:00:00Z;6,329302;0;3
1995-05-17 11:00:00Z;6,141937;0;3
1995-05-18 11:00:00Z;5,285954;0;3
1995-05-19 11:00:00Z;4,798171;0;3
1995-05-20 11:00:00Z;4,903691;0;3
1995-05-21 11:00:00Z;5,259367;0;3
1995-05-22 11:00:00Z;4,67354;0;3
1995-05-23 11:00:00Z;5,147142;0;3
1995-05-24 11:00:00Z;8,024531;0;3
1995-05-25 11:00:00Z;12,49255;0;3
1995-05-26 11:00:00Z;17,64511;0;3
1995-05-27 11:00:00Z;23,05449;0;3
1995-05-28 11:00:00Z;36,97762;0;3
1995-05-29 11:00:00Z;60,78371;0;3
1995-05-30 11:00:00Z;57,47958;0;3
1995-05-31 11:00:00Z;55,18161;0;3
1995-06-01 11:00:00Z;67,76871;0;3
1995-06-02 11:00:00Z;81,38583;0;3
1995-06-03 11:00:00Z;101,7524;0;3
1995-06-04 11:00:00Z;107,0454;0;3
1995-06-05 11:00:00Z;79,7171;0;3
1995-06-06 11:00:00Z;86,59292;0;3
1995-06-07 11:00:00Z;83,28623;0;3
1995-06-08 11:00:00Z;84,03564;0;3
1995-06-09 11:00:00Z;68,75201;0;3
1995-06-10 11:00:00Z;54,6953;0;3
1995-06-11 11:00:00Z;44,12815;0;3
1995-06-12 11:00:00Z;36,93756;0;3
1995-06-13 11:00:00Z;36,01051;0;3
1995-06-14 11:00:00Z;35,06946;0;3
1995-06-15 11:00:00Z;35,14419;0;3
1995-06-16 11:00:00Z;47,11648;0;3
1995-06-17 11:00:00Z;55,47965;0;3
1995-06-18 11:00:00Z;67,04736;0;3
1995-06-19 11:00:00Z;58,63938;0;3
1995-06-20 11:00:00Z;55,24436;0;3
1995-06-21 11:00:00Z;49,23957;0;3
1995-06-22 11:00:00Z;41,84544;0;3
1995-06-23 11:00:00Z;41,14937;0;3
1995-06-24 11:00:00Z;50,74865;0;3
1995-06-25 11:00:00Z;62,01727;0;3
1995-06-26 11:00:00Z;63,05997;0;3
1995-06-27 11:00:00Z;43,41987;0;3
1995-06-28 11:00:00Z;37,58436;0;3
1995-06-29 11:00:00Z;31,00068;0;3
1995-06-30 11:00:00Z;25,3411;0;3
1995-07-01 11:00:00Z;20,49046;0;3
1995-07-02 11:00:00Z;20,24406;0;3
1995-07-03 11:00:00Z;23,46318;0;3
1995-07-04 11:00:00Z;27,16543;0;3
1995-07-05 11:00:00Z;31,04909;0;3
1995-07-06 11:00:00Z;28,61732;0;3
1995-07-07 11:00:00Z;25,32838;0;3
1995-07-08 11:00:00Z;29,25218;0;3
1995-07-09 11:00:00Z;26,3672;0;3
1995-07-10 11:00:00Z;19,94718;0;3
1995-07-11 11:00:00Z;17,74922;0;3
1995-07-12 11:00:00Z;16,85411;0;3
1995-07-13 11:00:00Z;14,67234;0;3
1995-07-14 11:00:00Z;13,5245;0;3
1995-07-15 11:00:00Z;16,27782;0;3
1995-07-16 11:00:00Z;35,14871;0;3
1995-07-17 11:00:00Z;37,43817;0;3
1995-07-18 11:00:00Z;32,18924;0;3
1995-07-19 11:00:00Z;32,92948;0;3
1995-07-20 11:00:00Z;25,10176;0;3
1995-07-21 11:00:00Z;25,79481;0;3
1995-07-22 11:00:00Z;46,16875;0;3
1995-07-23 11:00:00Z;31,49744;0;3
1995-07-24 11:00:00Z;23,94004;0;3
1995-07-25 11:00:00Z;19,66762;0;3
1995-07-26 11:00:00Z;21,86762;0;3
1995-07-27 11:00:00Z;25,63022;0;3
1995-07-28 11:00:00Z;30,53756;0;3
1995-07-29 11:00:00Z;29,50801;0;3
1995-07-30 11:00:00Z;25,52146;0;3
1995-07-31 11:00:00Z;23,41606;0;3
1995-08-01 11:00:00Z;21,82089;0;3
1995-08-02 11:00:00Z;18,72232;0;3
1995-08-03 11:00:00Z;21,46106;0;3
1995-08-04 11:00:00Z;18,32372;0;3
1995-08-05 11:00:00Z;14,08515;0;3
1995-08-06 11:00:00Z;18,12577;0;3
1995-08-07 11:00:00Z;15,0803;0;3
1995-08-08 11:00:00Z;11,58682;0;3
1995-08-09 11:00:00Z;13,72949;0;3
1995-08-10 11:00:00Z;12,81002;0;3
1995-08-11 11:00:00Z;12,72896;0;3
1995-08-12 11:00:00Z;16,45526;0;3
1995-08-13 11:00:00Z;12,05352;0;3
1995-08-14 11:00:00Z;14,57828;0;3
1995-08-15 11:00:00Z;13,38838;0;3
1995-08-16 11:00:00Z;19,25596;0;3
1995-08-17 11:00:00Z;21,32622;0;3
1995-08-18 11:00:00Z;25,0957;0;3
1995-08-19 11:00:00Z;17,88498;0;3
1995-08-20 11:00:00Z;10,75012;0;3
1995-08-21 11:00:00Z;8,06803;0;3
1995-08-22 11:00:00Z;8,693273;0;3
1995-08-23 11:00:00Z;9,31324;0;3
1995-08-24 11:00:00Z;8,498794;0;3
1995-08-25 11:00:00Z;7,391139;0;3
1995-08-26 11:00:00Z;5,955241;0;3
1995-08-27 11:00:00Z;13,63634;0;3
1995-08-28 11:00:00Z;13,49246;0;3
1995-08-29 11:00:00Z;9,813785;0;3
1995-08-30 11:00:00Z;9,109477;0;3
1995-08-31 11:00:00Z;6,881229;0;3
1995-09-01 11:00:00Z;5,998076;0;3
1995-09-02 11:00:00Z;5,823012;0;3
1995-09-03 11:00:00Z;6,212204;0;3
1995-09-04 11:00:00Z;5,374428;0;3
1995-09-05 11:00:00Z;6,144925;0;3
1995-09-06 11:00:00Z;6,189638;0;3
1995-09-07 11:00:00Z;6,712758;0;3
1995-09-08 11:00:00Z;6,217982;0;3
1995-09-09 11:00:00Z;4,814394;0;3
1995-09-10 11:00:00Z;3,635787;0;3
1995-09-11 11:00:00Z;2,902947;0;3
1995-09-12 11:00:00Z;2,529325;0;3
1995-09-13 11:00:00Z;2,294952;0;3
1995-09-14 11:00:00Z;2,078427;0;3
1995-09-15 11:00:00Z;1,93002;0;3
1995-09-16 11:00:00Z;1,865281;0;3
1995-09-17 11:00:00Z;1,749291;0;3
1995-09-18 11:00:00Z;1,727084;0;3
1995-09-19 11:00:00Z;1,885314;0;3
1995-09-20 11:00:00Z;2,25316;0;3
1995-09-21 11:00:00Z;2,629215;0;3
1995-09-22 11:00:00Z;3,039067;0;3
1995-09-23 11:00:00Z;5,523212;0;3
1995-09-24 11:00:00Z;4,533311;0;3
1995-09-25 11:00:00Z;4,353007;0;3
1995-09-26 11:00:00Z;4,210585;0;3
1995-09-27 11:00:00Z;5,042459;0;3
1995-09-28 11:00:00Z;4,273473;0;3
1995-09-29 11:00:00Z;2,948178;0;3
1995-09-30 11:00:00Z;2,456112;0;3
1995-10-01 11:00:00Z;2,192641;0;3
1995-10-02 11:00:00Z;1,746366;0;3
1995-10-03 11:00:00Z;2,162279;0;3
1995-10-04 11:00:00Z;2,098874;0;3
1995-10-05 11:00:00Z;2,793976;0;3
1995-10-06 11:00:00Z;12,46945;0;3
1995-10-07 11:00:00Z;12,02034;0;3
1995-10-08 11:00:00Z;10,86424;0;3
1995-10-09 11:00:00Z;15,36193;0;3
1995-10-10 11:00:00Z;19,32593;0;3
1995-10-11 11:00:00Z;25,0172;0;3
1995-10-12 11:00:00Z;23,24017;0;3
1995-10-13 11:00:00Z;34,49038;0;3
1995-10-14 11:00:00Z;22,91821;0;3
1995-10-15 11:00:00Z;12,05359;0;3
1995-10-16 11:00:00Z;13,49291;0;3
1995-10-17 11:00:00Z;16,87404;0;3
1995-10-18 11:00:00Z;30,3457;0;3
1995-10-19 11:00:00Z;21,41813;0;3
1995-10-20 11:00:00Z;12,92426;0;3
1995-10-21 11:00:00Z;6,860545;0;3
1995-10-22 11:00:00Z;7,465457;0;3
1995-10-23 11:00:00Z;7,790544;0;3
1995-10-24 11:00:00Z;6,446194;0;3
1995-10-25 11:00:00Z;5,113897;0;3
1995-10-26 11:00:00Z;5,962732;0;3
1995-10-27 11:00:00Z;8,048155;0;3
1995-10-28 11:00:00Z;7,325945;0;3
1995-10-29 11:00:00Z;5,792562;0;3
1995-10-30 11:00:00Z;4,698971;0;3
1995-10-31 11:00:00Z;4,616832;0;3
1995-11-01 11:00:00Z;4,545348;0;3
1995-11-02 11:00:00Z;4,010716;0;3
1995-11-03 11:00:00Z;3,553486;0;3
1995-11-04 11:00:00Z;4,818236;0;3
1995-11-05 11:00:00Z;6,465715;0;3
1995-11-06 11:00:00Z;7,33843;0;3
1995-11-07 11:00:00Z;6,226866;0;3
1995-11-08 11:00:00Z;5,450713;0;3
1995-11-09 11:00:00Z;4,615623;0;3
1995-11-10 11:00:00Z;3,956182;0;3
1995-11-11 11:00:00Z;3,738105;0;3
1995-11-12 11:00:00Z;4,195047;0;3
1995-11-13 11:00:00Z;6,624143;0;3
1995-11-14 11:00:00Z;4,930988;0;3
1995-11-15 11:00:00Z;4,48446;0;3
1995-11-16 11:00:00Z;6,047562;0;3
1995-11-17 11:00:00Z;8,7356;0;3
1995-11-18 11:00:00Z;9,947528;0;3
1995-11-19 11:00:00Z;10,38465;0;3
1995-11-20 11:00:00Z;10,98434;0;3
1995-11-21 11:00:00Z;10,50629;0;3
1995-11-22 11:00:00Z;7,033659;1;3
1995-11-23 11:00:00Z;4,717157;1;3
1995-11-24 11:00:00Z;3,279235;1;3
1995-11-25 11:00:00Z;2,126575;1;3
1995-11-26 11:00:00Z;2,443241;1;3
1995-11-27 11:00:00Z;2,784704;1;3
1995-11-28 11:00:00Z;3,279235;1;3
1995-11-29 11:00:00Z;3,961709;1;3
1995-11-30 11:00:00Z;2,668103;1;3
1995-12-01 11:00:00Z;2,126575;1;3
1995-12-02 11:00:00Z;2,02646;1;3
1995-12-03 11:00:00Z;1,929039;1;3
1995-12-04 11:00:00Z;1,834298;1;3
1995-12-05 11:00:00Z;1,742218;1;3
1995-12-06 11:00:00Z;1,652785;1;3
1995-12-07 11:00:00Z;1,652785;1;3
1995-12-08 11:00:00Z;1,565981;1;3
1995-12-09 11:00:00Z;1,565981;1;3
1995-12-10 11:00:00Z;1,48179;1;3
1995-12-11 11:00:00Z;1,48179;1;3
1995-12-12 11:00:00Z;1,565981;1;3
1995-12-13 11:00:00Z;1,742218;1;3
1995-12-14 11:00:00Z;1,929039;1;3
1995-12-15 11:00:00Z;2,126575;1;3
1995-12-16 11:00:00Z;2,126575;1;3
1995-12-17 11:00:00Z;2,02646;1;3
1995-12-18 11:00:00Z;1,929039;1;3
1995-12-19 11:00:00Z;1,834298;1;3
1995-12-20 11:00:00Z;1,742218;1;3
1995-12-21 11:00:00Z;1,652785;1;3
1995-12-22 11:00:00Z;1,565981;1;3
1995-12-23 11:00:00Z;1,48179;1;3
1995-12-24 11:00:00Z;1,400195;1;3
1995-12-25 11:00:00Z;1,321178;1;3
1995-12-26 11:00:00Z;1,244721;1;3
1995-12-27 11:00:00Z;1,170806;1;3
1995-12-28 11:00:00Z;1,099413;1;3
1995-12-29 11:00:00Z;1,030527;1;3
1995-12-30 11:00:00Z;0,9641242;1;3
1995-12-31 11:00:00Z;0,900188;1;3
1996-01-01 11:00:00Z;0,900188;1;3
1996-01-02 11:00:00Z;0,900188;2;3
1996-01-03 11:00:00Z;0,8386968;2;3
1996-01-04 11:00:00Z;0,8386968;2;3
1996-01-05 11:00:00Z;0,8386968;2;3
1996-01-06 11:00:00Z;0,7796305;2;3
1996-01-07 11:00:00Z;0,7796305;2;3
1996-01-08 11:00:00Z;0,7796305;2;3
1996-01-09 11:00:00Z;0,7229679;2;3
1996-01-10 11:00:00Z;0,7229679;2;3
1996-01-11 11:00:00Z;0,7229679;2;3
1996-01-12 11:00:00Z;0,6686874;2;3
1996-01-13 11:00:00Z;0,6686874;2;3
1996-01-14 11:00:00Z;0,6686874;2;3
1996-01-15 11:00:00Z;0,6167667;2;3
1996-01-16 11:00:00Z;0,6167667;2;3
1996-01-17 11:00:00Z;0,6167667;2;3
1996-01-18 11:00:00Z;0,5671835;2;3
1996-01-19 11:00:00Z;0,5671835;2;3
1996-01-20 11:00:00Z;0,5671835;2;3
1996-01-21 11:00:00Z;0,5199142;2;3
1996-01-22 11:00:00Z;0,5199142;2;3
1996-01-23 11:00:00Z;0,5199142;2;3
1996-01-24 11:00:00Z;0,4749349;2;3
1996-01-25 11:00:00Z;0,4749349;2;3
1996-01-26 11:00:00Z;0,4749349;2;3
1996-01-27 11:00:00Z;0,4322211;2;3
1996-01-28 11:00:00Z;0,4322211;2;3
1996-01-29 11:00:00Z;0,4322211;2;3
1996-01-30 11:00:00Z;0,3917474;2;3
1996-01-31 11:00:00Z;0,3917474;1;3
1996-02-01 11:00:00Z;0,3917474;1;3
1996-02-02 11:00:00Z;0,3917474;2;3
1996-02-03 11:00:00Z;0,3917474;2;3
1996-02-04 11:00:00Z;0,3917474;2;3
1996-02-05 11:00:00Z;0,3917474;2;3
1996-02-06 11:00:00Z;0,3917474;2;3
1996-02-07 11:00:00Z;0,3917474;2;3
1996-02-08 11:00:00Z;0,3534874;2;3
1996-02-09 11:00:00Z;0,3534874;2;3
1996-02-10 11:00:00Z;0,3534874;2;3
1996-02-11 11:00:00Z;0,3534874;2;3
1996-02-12 11:00:00Z;0,3534874;2;3
1996-02-13 11:00:00Z;0,3534874;2;3
1996-02-14 11:00:00Z;0,3534874;2;3
1996-02-15 11:00:00Z;0,3534874;2;3
1996-02-16 11:00:00Z;0,3534874;2;3
1996-02-17 11:00:00Z;0,3534874;2;3
1996-02-18 11:00:00Z;0,3534874;2;3
1996-02-19 11:00:00Z;0,3534874;2;3
1996-02-20 11:00:00Z;0,3174143;2;3
1996-02-21 11:00:00Z;0,3174143;2;3
1996-02-22 11:00:00Z;0,3174143;2;3
1996-02-23 11:00:00Z;0,3174143;2;3
1996-02-24 11:00:00Z;0,3174143;2;3
1996-02-25 11:00:00Z;0,3174143;2;3
1996-02-26 11:00:00Z;0,3174143;2;3
1996-02-27 11:00:00Z;0,3174143;2;3
1996-02-28 11:00:00Z;0,3174143;2;3
1996-02-29 11:00:00Z;0,3174143;2;3
1996-03-01 11:00:00Z;0,3174143;2;3
1996-03-02 11:00:00Z;0,3174143;2;3
1996-03-03 11:00:00Z;0,2835001;2;3
1996-03-04 11:00:00Z;0,2835001;2;3
1996-03-05 11:00:00Z;0,2835001;2;3
1996-03-06 11:00:00Z;0,2835001;2;3
1996-03-07 11:00:00Z;0,2835001;2;3
1996-03-08 11:00:00Z;0,2835001;2;3
1996-03-09 11:00:00Z;0,288192;0;3
1996-03-10 11:00:00Z;0,2835001;0;3
1996-03-11 11:00:00Z;0,2835001;0;3
1996-03-12 11:00:00Z;0,2835001;0;3
1996-03-13 11:00:00Z;0,2835001;0;3
1996-03-14 11:00:00Z;0,2795108;0;3
1996-03-15 11:00:00Z;0,2617597;0;3
1996-03-16 11:00:00Z;0,2826712;0;3
1996-03-17 11:00:00Z;0,273604;0;3
1996-03-18 11:00:00Z;0,2533612;0;3
1996-03-19 11:00:00Z;0,2517252;0;3
1996-03-20 11:00:00Z;0,2617601;0;3
1996-03-21 11:00:00Z;0,2787629;0;3
1996-03-22 11:00:00Z;0,2723345;0;3
1996-03-23 11:00:00Z;0,2598467;0;3
1996-03-24 11:00:00Z;0,2560452;0;3
1996-03-25 11:00:00Z;0,2517157;2;3
1996-03-26 11:00:00Z;0,2517157;2;3
1996-03-27 11:00:00Z;0,2517157;2;3
1996-03-28 11:00:00Z;0,2220311;2;3
1996-03-29 11:00:00Z;0,2220311;2;3
1996-03-30 11:00:00Z;0,2220311;2;3
1996-03-31 11:00:00Z;0,2220311;2;3
1996-04-01 11:00:00Z;0,2220311;2;3
1996-04-02 11:00:00Z;0,2220311;2;3
1996-04-03 11:00:00Z;0,2220311;2;3
1996-04-04 11:00:00Z;0,2220311;2;3
1996-04-05 11:00:00Z;0,1944152;2;3
1996-04-06 11:00:00Z;0,1944152;2;3
1996-04-07 11:00:00Z;0,1944152;2;3
1996-04-08 11:00:00Z;0,2032508;0;3
1996-04-09 11:00:00Z;0,1944152;0;3
1996-04-10 11:00:00Z;0,1944152;0;3
1996-04-11 11:00:00Z;0,1944152;2;3
1996-04-12 11:00:00Z;0,1688351;2;3
1996-04-13 11:00:00Z;0,1688351;2;3
1996-04-14 11:00:00Z;0,1688351;2;3
1996-04-15 11:00:00Z;0,1688351;2;3
1996-04-16 11:00:00Z;0,1452569;2;3
1996-04-17 11:00:00Z;0,1452569;1;3
1996-04-18 11:00:00Z;0,2517157;2;3
1996-04-19 11:00:00Z;0,3534874;2;3
1996-04-20 11:00:00Z;0,5199142;2;3
1996-04-21 11:00:00Z;0,6686874;2;3
1996-04-22 11:00:00Z;0,900188;1;3
1996-04-23 11:00:00Z;0,8386968;2;3
1996-04-24 11:00:00Z;0,7229679;2;3
1996-04-25 11:00:00Z;0,6686874;2;3
1996-04-26 11:00:00Z;0,6167667;2;3
1996-04-27 11:00:00Z;0,5671835;2;3
1996-04-28 11:00:00Z;0,5199142;2;3
1996-04-29 11:00:00Z;0,4322211;2;3
1996-04-30 11:00:00Z;0,3917474;1;3
1996-05-01 11:00:00Z;0,5199142;1;3
1996-05-02 11:00:00Z;0,5671835;2;3
1996-05-03 11:00:00Z;0,6167667;2;3
1996-05-04 11:00:00Z;0,6686874;2;3
1996-05-05 11:00:00Z;0,7229679;2;3
1996-05-06 11:00:00Z;0,7796305;2;3
1996-05-07 11:00:00Z;0,8386968;2;3
1996-05-08 11:00:00Z;0,900188;1;3
1996-05-09 11:00:00Z;0,900188;1;3
1996-05-10 11:00:00Z;0,900188;1;3
1996-05-11 11:00:00Z;0,900188;1;3
1996-05-12 11:00:00Z;1,652785;1;3
1996-05-13 11:00:00Z;3,279234;2;3
1996-05-14 11:00:00Z;3,961707;1;3
1996-05-15 11:00:00Z;3,409969;2;3
1996-05-16 11:00:00Z;3,026316;2;3
1996-05-17 11:00:00Z;2,5709;0;3
1996-05-18 11:00:00Z;2,594228;0;3
1996-05-19 11:00:00Z;2,502696;0;3
1996-05-20 11:00:00Z;2,663611;0;3
1996-05-21 11:00:00Z;3,423423;0;3
1996-05-22 11:00:00Z;4,613016;0;3
1996-05-23 11:00:00Z;6,031096;0;3
1996-05-24 11:00:00Z;7,494995;0;3
1996-05-25 11:00:00Z;10,55242;0;3
1996-05-26 11:00:00Z;18,2464;0;3
1996-05-27 11:00:00Z;22,38558;0;3
1996-05-28 11:00:00Z;17,38383;0;3
1996-05-29 11:00:00Z;15,04623;0;3
1996-05-30 11:00:00Z;17,24666;0;3
1996-05-31 11:00:00Z;25,26223;0;3
1996-06-01 11:00:00Z;44,28075;0;3
1996-06-02 11:00:00Z;43,66805;0;3
1996-06-03 11:00:00Z;40,88724;1;3
1996-06-04 11:00:00Z;36,70716;0;3
1996-06-05 11:00:00Z;41,09949;0;3
1996-06-06 11:00:00Z;56,2441;0;3
1996-06-07 11:00:00Z;57,83209;0;3
1996-06-08 11:00:00Z;46,94598;0;3
1996-06-09 11:00:00Z;70,87536;0;3
1996-06-10 11:00:00Z;65,33812;0;3
1996-06-11 11:00:00Z;61,55333;0;3
1996-06-12 11:00:00Z;54,31505;0;3
1996-06-13 11:00:00Z;50,67387;0;3
1996-06-14 11:00:00Z;42,93269;0;3
1996-06-15 11:00:00Z;34,97284;0;3
1996-06-16 11:00:00Z;26,71091;0;3
1996-06-17 11:00:00Z;23,58465;0;3
1996-06-18 11:00:00Z;25,37731;0;3
1996-06-19 11:00:00Z;31,31774;0;3
1996-06-20 11:00:00Z;36,41621;0;3
1996-06-21 11:00:00Z;36,96614;0;3
1996-06-22 11:00:00Z;39,10287;0;3
1996-06-23 11:00:00Z;37,58332;0;3
1996-06-24 11:00:00Z;29,58251;0;3
1996-06-25 11:00:00Z;24,36315;0;3
1996-06-26 11:00:00Z;26,13646;0;3
1996-06-27 11:00:00Z;31,53976;0;3
1996-06-28 11:00:00Z;27,47839;0;3
1996-06-29 11:00:00Z;23,27568;0;3
1996-06-30 11:00:00Z;21,5743;0;3
1996-07-01 11:00:00Z;22,83461;0;3
1996-07-02 11:00:00Z;30,27085;0;3
1996-07-03 11:00:00Z;34,26847;0;3
1996-07-04 11:00:00Z;34,18692;0;3
1996-07-05 11:00:00Z;32,04892;0;3
1996-07-06 11:00:00Z;39,10865;0;3
1996-07-07 11:00:00Z;27,61578;0;3
1996-07-08 11:00:00Z;21,57346;0;3
1996-07-09 11:00:00Z;20,30733;0;3
1996-07-10 11:00:00Z;17,73561;0;3
1996-07-11 11:00:00Z;21,23446;0;3
1996-07-12 11:00:00Z;21,26561;0;3
1996-07-13 11:00:00Z;20,29792;0;3
1996-07-14 11:00:00Z;17,36546;0;3
1996-07-15 11:00:00Z;16,17825;0;3
1996-07-16 11:00:00Z;15,84644;0;3
1996-07-17 11:00:00Z;15,09261;0;3
1996-07-18 11:00:00Z;12,21314;0;3
1996-07-19 11:00:00Z;10,62919;0;3
1996-07-20 11:00:00Z;10,82273;0;3
1996-07-21 11:00:00Z;14,87418;0;3
1996-07-22 11:00:00Z;18,25485;0;3
1996-07-23 11:00:00Z;21,35266;0;3
1996-07-24 11:00:00Z;20,85912;0;3
1996-07-25 11:00:00Z;16,8628;0;3
1996-07-26 11:00:00Z;11,91557;0;3
1996-07-27 11:00:00Z;12,14942;0;3
1996-07-28 11:00:00Z;12,82085;0;3
1996-07-29 11:00:00Z;28,15816;0;3
1996-07-30 11:00:00Z;19,58896;0;3
1996-07-31 11:00:00Z;13,3096;0;3
1996-08-01 11:00:00Z;10,22636;0;3
1996-08-02 11:00:00Z;11,90838;0;3
1996-08-03 11:00:00Z;12,98723;0;3
1996-08-04 11:00:00Z;10,48935;0;3
1996-08-05 11:00:00Z;9,095655;0;3
1996-08-06 11:00:00Z;8,782278;0;3
1996-08-07 11:00:00Z;8,56654;2;3
1996-08-08 11:00:00Z;8,348661;2;3
1996-08-09 11:00:00Z;8,129263;2;3
1996-08-10 11:00:00Z;7,908287;2;3
1996-08-11 11:00:00Z;7,689153;0;3
1996-08-12 11:00:00Z;7,418241;0;3
1996-08-13 11:00:00Z;7,056445;0;3
1996-08-14 11:00:00Z;6,531387;0;3
1996-08-15 11:00:00Z;7,544647;0;3
1996-08-16 11:00:00Z;6,791992;0;3
1996-08-17 11:00:00Z;5,535123;0;3
1996-08-18 11:00:00Z;6,912052;0;3
1996-08-19 11:00:00Z;7,990921;0;3
1996-08-20 11:00:00Z;17,45238;0;3
1996-08-21 11:00:00Z;37,15573;0;3
1996-08-22 11:00:00Z;16,34522;0;3
1996-08-23 11:00:00Z;8,652411;0;3
1996-08-24 11:00:00Z;7,375309;0;3
1996-08-25 11:00:00Z;7,669261;0;3
1996-08-26 11:00:00Z;13,26234;0;3
1996-08-27 11:00:00Z;11,36917;0;3
1996-08-28 11:00:00Z;8,023952;0;3
1996-08-29 11:00:00Z;7,438358;0;3
1996-08-30 11:00:00Z;6,408405;0;3
1996-08-31 11:00:00Z;8,550975;0;3
1996-09-01 11:00:00Z;7,174425;0;3
1996-09-02 11:00:00Z;5,323728;0;3
1996-09-03 11:00:00Z;7,425467;0;3
1996-09-04 11:00:00Z;8,512272;0;3
1996-09-05 11:00:00Z;6,510319;0;3
1996-09-06 11:00:00Z;5,14153;0;3
1996-09-07 11:00:00Z;4,159131;0;3
1996-09-08 11:00:00Z;4,562315;0;3
1996-09-09 11:00:00Z;5,282874;0;3
1996-09-10 11:00:00Z;6,536779;0;3
1996-09-11 11:00:00Z;6,610192;0;3
1996-09-12 11:00:00Z;5,531691;0;3
1996-09-13 11:00:00Z;4,550747;0;3
1996-09-14 11:00:00Z;3,996442;0;3
1996-09-15 11:00:00Z;3,791642;0;3
1996-09-16 11:00:00Z;3,457591;0;3
1996-09-17 11:00:00Z;3,011629;0;3
1996-09-18 11:00:00Z;2,810095;0;3
1996-09-19 11:00:00Z;2,817969;0;3
1996-09-20 11:00:00Z;2,835223;0;3
1996-09-21 11:00:00Z;2,902227;0;3
1996-09-22 11:00:00Z;2,917435;0;3
1996-09-23 11:00:00Z;2,962988;0;3
1996-09-24 11:00:00Z;10,23271;0;3
1996-09-25 11:00:00Z;8,075006;0;3
1996-09-26 11:00:00Z;4,84386;0;3
1996-09-27 11:00:00Z;3,767021;0;3
1996-09-28 11:00:00Z;3,484501;0;3
1996-09-29 11:00:00Z;5,91363;0;3
1996-09-30 11:00:00Z;8,703152;0;3
1996-10-01 11:00:00Z;11,63841;0;3
1996-10-02 11:00:00Z;9,110739;0;3
1996-10-03 11:00:00Z;7,087745;0;3
1996-10-04 11:00:00Z;6,652132;0;3
1996-10-05 11:00:00Z;24,05254;0;3
1996-10-06 11:00:00Z;16,47199;0;3
1996-10-07 11:00:00Z;15,55496;0;3
1996-10-08 11:00:00Z;22,89218;0;3
1996-10-09 11:00:00Z;33,87027;0;3
1996-10-10 11:00:00Z;21,43913;0;3
1996-10-11 11:00:00Z;14,73711;0;3
1996-10-12 11:00:00Z;30,15661;0;3
1996-10-13 11:00:00Z;13,70727;0;3
1996-10-14 11:00:00Z;11,26646;0;3
1996-10-15 11:00:00Z;9,34382;0;3
1996-10-16 11:00:00Z;7,935779;0;3
1996-10-17 11:00:00Z;7,135859;0;3
1996-10-18 11:00:00Z;7,983387;0;3
1996-10-19 11:00:00Z;8,289408;0;3
1996-10-20 11:00:00Z;8,61175;0;3
1996-10-21 11:00:00Z;6,999698;0;3
1996-10-22 11:00:00Z;5,114427;0;3
1996-10-23 11:00:00Z;5,709544;0;3
1996-10-24 11:00:00Z;10,69096;0;3
1996-10-25 11:00:00Z;16,10234;0;3
1996-10-26 11:00:00Z;14,66252;0;3
1996-10-27 11:00:00Z;11,65023;0;3
1996-10-28 11:00:00Z;8,99424;0;3
1996-10-29 11:00:00Z;7,429912;0;3
1996-10-30 11:00:00Z;5,347763;0;3
1996-10-31 11:00:00Z;5,206098;2;3
1996-11-01 11:00:00Z;4,877141;2;3
1996-11-02 11:00:00Z;4,717157;2;3
1996-11-03 11:00:00Z;4,40612;2;3
1996-11-04 11:00:00Z;4,255044;2;3
1996-11-05 11:00:00Z;4,106911;2;3
1996-11-06 11:00:00Z;3,819428;2;3
1996-11-07 11:00:00Z;3,676328;0;3
1996-11-08 11:00:00Z;3,119953;0;3
1996-11-09 11:00:00Z;2,863311;0;3
1996-11-10 11:00:00Z;2,545686;0;3
1996-11-11 11:00:00Z;2,554286;2;3
1996-11-12 11:00:00Z;2,443241;2;3
1996-11-13 11:00:00Z;2,443241;2;3
1996-11-14 11:00:00Z;2,443241;2;3
1996-11-15 11:00:00Z;2,443241;2;3
1996-11-16 11:00:00Z;2,33495;2;3
1996-11-17 11:00:00Z;2,33495;2;3
1996-11-18 11:00:00Z;2,33495;2;3
1996-11-19 11:00:00Z;2,229399;2;3
1996-11-20 11:00:00Z;2,229399;2;3
1996-11-21 11:00:00Z;2,229399;2;3
1996-11-22 11:00:00Z;2,126575;2;3
1996-11-23 11:00:00Z;2,126575;2;3
1996-11-24 11:00:00Z;2,126575;2;3
1996-11-25 11:00:00Z;2,02646;2;3
1996-11-26 11:00:00Z;2,02646;2;3
1996-11-27 11:00:00Z;2,02646;2;3
1996-11-28 11:00:00Z;2,02646;2;3
1996-11-29 11:00:00Z;1,929039;2;3
1996-11-30 11:00:00Z;1,91745;0;3
1996-12-01 11:00:00Z;1,872666;0;3
1996-12-02 11:00:00Z;1,851093;0;3
1996-12-03 11:00:00Z;1,834503;0;3
1996-12-04 11:00:00Z;1,801794;0;3
1996-12-05 11:00:00Z;1,834298;2;3
1996-12-06 11:00:00Z;1,834298;2;3
1996-12-07 11:00:00Z;1,834298;2;3
1996-12-08 11:00:00Z;1,834298;2;3
1996-12-09 11:00:00Z;1,742218;2;3
1996-12-10 11:00:00Z;1,742218;2;3
1996-12-11 11:00:00Z;1,742218;2;3
1996-12-12 11:00:00Z;1,777921;0;3
1996-12-13 11:00:00Z;1,742218;2;3
1996-12-14 11:00:00Z;1,742218;2;3
1996-12-15 11:00:00Z;1,742218;2;3
1996-12-16 11:00:00Z;1,742218;2;3
1996-12-17 11:00:00Z;1,742218;2;3
1996-12-18 11:00:00Z;1,781824;0;3
1996-12-19 11:00:00Z;1,785564;0;3
1996-12-20 11:00:00Z;1,742218;2;3
1996-12-21 11:00:00Z;1,742218;2;3
1996-12-22 11:00:00Z;1,742218;2;3
1996-12-23 11:00:00Z;1,742218;2;3
1996-12-24 11:00:00Z;1,652785;2;3
1996-12-25 11:00:00Z;1,652785;2;3
1996-12-26 11:00:00Z;1,652785;2;3
1996-12-27 11:00:00Z;1,652785;2;3
1996-12-28 11:00:00Z;1,652785;2;3
1996-12-29 11:00:00Z;1,652785;2;3
1996-12-30 11:00:00Z;1,652785;2;3
1996-12-31 11:00:00Z;1,692836;0;3
1997-01-01 11:00:00Z;2,13864;0;3
1997-01-02 11:00:00Z;1,940376;0;3
1997-01-03 11:00:00Z;1,916859;0;3
1997-01-04 11:00:00Z;1,972481;0;3
1997-01-05 11:00:00Z;2,024199;0;3
1997-01-06 11:00:00Z;2,028118;0;3
1997-01-07 11:00:00Z;2,058749;0;3
1997-01-08 11:00:00Z;2,098157;0;3
1997-01-09 11:00:00Z;2,116246;0;3
1997-01-10 11:00:00Z;2,125328;0;3
1997-01-11 11:00:00Z;2,162709;0;3
1997-01-12 11:00:00Z;2,361094;0;3
1997-01-13 11:00:00Z;2,820876;0;3
1997-01-14 11:00:00Z;2,640995;0;3
1997-01-15 11:00:00Z;4,693045;0;3
1997-01-16 11:00:00Z;7,560113;1;3
1997-01-17 11:00:00Z;7,582317;0;3
1997-01-18 11:00:00Z;6,557041;0;3
1997-01-19 11:00:00Z;5,989295;0;3
1997-01-20 11:00:00Z;5,017277;0;3
1997-01-21 11:00:00Z;7,869349;0;3
1997-01-22 11:00:00Z;19,3255;0;3
1997-01-23 11:00:00Z;21,42389;1;3
1997-01-24 11:00:00Z;19,33542;1;3
1997-01-25 11:00:00Z;13,26552;1;3
1997-01-26 11:00:00Z;11,61867;1;3
1997-01-27 11:00:00Z;12,19995;1;3
1997-01-28 11:00:00Z;10,84371;1;3
1997-01-29 11:00:00Z;8,765856;1;3
1997-01-30 11:00:00Z;16,43796;1;3
1997-01-31 11:00:00Z;20,29012;1;3
1997-02-01 11:00:00Z;15,20391;1;3
1997-02-02 11:00:00Z;14,45926;2;3
1997-02-03 11:00:00Z;13,71267;2;3
1997-02-04 11:00:00Z;12,96404;2;3
1997-02-05 11:00:00Z;12,21329;2;3
1997-02-06 11:00:00Z;11,45808;2;3
1997-02-07 11:00:00Z;10,70273;2;3
1997-02-08 11:00:00Z;9,94491;2;3
1997-02-09 11:00:00Z;9,184372;2;3
1997-02-10 11:00:00Z;8,554411;0;3
1997-02-11 11:00:00Z;7,983142;0;3
1997-02-12 11:00:00Z;7,475513;0;3
1997-02-13 11:00:00Z;6,738342;0;3
1997-02-14 11:00:00Z;6,027329;0;3
1997-02-15 11:00:00Z;5,474525;0;3
1997-02-16 11:00:00Z;5,046311;0;3
1997-02-17 11:00:00Z;4,687439;0;3
1997-02-18 11:00:00Z;4,309306;0;3
1997-02-19 11:00:00Z;4,017432;0;3
1997-02-20 11:00:00Z;3,890515;0;3
1997-02-21 11:00:00Z;3,58846;0;3
1997-02-22 11:00:00Z;3,318004;0;3
1997-02-23 11:00:00Z;3,066504;0;3
1997-02-24 11:00:00Z;3,107173;0;3
1997-02-25 11:00:00Z;2,976989;0;3
1997-02-26 11:00:00Z;2,74877;0;3
1997-02-27 11:00:00Z;2,556853;0;3
1997-02-28 11:00:00Z;2,438074;0;3
1997-03-01 11:00:00Z;2,361829;0;3
1997-03-02 11:00:00Z;2,345667;0;3
1997-03-03 11:00:00Z;2,325757;0;3
1997-03-04 11:00:00Z;2,196684;0;3
1997-03-05 11:00:00Z;2,116881;0;3
1997-03-06 11:00:00Z;2,08918;0;3
1997-03-07 11:00:00Z;2,025853;0;3
1997-03-08 11:00:00Z;1,990758;0;3
1997-03-09 11:00:00Z;4,916216;1;3
1997-03-10 11:00:00Z;13,64188;1;3
1997-03-11 11:00:00Z;14,96618;1;3
1997-03-12 11:00:00Z;13,64188;1;3
1997-03-13 11:00:00Z;12,45342;1;3
1997-03-14 11:00:00Z;10,02575;1;3
1997-03-15 11:00:00Z;7,83907;1;3
1997-03-16 11:00:00Z;7,392222;1;3
1997-03-17 11:00:00Z;7,177976;2;3
1997-03-18 11:00:00Z;6,948277;2;3
1997-03-19 11:00:00Z;6,691854;2;3
1997-03-20 11:00:00Z;6,431867;2;3
1997-03-21 11:00:00Z;6,170648;2;3
1997-03-22 11:00:00Z;5,908162;2;3
1997-03-23 11:00:00Z;5,646799;2;3
1997-03-24 11:00:00Z;5,381676;2;3
1997-03-25 11:00:00Z;5,115178;2;3
1997-03-26 11:00:00Z;4,847254;2;3
1997-03-27 11:00:00Z;4,577864;2;3
1997-03-28 11:00:00Z;4,309459;2;3
1997-03-29 11:00:00Z;4,037028;2;3
1997-03-30 11:00:00Z;3,763007;1;3
1997-03-31 11:00:00Z;4,257093;1;3
1997-04-01 11:00:00Z;4,222153;1;3
1997-04-02 11:00:00Z;4,134685;2;3
1997-04-03 11:00:00Z;4,044545;2;3
1997-04-04 11:00:00Z;3,956747;2;3
1997-04-05 11:00:00Z;3,866265;2;3
1997-04-06 11:00:00Z;3,778132;2;3
1997-04-07 11:00:00Z;3,687305;2;3
1997-04-08 11:00:00Z;3,598829;2;3
1997-04-09 11:00:00Z;3,507647;2;3
1997-04-10 11:00:00Z;3,418824;2;3
1997-04-11 11:00:00Z;3,327286;2;3
1997-04-12 11:00:00Z;3,238117;2;3
1997-04-13 11:00:00Z;3,146218;2;3
1997-04-14 11:00:00Z;3,054137;2;3
1997-04-15 11:00:00Z;2,964436;1;3
1997-04-16 11:00:00Z;3,174319;1;3
1997-04-17 11:00:00Z;4,386656;1;3
1997-04-18 11:00:00Z;5,088202;1;3
1997-04-19 11:00:00Z;4,92606;1;3
1997-04-20 11:00:00Z;4,277049;1;3
1997-04-21 11:00:00Z;4,152191;2;3
1997-04-22 11:00:00Z;4,024493;2;3
1997-04-23 11:00:00Z;3,89896;2;3
1997-04-24 11:00:00Z;3,770571;2;3
1997-04-25 11:00:00Z;3,644351;2;3
1997-04-26 11:00:00Z;3,517785;2;3
1997-04-27 11:00:00Z;3,388333;2;3
1997-04-28 11:00:00Z;3,261062;2;3
1997-04-29 11:00:00Z;3,130885;2;3
1997-04-30 11:00:00Z;3,002901;1;3
1997-05-01 11:00:00Z;3,138551;1;3
1997-05-02 11:00:00Z;4,960499;1;3
1997-05-03 11:00:00Z;7,813995;1;3
1997-05-04 11:00:00Z;8,002504;1;3
1997-05-05 11:00:00Z;7,162187;1;3
1997-05-06 11:00:00Z;6,201869;1;3
1997-05-07 11:00:00Z;6,374456;1;3
1997-05-08 11:00:00Z;11,48039;1;3
1997-05-09 11:00:00Z;9,902232;1;3
1997-05-10 11:00:00Z;10,07738;1;3
1997-05-11 11:00:00Z;14,8891;1;3
1997-05-12 11:00:00Z;15,56674;1;3
1997-05-13 11:00:00Z;15,44364;2;3
1997-05-14 11:00:00Z;15,3205;2;3
1997-05-15 11:00:00Z;15,1973;2;3
1997-05-16 11:00:00Z;15,07406;2;3
1997-05-17 11:00:00Z;14,95076;1;3
1997-05-18 11:00:00Z;13,61312;1;3
1997-05-19 11:00:00Z;10,2793;1;3
1997-05-20 11:00:00Z;8,212712;1;3
1997-05-21 11:00:00Z;7,614566;1;3
1997-05-22 11:00:00Z;7,856417;1;3
1997-05-23 11:00:00Z;7,812066;1;3
1997-05-24 11:00:00Z;7,114762;1;3
1997-05-25 11:00:00Z;7,525056;1;3
1997-05-26 11:00:00Z;10,18509;1;3
1997-05-27 11:00:00Z;12,58006;1;3
1997-05-28 11:00:00Z;12,33561;1;3
1997-05-29 11:00:00Z;10,01901;1;3
1997-05-30 11:00:00Z;9,978595;1;3
1997-05-31 11:00:00Z;11,20805;1;3
1997-06-01 11:00:00Z;11,44045;1;3
1997-06-02 11:00:00Z;11,36755;0;3
1997-06-03 11:00:00Z;13,40816;0;3
1997-06-04 11:00:00Z;10,59156;0;3
1997-06-05 11:00:00Z;12,51263;0;3
1997-06-06 11:00:00Z;14,48695;0;3
1997-06-07 11:00:00Z;18,77698;0;3
1997-06-08 11:00:00Z;40,6971;0;3
1997-06-09 11:00:00Z;65,67626;0;3
1997-06-10 11:00:00Z;70,09632;0;3
1997-06-11 11:00:00Z;64,4389;0;3
1997-06-12 11:00:00Z;53,96618;0;3
1997-06-13 11:00:00Z;65,99591;0;3
1997-06-14 11:00:00Z;89,87377;0;3
1997-06-15 11:00:00Z;86,0545;0;3
1997-06-16 11:00:00Z;81,20473;0;3
1997-06-17 11:00:00Z;69,82144;0;3
1997-06-18 11:00:00Z;63,55377;0;3
1997-06-19 11:00:00Z;58,39892;0;3
1997-06-20 11:00:00Z;54,96325;0;3
1997-06-21 11:00:00Z;59,66632;0;3
1997-06-22 11:00:00Z;60,19847;0;3
1997-06-23 11:00:00Z;61,94492;0;3
1997-06-24 11:00:00Z;59,60512;0;3
1997-06-25 11:00:00Z;56,19478;0;3
1997-06-26 11:00:00Z;44,53849;0;3
1997-06-27 11:00:00Z;38,56002;0;3
1997-06-28 11:00:00Z;41,01839;0;3
1997-06-29 11:00:00Z;57,95917;0;3
1997-06-30 11:00:00Z;65,83055;0;3
1997-07-01 11:00:00Z;61,45477;0;3
1997-07-02 11:00:00Z;69,33642;0;3
1997-07-03 11:00:00Z;100,5121;0;3
1997-07-04 11:00:00Z;88,10688;0;3
1997-07-05 11:00:00Z;70,13213;0;3
1997-07-06 11:00:00Z;55,75468;0;3
1997-07-07 11:00:00Z;52,03127;0;3
1997-07-08 11:00:00Z;53,8833;0;3
1997-07-09 11:00:00Z;45,02175;0;3
1997-07-10 11:00:00Z;39,89331;0;3
1997-07-11 11:00:00Z;42,42841;0;3
1997-07-12 11:00:00Z;45,96293;0;3
1997-07-13 11:00:00Z;48,6716;0;3
1997-07-14 11:00:00Z;51,65413;0;3
1997-07-15 11:00:00Z;51,84378;0;3
1997-07-16 11:00:00Z;50,51979;0;3
1997-07-17 11:00:00Z;45,53838;0;3
1997-07-18 11:00:00Z;42,35944;0;3
1997-07-19 11:00:00Z;38,90252;0;3
1997-07-20 11:00:00Z;34,21932;0;3
1997-07-21 11:00:00Z;30,6556;0;3
1997-07-22 11:00:00Z;28,15763;0;3
1997-07-23 11:00:00Z;28,4503;0;3
1997-07-24 11:00:00Z;25,2765;0;3
1997-07-25 11:00:00Z;25,14887;0;3
1997-07-26 11:00:00Z;30,25071;0;3
1997-07-27 11:00:00Z;37,15983;0;3
1997-07-28 11:00:00Z;36,50503;0;3
1997-07-29 11:00:00Z;39,48694;0;3
1997-07-30 11:00:00Z;29,2465;0;3
1997-07-31 11:00:00Z;25,34566;0;3
1997-08-01 11:00:00Z;32,00748;0;3
1997-08-02 11:00:00Z;35,42559;0;3
1997-08-03 11:00:00Z;39,45489;0;3
1997-08-04 11:00:00Z;27,9847;0;3
1997-08-05 11:00:00Z;25,95562;0;3
1997-08-06 11:00:00Z;26,3815;0;3
1997-08-07 11:00:00Z;25,90414;0;3
1997-08-08 11:00:00Z;26,69328;0;3
1997-08-09 11:00:00Z;30,13467;0;3
1997-08-10 11:00:00Z;33,7268;0;3
1997-08-11 11:00:00Z;20,83896;0;3
1997-08-12 11:00:00Z;12,13183;0;3
1997-08-13 11:00:00Z;10,74506;0;3
1997-08-14 11:00:00Z;10,06182;0;3
1997-08-15 11:00:00Z;8,450641;0;3
1997-08-16 11:00:00Z;7,172643;0;3
1997-08-17 11:00:00Z;7,737105;0;3
1997-08-18 11:00:00Z;10,75319;0;3
1997-08-19 11:00:00Z;17,26872;0;3
1997-08-20 11:00:00Z;12,79017;0;3
1997-08-21 11:00:00Z;12,54201;0;3
1997-08-22 11:00:00Z;16,26076;0;3
1997-08-23 11:00:00Z;20,35659;0;3
1997-08-24 11:00:00Z;17,2907;0;3
1997-08-25 11:00:00Z;14,25545;0;3
1997-08-26 11:00:00Z;12,4202;0;3
1997-08-27 11:00:00Z;11,74555;0;3
1997-08-28 11:00:00Z;8,475247;0;3
1997-08-29 11:00:00Z;11,04665;0;3
1997-08-30 11:00:00Z;17,45232;0;3
1997-08-31 11:00:00Z;17,59525;0;3
1997-09-01 11:00:00Z;36,09797;0;3
1997-09-02 11:00:00Z;17,26496;0;3
1997-09-03 11:00:00Z;16,73761;0;3
1997-09-04 11:00:00Z;14,05928;0;3
1997-09-05 11:00:00Z;10,32282;0;3
1997-09-06 11:00:00Z;9,066523;0;3
1997-09-07 11:00:00Z;7,953337;0;3
1997-09-08 11:00:00Z;7,420178;0;3
1997-09-09 11:00:00Z;7,89782;0;3
1997-09-10 11:00:00Z;8,88708;0;3
1997-09-11 11:00:00Z;8,041549;0;3
1997-09-12 11:00:00Z;5,905454;0;3
1997-09-13 11:00:00Z;8,631566;0;3
1997-09-14 11:00:00Z;10,27379;0;3
1997-09-15 11:00:00Z;28,60949;0;3
1997-09-16 11:00:00Z;13,58838;0;3
1997-09-17 11:00:00Z;19,80545;0;3
1997-09-18 11:00:00Z;14,41926;0;3
1997-09-19 11:00:00Z;19,44413;0;3
1997-09-20 11:00:00Z;16,40144;0;3
1997-09-21 11:00:00Z;14,77573;0;3
1997-09-22 11:00:00Z;12,27998;0;3
1997-09-23 11:00:00Z;10,89353;0;3
1997-09-24 11:00:00Z;32,62912;0;3
1997-09-25 11:00:00Z;50,32404;0;3
1997-09-26 11:00:00Z;39,96516;0;3
1997-09-27 11:00:00Z;19,67625;0;3
1997-09-28 11:00:00Z;13,40221;0;3
1997-09-29 11:00:00Z;10,72603;0;3
1997-09-30 11:00:00Z;11,38824;0;3
1997-10-01 11:00:00Z;9,860084;0;3
1997-10-02 11:00:00Z;8,09417;0;3
1997-10-03 11:00:00Z;6,008798;0;3
1997-10-04 11:00:00Z;5,197781;0;3
1997-10-05 11:00:00Z;5,101605;0;3
1997-10-06 11:00:00Z;5,883078;0;3
1997-10-07 11:00:00Z;4,971059;0;3
1997-10-08 11:00:00Z;3,981213;0;3
1997-10-09 11:00:00Z;4,002359;0;3
1997-10-10 11:00:00Z;3,757258;0;3
1997-10-11 11:00:00Z;3,334071;0;3
1997-10-12 11:00:00Z;3,35732;0;3
1997-10-13 11:00:00Z;3,169055;0;3
1997-10-14 11:00:00Z;2,169618;0;3
1997-10-15 11:00:00Z;3,234263;0;3
1997-10-16 11:00:00Z;3,207637;0;3
1997-10-17 11:00:00Z;2,317353;0;3
1997-10-18 11:00:00Z;2,081975;0;3
1997-10-19 11:00:00Z;2,143729;0;3
1997-10-20 11:00:00Z;1,663795;0;3
1997-10-21 11:00:00Z;1,681535;0;3
1997-10-22 11:00:00Z;2,155462;0;3
1997-10-23 11:00:00Z;2,574807;0;3
1997-10-24 11:00:00Z;3,148916;0;3
1997-10-25 11:00:00Z;2,960563;0;3
1997-10-26 11:00:00Z;2,902368;0;3
1997-10-27 11:00:00Z;2,688826;0;3
1997-10-28 11:00:00Z;2,572416;0;3
1997-10-29 11:00:00Z;4,573137;0;3
1997-10-30 11:00:00Z;10,87904;0;3
1997-10-31 11:00:00Z;15,52661;0;3
1997-11-01 11:00:00Z;8,734695;0;3
1997-11-02 11:00:00Z;6,677575;0;3
1997-11-03 11:00:00Z;5,618309;0;3
1997-11-04 11:00:00Z;4,683094;0;3
1997-11-05 11:00:00Z;4,97093;0;3
1997-11-06 11:00:00Z;5,383934;0;3
1997-11-07 11:00:00Z;5,568241;0;3
1997-11-08 11:00:00Z;5,525344;0;3
1997-11-09 11:00:00Z;4,939195;0;3
1997-11-10 11:00:00Z;5,113894;0;3
1997-11-11 11:00:00Z;4,795468;2;3
1997-11-12 11:00:00Z;4,476146;2;3
1997-11-13 11:00:00Z;4,157191;2;3
1997-11-14 11:00:00Z;3,833552;2;3
1997-11-15 11:00:00Z;3,507146;0;3
1997-11-16 11:00:00Z;3,325669;0;3
1997-11-17 11:00:00Z;2,516854;0;3
1997-11-18 11:00:00Z;2,314245;0;3
1997-11-19 11:00:00Z;2,707916;0;3
1997-11-20 11:00:00Z;2,425838;0;3
1997-11-21 11:00:00Z;2,027861;0;3
1997-11-22 11:00:00Z;1,788669;0;3
1997-11-23 11:00:00Z;1,629529;0;3
1997-11-24 11:00:00Z;1,496762;0;3
1997-11-25 11:00:00Z;1,402642;0;3
1997-11-26 11:00:00Z;1,334048;0;3
1997-11-27 11:00:00Z;1,290458;0;3
1997-11-28 11:00:00Z;1,27439;0;3
1997-11-29 11:00:00Z;1,328363;0;3
1997-11-30 11:00:00Z;1,860659;0;3
1997-12-01 11:00:00Z;2,414968;0;3
1997-12-02 11:00:00Z;3,142523;0;3
1997-12-03 11:00:00Z;1,595768;0;3
1997-12-04 11:00:00Z;0,7773658;0;3
1997-12-05 11:00:00Z;0,7729378;0;3
1997-12-06 11:00:00Z;0,8046932;0;3
1997-12-07 11:00:00Z;0,8120752;0;3
1997-12-08 11:00:00Z;1,537214;0;3
1997-12-09 11:00:00Z;1,509862;2;3
1997-12-10 11:00:00Z;1,486177;2;3
1997-12-11 11:00:00Z;1,459857;2;3
1997-12-12 11:00:00Z;1,436166;2;3
1997-12-13 11:00:00Z;1,40984;2;3
1997-12-14 11:00:00Z;1,386144;2;3
1997-12-15 11:00:00Z;1,359814;2;3
1997-12-16 11:00:00Z;1,336117;2;3
1997-12-17 11:00:00Z;1,309786;2;3
1997-12-18 11:00:00Z;1,286089;2;3
1997-12-19 11:00:00Z;1,25976;2;3
1997-12-20 11:00:00Z;1,236066;2;3
1997-12-21 11:00:00Z;1,209743;2;3
1997-12-22 11:00:00Z;1,186057;2;3
1997-12-23 11:00:00Z;1,159744;2;3
1997-12-24 11:00:00Z;1,136069;2;3
1997-12-25 11:00:00Z;1,109771;2;3
1997-12-26 11:00:00Z;1,086111;2;3
1997-12-27 11:00:00Z;1,059583;0;3
1997-12-28 11:00:00Z;2,638437;0;3
1997-12-29 11:00:00Z;1,895435;0;3
1997-12-30 11:00:00Z;0,7180833;0;3
1997-12-31 11:00:00Z;0,6115248;0;3
1998-01-01 11:00:00Z;0,5970766;0;3
1998-01-02 11:00:00Z;0,6202934;0;3
1998-01-03 11:00:00Z;0,6274101;0;3
1998-01-04 11:00:00Z;0,6098143;0;3
1998-01-05 11:00:00Z;0,6138308;0;3
1998-01-06 11:00:00Z;0,5936844;0;3
1998-01-07 11:00:00Z;0,5918166;0;3
1998-01-08 11:00:00Z;0,5547929;0;3
1998-01-09 11:00:00Z;0,4946992;0;3
1998-01-10 11:00:00Z;0,5038459;0;3
1998-01-11 11:00:00Z;0,5768302;0;3
1998-01-12 11:00:00Z;0,6473408;0;3
1998-01-13 11:00:00Z;0,7196213;0;3
1998-01-14 11:00:00Z;0,8144203;0;3
1998-01-15 11:00:00Z;0,895294;0;3
1998-01-16 11:00:00Z;0,8781862;0;3
1998-01-17 11:00:00Z;0,8000925;0;3
1998-01-18 11:00:00Z;0,757771;0;3
1998-01-19 11:00:00Z;0,7134834;0;3
1998-01-20 11:00:00Z;0,6744671;0;3
1998-01-21 11:00:00Z;0,643881;0;3
1998-01-22 11:00:00Z;0,6186928;0;3
1998-01-23 11:00:00Z;0,6029025;0;3
1998-01-24 11:00:00Z;0,6022833;0;3
1998-01-25 11:00:00Z;0,613824;0;3
1998-01-26 11:00:00Z;2,190729;0;3
1998-01-27 11:00:00Z;4,916216;1;3
1998-01-28 11:00:00Z;2,388879;1;3
1998-01-29 11:00:00Z;1,341383;1;3
1998-01-30 11:00:00Z;1,867081;1;3
1998-01-31 11:00:00Z;3,669623;1;3
1998-02-01 11:00:00Z;8,229386;0;3
1998-02-02 11:00:00Z;5,898328;0;3
1998-02-03 11:00:00Z;3,813671;0;3
1998-02-04 11:00:00Z;2,240911;0;3
1998-02-05 11:00:00Z;1,637366;0;3
1998-02-06 11:00:00Z;1,316424;0;3
1998-02-07 11:00:00Z;1,136057;0;3
1998-02-08 11:00:00Z;0,9734559;0;3
1998-02-09 11:00:00Z;0,8573292;0;3
1998-02-10 11:00:00Z;0,7566724;0;3
1998-02-11 11:00:00Z;0,6947707;0;3
1998-02-12 11:00:00Z;0,6989948;0;3
1998-02-13 11:00:00Z;0,7850522;0;3
1998-02-14 11:00:00Z;0,818094;0;3
1998-02-15 11:00:00Z;0,7427884;0;3
1998-02-16 11:00:00Z;0,6776884;0;3
1998-02-17 11:00:00Z;0,6647294;0;3
1998-02-18 11:00:00Z;0,6887077;0;3
1998-02-19 11:00:00Z;0,7048485;0;3
1998-02-20 11:00:00Z;0,7852454;0;3
1998-02-21 11:00:00Z;0,8984709;0;3
1998-02-22 11:00:00Z;1,138373;0;3
1998-02-23 11:00:00Z;1,229598;0;3
1998-02-24 11:00:00Z;1,155186;0;3
1998-02-25 11:00:00Z;1,001948;0;3
1998-02-26 11:00:00Z;4,916216;1;3
1998-02-27 11:00:00Z;8,440414;1;3
1998-02-28 11:00:00Z;6,629949;1;3
1998-03-01 11:00:00Z;6,629949;1;3
1998-03-02 11:00:00Z;5,975713;2;3
1998-03-03 11:00:00Z;5,315796;2;3
1998-03-04 11:00:00Z;4,644732;2;3
1998-03-05 11:00:00Z;3,966791;2;3
1998-03-06 11:00:00Z;3,276355;2;3
1998-03-07 11:00:00Z;2,577386;0;3
1998-03-08 11:00:00Z;2,168787;0;3
1998-03-09 11:00:00Z;2,007618;0;3
1998-03-10 11:00:00Z;2,011489;0;3
1998-03-11 11:00:00Z;2,09615;0;3
1998-03-12 11:00:00Z;2,224874;0;3
1998-03-13 11:00:00Z;2,207869;0;3
1998-03-14 11:00:00Z;1,921469;0;3
1998-03-15 11:00:00Z;1,806447;0;3
1998-03-16 11:00:00Z;1,647686;0;3
1998-03-17 11:00:00Z;1,430128;0;3
1998-03-18 11:00:00Z;1,317588;0;3
1998-03-19 11:00:00Z;1,232479;0;3
1998-03-20 11:00:00Z;1,157456;0;3
1998-03-21 11:00:00Z;1,139203;0;3
1998-03-22 11:00:00Z;1,095905;0;3
1998-03-23 11:00:00Z;1,203502;0;3
1998-03-24 11:00:00Z;1,992909;0;3
1998-03-25 11:00:00Z;1,863988;0;3
1998-03-26 11:00:00Z;1,43834;0;3
1998-03-27 11:00:00Z;1,155356;0;3
1998-03-28 11:00:00Z;0,9637522;0;3
1998-03-29 11:00:00Z;0,8461868;0;3
1998-03-30 11:00:00Z;0,8737166;0;3
1998-03-31 11:00:00Z;0,9064721;0;3
1998-04-01 11:00:00Z;0,8739681;0;3
1998-04-02 11:00:00Z;0,8062499;0;3
1998-04-03 11:00:00Z;0,7380577;0;3
1998-04-04 11:00:00Z;0,6970885;0;3
1998-04-05 11:00:00Z;0,640343;0;3
1998-04-06 11:00:00Z;0,5990557;0;3
1998-04-07 11:00:00Z;0,5720899;0;3
1998-04-08 11:00:00Z;0,5535717;0;3
1998-04-09 11:00:00Z;0,5338674;0;3
1998-04-10 11:00:00Z;0,5190607;0;3
1998-04-11 11:00:00Z;0,5070871;0;3
1998-04-12 11:00:00Z;0,5053554;0;3
1998-04-13 11:00:00Z;0,4772559;0;3
1998-04-14 11:00:00Z;0,4525932;0;3
1998-04-15 11:00:00Z;0,4332748;0;3
1998-04-16 11:00:00Z;0,4200186;0;3
1998-04-17 11:00:00Z;0,3982944;0;3
1998-04-18 11:00:00Z;0,3738668;0;3
1998-04-19 11:00:00Z;0,3654682;0;3
1998-04-20 11:00:00Z;0,3581568;0;3
1998-04-21 11:00:00Z;0,3499479;0;3
1998-04-22 11:00:00Z;0,34345;0;3
1998-04-23 11:00:00Z;0,3692637;0;3
1998-04-24 11:00:00Z;0,5621547;0;3
1998-04-25 11:00:00Z;2,152818;0;3
1998-04-26 11:00:00Z;9,038017;1;3
1998-04-27 11:00:00Z;11,95736;1;3
1998-04-28 11:00:00Z;12,90415;1;3
1998-04-29 11:00:00Z;16,40509;1;3
1998-04-30 11:00:00Z;14,31363;1;3
1998-05-01 11:00:00Z;27,11055;0;3
1998-05-02 11:00:00Z;27,56753;0;3
1998-05-03 11:00:00Z;24,95249;0;3
1998-05-04 11:00:00Z;21,42793;0;3
1998-05-05 11:00:00Z;18,01874;0;3
1998-05-06 11:00:00Z;15,88684;0;3
1998-05-07 11:00:00Z;13,64405;0;3
1998-05-08 11:00:00Z;11,58646;0;3
1998-05-09 11:00:00Z;10,03264;0;3
1998-05-10 11:00:00Z;11,13272;0;3
1998-05-11 11:00:00Z;19,09293;0;3
1998-05-12 11:00:00Z;14,89737;0;3
1998-05-13 11:00:00Z;11,72839;0;3
1998-05-14 11:00:00Z;16,44077;0;3
1998-05-15 11:00:00Z;21,54521;0;3
1998-05-16 11:00:00Z;32,65812;0;3
1998-05-17 11:00:00Z;43,45993;0;3
1998-05-18 11:00:00Z;41,82878;0;3
1998-05-19 11:00:00Z;43,60738;0;3
1998-05-20 11:00:00Z;23,83699;0;3
1998-05-21 11:00:00Z;15,03367;0;3
1998-05-22 11:00:00Z;10,75214;0;3
1998-05-23 11:00:00Z;9,340411;0;3
1998-05-24 11:00:00Z;8,497304;0;3
1998-05-25 11:00:00Z;7,927513;0;3
1998-05-26 11:00:00Z;6,588092;0;3
1998-05-27 11:00:00Z;5,908046;0;3
1998-05-28 11:00:00Z;5,631531;0;3
1998-05-29 11:00:00Z;5,884352;0;3
1998-05-30 11:00:00Z;6,701747;0;3
1998-05-31 11:00:00Z;7,065825;0;3
1998-06-01 11:00:00Z;7,683747;0;3
1998-06-02 11:00:00Z;9,491632;0;3
1998-06-03 11:00:00Z;11,75003;0;3
1998-06-04 11:00:00Z;13,08182;0;3
1998-06-05 11:00:00Z;13,33616;0;3
1998-06-06 11:00:00Z;13,95694;0;3
1998-06-07 11:00:00Z;14,8473;0;3
1998-06-08 11:00:00Z;18,48518;0;3
1998-06-09 11:00:00Z;32,51091;0;3
1998-06-10 11:00:00Z;27,03194;0;3
1998-06-11 11:00:00Z;28,40587;0;3
1998-06-12 11:00:00Z;33,23968;0;3
1998-06-13 11:00:00Z;30,98024;0;3
1998-06-14 11:00:00Z;34,40271;0;3
1998-06-15 11:00:00Z;31,26901;0;3
1998-06-16 11:00:00Z;29,28616;0;3
1998-06-17 11:00:00Z;38,58766;0;3
1998-06-18 11:00:00Z;50,34426;0;3
1998-06-19 11:00:00Z;52,3023;0;3
1998-06-20 11:00:00Z;52,16016;0;3
1998-06-21 11:00:00Z;58,51749;0;3
1998-06-22 11:00:00Z;65,6363;0;3
1998-06-23 11:00:00Z;64,72082;0;3
1998-06-24 11:00:00Z;53,22039;0;3
1998-06-25 11:00:00Z;44,94542;0;3
1998-06-26 11:00:00Z;45,84661;0;3
1998-06-27 11:00:00Z;54,05922;0;3
1998-06-28 11:00:00Z;56,05954;0;3
1998-06-29 11:00:00Z;57,02768;0;3
1998-06-30 11:00:00Z;57,02181;0;3
1998-07-01 11:00:00Z;50,06967;0;3
1998-07-02 11:00:00Z;40,62307;0;3
1998-07-03 11:00:00Z;27,59477;0;3
1998-07-04 11:00:00Z;23,22172;0;3
1998-07-05 11:00:00Z;21,53098;0;3
1998-07-06 11:00:00Z;21,25386;0;3
1998-07-07 11:00:00Z;24,81055;0;3
1998-07-08 11:00:00Z;29,45461;0;3
1998-07-09 11:00:00Z;34,71658;0;3
1998-07-10 11:00:00Z;41,98906;0;3
1998-07-11 11:00:00Z;28,79333;0;3
1998-07-12 11:00:00Z;28,63404;0;3
1998-07-13 11:00:00Z;65,99725;0;3
1998-07-14 11:00:00Z;68,59914;0;3
1998-07-15 11:00:00Z;54,86047;0;3
1998-07-16 11:00:00Z;33,60749;0;3
1998-07-17 11:00:00Z;24,52802;0;3
1998-07-18 11:00:00Z;20,4546;0;3
1998-07-19 11:00:00Z;18,93504;0;3
1998-07-20 11:00:00Z;29,56321;0;3
1998-07-21 11:00:00Z;28,67154;0;3
1998-07-22 11:00:00Z;23,37428;0;3
1998-07-23 11:00:00Z;48,04968;0;3
1998-07-24 11:00:00Z;42,00985;0;3
1998-07-25 11:00:00Z;29,01894;0;3
1998-07-26 11:00:00Z;22,49819;0;3
1998-07-27 11:00:00Z;19,89753;0;3
1998-07-28 11:00:00Z;16,97327;0;3
1998-07-29 11:00:00Z;13,43335;0;3
1998-07-30 11:00:00Z;13,3612;0;3
1998-07-31 11:00:00Z;15,6729;0;3
1998-08-01 11:00:00Z;15,44452;0;3
1998-08-02 11:00:00Z;13,94391;0;3
1998-08-03 11:00:00Z;10,8985;0;3
1998-08-04 11:00:00Z;9,426372;0;3
1998-08-05 11:00:00Z;11,24282;0;3
1998-08-06 11:00:00Z;8,537645;0;3
1998-08-07 11:00:00Z;8,779373;0;3
1998-08-08 11:00:00Z;15,56966;0;3
1998-08-09 11:00:00Z;9,330848;0;3
1998-08-10 11:00:00Z;7,53464;0;3
1998-08-11 11:00:00Z;6,539295;0;3
1998-08-12 11:00:00Z;5,80917;0;3
1998-08-13 11:00:00Z;6,891219;0;3
1998-08-14 11:00:00Z;7,195247;0;3
1998-08-15 11:00:00Z;7,745458;0;3
1998-08-16 11:00:00Z;10,22292;0;3
1998-08-17 11:00:00Z;11,47395;0;3
1998-08-18 11:00:00Z;10,64137;0;3
1998-08-19 11:00:00Z;13,29702;0;3
1998-08-20 11:00:00Z;8,679036;0;3
1998-08-21 11:00:00Z;6,832661;0;3
1998-08-22 11:00:00Z;5,751524;0;3
1998-08-23 11:00:00Z;5,868021;0;3
1998-08-24 11:00:00Z;7,693752;0;3
1998-08-25 11:00:00Z;7,010445;0;3
1998-08-26 11:00:00Z;5,282874;0;3
1998-08-27 11:00:00Z;7,031417;0;3
1998-08-28 11:00:00Z;6,045482;0;3
1998-08-29 11:00:00Z;5,114215;0;3
1998-08-30 11:00:00Z;4,675764;0;3
1998-08-31 11:00:00Z;3,993566;0;3
1998-09-01 11:00:00Z;3,473099;0;3
1998-09-02 11:00:00Z;2,977581;0;3
1998-09-03 11:00:00Z;2,646837;0;3
1998-09-04 11:00:00Z;2,477731;0;3
1998-09-05 11:00:00Z;2,427285;0;3
1998-09-06 11:00:00Z;2,407304;0;3
1998-09-07 11:00:00Z;2,307065;0;3
1998-09-08 11:00:00Z;2,232637;0;3
1998-09-09 11:00:00Z;2,832752;0;3
1998-09-10 11:00:00Z;3,465668;0;3
1998-09-11 11:00:00Z;5,140626;0;3
1998-09-12 11:00:00Z;6,787515;0;3
1998-09-13 11:00:00Z;4,426816;0;3
1998-09-14 11:00:00Z;7,055306;0;3
1998-09-15 11:00:00Z;6,811278;0;3
1998-09-16 11:00:00Z;4,574655;0;3
1998-09-17 11:00:00Z;3,829715;0;3
1998-09-18 11:00:00Z;4,525757;0;3
1998-09-19 11:00:00Z;3,411567;0;3
1998-09-20 11:00:00Z;3,566306;0;3
1998-09-21 11:00:00Z;7,277748;0;3
1998-09-22 11:00:00Z;7,934042;0;3
1998-09-23 11:00:00Z;6,992264;0;3
1998-09-24 11:00:00Z;8,016581;0;3
1998-09-25 11:00:00Z;7,650819;0;3
1998-09-26 11:00:00Z;6,558438;0;3
1998-09-27 11:00:00Z;4,773005;0;3
1998-09-28 11:00:00Z;4,614503;0;3
1998-09-29 11:00:00Z;3,609355;0;3
1998-09-30 11:00:00Z;4,081428;0;3
1998-10-01 11:00:00Z;3,513562;0;3
1998-10-02 11:00:00Z;3,928168;0;3
1998-10-03 11:00:00Z;5,38039;0;3
1998-10-04 11:00:00Z;7,278673;0;3
1998-10-05 11:00:00Z;4,46744;0;3
1998-10-06 11:00:00Z;3,544142;0;3
1998-10-07 11:00:00Z;3,378824;0;3
1998-10-08 11:00:00Z;3,38531;0;3
1998-10-09 11:00:00Z;4,911719;0;3
1998-10-10 11:00:00Z;7,746552;0;3
1998-10-11 11:00:00Z;6,670428;0;3
1998-10-12 11:00:00Z;4,645617;0;3
1998-10-13 11:00:00Z;3,645706;0;3
1998-10-14 11:00:00Z;3,318019;0;3
1998-10-15 11:00:00Z;3,630386;0;3
1998-10-16 11:00:00Z;4,588439;0;3
1998-10-17 11:00:00Z;5,179031;0;3
1998-10-18 11:00:00Z;3,862993;0;3
1998-10-19 11:00:00Z;3,567572;0;3
1998-10-20 11:00:00Z;4,363845;0;3
1998-10-21 11:00:00Z;3,374932;0;3
1998-10-22 11:00:00Z;3,874413;0;3
1998-10-23 11:00:00Z;3,708338;0;3
1998-10-24 11:00:00Z;6,709477;0;3
1998-10-25 11:00:00Z;4,531221;0;3
1998-10-26 11:00:00Z;6,424011;0;3
1998-10-27 11:00:00Z;10,53835;0;3
1998-10-28 11:00:00Z;7,505192;0;3
1998-10-29 11:00:00Z;4,740673;0;3
1998-10-30 11:00:00Z;4,173288;0;3
1998-10-31 11:00:00Z;3,305787;0;3
1998-11-01 11:00:00Z;4,218792;0;3
1998-11-02 11:00:00Z;3,96836;2;3
1998-11-03 11:00:00Z;3,711619;2;3
1998-11-04 11:00:00Z;3,453446;2;3
1998-11-05 11:00:00Z;3,193821;2;3
1998-11-06 11:00:00Z;2,932726;2;3
1998-11-07 11:00:00Z;2,658713;2;3
1998-11-08 11:00:00Z;2,394636;2;3
1998-11-09 11:00:00Z;2,129169;2;3
1998-11-10 11:00:00Z;1,862432;2;3
1998-11-11 11:00:00Z;1,594644;2;3
1998-11-12 11:00:00Z;1,327079;0;3
1998-11-13 11:00:00Z;1,145133;0;3
1998-11-14 11:00:00Z;1,027374;0;3
1998-11-15 11:00:00Z;0,8914514;0;3
1998-11-16 11:00:00Z;0,6464318;0;3
1998-11-17 11:00:00Z;0,4999771;0;3
1998-11-18 11:00:00Z;0,4098845;0;3
1998-11-19 11:00:00Z;0,3722114;0;3
1998-11-20 11:00:00Z;0,3556625;0;3
1998-11-21 11:00:00Z;0,3734197;0;3
1998-11-22 11:00:00Z;4,122162;0;3
1998-11-23 11:00:00Z;5,835546;0;3
1998-11-24 11:00:00Z;1,933788;0;3
1998-11-25 11:00:00Z;1,886477;0;3
1998-11-26 11:00:00Z;1,56969;0;3
1998-11-27 11:00:00Z;1,165317;0;3
1998-11-28 11:00:00Z;1,044259;0;3
1998-11-29 11:00:00Z;0,8196903;0;3
1998-11-30 11:00:00Z;0,7233723;0;3
1998-12-01 11:00:00Z;6,616489;0;3
1998-12-02 11:00:00Z;13,11911;0;3
1998-12-03 11:00:00Z;2,832398;0;3
1998-12-04 11:00:00Z;1,857077;0;3
1998-12-05 11:00:00Z;1,815927;2;3
1998-12-06 11:00:00Z;1,769392;2;3
1998-12-07 11:00:00Z;1,722828;2;3
1998-12-08 11:00:00Z;1,676237;2;3
1998-12-09 11:00:00Z;1,629621;2;3
1998-12-10 11:00:00Z;1,57132;2;3
1998-12-11 11:00:00Z;1,524657;2;3
1998-12-12 11:00:00Z;1,477978;2;3
1998-12-13 11:00:00Z;1,431286;2;3
1998-12-14 11:00:00Z;1,384586;2;3
1998-12-15 11:00:00Z;1,33788;2;3
1998-12-16 11:00:00Z;1,286772;0;3
1998-12-17 11:00:00Z;1,52466;0;3
1998-12-18 11:00:00Z;7,843084;0;3
1998-12-19 11:00:00Z;3,426144;0;3
1998-12-20 11:00:00Z;3,216455;2;3
1998-12-21 11:00:00Z;3,012346;2;3
1998-12-22 11:00:00Z;2,795918;2;3
1998-12-23 11:00:00Z;2,578492;2;3
1998-12-24 11:00:00Z;2,360086;2;3
1998-12-25 11:00:00Z;2,152306;2;3
1998-12-26 11:00:00Z;1,928465;0;3
1998-12-27 11:00:00Z;1,495353;0;3
1998-12-28 11:00:00Z;1,306398;0;3
1998-12-29 11:00:00Z;1,122738;0;3
1998-12-30 11:00:00Z;0,9754503;0;3
1998-12-31 11:00:00Z;0,9093403;0;3
1999-01-01 11:00:00Z;0,831233;0;3
1999-01-02 11:00:00Z;0,7703952;0;3
1999-01-03 11:00:00Z;0,7103785;0;3
1999-01-04 11:00:00Z;0,6702845;0;3
1999-01-05 11:00:00Z;0,6475551;0;3
1999-01-06 11:00:00Z;0,6324449;0;3
1999-01-07 11:00:00Z;0,6129798;0;3
1999-01-08 11:00:00Z;0,5960439;0;3
1999-01-09 11:00:00Z;0,5745919;0;3
1999-01-10 11:00:00Z;0,5414325;0;3
1999-01-11 11:00:00Z;0,5158113;0;3
1999-01-12 11:00:00Z;0,4938261;0;3
1999-01-13 11:00:00Z;0,4630142;0;3
1999-01-14 11:00:00Z;0,4345779;0;3
1999-01-15 11:00:00Z;0,423027;0;3
1999-01-16 11:00:00Z;0,4165205;0;3
1999-01-17 11:00:00Z;0,4063322;0;3
1999-01-18 11:00:00Z;0,428517;0;3
1999-01-19 11:00:00Z;0,3993869;0;3
1999-01-20 11:00:00Z;0,3866279;0;3
1999-01-21 11:00:00Z;0,3766686;0;3
1999-01-22 11:00:00Z;0,369335;0;3
1999-01-23 11:00:00Z;0,3463593;0;3
1999-01-24 11:00:00Z;0,3238099;0;3
1999-01-25 11:00:00Z;0,3059626;0;3
1999-01-26 11:00:00Z;0,3960264;0;3
1999-01-27 11:00:00Z;0,6858487;0;3
1999-01-28 11:00:00Z;0,5877434;0;3
1999-01-29 11:00:00Z;0,4689554;0;3
1999-01-30 11:00:00Z;0,4330467;0;3
1999-01-31 11:00:00Z;0,433401;0;3
1999-02-01 11:00:00Z;0,4093578;0;3
1999-02-02 11:00:00Z;0,417876;0;3
1999-02-03 11:00:00Z;0,5311921;0;3
1999-02-04 11:00:00Z;0,5578511;0;3
1999-02-05 11:00:00Z;0,5487748;0;3
1999-02-06 11:00:00Z;0,4957182;0;3
1999-02-07 11:00:00Z;0,4296781;0;3
1999-02-08 11:00:00Z;0,3889602;0;3
1999-02-09 11:00:00Z;0,3455235;0;3
1999-02-10 11:00:00Z;0,2967513;0;3
1999-02-11 11:00:00Z;0,2645779;0;3
1999-02-12 11:00:00Z;0,2772124;0;3
1999-02-13 11:00:00Z;0,3112689;0;3
1999-02-14 11:00:00Z;0,3642214;0;3
1999-02-15 11:00:00Z;0,3773846;0;3
1999-02-16 11:00:00Z;0,3734621;0;3
1999-02-17 11:00:00Z;0,367898;0;3
1999-02-18 11:00:00Z;0,3578725;0;3
1999-02-19 11:00:00Z;0,3337819;0;3
1999-02-20 11:00:00Z;0,3160389;0;3
1999-02-21 11:00:00Z;0,2997744;0;3
1999-02-22 11:00:00Z;0,2873608;0;3
1999-02-23 11:00:00Z;0,2599057;0;3
1999-02-24 11:00:00Z;0,2412188;0;3
1999-02-25 11:00:00Z;0,2257025;0;3
1999-02-26 11:00:00Z;0,2140152;0;3
1999-02-27 11:00:00Z;0,2065333;0;3
1999-02-28 11:00:00Z;0,2072218;0;3
1999-03-01 11:00:00Z;0,2050496;0;3
1999-03-02 11:00:00Z;0,1991589;0;3
1999-03-03 11:00:00Z;0,1891065;0;3
1999-03-04 11:00:00Z;0,1718492;0;3
1999-03-05 11:00:00Z;0,1593645;0;3
1999-03-06 11:00:00Z;0,1597618;0;3
1999-03-07 11:00:00Z;0,1617596;0;3
1999-03-08 11:00:00Z;0,1699762;0;3
1999-03-09 11:00:00Z;0,1670581;0;3
1999-03-10 11:00:00Z;0,1562261;0;3
1999-03-11 11:00:00Z;0,1418963;0;3
1999-03-12 11:00:00Z;0,1328258;0;3
1999-03-13 11:00:00Z;0,1258513;0;3
1999-03-14 11:00:00Z;0,1272494;0;3
1999-03-15 11:00:00Z;0,1351253;0;3
1999-03-16 11:00:00Z;0,140918;0;3
1999-03-17 11:00:00Z;0,1455944;0;3
1999-03-18 11:00:00Z;0,1447898;0;3
1999-03-19 11:00:00Z;0,1515658;0;3
1999-03-20 11:00:00Z;0,1522231;0;3
1999-03-21 11:00:00Z;0,1501605;0;3
1999-03-22 11:00:00Z;0,1456857;0;3
1999-03-23 11:00:00Z;0,1391249;0;3
1999-03-24 11:00:00Z;0,1312159;0;3
1999-03-25 11:00:00Z;0,1286973;0;3
1999-03-26 11:00:00Z;0,1251573;0;3
1999-03-27 11:00:00Z;0,1236449;0;3
1999-03-28 11:00:00Z;0,1236449;0;3
1999-03-29 11:00:00Z;0,1237317;0;3
1999-03-30 11:00:00Z;0,1348901;0;3
1999-03-31 11:00:00Z;0,2405163;0;3
1999-04-01 11:00:00Z;0,7824793;0;3
1999-04-02 11:00:00Z;1,230771;0;3
1999-04-03 11:00:00Z;1,050603;0;3
1999-04-04 11:00:00Z;0,6475518;0;3
1999-04-05 11:00:00Z;0,3485793;0;3
1999-04-06 11:00:00Z;0,3516152;0;3
1999-04-07 11:00:00Z;0,9364864;0;3
1999-04-08 11:00:00Z;1,5187;0;3
1999-04-09 11:00:00Z;2,996733;0;3
1999-04-10 11:00:00Z;3,080142;0;3
1999-04-11 11:00:00Z;2,011223;0;3
1999-04-12 11:00:00Z;1,156118;0;3
1999-04-13 11:00:00Z;0,6856728;0;3
1999-04-14 11:00:00Z;0,493155;0;3
1999-04-15 11:00:00Z;0,4123607;0;3
1999-04-16 11:00:00Z;0,4494666;0;3
1999-04-17 11:00:00Z;0,5538852;0;3
1999-04-18 11:00:00Z;0,7060406;0;3
1999-04-19 11:00:00Z;0,7825158;0;3
1999-04-20 11:00:00Z;1,29043;0;3
1999-04-21 11:00:00Z;3,003698;0;3
1999-04-22 11:00:00Z;4,576161;0;3
1999-04-23 11:00:00Z;4,510747;0;3
1999-04-24 11:00:00Z;4,272424;0;3
1999-04-25 11:00:00Z;4,547795;0;3
1999-04-26 11:00:00Z;4,866644;0;3
1999-04-27 11:00:00Z;5,05041;0;3
1999-04-28 11:00:00Z;4,302097;0;3
1999-04-29 11:00:00Z;3,507572;0;3
1999-04-30 11:00:00Z;2,196978;0;3
1999-05-01 11:00:00Z;1,748793;0;3
1999-05-02 11:00:00Z;1,436801;0;3
1999-05-03 11:00:00Z;1,203009;0;3
1999-05-04 11:00:00Z;1,25263;0;3
1999-05-05 11:00:00Z;1,572582;0;3
1999-05-06 11:00:00Z;1,790164;0;3
1999-05-07 11:00:00Z;2,093615;0;3
1999-05-08 11:00:00Z;2,673784;0;3
1999-05-09 11:00:00Z;2,133516;0;3
1999-05-10 11:00:00Z;1,834318;0;3
1999-05-11 11:00:00Z;1,616965;0;3
1999-05-12 11:00:00Z;1,551763;0;3
1999-05-13 11:00:00Z;1,564101;0;3
1999-05-14 11:00:00Z;1,806067;0;3
1999-05-15 11:00:00Z;2,004729;0;3
1999-05-16 11:00:00Z;2,356772;0;3
1999-05-17 11:00:00Z;2,641126;0;3
1999-05-18 11:00:00Z;7,847631;0;3
1999-05-19 11:00:00Z;10,56934;0;3
1999-05-20 11:00:00Z;19,75702;0;3
1999-05-21 11:00:00Z;29,72193;0;3
1999-05-22 11:00:00Z;44,46299;0;3
1999-05-23 11:00:00Z;55,82262;0;3
1999-05-24 11:00:00Z;38,76474;0;3
1999-05-25 11:00:00Z;28,45627;0;3
1999-05-26 11:00:00Z;23,28861;0;3
1999-05-27 11:00:00Z;20,57254;0;3
1999-05-28 11:00:00Z;22,77786;0;3
1999-05-29 11:00:00Z;18,77141;0;3
1999-05-30 11:00:00Z;19,13951;0;3
1999-05-31 11:00:00Z;18,34612;0;3
1999-06-01 11:00:00Z;16,75011;0;3
1999-06-02 11:00:00Z;19,53877;0;3
1999-06-03 11:00:00Z;15,74099;0;3
1999-06-04 11:00:00Z;14,00871;0;3
1999-06-05 11:00:00Z;16,18796;0;3
1999-06-06 11:00:00Z;20,28063;0;3
1999-06-07 11:00:00Z;23,18355;0;3
1999-06-08 11:00:00Z;28,69032;0;3
1999-06-09 11:00:00Z;33,64753;0;3
1999-06-10 11:00:00Z;38,38301;0;3
1999-06-11 11:00:00Z;36,9437;0;3
1999-06-12 11:00:00Z;34,97159;0;3
1999-06-13 11:00:00Z;42,72194;0;3
1999-06-14 11:00:00Z;56,49619;0;3
1999-06-15 11:00:00Z;55,2153;0;3
1999-06-16 11:00:00Z;41,54939;0;3
1999-06-17 11:00:00Z;43,30912;0;3
1999-06-18 11:00:00Z;32,54156;0;3
1999-06-19 11:00:00Z;29,78692;0;3
1999-06-20 11:00:00Z;33,93666;0;3
1999-06-21 11:00:00Z;28,46818;0;3
1999-06-22 11:00:00Z;27,7638;0;3
1999-06-23 11:00:00Z;24,50552;0;3
1999-06-24 11:00:00Z;22,74686;0;3
1999-06-25 11:00:00Z;24,98073;0;3
1999-06-26 11:00:00Z;22,82234;0;3
1999-06-27 11:00:00Z;38,07296;0;3
1999-06-28 11:00:00Z;53,78825;0;3
1999-06-29 11:00:00Z;44,49008;0;3
1999-06-30 11:00:00Z;33,02888;0;3
1999-07-01 11:00:00Z;22,6712;0;3
1999-07-02 11:00:00Z;19,8899;0;3
1999-07-03 11:00:00Z;17,09304;0;3
1999-07-04 11:00:00Z;18,0911;0;3
1999-07-05 11:00:00Z;11,00992;0;3
1999-07-06 11:00:00Z;9,731903;0;3
1999-07-07 11:00:00Z;8,784791;0;3
1999-07-08 11:00:00Z;8,404249;0;3
1999-07-09 11:00:00Z;9,009253;0;3
1999-07-10 11:00:00Z;13,2098;0;3
1999-07-11 11:00:00Z;19,82274;0;3
1999-07-12 11:00:00Z;18,42558;0;3
1999-07-13 11:00:00Z;18,43116;0;3
1999-07-14 11:00:00Z;13,46293;0;3
1999-07-15 11:00:00Z;22,17253;0;3
1999-07-16 11:00:00Z;44,81182;0;3
1999-07-17 11:00:00Z;21,61905;0;3
1999-07-18 11:00:00Z;13,72202;0;3
1999-07-19 11:00:00Z;18,30533;0;3
1999-07-20 11:00:00Z;14,38815;0;3
1999-07-21 11:00:00Z;16,06904;0;3
1999-07-22 11:00:00Z;13,3849;0;3
1999-07-23 11:00:00Z;9,317374;0;3
1999-07-24 11:00:00Z;7,205295;0;3
1999-07-25 11:00:00Z;7,898663;0;3
1999-07-26 11:00:00Z;7,261189;0;3
1999-07-27 11:00:00Z;7,174182;0;3
1999-07-28 11:00:00Z;6,663627;0;3
1999-07-29 11:00:00Z;12,05768;0;3
1999-07-30 11:00:00Z;11,2475;0;3
1999-07-31 11:00:00Z;6,838266;0;3
1999-08-01 11:00:00Z;5,324602;0;3
1999-08-02 11:00:00Z;6,749018;0;3
1999-08-03 11:00:00Z;6,494188;0;3
1999-08-04 11:00:00Z;5,922597;0;3
1999-08-05 11:00:00Z;5,214157;0;3
1999-08-06 11:00:00Z;4,212455;0;3
1999-08-07 11:00:00Z;4,160369;0;3
1999-08-08 11:00:00Z;5,125861;0;3
1999-08-09 11:00:00Z;5,613249;0;3
1999-08-10 11:00:00Z;8,569611;0;3
1999-08-11 11:00:00Z;7,715539;0;3
1999-08-12 11:00:00Z;6,492591;0;3
1999-08-13 11:00:00Z;5,183491;0;3
1999-08-14 11:00:00Z;4,169745;0;3
1999-08-15 11:00:00Z;3,511437;0;3
1999-08-16 11:00:00Z;3,232862;0;3
1999-08-17 11:00:00Z;3,155964;0;3
1999-08-18 11:00:00Z;2,928869;0;3
1999-08-19 11:00:00Z;2,938975;0;3
1999-08-20 11:00:00Z;2,927622;0;3
1999-08-21 11:00:00Z;2,77658;0;3
1999-08-22 11:00:00Z;2,662606;0;3
1999-08-23 11:00:00Z;3,048384;0;3
1999-08-24 11:00:00Z;3,391624;0;3
1999-08-25 11:00:00Z;3,594661;0;3
1999-08-26 11:00:00Z;3,494624;0;3
1999-08-27 11:00:00Z;2,960117;0;3
1999-08-28 11:00:00Z;6,618697;0;3
1999-08-29 11:00:00Z;7,350204;0;3
1999-08-30 11:00:00Z;4,919611;0;3
1999-08-31 11:00:00Z;4,33457;0;3
1999-09-01 11:00:00Z;3,618665;0;3
1999-09-02 11:00:00Z;3,574338;0;3
1999-09-03 11:00:00Z;9,967202;0;3
1999-09-04 11:00:00Z;25,80557;0;3
1999-09-05 11:00:00Z;22,73725;0;3
1999-09-06 11:00:00Z;11,30735;0;3
1999-09-07 11:00:00Z;8,029252;0;3
1999-09-08 11:00:00Z;7,269297;0;3
1999-09-09 11:00:00Z;7,734148;0;3
1999-09-10 11:00:00Z;9,384371;0;3
1999-09-11 11:00:00Z;9,506328;0;3
1999-09-12 11:00:00Z;6,519306;0;3
1999-09-13 11:00:00Z;5,410778;0;3
1999-09-14 11:00:00Z;4,758667;0;3
1999-09-15 11:00:00Z;4,830705;0;3
1999-09-16 11:00:00Z;6,305162;0;3
1999-09-17 11:00:00Z;5,205127;0;3
1999-09-18 11:00:00Z;4,139215;0;3
1999-09-19 11:00:00Z;3,64632;0;3
1999-09-20 11:00:00Z;3,348424;0;3
1999-09-21 11:00:00Z;3,093477;0;3
1999-09-22 11:00:00Z;2,854331;0;3
1999-09-23 11:00:00Z;2,70635;0;3
1999-09-24 11:00:00Z;2,557893;0;3
1999-09-25 11:00:00Z;2,372648;0;3
1999-09-26 11:00:00Z;2,244003;0;3
1999-09-27 11:00:00Z;2,243011;0;3
1999-09-28 11:00:00Z;2,987084;0;3
1999-09-29 11:00:00Z;4,431837;0;3
1999-09-30 11:00:00Z;3,353796;0;3
1999-10-01 11:00:00Z;2,826555;0;3
1999-10-02 11:00:00Z;2,537574;0;3
1999-10-03 11:00:00Z;2,626703;0;3
1999-10-04 11:00:00Z;4,36391;0;3
1999-10-05 11:00:00Z;4,479702;0;3
1999-10-06 11:00:00Z;3,545048;0;3
1999-10-07 11:00:00Z;3,312788;0;3
1999-10-08 11:00:00Z;2,813091;0;3
1999-10-09 11:00:00Z;2,58528;0;3
1999-10-10 11:00:00Z;2,551598;0;3
1999-10-11 11:00:00Z;2,399305;0;3
1999-10-12 11:00:00Z;2,601838;0;3
1999-10-13 11:00:00Z;8,776346;0;3
1999-10-14 11:00:00Z;10,03425;0;3
1999-10-15 11:00:00Z;6,783875;0;3
1999-10-16 11:00:00Z;4,622693;0;3
1999-10-17 11:00:00Z;3,254155;0;3
1999-10-18 11:00:00Z;3,914056;0;3
1999-10-19 11:00:00Z;2,687785;0;3
1999-10-20 11:00:00Z;3,010559;0;3
1999-10-21 11:00:00Z;3,24936;0;3
1999-10-22 11:00:00Z;2,594441;0;3
1999-10-23 11:00:00Z;1,350436;0;3
1999-10-24 11:00:00Z;2,762676;0;3
1999-10-25 11:00:00Z;3,601869;0;3
1999-10-26 11:00:00Z;3,428078;0;3
1999-10-27 11:00:00Z;3,507814;0;3
1999-10-28 11:00:00Z;2,6141;0;3
1999-10-29 11:00:00Z;6,910789;0;3
1999-10-30 11:00:00Z;24,2194;0;3
1999-10-31 11:00:00Z;52,47208;0;3
1999-11-01 11:00:00Z;29,1771;0;3
1999-11-02 11:00:00Z;18,26824;0;3
1999-11-03 11:00:00Z;12,30796;0;3
1999-11-04 11:00:00Z;9,52874;0;3
1999-11-05 11:00:00Z;11,21652;0;3
1999-11-06 11:00:00Z;8,598146;0;3
1999-11-07 11:00:00Z;6,595234;0;3
1999-11-08 11:00:00Z;5,650789;0;3
1999-11-09 11:00:00Z;6,144514;0;3
1999-11-10 11:00:00Z;4,744935;0;3
1999-11-11 11:00:00Z;11,21772;0;3
1999-11-12 11:00:00Z;64,14261;0;3
1999-11-13 11:00:00Z;59,35824;0;3
1999-11-14 11:00:00Z;14,79109;0;3
1999-11-15 11:00:00Z;13,37826;0;3
1999-11-16 11:00:00Z;9,310758;0;3
1999-11-17 11:00:00Z;7,167729;0;3
1999-11-18 11:00:00Z;6,856422;0;3
1999-11-19 11:00:00Z;6,214115;0;3
1999-11-20 11:00:00Z;7,10506;0;3
1999-11-21 11:00:00Z;9,742424;0;3
1999-11-22 11:00:00Z;14,28398;0;3
1999-11-23 11:00:00Z;10,2343;0;3
1999-11-24 11:00:00Z;7,257895;0;3
1999-11-25 11:00:00Z;5,580073;0;3
1999-11-26 11:00:00Z;4,884552;0;3
1999-11-27 11:00:00Z;4,359725;0;3
1999-11-28 11:00:00Z;3,597863;0;3
1999-11-29 11:00:00Z;3,806498;0;3
1999-11-30 11:00:00Z;4,030784;0;3
1999-12-01 11:00:00Z;3,895016;0;3
1999-12-02 11:00:00Z;3,801081;2;3
1999-12-03 11:00:00Z;3,711618;2;3
1999-12-04 11:00:00Z;3,610766;2;3
1999-12-05 11:00:00Z;3,520934;2;3
1999-12-06 11:00:00Z;3,430928;2;3
1999-12-07 11:00:00Z;3,340745;2;3
1999-12-08 11:00:00Z;3,239079;2;3
1999-12-09 11:00:00Z;3,14852;2;3
1999-12-10 11:00:00Z;3,057781;2;3
1999-12-11 11:00:00Z;2,966866;2;3
1999-12-12 11:00:00Z;2,864373;2;3
1999-12-13 11:00:00Z;2,773078;2;3
1999-12-14 11:00:00Z;2,681607;2;3
1999-12-15 11:00:00Z;2,589961;2;3
1999-12-16 11:00:00Z;2,49814;2;3
1999-12-17 11:00:00Z;2,394635;2;3
1999-12-18 11:00:00Z;2,302452;2;3
1999-12-19 11:00:00Z;2,210104;2;3
1999-12-20 11:00:00Z;2,117597;2;3
1999-12-21 11:00:00Z;2,013342;2;3
1999-12-22 11:00:00Z;1,920518;2;3
1999-12-23 11:00:00Z;1,823491;0;3
1999-12-24 11:00:00Z;1,678287;0;3
1999-12-25 11:00:00Z;1,600199;0;3
1999-12-26 11:00:00Z;1,495921;0;3
1999-12-27 11:00:00Z;1,25476;0;3
1999-12-28 11:00:00Z;1,185765;0;3
1999-12-29 11:00:00Z;1,318762;0;3
1999-12-30 11:00:00Z;1,450969;0;3
1999-12-31 11:00:00Z;1,328487;0;3
2000-01-01 11:00:00Z;1,239405;0;3
2000-01-02 11:00:00Z;1,166354;0;3
2000-01-03 11:00:00Z;1,133934;0;3
2000-01-04 11:00:00Z;1,125188;0;3
2000-01-05 11:00:00Z;1,104594;0;3
2000-01-06 11:00:00Z;1,109741;0;3
2000-01-07 11:00:00Z;1,126845;0;3
2000-01-08 11:00:00Z;1,17485;0;3
2000-01-09 11:00:00Z;1,183575;0;3
2000-01-10 11:00:00Z;1,287242;0;3
2000-01-11 11:00:00Z;1,476702;0;3
2000-01-12 11:00:00Z;1,498476;0;3
2000-01-13 11:00:00Z;1,453322;0;3
2000-01-14 11:00:00Z;1,474972;0;3
2000-01-15 11:00:00Z;1,443574;0;3
2000-01-16 11:00:00Z;1,665163;0;3
2000-01-17 11:00:00Z;2,098674;0;3
2000-01-18 11:00:00Z;2,145801;0;3
2000-01-19 11:00:00Z;2,163017;0;3
2000-01-20 11:00:00Z;1,997939;0;3
2000-01-21 11:00:00Z;1,884809;0;3
2000-01-22 11:00:00Z;1,858896;0;3
2000-01-23 11:00:00Z;1,77246;0;3
2000-01-24 11:00:00Z;1,737742;0;3
2000-01-25 11:00:00Z;1,718256;0;3
2000-01-26 11:00:00Z;1,69856;0;3
2000-01-27 11:00:00Z;1,658867;0;3
2000-01-28 11:00:00Z;1,659406;0;3
2000-01-29 11:00:00Z;1,710375;0;3
2000-01-30 11:00:00Z;1,754534;0;3
2000-01-31 11:00:00Z;1,647376;0;3
2000-02-01 11:00:00Z;1,582631;0;3
2000-02-02 11:00:00Z;1,601263;0;3
2000-02-03 11:00:00Z;1,727538;0;3
2000-02-04 11:00:00Z;1,738153;0;3
2000-02-05 11:00:00Z;1,619137;0;3
2000-02-06 11:00:00Z;1,58583;0;3
2000-02-07 11:00:00Z;1,589785;0;3
2000-02-08 11:00:00Z;1,626871;0;3
2000-02-09 11:00:00Z;1,564549;0;3
2000-02-10 11:00:00Z;1,463144;0;3
2000-02-11 11:00:00Z;1,406843;0;3
2000-02-12 11:00:00Z;1,326908;0;3
2000-02-13 11:00:00Z;1,308429;0;3
2000-02-14 11:00:00Z;1,326859;0;3
2000-02-15 11:00:00Z;1,357105;0;3
2000-02-16 11:00:00Z;1,3276;0;3
2000-02-17 11:00:00Z;1,241253;0;3
2000-02-18 11:00:00Z;1,184963;0;3
2000-02-19 11:00:00Z;1,129394;0;3
2000-02-20 11:00:00Z;1,053008;0;3
2000-02-21 11:00:00Z;1,011074;0;3
2000-02-22 11:00:00Z;0,991633;0;3
2000-02-23 11:00:00Z;0,9886028;0;3
2000-02-24 11:00:00Z;0,9781747;0;3
2000-02-25 11:00:00Z;0,9472765;0;3
2000-02-26 11:00:00Z;0,9270679;0;3
2000-02-27 11:00:00Z;0,9405486;0;3
2000-02-28 11:00:00Z;0,9809186;0;3
2000-02-29 11:00:00Z;0,9997995;0;3
2000-03-01 11:00:00Z;1,003824;0;3
2000-03-02 11:00:00Z;0,9588196;0;3
2000-03-03 11:00:00Z;0,9050925;0;3
2000-03-04 11:00:00Z;0,8553237;0;3
2000-03-05 11:00:00Z;0,8046555;0;3
2000-03-06 11:00:00Z;0,8571166;0;3
2000-03-07 11:00:00Z;0,870116;0;3
2000-03-08 11:00:00Z;0,8629978;0;3
2000-03-09 11:00:00Z;0,8431512;0;3
2000-03-10 11:00:00Z;0,8269755;0;3
2000-03-11 11:00:00Z;0,784854;0;3
2000-03-12 11:00:00Z;0,7616997;0;3
2000-03-13 11:00:00Z;0,7662817;0;3
2000-03-14 11:00:00Z;0,7399898;0;3
2000-03-15 11:00:00Z;0,7332515;0;3
2000-03-16 11:00:00Z;0,7293298;0;3
2000-03-17 11:00:00Z;0,7524223;0;3
2000-03-18 11:00:00Z;0,774601;0;3
2000-03-19 11:00:00Z;1,195028;0;3
2000-03-20 11:00:00Z;7,180995;0;3
2000-03-21 11:00:00Z;11,42014;1;3
2000-03-22 11:00:00Z;9,407477;2;3
2000-03-23 11:00:00Z;7,672032;0;3
2000-03-24 11:00:00Z;7,1486;0;3
2000-03-25 11:00:00Z;6,556508;0;3
2000-03-26 11:00:00Z;5,41973;0;3
2000-03-27 11:00:00Z;5,224783;0;3
2000-03-28 11:00:00Z;6,019128;0;3
2000-03-29 11:00:00Z;6,347345;0;3
2000-03-30 11:00:00Z;7,848708;2;3
2000-03-31 11:00:00Z;9,178825;1;3
2000-04-01 11:00:00Z;8,557423;2;3
2000-04-02 11:00:00Z;7,92186;2;3
2000-04-03 11:00:00Z;7,274493;1;3
2000-04-04 11:00:00Z;6,990902;2;3
2000-04-05 11:00:00Z;6,658529;2;3
2000-04-06 11:00:00Z;6,324174;2;3
2000-04-07 11:00:00Z;5,987766;2;3
2000-04-08 11:00:00Z;5,649224;1;3
2000-04-09 11:00:00Z;7,07716;1;3
2000-04-10 11:00:00Z;7,858344;1;3
2000-04-11 11:00:00Z;7,274493;2;3
2000-04-12 11:00:00Z;6,610887;1;3
2000-04-13 11:00:00Z;6,372063;2;3
2000-04-14 11:00:00Z;6,132197;2;3
2000-04-15 11:00:00Z;5,891261;2;3
2000-04-16 11:00:00Z;5,649224;2;3
2000-04-17 11:00:00Z;5,406059;2;3
2000-04-18 11:00:00Z;5,161734;2;3
2000-04-19 11:00:00Z;4,916217;1;3
2000-04-20 11:00:00Z;5,527785;2;3
2000-04-21 11:00:00Z;6,132197;1;3
2000-04-22 11:00:00Z;8,713402;2;3
2000-04-23 11:00:00Z;11,42014;1;3
2000-04-24 11:00:00Z;15,84571;1;3
2000-04-25 11:00:00Z;18,03377;1;3
2000-04-26 11:00:00Z;16,5548;0;3
2000-04-27 11:00:00Z;12,43533;0;3
2000-04-28 11:00:00Z;10,1068;0;3
2000-04-29 11:00:00Z;8,174451;0;3
2000-04-30 11:00:00Z;7,579973;0;3
2000-05-01 11:00:00Z;8,162129;0;3
2000-05-02 11:00:00Z;10,3338;0;3
2000-05-03 11:00:00Z;14,19162;0;3
2000-05-04 11:00:00Z;12,98298;0;3
2000-05-05 11:00:00Z;13,40739;0;3
2000-05-06 11:00:00Z;10,27945;0;3
2000-05-07 11:00:00Z;8,02175;0;3
2000-05-08 11:00:00Z;13,19783;0;3
2000-05-09 11:00:00Z;15,97744;0;3
2000-05-10 11:00:00Z;17,17859;0;3
2000-05-11 11:00:00Z;13,49019;0;3
2000-05-12 11:00:00Z;9,864766;0;3
2000-05-13 11:00:00Z;8,882324;0;3
2000-05-14 11:00:00Z;11,67376;0;3
2000-05-15 11:00:00Z;23,04557;0;3
2000-05-16 11:00:00Z;22,60534;0;3
2000-05-17 11:00:00Z;34,25041;0;3
2000-05-18 11:00:00Z;60,52263;0;3
2000-05-19 11:00:00Z;69,9463;0;3
2000-05-20 11:00:00Z;64,82003;0;3
2000-05-21 11:00:00Z;56,39182;0;3
2000-05-22 11:00:00Z;50,62951;0;3
2000-05-23 11:00:00Z;42,66713;0;3
2000-05-24 11:00:00Z;42,78952;0;3
2000-05-25 11:00:00Z;50,36508;0;3
2000-05-26 11:00:00Z;46,30602;0;3
2000-05-27 11:00:00Z;38,28656;0;3
2000-05-28 11:00:00Z;42,51603;0;3
2000-05-29 11:00:00Z;53,95682;0;3
2000-05-30 11:00:00Z;56,15902;0;3
2000-05-31 11:00:00Z;47,60545;0;3
2000-06-01 11:00:00Z;41,57703;0;3
2000-06-02 11:00:00Z;38,05608;0;3
2000-06-03 11:00:00Z;54,4209;0;3
2000-06-04 11:00:00Z;41,85092;0;3
2000-06-05 11:00:00Z;32,77715;0;3
2000-06-06 11:00:00Z;30,31388;0;3
2000-06-07 11:00:00Z;33,32029;0;3
2000-06-08 11:00:00Z;33,10609;0;3
2000-06-09 11:00:00Z;30,36101;0;3
2000-06-10 11:00:00Z;30,27235;0;3
2000-06-11 11:00:00Z;47,85442;0;3
2000-06-12 11:00:00Z;45,62093;0;3
2000-06-13 11:00:00Z;41,58916;0;3
2000-06-14 11:00:00Z;40,34156;0;3
2000-06-15 11:00:00Z;38,06596;0;3
2000-06-16 11:00:00Z;31,4834;0;3
2000-06-17 11:00:00Z;23,73269;0;3
2000-06-18 11:00:00Z;21,17902;0;3
2000-06-19 11:00:00Z;23,67123;0;3
2000-06-20 11:00:00Z;36,94944;0;3
2000-06-21 11:00:00Z;38,22038;0;3
2000-06-22 11:00:00Z;40,78274;0;3
2000-06-23 11:00:00Z;56,16942;0;3
2000-06-24 11:00:00Z;54,37526;0;3
2000-06-25 11:00:00Z;42,5403;0;3
2000-06-26 11:00:00Z;37,38876;0;3
2000-06-27 11:00:00Z;42,92826;0;3
2000-06-28 11:00:00Z;71,87778;0;3
2000-06-29 11:00:00Z;67,36099;0;3
2000-06-30 11:00:00Z;55,35529;0;3
2000-07-01 11:00:00Z;65,22785;0;3
2000-07-02 11:00:00Z;72,51231;0;3
2000-07-03 11:00:00Z;57,91164;0;3
2000-07-04 11:00:00Z;42,26553;0;3
2000-07-05 11:00:00Z;31,1896;0;3
2000-07-06 11:00:00Z;24,14182;0;3
2000-07-07 11:00:00Z;20,58148;0;3
2000-07-08 11:00:00Z;23,79;0;3
2000-07-09 11:00:00Z;23,14515;0;3
2000-07-10 11:00:00Z;22,72235;0;3
2000-07-11 11:00:00Z;20,82513;0;3
2000-07-12 11:00:00Z;30,8555;0;3
2000-07-13 11:00:00Z;31,29712;0;3
2000-07-14 11:00:00Z;32,78453;0;3
2000-07-15 11:00:00Z;40,55422;0;3
2000-07-16 11:00:00Z;35,75772;0;3
2000-07-17 11:00:00Z;31,62307;0;3
2000-07-18 11:00:00Z;32,15543;0;3
2000-07-19 11:00:00Z;29,52596;0;3
2000-07-20 11:00:00Z;42,91467;0;3
2000-07-21 11:00:00Z;30,71018;0;3
2000-07-22 11:00:00Z;22,07616;0;3
2000-07-23 11:00:00Z;20,40995;0;3
2000-07-24 11:00:00Z;23,60904;0;3
2000-07-25 11:00:00Z;27,90321;0;3
2000-07-26 11:00:00Z;20,57278;0;3
2000-07-27 11:00:00Z;15,19027;0;3
2000-07-28 11:00:00Z;14,12436;0;3
2000-07-29 11:00:00Z;12,82007;0;3
2000-07-30 11:00:00Z;11,54587;0;3
2000-07-31 11:00:00Z;10,42585;0;3
2000-08-01 11:00:00Z;9,5586;0;3
2000-08-02 11:00:00Z;8,506241;0;3
2000-08-03 11:00:00Z;9,717479;0;3
2000-08-04 11:00:00Z;11,86619;0;3
2000-08-05 11:00:00Z;14,40273;0;3
2000-08-06 11:00:00Z;15,7332;0;3
2000-08-07 11:00:00Z;34,21881;0;3
2000-08-08 11:00:00Z;26,80889;0;3
2000-08-09 11:00:00Z;29,47119;0;3
2000-08-10 11:00:00Z;26,43328;0;3
2000-08-11 11:00:00Z;14,55349;0;3
2000-08-12 11:00:00Z;10,07043;0;3
2000-08-13 11:00:00Z;8,763699;0;3
2000-08-14 11:00:00Z;8,58328;0;3
2000-08-15 11:00:00Z;9,912272;0;3
2000-08-16 11:00:00Z;14,17126;0;3
2000-08-17 11:00:00Z;19,51046;0;3
2000-08-18 11:00:00Z;19,10592;0;3
2000-08-19 11:00:00Z;16,17186;0;3
2000-08-20 11:00:00Z;11,75034;0;3
2000-08-21 11:00:00Z;8,864452;0;3
2000-08-22 11:00:00Z;8,28174;0;3
2000-08-23 11:00:00Z;7,192778;0;3
2000-08-24 11:00:00Z;7,240394;0;3
2000-08-25 11:00:00Z;7,076075;0;3
2000-08-26 11:00:00Z;6,340895;0;3
2000-08-27 11:00:00Z;8,047556;0;3
2000-08-28 11:00:00Z;7,835215;0;3
2000-08-29 11:00:00Z;7,617102;0;3
2000-08-30 11:00:00Z;7,947505;0;3
2000-08-31 11:00:00Z;13,78883;0;3
2000-09-01 11:00:00Z;8,328545;0;3
2000-09-02 11:00:00Z;8,268001;0;3
2000-09-03 11:00:00Z;13,10324;0;3
2000-09-04 11:00:00Z;10,77361;0;3
2000-09-05 11:00:00Z;7,453942;0;3
2000-09-06 11:00:00Z;5,620327;0;3
2000-09-07 11:00:00Z;4,633092;0;3
2000-09-08 11:00:00Z;12,44216;0;3
2000-09-09 11:00:00Z;14,66071;0;3
2000-09-10 11:00:00Z;40,18084;0;3
2000-09-11 11:00:00Z;40,34232;0;3
2000-09-12 11:00:00Z;23,23358;0;3
2000-09-13 11:00:00Z;12,77471;0;3
2000-09-14 11:00:00Z;8,748189;0;3
2000-09-15 11:00:00Z;7,067337;0;3
2000-09-16 11:00:00Z;5,888463;0;3
2000-09-17 11:00:00Z;6,216552;0;3
2000-09-18 11:00:00Z;8,449458;0;3
2000-09-19 11:00:00Z;7,2873;0;3
2000-09-20 11:00:00Z;5,612162;0;3
2000-09-21 11:00:00Z;5,125473;0;3
2000-09-22 11:00:00Z;4,493509;0;3
2000-09-23 11:00:00Z;3,845221;0;3
2000-09-24 11:00:00Z;7,721642;0;3
2000-09-25 11:00:00Z;8,636124;0;3
2000-09-26 11:00:00Z;5,708664;0;3
2000-09-27 11:00:00Z;4,606746;0;3
2000-09-28 11:00:00Z;3,993941;0;3
2000-09-29 11:00:00Z;3,958622;0;3
2000-09-30 11:00:00Z;4,294276;0;3
2000-10-01 11:00:00Z;4,23822;0;3
2000-10-02 11:00:00Z;4,393585;0;3
2000-10-03 11:00:00Z;3,926908;0;3
2000-10-04 11:00:00Z;3,804007;0;3
2000-10-05 11:00:00Z;3,769215;0;3
2000-10-06 11:00:00Z;3,746964;0;3
2000-10-07 11:00:00Z;3,400066;0;3
2000-10-08 11:00:00Z;3,289781;0;3
2000-10-09 11:00:00Z;6,187811;0;3
2000-10-10 11:00:00Z;12,37148;0;3
2000-10-11 11:00:00Z;7,404356;0;3
2000-10-12 11:00:00Z;4,7447;0;3
2000-10-13 11:00:00Z;6,464615;0;3
2000-10-14 11:00:00Z;5,937702;0;3
2000-10-15 11:00:00Z;4,565805;0;3
2000-10-16 11:00:00Z;6,04999;0;3
2000-10-17 11:00:00Z;5,210382;0;3
2000-10-18 11:00:00Z;5,629096;0;3
2000-10-19 11:00:00Z;5,096865;0;3
2000-10-20 11:00:00Z;4,197646;0;3
2000-10-21 11:00:00Z;4,302069;0;3
2000-10-22 11:00:00Z;5,030097;0;3
2000-10-23 11:00:00Z;5,819778;0;3
2000-10-24 11:00:00Z;4,469109;0;3
2000-10-25 11:00:00Z;3,20659;0;3
2000-10-26 11:00:00Z;3,436175;0;3
2000-10-27 11:00:00Z;4,601668;0;3
2000-10-28 11:00:00Z;6,353599;0;3
2000-10-29 11:00:00Z;5,308317;0;3
2000-10-30 11:00:00Z;3,732997;0;3
2000-10-31 11:00:00Z;2,589584;0;3
2000-11-01 11:00:00Z;1,443115;0;3
2000-11-02 11:00:00Z;1,443236;0;3
2000-11-03 11:00:00Z;1,403322;0;3
2000-11-04 11:00:00Z;1,481845;0;3
2000-11-05 11:00:00Z;1,588365;0;3
2000-11-06 11:00:00Z;1,280516;0;3
2000-11-07 11:00:00Z;1,122911;0;3
2000-11-08 11:00:00Z;1,07367;0;3
2000-11-09 11:00:00Z;1,017781;0;3
2000-11-10 11:00:00Z;0,9873589;0;3
2000-11-11 11:00:00Z;0,9549688;0;3
2000-11-12 11:00:00Z;0,9221624;0;3
2000-11-13 11:00:00Z;0,9441534;0;3
2000-11-14 11:00:00Z;0,9779464;0;3
2000-11-15 11:00:00Z;0,891805;0;3
2000-11-16 11:00:00Z;0,8564441;0;3
2000-11-17 11:00:00Z;0,7075284;0;3
2000-11-18 11:00:00Z;0,6767897;0;3
2000-11-19 11:00:00Z;0,6420916;0;3
2000-11-20 11:00:00Z;0,6702688;0;3
2000-11-21 11:00:00Z;1,05237;0;3
2000-11-22 11:00:00Z;1,364964;0;3
2000-11-23 11:00:00Z;0,9113839;0;3
2000-11-24 11:00:00Z;0,3602046;0;3
2000-11-25 11:00:00Z;0,3146524;0;3
2000-11-26 11:00:00Z;0,319279;0;3
2000-11-27 11:00:00Z;0,3079558;0;3
2000-11-28 11:00:00Z;0,3309625;0;3
2000-11-29 11:00:00Z;0,3580044;0;3
2000-11-30 11:00:00Z;0,3866214;0;3
2000-12-01 11:00:00Z;0,430363;0;3
2000-12-02 11:00:00Z;0,4022168;0;3
2000-12-03 11:00:00Z;0,4206365;0;3
2000-12-04 11:00:00Z;0,442181;0;3
2000-12-05 11:00:00Z;0,4363288;0;3
2000-12-06 11:00:00Z;0,9658827;0;3
2000-12-07 11:00:00Z;4,4024;0;3
2000-12-08 11:00:00Z;3,879961;0;3
2000-12-09 11:00:00Z;1,6028;0;3
2000-12-10 11:00:00Z;1,024557;0;3
2000-12-11 11:00:00Z;0,9942684;0;3
2000-12-12 11:00:00Z;0,9423984;0;3
2000-12-13 11:00:00Z;0,8176115;0;3
2000-12-14 11:00:00Z;0,5850433;0;3
2000-12-15 11:00:00Z;0,479435;0;3
2000-12-16 11:00:00Z;0,3973243;0;3
2000-12-17 11:00:00Z;0,3316744;0;3
2000-12-18 11:00:00Z;0,3586054;0;3
2000-12-19 11:00:00Z;0,3761993;0;3
2000-12-20 11:00:00Z;0,3769914;0;3
2000-12-21 11:00:00Z;0,2256729;0;3
2000-12-22 11:00:00Z;0,2197437;0;3
2000-12-23 11:00:00Z;0,2376697;0;3
2000-12-24 11:00:00Z;0,2485099;0;3
2000-12-25 11:00:00Z;0,2596553;0;3
2000-12-26 11:00:00Z;0,311209;0;3
2000-12-27 11:00:00Z;0,4079449;0;3
2000-12-28 11:00:00Z;0,4891175;0;3
2000-12-29 11:00:00Z;0,4876364;0;3
2000-12-30 11:00:00Z;0,5582247;0;3
2000-12-31 11:00:00Z;0,502432;0;3
2001-01-01 11:00:00Z;0,3932091;0;3
2001-01-02 11:00:00Z;0,2407606;0;3
2001-01-03 11:00:00Z;0,1764144;0;3
2001-01-04 11:00:00Z;0,172143;0;3
2001-01-05 11:00:00Z;0,1548067;0;3
2001-01-06 11:00:00Z;0,143061;0;3
2001-01-07 11:00:00Z;0,1352022;0;3
2001-01-08 11:00:00Z;0,1276264;0;3
2001-01-09 11:00:00Z;0,1249866;0;3
2001-01-10 11:00:00Z;0,1256583;0;3
2001-01-11 11:00:00Z;0,1242849;0;3
2001-01-12 11:00:00Z;0,1396268;0;3
2001-01-13 11:00:00Z;0,1640093;0;3
2001-01-14 11:00:00Z;0,4813422;0;3
2001-01-15 11:00:00Z;6,031779;0;3
2001-01-16 11:00:00Z;6,552052;0;3
2001-01-17 11:00:00Z;3,289232;0;3
2001-01-18 11:00:00Z;2,586491;0;3
2001-01-19 11:00:00Z;2,745231;0;3
2001-01-20 11:00:00Z;2,842779;0;3
2001-01-21 11:00:00Z;3,774446;0;3
2001-01-22 11:00:00Z;4,654511;0;3
2001-01-23 11:00:00Z;4,688952;0;3
2001-01-24 11:00:00Z;3,334167;0;3
2001-01-25 11:00:00Z;2,66894;0;3
2001-01-26 11:00:00Z;2,092041;0;3
2001-01-27 11:00:00Z;1,460788;0;3
2001-01-28 11:00:00Z;0,851182;0;3
2001-01-29 11:00:00Z;0,5206692;0;3
2001-01-30 11:00:00Z;0,3960287;0;3
2001-01-31 11:00:00Z;0,3032234;0;3
2001-02-01 11:00:00Z;0,2324143;0;3
2001-02-02 11:00:00Z;0,1962011;0;3
2001-02-03 11:00:00Z;0,1681747;0;3
2001-02-04 11:00:00Z;0,167003;0;3
2001-02-05 11:00:00Z;0,1632815;2;3
2001-02-06 11:00:00Z;0,1589781;2;3
2001-02-07 11:00:00Z;0,1546973;2;3
2001-02-08 11:00:00Z;0,1504397;2;3
2001-02-09 11:00:00Z;0,1462062;2;3
2001-02-10 11:00:00Z;0,1419973;2;3
2001-02-11 11:00:00Z;0,1378138;2;3
2001-02-12 11:00:00Z;0,1336567;2;3
2001-02-13 11:00:00Z;0,1295266;1;3
2001-02-14 11:00:00Z;16,9416;1;3
2001-02-15 11:00:00Z;7,5679;2;3
2001-02-16 11:00:00Z;3,161548;1;3
2001-02-17 11:00:00Z;2,388879;2;3
2001-02-18 11:00:00Z;1,604556;1;3
2001-02-19 11:00:00Z;1,491441;2;3
2001-02-20 11:00:00Z;1,378246;2;3
2001-02-21 11:00:00Z;1,265025;2;3
2001-02-22 11:00:00Z;1,154482;2;3
2001-02-23 11:00:00Z;1,041446;2;3
2001-02-24 11:00:00Z;0,9286738;2;3
2001-02-25 11:00:00Z;0,8163356;1;3
2001-02-26 11:00:00Z;0,7850925;2;3
2001-02-27 11:00:00Z;0,751311;2;3
2001-02-28 11:00:00Z;0,7176062;2;3
2001-03-01 11:00:00Z;0,6865702;2;3
2001-03-02 11:00:00Z;0,6556165;2;3
2001-03-03 11:00:00Z;0,6221868;2;3
2001-03-04 11:00:00Z;0,5888783;2;3
2001-03-05 11:00:00Z;0,558253;1;3
2001-03-06 11:00:00Z;0,5226885;2;3
2001-03-07 11:00:00Z;0,4848085;2;3
2001-03-08 11:00:00Z;0,449694;2;3
2001-03-09 11:00:00Z;0,414846;2;3
2001-03-10 11:00:00Z;0,380304;2;3
2001-03-11 11:00:00Z;0,343688;2;3
2001-03-12 11:00:00Z;0,3099399;1;3
2001-03-13 11:00:00Z;0,3099399;2;3
2001-03-14 11:00:00Z;0,3099399;2;3
2001-03-15 11:00:00Z;0,3099399;2;3
2001-03-16 11:00:00Z;0,3099399;2;3
2001-03-17 11:00:00Z;0,3099399;2;3
2001-03-18 11:00:00Z;0,3099399;2;3
2001-03-19 11:00:00Z;0,3099399;2;3
2001-03-20 11:00:00Z;0,3099399;2;3
2001-03-21 11:00:00Z;0,3099399;2;3
2001-03-22 11:00:00Z;0,3099399;1;3
2001-03-23 11:00:00Z;0,2908666;2;3
2001-03-24 11:00:00Z;0,2719654;2;3
2001-03-25 11:00:00Z;0,2532529;2;3
2001-03-26 11:00:00Z;0,2347479;2;3
2001-03-27 11:00:00Z;0,216472;2;3
2001-03-28 11:00:00Z;0,1984495;2;3
2001-03-29 11:00:00Z;0,1807085;2;3
2001-03-30 11:00:00Z;0,1632815;2;3
2001-03-31 11:00:00Z;0,1462062;2;3
2001-04-01 11:00:00Z;0,1295266;1;3
2001-04-02 11:00:00Z;1,893282;2;3
2001-04-03 11:00:00Z;3,669623;1;3
2001-04-04 11:00:00Z;2,647833;2;3
2001-04-05 11:00:00Z;1,604556;1;3
2001-04-06 11:00:00Z;2,647833;2;3
2001-04-07 11:00:00Z;3,669623;1;3
2001-04-08 11:00:00Z;2,820557;2;3
2001-04-09 11:00:00Z;1,953504;2;3
2001-04-10 11:00:00Z;1,078226;1;3
2001-04-11 11:00:00Z;0,881584;2;3
2001-04-12 11:00:00Z;0,6865702;2;3
2001-04-13 11:00:00Z;0,4948853;2;3
2001-04-14 11:00:00Z;0,3099399;1;3
2001-04-15 11:00:00Z;0,2908666;2;3
2001-04-16 11:00:00Z;0,2743181;2;3
2001-04-17 11:00:00Z;0,255581;2;3
2001-04-18 11:00:00Z;0,2393536;2;3
2001-04-19 11:00:00Z;0,2210183;2;3
2001-04-20 11:00:00Z;0,2051765;2;3
2001-04-21 11:00:00Z;0,1873264;2;3
2001-04-22 11:00:00Z;0,1719536;1;3
2001-04-23 11:00:00Z;0,3582816;2;3
2001-04-24 11:00:00Z;0,558253;1;3
2001-04-25 11:00:00Z;2,905397;1;3
2001-04-26 11:00:00Z;9,178825;1;3
2001-04-27 11:00:00Z;15,84571;1;3
2001-04-28 11:00:00Z;18,03377;1;3
2001-04-29 11:00:00Z;17,59734;1;3
2001-04-30 11:00:00Z;17,81563;1;3
2001-05-01 11:00:00Z;18,90498;1;3
2001-05-02 11:00:00Z;19,71888;0;3
2001-05-03 11:00:00Z;20,92396;0;3
2001-05-04 11:00:00Z;14,98222;0;3
2001-05-05 11:00:00Z;11,80531;0;3
2001-05-06 11:00:00Z;9,139481;0;3
2001-05-07 11:00:00Z;9,071718;0;3
2001-05-08 11:00:00Z;21,17101;0;3
2001-05-09 11:00:00Z;27,24984;0;3
2001-05-10 11:00:00Z;20,46735;0;3
2001-05-11 11:00:00Z;20,02633;0;3
2001-05-12 11:00:00Z;22,89844;0;3
2001-05-13 11:00:00Z;20,65042;0;3
2001-05-14 11:00:00Z;14,29072;0;3
2001-05-15 11:00:00Z;8,837394;0;3
2001-05-16 11:00:00Z;9,889393;0;3
2001-05-17 11:00:00Z;14,75594;0;3
2001-05-18 11:00:00Z;19,3958;0;3
2001-05-19 11:00:00Z;20,80826;0;3
2001-05-20 11:00:00Z;16,25045;0;3
2001-05-21 11:00:00Z;11,22821;0;3
2001-05-22 11:00:00Z;8,559796;0;3
2001-05-23 11:00:00Z;7,135612;0;3
2001-05-24 11:00:00Z;5,96087;0;3
2001-05-25 11:00:00Z;5,698567;0;3
2001-05-26 11:00:00Z;4,627616;0;3
2001-05-27 11:00:00Z;4,379962;0;3
2001-05-28 11:00:00Z;4,565624;0;3
2001-05-29 11:00:00Z;5,690456;0;3
2001-05-30 11:00:00Z;6,780381;0;3
2001-05-31 11:00:00Z;8,145145;0;3
2001-06-01 11:00:00Z;11,00056;0;3
2001-06-02 11:00:00Z;13,36274;0;3
2001-06-03 11:00:00Z;12,50957;0;3
2001-06-04 11:00:00Z;12,96126;0;3
2001-06-05 11:00:00Z;11,7157;0;3
2001-06-06 11:00:00Z;18,81611;0;3
2001-06-07 11:00:00Z;25,66894;0;3
2001-06-08 11:00:00Z;29,26327;0;3
2001-06-09 11:00:00Z;41,84236;0;3
2001-06-10 11:00:00Z;34,76727;0;3
2001-06-11 11:00:00Z;40,69104;0;3
2001-06-12 11:00:00Z;38,87001;0;3
2001-06-13 11:00:00Z;29,40213;0;3
2001-06-14 11:00:00Z;23,55967;0;3
2001-06-15 11:00:00Z;31,50652;0;3
2001-06-16 11:00:00Z;30,43879;0;3
2001-06-17 11:00:00Z;21,86902;0;3
2001-06-18 11:00:00Z;19,83299;0;3
2001-06-19 11:00:00Z;27,62366;0;3
2001-06-20 11:00:00Z;47,53413;0;3
2001-06-21 11:00:00Z;45,27303;0;3
2001-06-22 11:00:00Z;31,04211;0;3
2001-06-23 11:00:00Z;27,03227;0;3
2001-06-24 11:00:00Z;24,18678;0;3
2001-06-25 11:00:00Z;20,75052;0;3
2001-06-26 11:00:00Z;18,53936;0;3
2001-06-27 11:00:00Z;15,56695;0;3
2001-06-28 11:00:00Z;13,0082;0;3
2001-06-29 11:00:00Z;16,93637;0;3
2001-06-30 11:00:00Z;17,85254;0;3
2001-07-01 11:00:00Z;17,29161;0;3
2001-07-02 11:00:00Z;18,56528;0;3
2001-07-03 11:00:00Z;15,73987;0;3
2001-07-04 11:00:00Z;14,02692;0;3
2001-07-05 11:00:00Z;11,45138;2;3
2001-07-06 11:00:00Z;13,34817;0;3
2001-07-07 11:00:00Z;8,093846;0;3
2001-07-08 11:00:00Z;7,741333;0;3
2001-07-09 11:00:00Z;8,507354;0;3
2001-07-10 11:00:00Z;19,44898;0;3
2001-07-11 11:00:00Z;12,54946;0;3
2001-07-12 11:00:00Z;13,83274;0;3
2001-07-13 11:00:00Z;11,88642;0;3
2001-07-14 11:00:00Z;10,02563;0;3
2001-07-15 11:00:00Z;8,385469;0;3
2001-07-16 11:00:00Z;16,59332;0;3
2001-07-17 11:00:00Z;12,59887;0;3
2001-07-18 11:00:00Z;7,47352;0;3
2001-07-19 11:00:00Z;7,875055;0;3
2001-07-20 11:00:00Z;26,91319;0;3
2001-07-21 11:00:00Z;22,55982;0;3
2001-07-22 11:00:00Z;11,14398;0;3
2001-07-23 11:00:00Z;8,379704;0;3
2001-07-24 11:00:00Z;7,791542;0;3
2001-07-25 11:00:00Z;9,791529;0;3
2001-07-26 11:00:00Z;9,149784;0;3
2001-07-27 11:00:00Z;8,297652;0;3
2001-07-28 11:00:00Z;7,25565;0;3
2001-07-29 11:00:00Z;5,862965;0;3
2001-07-30 11:00:00Z;8,035938;0;3
2001-07-31 11:00:00Z;17,9397;0;3
2001-08-01 11:00:00Z;25,11683;0;3
2001-08-02 11:00:00Z;20,37903;0;3
2001-08-03 11:00:00Z;12,6589;0;3
2001-08-04 11:00:00Z;8,494001;0;3
2001-08-05 11:00:00Z;8,315469;0;3
2001-08-06 11:00:00Z;7,722195;0;3
2001-08-07 11:00:00Z;7,61855;0;3
2001-08-08 11:00:00Z;8,806685;0;3
2001-08-09 11:00:00Z;7,002832;0;3
2001-08-10 11:00:00Z;6,402822;0;3
2001-08-11 11:00:00Z;7,482817;0;3
2001-08-12 11:00:00Z;6,964917;0;3
2001-08-13 11:00:00Z;5,446633;0;3
2001-08-14 11:00:00Z;5,455379;0;3
2001-08-15 11:00:00Z;6,343486;0;3
2001-08-16 11:00:00Z;5,60782;0;3
2001-08-17 11:00:00Z;6,378655;0;3
2001-08-18 11:00:00Z;8,037734;0;3
2001-08-19 11:00:00Z;7,628931;0;3
2001-08-20 11:00:00Z;5,259603;0;3
2001-08-21 11:00:00Z;7,06663;0;3
2001-08-22 11:00:00Z;9,577286;0;3
2001-08-23 11:00:00Z;6,301636;0;3
2001-08-24 11:00:00Z;5,05182;0;3
2001-08-25 11:00:00Z;4,363121;0;3
2001-08-26 11:00:00Z;3,976924;0;3
2001-08-27 11:00:00Z;3,819428;1;3
2001-08-28 11:00:00Z;5,040117;1;3
2001-08-29 11:00:00Z;19,18117;0;3
2001-08-30 11:00:00Z;12,10295;2;3
2001-08-31 11:00:00Z;6,453053;1;3
2001-09-01 11:00:00Z;5,900297;1;3
2001-09-02 11:00:00Z;5,547119;1;3
2001-09-03 11:00:00Z;27,41085;0;3
2001-09-04 11:00:00Z;15,21373;2;3
2001-09-05 11:00:00Z;6,643479;1;3
2001-09-06 11:00:00Z;5,722183;2;3
2001-09-07 11:00:00Z;4,877141;1;3
2001-09-08 11:00:00Z;6,643479;1;3
2001-09-09 11:00:00Z;7,370477;1;3
2001-09-10 11:00:00Z;6,453053;2;3
2001-09-11 11:00:00Z;5,722183;2;3
2001-09-12 11:00:00Z;4,875233;0;3
2001-09-13 11:00:00Z;5,515455;0;3
2001-09-14 11:00:00Z;8,156456;0;3
2001-09-15 11:00:00Z;5,923495;0;3
2001-09-16 11:00:00Z;4,868523;0;3
2001-09-17 11:00:00Z;3,84987;0;3
2001-09-18 11:00:00Z;3,367929;0;3
2001-09-19 11:00:00Z;3,015657;0;3
2001-09-20 11:00:00Z;2,816951;0;3
2001-09-21 11:00:00Z;2,711813;0;3
2001-09-22 11:00:00Z;2,587657;0;3
2001-09-23 11:00:00Z;2,387923;0;3
2001-09-24 11:00:00Z;2,081651;0;3
2001-09-25 11:00:00Z;1,92266;0;3
2001-09-26 11:00:00Z;1,950045;0;3
2001-09-27 11:00:00Z;2,68461;0;3
2001-09-28 11:00:00Z;2,731658;0;3
2001-09-29 11:00:00Z;2,636595;0;3
2001-09-30 11:00:00Z;2,585189;0;3
2001-10-01 11:00:00Z;2,195284;0;3
2001-10-02 11:00:00Z;4,385693;0;3
2001-10-03 11:00:00Z;6,260426;0;3
2001-10-04 11:00:00Z;6,413755;0;3
2001-10-05 11:00:00Z;4,181226;0;3
2001-10-06 11:00:00Z;3,912229;0;3
2001-10-07 11:00:00Z;3,606657;0;3
2001-10-08 11:00:00Z;3,394337;0;3
2001-10-09 11:00:00Z;3,402104;0;3
2001-10-10 11:00:00Z;3,117728;0;3
2001-10-11 11:00:00Z;3,109221;0;3
2001-10-12 11:00:00Z;4,877141;1;3
2001-10-13 11:00:00Z;5,206098;2;3
2001-10-14 11:00:00Z;5,729355;0;3
2001-10-15 11:00:00Z;5,808256;0;3
2001-10-16 11:00:00Z;6,590246;0;3
2001-10-17 11:00:00Z;6,837012;1;3
2001-10-18 11:00:00Z;6,453053;2;3
2001-10-19 11:00:00Z;6,265721;2;3
2001-10-20 11:00:00Z;5,900297;2;3
2001-10-21 11:00:00Z;5,547119;2;3
2001-10-22 11:00:00Z;5,375094;2;3
2001-10-23 11:00:00Z;4,978539;11;3
2001-10-24 11:00:00Z;5,535904;11;3
2001-10-25 11:00:00Z;5,724854;11;3
2001-10-26 11:00:00Z;8,088991;11;3
2001-10-27 11:00:00Z;10,27471;11;3
2001-10-28 11:00:00Z;7,833848;11;3
2001-10-29 11:00:00Z;5,264114;11;3
2001-10-30 11:00:00Z;4,594322;11;3
2001-10-31 11:00:00Z;4,778819;11;3
2001-11-01 11:00:00Z;5,015089;11;3
2001-11-02 11:00:00Z;6,068838;11;3
2001-11-03 11:00:00Z;5,935232;11;3
2001-11-04 11:00:00Z;4,50682;11;3
2001-11-05 11:00:00Z;4,106941;11;3
2001-11-06 11:00:00Z;3,793254;2;3
2001-11-07 11:00:00Z;3,47975;2;3
2001-11-08 11:00:00Z;3,161548;1;3
2001-11-09 11:00:00Z;3,416286;1;3
2001-11-10 11:00:00Z;3,921582;1;3
2001-11-11 11:00:00Z;3,720124;2;3
2001-11-12 11:00:00Z;3,517787;2;3
2001-11-13 11:00:00Z;3,31456;2;3
2001-11-14 11:00:00Z;3,110431;2;3
2001-11-15 11:00:00Z;2,905397;1;3
2001-11-16 11:00:00Z;6,028728;2;3
2001-11-17 11:00:00Z;8,644511;11;3
2001-11-18 11:00:00Z;7,637094;11;3
2001-11-19 11:00:00Z;6,147171;11;3
2001-11-20 11:00:00Z;5,802048;11;3
2001-11-21 11:00:00Z;5,286597;11;3
2001-11-22 11:00:00Z;4,46513;11;3
2001-11-23 11:00:00Z;3,881511;11;3
2001-11-24 11:00:00Z;3,843451;11;3
2001-11-25 11:00:00Z;3,815819;11;3
2001-11-26 11:00:00Z;3,612478;11;3
2001-11-27 11:00:00Z;3,113179;11;3
2001-11-28 11:00:00Z;3,336954;11;3
2001-11-29 11:00:00Z;3,131176;11;3
2001-11-30 11:00:00Z;2,980394;11;3
2001-12-01 11:00:00Z;3,082542;11;3
2001-12-02 11:00:00Z;2,963289;11;3
2001-12-03 11:00:00Z;2,766159;11;3
2001-12-04 11:00:00Z;2,718755;11;3
2001-12-05 11:00:00Z;2,673737;11;3
2001-12-06 11:00:00Z;2,584378;11;3
2001-12-07 11:00:00Z;2,461755;11;3
2001-12-08 11:00:00Z;2,627796;11;3
2001-12-09 11:00:00Z;2,705506;11;3
2001-12-10 11:00:00Z;2,843864;11;3
2001-12-11 11:00:00Z;3,50447;11;3
2001-12-12 11:00:00Z;3,650862;11;3
2001-12-13 11:00:00Z;4,059321;11;3
2001-12-14 11:00:00Z;3,512018;11;3
2001-12-15 11:00:00Z;3,168278;11;3
2001-12-16 11:00:00Z;3,537423;11;3
2001-12-17 11:00:00Z;3,655793;11;3
2001-12-18 11:00:00Z;3,379464;11;3
2001-12-19 11:00:00Z;2,577024;11;3
2001-12-20 11:00:00Z;2,509163;11;3
2001-12-21 11:00:00Z;1,945778;11;3
2001-12-22 11:00:00Z;2,006781;11;3
2001-12-23 11:00:00Z;2,550086;11;3
2001-12-24 11:00:00Z;2,771878;11;3
2001-12-25 11:00:00Z;2,352139;11;3
2001-12-26 11:00:00Z;2,154097;11;3
2001-12-27 11:00:00Z;2,206958;11;3
2001-12-28 11:00:00Z;1,962807;11;3
2001-12-29 11:00:00Z;1,728655;11;3
2001-12-30 11:00:00Z;1,541857;11;3
2001-12-31 11:00:00Z;1,775189;11;3
2002-01-01 11:00:00Z;1,130809;0;3
2002-01-02 11:00:00Z;1,078226;0;3
2002-01-03 11:00:00Z;3,361192;0;3
2002-01-04 11:00:00Z;4,553075;0;3
2002-01-05 11:00:00Z;5,717107;0;3
2002-01-06 11:00:00Z;6,855531;9;3
2002-01-07 11:00:00Z;7,68665;9;3
2002-01-08 11:00:00Z;8,806609;9;3
2002-01-09 11:00:00Z;7,011601;9;3
2002-01-10 11:00:00Z;17,75517;9;3
2002-01-11 11:00:00Z;48,7631;9;3
2002-01-12 11:00:00Z;36,58436;9;3
2002-01-13 11:00:00Z;22,11574;9;3
2002-01-14 11:00:00Z;26,33856;9;3
2002-01-15 11:00:00Z;23,29216;9;3
2002-01-16 11:00:00Z;14,59283;9;3
2002-01-17 11:00:00Z;10,03659;9;3
2002-01-18 11:00:00Z;8,756495;0;3
2002-01-19 11:00:00Z;7,59513;0;3
2002-01-20 11:00:00Z;6,264254;0;3
2002-01-21 11:00:00Z;4,78197;0;3
2002-01-22 11:00:00Z;5,041784;0;3
2002-01-23 11:00:00Z;4,528689;0;3
2002-01-24 11:00:00Z;3,808308;0;3
2002-01-25 11:00:00Z;2,940835;0;3
2002-01-26 11:00:00Z;2,54746;0;3
2002-01-27 11:00:00Z;2,360965;0;3
2002-01-28 11:00:00Z;2,008511;0;3
2002-01-29 11:00:00Z;1,682466;0;3
2002-01-30 11:00:00Z;1,386637;0;3
2002-01-31 11:00:00Z;1,117754;0;3
2002-02-01 11:00:00Z;0,9939479;0;3
2002-02-02 11:00:00Z;0,8772795;0;3
2002-02-03 11:00:00Z;1,842614;0;3
2002-02-04 11:00:00Z;3,147655;0;3
2002-02-05 11:00:00Z;2,181304;0;3
2002-02-06 11:00:00Z;1,531643;0;3
2002-02-07 11:00:00Z;1,117754;0;3
2002-02-08 11:00:00Z;0,9939479;0;3
2002-02-09 11:00:00Z;0,7677857;0;3
2002-02-10 11:00:00Z;0,7677857;0;3
2002-02-11 11:00:00Z;0,6655024;0;3
2002-02-12 11:00:00Z;0,5704653;0;3
2002-02-13 11:00:00Z;0,4827093;0;3
2002-02-14 11:00:00Z;0,5704653;0;3
2002-02-15 11:00:00Z;3,581419;0;3
2002-02-16 11:00:00Z;13,62471;0;3
2002-02-17 11:00:00Z;15,3485;0;3
2002-02-18 11:00:00Z;9,24126;0;3
2002-02-19 11:00:00Z;6,438077;0;3
2002-02-20 11:00:00Z;4,78197;0;3
2002-02-21 11:00:00Z;3,581419;0;3
2002-02-22 11:00:00Z;2,947639;0;3
2002-02-23 11:00:00Z;2,54746;0;3
2002-02-24 11:00:00Z;2,181304;0;3
2002-02-25 11:00:00Z;1,844466;0;3
2002-02-26 11:00:00Z;1,531643;0;3
2002-02-27 11:00:00Z;1,386637;0;3
2002-02-28 11:00:00Z;1,683646;0;3
2002-03-01 11:00:00Z;1,117754;0;3
2002-03-02 11:00:00Z;0,9939479;0;3
2002-03-03 11:00:00Z;1,117754;0;3
2002-03-04 11:00:00Z;1,117754;0;3
2002-03-05 11:00:00Z;0,9939479;0;3
2002-03-06 11:00:00Z;0,9939479;0;3
2002-03-07 11:00:00Z;0,9939479;0;3
2002-03-08 11:00:00Z;0,9347196;0;3
2002-03-09 11:00:00Z;0,87768;0;3
2002-03-10 11:00:00Z;0,8772795;0;3
2002-03-11 11:00:00Z;0,7677857;0;3
2002-03-12 11:00:00Z;0,7717901;0;3
2002-03-13 11:00:00Z;0,7677857;0;3
2002-03-14 11:00:00Z;0,8772795;0;3
2002-03-15 11:00:00Z;0,8772795;0;3
2002-03-16 11:00:00Z;0,7677857;0;3
2002-03-17 11:00:00Z;0,7677857;0;3
2002-03-18 11:00:00Z;0,6655024;0;3
2002-03-19 11:00:00Z;0,5704653;0;3
2002-03-20 11:00:00Z;0,5704653;0;3
2002-03-21 11:00:00Z;0,4801606;0;3
2002-03-22 11:00:00Z;0,4022683;0;3
2002-03-23 11:00:00Z;0,4022683;0;3
2002-03-24 11:00:00Z;0,3291735;0;3
2002-03-25 11:00:00Z;0,4022683;0;3
2002-03-26 11:00:00Z;0,4022683;0;3
2002-03-27 11:00:00Z;0,6655024;0;3
2002-03-28 11:00:00Z;4,55077;9;3
2002-03-29 11:00:00Z;9,812534;9;3
2002-03-30 11:00:00Z;6,118409;9;3
2002-03-31 11:00:00Z;4,227871;9;3
2002-04-01 11:00:00Z;3,547849;9;3
2002-04-02 11:00:00Z;3,020608;9;3
2002-04-03 11:00:00Z;2,919223;9;3
2002-04-04 11:00:00Z;3,674556;9;3
2002-04-05 11:00:00Z;4,82481;9;3
2002-04-06 11:00:00Z;4,364121;9;3
2002-04-07 11:00:00Z;3,744581;9;3
2002-04-08 11:00:00Z;3,331403;9;3
2002-04-09 11:00:00Z;2,905397;0;3
2002-04-10 11:00:00Z;3,319377;9;3
2002-04-11 11:00:00Z;4,054547;9;3
2002-04-12 11:00:00Z;3,40734;9;3
2002-04-13 11:00:00Z;3,171285;9;3
2002-04-14 11:00:00Z;2,807411;9;3
2002-04-15 11:00:00Z;2,788976;9;3
2002-04-16 11:00:00Z;2,743565;9;3
2002-04-17 11:00:00Z;2,867028;9;3
2002-04-18 11:00:00Z;2,75526;9;3
2002-04-19 11:00:00Z;2,54746;9;3
2002-04-20 11:00:00Z;2,68056;9;3
2002-04-21 11:00:00Z;3,681485;9;3
2002-04-22 11:00:00Z;10,93953;9;3
2002-04-23 11:00:00Z;16,52251;9;3
2002-04-24 11:00:00Z;15,20726;9;3
2002-04-25 11:00:00Z;20,60235;9;3
2002-04-26 11:00:00Z;23,34424;0;3
2002-04-27 11:00:00Z;26,06873;9;3
2002-04-28 11:00:00Z;36,95613;9;3
2002-04-29 11:00:00Z;32,18262;9;3
2002-04-30 11:00:00Z;21,07568;9;3
2002-05-01 11:00:00Z;21,15799;9;3
2002-05-02 11:00:00Z;29,27813;0;3
2002-05-03 11:00:00Z;24,69513;0;3
2002-05-04 11:00:00Z;21,96235;0;3
2002-05-05 11:00:00Z;17,46744;0;3
2002-05-06 11:00:00Z;13,63861;0;3
2002-05-07 11:00:00Z;11,12617;0;3
2002-05-08 11:00:00Z;13,11017;0;3
2002-05-09 11:00:00Z;13,70943;0;3
2002-05-10 11:00:00Z;9,701352;0;3
2002-05-11 11:00:00Z;13,96423;0;3
2002-05-12 11:00:00Z;30,57864;0;3
2002-05-13 11:00:00Z;48,49045;0;3
2002-05-14 11:00:00Z;30,82287;0;3
2002-05-15 11:00:00Z;36,56469;0;3
2002-05-16 11:00:00Z;41,26603;0;3
2002-05-17 11:00:00Z;26,94669;0;3
2002-05-18 11:00:00Z;18,4765;0;3
2002-05-19 11:00:00Z;13,86813;0;3
2002-05-20 11:00:00Z;11,82889;0;3
2002-05-21 11:00:00Z;13,02226;0;3
2002-05-22 11:00:00Z;21,80097;0;3
2002-05-23 11:00:00Z;37,12858;0;3
2002-05-24 11:00:00Z;43,27421;0;3
2002-05-25 11:00:00Z;31,07084;0;3
2002-05-26 11:00:00Z;25,23895;0;3
2002-05-27 11:00:00Z;26,80915;0;3
2002-05-28 11:00:00Z;34,5095;0;3
2002-05-29 11:00:00Z;40,75052;0;3
2002-05-30 11:00:00Z;39,11565;0;3
2002-05-31 11:00:00Z;36,2522;0;3
2002-06-01 11:00:00Z;35,28883;0;3
2002-06-02 11:00:00Z;34,14974;0;3
2002-06-03 11:00:00Z;33,01424;0;3
2002-06-04 11:00:00Z;31,88709;0;3
2002-06-05 11:00:00Z;39,7787;0;3
2002-06-06 11:00:00Z;38,33131;0;3
2002-06-07 11:00:00Z;36,8819;0;3
2002-06-08 11:00:00Z;32,96591;0;3
2002-06-09 11:00:00Z;37,44334;0;3
2002-06-10 11:00:00Z;42,44657;0;3
2002-06-11 11:00:00Z;40,75509;0;3
2002-06-12 11:00:00Z;36,82619;0;3
2002-06-13 11:00:00Z;41,29987;0;3
2002-06-14 11:00:00Z;33,09051;0;3
2002-06-15 11:00:00Z;28,84936;0;3
2002-06-16 11:00:00Z;25,87403;0;3
2002-06-17 11:00:00Z;25,87274;0;3
2002-06-18 11:00:00Z;21,70104;0;3
2002-06-19 11:00:00Z;25,76744;0;3
2002-06-20 11:00:00Z;28,88936;0;3
2002-06-21 11:00:00Z;56,94847;0;3
2002-06-22 11:00:00Z;29,03875;0;3
2002-06-23 11:00:00Z;18,40744;0;3
2002-06-24 11:00:00Z;14,34307;0;3
2002-06-25 11:00:00Z;11,61769;0;3
2002-06-26 11:00:00Z;10,76684;0;3
2002-06-27 11:00:00Z;11,85114;0;3
2002-06-28 11:00:00Z;12,27747;0;3
2002-06-29 11:00:00Z;14,06126;0;3
2002-06-30 11:00:00Z;15,72964;0;3
2002-07-01 11:00:00Z;15,56818;0;3
2002-07-02 11:00:00Z;16,93569;0;3
2002-07-03 11:00:00Z;21,42939;0;3
2002-07-04 11:00:00Z;18,53749;0;3
2002-07-05 11:00:00Z;13,84836;0;3
2002-07-06 11:00:00Z;11,06153;0;3
2002-07-07 11:00:00Z;17,67649;0;3
2002-07-08 11:00:00Z;15,24971;0;3
2002-07-09 11:00:00Z;10,65582;0;3
2002-07-10 11:00:00Z;10,4117;0;3
2002-07-11 11:00:00Z;17,32472;0;3
2002-07-12 11:00:00Z;37,91156;0;3
2002-07-13 11:00:00Z;32,83533;0;3
2002-07-14 11:00:00Z;16,02269;0;3
2002-07-15 11:00:00Z;10,20246;0;3
2002-07-16 11:00:00Z;8,273591;0;3
2002-07-17 11:00:00Z;8,028751;0;3
2002-07-18 11:00:00Z;8,730357;0;3
2002-07-19 11:00:00Z;6,6812;0;3
2002-07-20 11:00:00Z;5,447978;0;3
2002-07-21 11:00:00Z;5,156458;0;3
2002-07-22 11:00:00Z;4,31514;0;3
2002-07-23 11:00:00Z;3,841372;0;3
2002-07-24 11:00:00Z;6,486662;0;3
2002-07-25 11:00:00Z;6,016847;0;3
2002-07-26 11:00:00Z;4,688214;0;3
2002-07-27 11:00:00Z;4,493972;0;3
2002-07-28 11:00:00Z;4,546377;0;3
2002-07-29 11:00:00Z;7,347176;0;3
2002-07-30 11:00:00Z;6,495991;0;3
2002-07-31 11:00:00Z;4,803083;0;3
2002-08-01 11:00:00Z;5,708493;0;3
2002-08-02 11:00:00Z;4,104075;0;3
2002-08-03 11:00:00Z;3,266565;0;3
2002-08-04 11:00:00Z;2,814667;0;3
2002-08-05 11:00:00Z;2,556206;0;3
2002-08-06 11:00:00Z;2,302101;0;3
2002-08-07 11:00:00Z;2,168241;0;3
2002-08-08 11:00:00Z;2,076961;0;3
2002-08-09 11:00:00Z;2,01772;0;3
2002-08-10 11:00:00Z;1,890632;0;3
2002-08-11 11:00:00Z;1,84077;0;3
2002-08-12 11:00:00Z;1,796684;0;3
2002-08-13 11:00:00Z;1,703033;0;3
2002-08-14 11:00:00Z;2,482884;0;3
2002-08-15 11:00:00Z;2,417392;0;3
2002-08-16 11:00:00Z;1,936297;0;3
2002-08-17 11:00:00Z;1,769794;0;3
2002-08-18 11:00:00Z;1,639676;0;3
2002-08-19 11:00:00Z;1,533765;0;3
2002-08-20 11:00:00Z;1,526024;0;3
2002-08-21 11:00:00Z;1,468237;0;3
2002-08-22 11:00:00Z;1,545979;0;3
2002-08-23 11:00:00Z;1,690355;0;3
2002-08-24 11:00:00Z;1,516699;0;3
2002-08-25 11:00:00Z;1,422335;0;3
2002-08-26 11:00:00Z;1,642635;0;3
2002-08-27 11:00:00Z;1,523645;0;3
2002-08-28 11:00:00Z;1,715678;0;3
2002-08-29 11:00:00Z;2,615415;0;3
2002-08-30 11:00:00Z;2,810423;0;3
2002-08-31 11:00:00Z;3,31355;0;3
2002-09-01 11:00:00Z;3,66401;0;3
2002-09-02 11:00:00Z;4,54327;0;3
2002-09-03 11:00:00Z;10,52353;0;3
2002-09-04 11:00:00Z;6,803075;0;3
2002-09-05 11:00:00Z;4,512058;0;3
2002-09-06 11:00:00Z;6,108006;0;3
2002-09-07 11:00:00Z;6,099465;0;3
2002-09-08 11:00:00Z;5,378119;0;3
2002-09-09 11:00:00Z;3,858304;0;3
2002-09-10 11:00:00Z;3,185306;0;3
2002-09-11 11:00:00Z;2,792243;0;3
2002-09-12 11:00:00Z;2,529547;0;3
2002-09-13 11:00:00Z;3,047433;0;3
2002-09-14 11:00:00Z;4,22516;0;3
2002-09-15 11:00:00Z;3,651487;0;3
2002-09-16 11:00:00Z;6,167095;0;3
2002-09-17 11:00:00Z;6,01101;0;3
2002-09-18 11:00:00Z;7,079753;0;3
2002-09-19 11:00:00Z;5,649951;0;3
2002-09-20 11:00:00Z;4,196493;0;3
2002-09-21 11:00:00Z;3,494417;0;3
2002-09-22 11:00:00Z;2,955845;0;3
2002-09-23 11:00:00Z;2,631532;0;3
2002-09-24 11:00:00Z;6,779341;0;3
2002-09-25 11:00:00Z;7,105663;0;3
2002-09-26 11:00:00Z;6,994309;0;3
2002-09-27 11:00:00Z;5,21622;0;3
2002-09-28 11:00:00Z;13,53382;0;3
2002-09-29 11:00:00Z;26,3826;0;3
2002-09-30 11:00:00Z;16,29601;0;3
2002-10-01 11:00:00Z;9,505548;0;3
2002-10-02 11:00:00Z;8,806879;0;3
2002-10-03 11:00:00Z;7,047299;0;3
2002-10-04 11:00:00Z;4,534732;0;3
2002-10-05 11:00:00Z;3,68344;0;3
2002-10-06 11:00:00Z;4,600725;0;3
2002-10-07 11:00:00Z;3,975125;0;3
2002-10-08 11:00:00Z;3,25773;0;3
2002-10-09 11:00:00Z;3,474051;0;3
2002-10-10 11:00:00Z;2,67513;0;3
2002-10-11 11:00:00Z;2,929718;0;3
2002-10-12 11:00:00Z;3,084565;0;3
2002-10-13 11:00:00Z;2,648217;0;3
2002-10-14 11:00:00Z;2,551334;0;3
2002-10-15 11:00:00Z;2,163428;0;3
2002-10-16 11:00:00Z;1,720651;0;3
2002-10-17 11:00:00Z;1,502837;0;3
2002-10-18 11:00:00Z;1,393297;0;3
2002-10-19 11:00:00Z;1,086368;0;3
2002-10-20 11:00:00Z;0,8428428;0;3
2002-10-21 11:00:00Z;0,7241961;0;3
2002-10-22 11:00:00Z;0,7207662;0;3
2002-10-23 11:00:00Z;0,7703967;0;3
2002-10-24 11:00:00Z;0,6539193;0;3
2002-10-25 11:00:00Z;0,7373841;0;3
2002-10-26 11:00:00Z;0,8927992;0;3
2002-10-27 11:00:00Z;0,9178973;0;3
2002-10-28 11:00:00Z;0,9477059;0;3
2002-10-29 11:00:00Z;0,9711315;0;3
2002-10-30 11:00:00Z;0,9486879;0;3
2002-10-31 11:00:00Z;0,8446952;0;3
2002-11-01 11:00:00Z;0,7736735;0;3
2002-11-02 11:00:00Z;0,7255672;0;3
2002-11-03 11:00:00Z;0,6762179;0;3
2002-11-04 11:00:00Z;0,589837;0;3
2002-11-05 11:00:00Z;0,5529035;0;3
2002-11-06 11:00:00Z;0,503022;0;3
2002-11-07 11:00:00Z;0,520781;0;3
2002-11-08 11:00:00Z;0,5635098;0;3
2002-11-09 11:00:00Z;0,5466604;0;3
2002-11-10 11:00:00Z;0,4556986;0;3
2002-11-11 11:00:00Z;0,3972367;0;3
2002-11-12 11:00:00Z;0,4630178;0;3
2002-11-13 11:00:00Z;0,398083;0;3
2002-11-14 11:00:00Z;0,4930176;0;3
2002-11-15 11:00:00Z;0,4931449;0;3
2002-11-16 11:00:00Z;0,5756369;0;3
2002-11-17 11:00:00Z;0,5786864;0;3
2002-11-18 11:00:00Z;0,4347217;0;3
2002-11-19 11:00:00Z;0,5227984;0;3
2002-11-20 11:00:00Z;0,6447847;0;3
2002-11-21 11:00:00Z;0,5046378;0;3
2002-11-22 11:00:00Z;0,3662028;0;3
2002-11-23 11:00:00Z;0,2592513;0;3
2002-11-24 11:00:00Z;0,2260581;0;3
2002-11-25 11:00:00Z;0,3654738;0;3
2002-11-26 11:00:00Z;1,976855;0;3
2002-11-27 11:00:00Z;2,19948;0;3
2002-11-28 11:00:00Z;1,336561;0;3
2002-11-29 11:00:00Z;0,6027882;0;3
2002-11-30 11:00:00Z;0,3053976;0;3
2002-12-01 11:00:00Z;0,2177399;0;3
2002-12-02 11:00:00Z;0,03561618;0;3
2002-12-03 11:00:00Z;0,03134396;0;3
2002-12-04 11:00:00Z;0,02859776;0;3
2002-12-05 11:00:00Z;0,02464201;0;3
2002-12-06 11:00:00Z;0,02212061;0;3
2002-12-07 11:00:00Z;0,01852498;0;3
2002-12-08 11:00:00Z;0,01626028;0;3
2002-12-09 11:00:00Z;0,01307727;0;3
2002-12-10 11:00:00Z;0,04623319;0;3
2002-12-11 11:00:00Z;0,08992749;0;3
2002-12-12 11:00:00Z;1,341383;0;3
2002-12-13 11:00:00Z;1,020441;0;3
2002-12-14 11:00:00Z;0,6994924;0;3
2002-12-15 11:00:00Z;0,3901393;0;3
2002-12-16 11:00:00Z;0,1093142;0;3
2002-12-17 11:00:00Z;0,08992749;0;3
2002-12-18 11:00:00Z;0,07152498;0;3
2002-12-19 11:00:00Z;0,3099399;0;3
2002-12-20 11:00:00Z;0,138962;0;3
2002-12-21 11:00:00Z;0,03399235;0;3
2002-12-22 11:00:00Z;0,03399235;0;3
2002-12-23 11:00:00Z;0,03399235;0;3
2002-12-24 11:00:00Z;0,03399235;0;3
2002-12-25 11:00:00Z;0,03399235;0;3
2002-12-26 11:00:00Z;0,02593803;0;3
2002-12-27 11:00:00Z;0,01969775;0;3
2002-12-28 11:00:00Z;0,01307727;0;3
2002-12-29 11:00:00Z;0,03399235;0;3
2002-12-30 11:00:00Z;0,05933631;0;3
2002-12-31 11:00:00Z;0,08992749;0;3
2003-01-01 11:00:00Z;0,08992749;1;3
2003-01-02 11:00:00Z;0,08575077;2;3
2003-01-03 11:00:00Z;0,08162436;2;3
2003-01-04 11:00:00Z;0,07753219;2;3
2003-01-05 11:00:00Z;0,07351318;2;3
2003-01-06 11:00:00Z;0,06955133;2;3
2003-01-07 11:00:00Z;0,06564911;2;3
2003-01-08 11:00:00Z;0,06179209;2;3
2003-01-09 11:00:00Z;0,05801782;2;3
2003-01-10 11:00:00Z;0,05431193;1;3
2003-01-11 11:00:00Z;0,1939867;1;3
2003-01-12 11:00:00Z;0,1897194;2;3
2003-01-13 11:00:00Z;0,185447;2;3
2003-01-14 11:00:00Z;0,1812144;2;3
2003-01-15 11:00:00Z;0,1769997;2;3
2003-01-16 11:00:00Z;0,1727818;2;3
2003-01-17 11:00:00Z;0,1686047;2;3
2003-01-18 11:00:00Z;0,1644472;2;3
2003-01-19 11:00:00Z;0,1603098;2;3
2003-01-20 11:00:00Z;0,1561716;2;3
2003-01-21 11:00:00Z;0,1520761;2;3
2003-01-22 11:00:00Z;0,1480024;2;3
2003-01-23 11:00:00Z;0,1439302;2;3
2003-01-24 11:00:00Z;0,1399023;2;3
2003-01-25 11:00:00Z;0,1358982;2;3
2003-01-26 11:00:00Z;0,1318981;2;3
2003-01-27 11:00:00Z;0,1279439;2;3
2003-01-28 11:00:00Z;0,1240159;2;3
2003-01-29 11:00:00Z;0,1200945;2;3
2003-01-30 11:00:00Z;0,1162212;2;3
2003-01-31 11:00:00Z;0,1123766;2;3
2003-02-01 11:00:00Z;0,1085616;2;3
2003-02-02 11:00:00Z;0,1047574;2;3
2003-02-03 11:00:00Z;0,1010046;2;3
2003-02-04 11:00:00Z;0,09728438;2;3
2003-02-05 11:00:00Z;0,09357885;2;3
2003-02-06 11:00:00Z;0,08992749;1;3
2003-02-07 11:00:00Z;0,1227124;2;3
2003-02-08 11:00:00Z;0,1575415;2;3
2003-02-09 11:00:00Z;0,1939867;1;3
2003-02-10 11:00:00Z;0,1876364;2;3
2003-02-11 11:00:00Z;0,1813464;2;3
2003-02-12 11:00:00Z;0,1750742;2;3
2003-02-13 11:00:00Z;0,1688435;2;3
2003-02-14 11:00:00Z;0,1626561;2;3
2003-02-15 11:00:00Z;0,1565353;2;3
2003-02-16 11:00:00Z;0,1504397;1;3
2003-02-17 11:00:00Z;1,643987;2;3
2003-02-18 11:00:00Z;3,161548;1;3
2003-02-19 11:00:00Z;1,341383;1;3
2003-02-20 11:00:00Z;0,9470077;2;3
2003-02-21 11:00:00Z;0,558253;1;3
2003-02-22 11:00:00Z;0,4322344;2;3
2003-02-23 11:00:00Z;0,3099399;2;3
2003-02-24 11:00:00Z;0,1939867;1;3
2003-02-25 11:00:00Z;1,078226;1;3
2003-02-26 11:00:00Z;4,916217;1;3
2003-02-27 11:00:00Z;2,388879;1;3
2003-02-28 11:00:00Z;1,954367;2;3
2003-03-01 11:00:00Z;1,516887;2;3
2003-03-02 11:00:00Z;1,078226;1;3
2003-03-03 11:00:00Z;0,9732169;2;3
2003-03-04 11:00:00Z;0,8685189;2;3
2003-03-05 11:00:00Z;0,7642955;2;3
2003-03-06 11:00:00Z;0,6607693;2;3
2003-03-07 11:00:00Z;0,558253;1;3
2003-03-08 11:00:00Z;0,4948853;2;3
2003-03-09 11:00:00Z;0,4322344;2;3
2003-03-10 11:00:00Z;0,3704975;2;3
2003-03-11 11:00:00Z;0,3099399;2;3
2003-03-12 11:00:00Z;0,250928;2;3
2003-03-13 11:00:00Z;0,1939867;1;3
2003-03-14 11:00:00Z;3,225364;2;3
2003-03-15 11:00:00Z;6,132197;1;3
2003-03-16 11:00:00Z;3,669623;1;3
2003-03-17 11:00:00Z;7,274493;1;3
2003-03-18 11:00:00Z;13,64188;1;3
2003-03-19 11:00:00Z;10,67513;2;3
2003-03-20 11:00:00Z;7,922495;2;3
2003-03-21 11:00:00Z;4,916217;1;3
2003-03-22 11:00:00Z;12,53341;1;3
2003-03-23 11:00:00Z;9,740437;2;3
2003-03-24 11:00:00Z;7,274493;1;3
2003-03-25 11:00:00Z;4,916217;1;3
2003-03-26 11:00:00Z;6,132197;2;3
2003-03-27 11:00:00Z;7,274493;1;3
2003-03-28 11:00:00Z;3,669623;1;3
2003-03-29 11:00:00Z;2,388879;1;3
2003-03-30 11:00:00Z;6,132197;1;3
2003-03-31 11:00:00Z;3,669623;1;3
2003-04-01 11:00:00Z;2,647833;2;3
2003-04-02 11:00:00Z;1,604556;1;3
2003-04-03 11:00:00Z;1,429137;2;3
2003-04-04 11:00:00Z;1,253626;2;3
2003-04-05 11:00:00Z;1,078226;2;3
2003-04-06 11:00:00Z;0,9033662;2;3
2003-04-07 11:00:00Z;0,7297046;2;3
2003-04-08 11:00:00Z;0,558253;1;3
2003-04-09 11:00:00Z;0,515928;2;3
2003-04-10 11:00:00Z;0,4739217;2;3
2003-04-11 11:00:00Z;0,4322344;2;3
2003-04-12 11:00:00Z;0,390952;2;3
2003-04-13 11:00:00Z;0,3501731;2;3
2003-04-14 11:00:00Z;0,3099399;1;3
2003-04-15 11:00:00Z;0,558253;2;3
2003-04-16 11:00:00Z;0,8163356;1;3
2003-04-17 11:00:00Z;3,212608;2;3
2003-04-18 11:00:00Z;5,503463;2;3
2003-04-19 11:00:00Z;7,587353;2;3
2003-04-20 11:00:00Z;9,326425;2;3
2003-04-21 11:00:00Z;11,42014;1;3
2003-04-22 11:00:00Z;9,178825;2;3
2003-04-23 11:00:00Z;7,274493;2;3
2003-04-24 11:00:00Z;4,916217;1;3
2003-04-25 11:00:00Z;3,669623;2;3
2003-04-26 11:00:00Z;2,388879;1;3
2003-04-27 11:00:00Z;2,193783;2;3
2003-04-28 11:00:00Z;1,997978;2;3
2003-04-29 11:00:00Z;1,801534;2;3
2003-04-30 11:00:00Z;1,604556;1;3
2003-05-01 11:00:00Z;1,563873;2;3
2003-05-02 11:00:00Z;1,523202;2;3
2003-05-03 11:00:00Z;1,482493;2;3
2003-05-04 11:00:00Z;1,4418;2;3
2003-05-05 11:00:00Z;1,401061;0;3
2003-05-06 11:00:00Z;3,123551;0;3
2003-05-07 11:00:00Z;3,52501;0;3
2003-05-08 11:00:00Z;2,624717;0;3
2003-05-09 11:00:00Z;2,513023;0;3
2003-05-10 11:00:00Z;3,636049;0;3
2003-05-11 11:00:00Z;4,846994;0;3
2003-05-12 11:00:00Z;6,644359;0;3
2003-05-13 11:00:00Z;12,46973;0;3
2003-05-14 11:00:00Z;15,0086;0;3
2003-05-15 11:00:00Z;17,15942;0;3
2003-05-16 11:00:00Z;18,11254;0;3
2003-05-17 11:00:00Z;16,54774;0;3
2003-05-18 11:00:00Z;19,24599;0;3
2003-05-19 11:00:00Z;29,73352;0;3
2003-05-20 11:00:00Z;41,69989;0;3
2003-05-21 11:00:00Z;45,52066;0;3
2003-05-22 11:00:00Z;37,4729;0;3
2003-05-23 11:00:00Z;28,83118;0;3
2003-05-24 11:00:00Z;32,82814;0;3
2003-05-25 11:00:00Z;34,7281;0;3
2003-05-26 11:00:00Z;41,92929;0;3
2003-05-27 11:00:00Z;47,66333;0;3
2003-05-28 11:00:00Z;47,17299;0;3
2003-05-29 11:00:00Z;37,28991;0;3
2003-05-30 11:00:00Z;36,86483;0;3
2003-05-31 11:00:00Z;27,97191;0;3
2003-06-01 11:00:00Z;26,51893;0;3
2003-06-02 11:00:00Z;23,43287;0;3
2003-06-03 11:00:00Z;39,001;0;3
2003-06-04 11:00:00Z;51,15702;0;3
2003-06-05 11:00:00Z;51,02679;0;3
2003-06-06 11:00:00Z;55,27984;0;3
2003-06-07 11:00:00Z;52,49963;0;3
2003-06-08 11:00:00Z;38,49631;0;3
2003-06-09 11:00:00Z;32,43854;0;3
2003-06-10 11:00:00Z;29,08179;0;3
2003-06-11 11:00:00Z;26,68433;0;3
2003-06-12 11:00:00Z;23,67189;0;3
2003-06-13 11:00:00Z;21,07592;0;3
2003-06-14 11:00:00Z;17,78612;0;3
2003-06-15 11:00:00Z;15,3143;0;3
2003-06-16 11:00:00Z;13,05093;0;3
2003-06-17 11:00:00Z;12,89954;0;3
2003-06-18 11:00:00Z;15,19337;0;3
2003-06-19 11:00:00Z;25,74349;0;3
2003-06-20 11:00:00Z;37,78639;0;3
2003-06-21 11:00:00Z;34,49615;0;3
2003-06-22 11:00:00Z;34,18361;0;3
2003-06-23 11:00:00Z;31,59035;0;3
2003-06-24 11:00:00Z;30,32166;0;3
2003-06-25 11:00:00Z;30,96434;0;3
2003-06-26 11:00:00Z;28,4798;0;3
2003-06-27 11:00:00Z;24,91301;0;3
2003-06-28 11:00:00Z;24,09289;0;3
2003-06-29 11:00:00Z;25,43009;0;3
2003-06-30 11:00:00Z;26,14755;0;3
2003-07-01 11:00:00Z;23,92779;0;3
2003-07-02 11:00:00Z;21,55658;0;3
2003-07-03 11:00:00Z;20,71072;0;3
2003-07-04 11:00:00Z;20,09666;0;3
2003-07-05 11:00:00Z;18,17879;0;3
2003-07-06 11:00:00Z;13,57911;0;3
2003-07-07 11:00:00Z;10,56689;0;3
2003-07-08 11:00:00Z;9,442276;0;3
2003-07-09 11:00:00Z;17,05696;0;3
2003-07-10 11:00:00Z;17,65201;0;3
2003-07-11 11:00:00Z;12,58455;0;3
2003-07-12 11:00:00Z;15,90116;0;3
2003-07-13 11:00:00Z;13,22723;0;3
2003-07-14 11:00:00Z;8,967303;0;3
2003-07-15 11:00:00Z;11,47822;0;3
2003-07-16 11:00:00Z;12,55011;0;3
2003-07-17 11:00:00Z;11,99515;0;3
2003-07-18 11:00:00Z;8,954878;0;3
2003-07-19 11:00:00Z;8,18689;0;3
2003-07-20 11:00:00Z;10,43213;0;3
2003-07-21 11:00:00Z;9,540557;0;3
2003-07-22 11:00:00Z;8,526073;0;3
2003-07-23 11:00:00Z;9,607209;0;3
2003-07-24 11:00:00Z;8,23642;0;3
2003-07-25 11:00:00Z;7,109058;0;3
2003-07-26 11:00:00Z;4,9821;0;3
2003-07-27 11:00:00Z;4,942204;0;3
2003-07-28 11:00:00Z;13,52461;0;3
2003-07-29 11:00:00Z;17,12632;0;3
2003-07-30 11:00:00Z;6,979124;0;3
2003-07-31 11:00:00Z;5,109714;0;3
2003-08-01 11:00:00Z;4,486521;0;3
2003-08-02 11:00:00Z;5,931587;0;3
2003-08-03 11:00:00Z;5,851672;0;3
2003-08-04 11:00:00Z;3,862626;0;3
2003-08-05 11:00:00Z;3,227739;0;3
2003-08-06 11:00:00Z;2,753897;0;3
2003-08-07 11:00:00Z;2,690176;0;3
2003-08-08 11:00:00Z;2,67123;0;3
2003-08-09 11:00:00Z;2,26806;0;3
2003-08-10 11:00:00Z;2,010574;0;3
2003-08-11 11:00:00Z;1,801948;0;3
2003-08-12 11:00:00Z;1,847932;0;3
2003-08-13 11:00:00Z;2,671638;0;3
2003-08-14 11:00:00Z;3,723706;0;3
2003-08-15 11:00:00Z;2,880054;0;3
2003-08-16 11:00:00Z;2,376543;0;3
2003-08-17 11:00:00Z;2,076497;0;3
2003-08-18 11:00:00Z;1,9386;0;3
2003-08-19 11:00:00Z;1,63369;0;3
2003-08-20 11:00:00Z;1,990616;0;3
2003-08-21 11:00:00Z;7,473712;0;3
2003-08-22 11:00:00Z;9,39919;0;3
2003-08-23 11:00:00Z;6,481807;0;3
2003-08-24 11:00:00Z;4,286411;0;3
2003-08-25 11:00:00Z;3,656813;0;3
2003-08-26 11:00:00Z;4,144284;0;3
2003-08-27 11:00:00Z;4,594347;0;3
2003-08-28 11:00:00Z;4,329683;0;3
2003-08-29 11:00:00Z;3,316941;0;3
2003-08-30 11:00:00Z;2,935313;0;3
2003-08-31 11:00:00Z;2,743804;0;3
2003-09-01 11:00:00Z;2,4063;0;3
2003-09-02 11:00:00Z;2,131834;0;3
2003-09-03 11:00:00Z;3,887939;0;3
2003-09-04 11:00:00Z;16,90148;0;3
2003-09-05 11:00:00Z;11,21836;0;3
2003-09-06 11:00:00Z;7,106433;0;3
2003-09-07 11:00:00Z;5,073609;0;3
2003-09-08 11:00:00Z;4,173534;0;3
2003-09-09 11:00:00Z;4,059622;0;3
2003-09-10 11:00:00Z;3,297882;0;3
2003-09-11 11:00:00Z;2,838017;0;3
2003-09-12 11:00:00Z;2,502343;0;3
2003-09-13 11:00:00Z;2,332521;0;3
2003-09-14 11:00:00Z;3,356715;0;3
2003-09-15 11:00:00Z;41,28259;0;3
2003-09-16 11:00:00Z;41,23655;0;3
2003-09-17 11:00:00Z;24,05053;0;3
2003-09-18 11:00:00Z;39,05094;0;3
2003-09-19 11:00:00Z;44,02763;0;3
2003-09-20 11:00:00Z;24,9117;0;3
2003-09-21 11:00:00Z;26,68953;0;3
2003-09-22 11:00:00Z;23,01921;0;3
2003-09-23 11:00:00Z;23,1988;0;3
2003-09-24 11:00:00Z;13,39724;0;3
2003-09-25 11:00:00Z;11,17013;0;3
2003-09-26 11:00:00Z;10,27026;0;3
2003-09-27 11:00:00Z;8,911637;0;3
2003-09-28 11:00:00Z;7,295193;0;3
2003-09-29 11:00:00Z;6,415989;0;3
2003-09-30 11:00:00Z;5,573246;0;3
2003-10-01 11:00:00Z;4,717843;0;3
2003-10-02 11:00:00Z;4,475813;0;3
2003-10-03 11:00:00Z;4,87084;0;3
2003-10-04 11:00:00Z;6,558533;0;3
2003-10-05 11:00:00Z;7,327363;0;3
2003-10-06 11:00:00Z;5,65837;0;3
2003-10-07 11:00:00Z;4,526875;0;3
2003-10-08 11:00:00Z;3,47021;0;3
2003-10-09 11:00:00Z;3,942561;0;3
2003-10-10 11:00:00Z;3,356289;0;3
2003-10-11 11:00:00Z;2,995549;0;3
2003-10-12 11:00:00Z;3,136372;0;3
2003-10-13 11:00:00Z;2,978394;0;3
2003-10-14 11:00:00Z;2,808936;0;3
2003-10-15 11:00:00Z;2,455764;0;3
2003-10-16 11:00:00Z;4,473063;0;3
2003-10-17 11:00:00Z;12,66972;0;3
2003-10-18 11:00:00Z;9,85888;0;3
2003-10-19 11:00:00Z;6,599797;0;3
2003-10-20 11:00:00Z;5,37573;0;3
2003-10-21 11:00:00Z;4,505227;0;3
2003-10-22 11:00:00Z;4,530722;0;3
2003-10-23 11:00:00Z;4,58268;0;3
2003-10-24 11:00:00Z;4,230493;0;3
2003-10-25 11:00:00Z;4,307509;0;3
2003-10-26 11:00:00Z;5,06587;0;3
2003-10-27 11:00:00Z;4,89249;0;3
2003-10-28 11:00:00Z;8,39402;0;3
2003-10-29 11:00:00Z;5,904124;0;3
2003-10-30 11:00:00Z;5,047029;0;3
2003-10-31 11:00:00Z;4,502111;0;3
2003-11-01 11:00:00Z;4,068165;0;3
2003-11-02 11:00:00Z;3,845385;0;3
2003-11-03 11:00:00Z;3,442225;0;3
2003-11-04 11:00:00Z;3,135383;0;3
2003-11-05 11:00:00Z;3,470605;0;3
2003-11-06 11:00:00Z;8,655232;0;3
2003-11-07 11:00:00Z;18,40904;0;3
2003-11-08 11:00:00Z;11,22474;0;3
2003-11-09 11:00:00Z;7,690546;0;3
2003-11-10 11:00:00Z;5,666145;0;3
2003-11-11 11:00:00Z;5,166501;0;3
2003-11-12 11:00:00Z;4,065233;0;3
2003-11-13 11:00:00Z;3,864842;0;3
2003-11-14 11:00:00Z;3,260324;2;3
2003-11-15 11:00:00Z;2,647833;1;3
2003-11-16 11:00:00Z;2,12859;2;3
2003-11-17 11:00:00Z;1,604556;1;3
2003-11-18 11:00:00Z;1,341383;2;3
2003-11-19 11:00:00Z;1,078226;1;3
2003-11-20 11:00:00Z;0,9732169;2;3
2003-11-21 11:00:00Z;0,8685189;2;3
2003-11-22 11:00:00Z;0,7642955;2;3
2003-11-23 11:00:00Z;0,6607693;2;3
2003-11-24 11:00:00Z;0,558253;1;3
2003-11-25 11:00:00Z;0,5441064;2;3
2003-11-26 11:00:00Z;0,5300143;2;3
2003-11-27 11:00:00Z;0,515928;2;3
2003-11-28 11:00:00Z;0,5018994;2;3
2003-11-29 11:00:00Z;0,4878799;2;3
2003-11-30 11:00:00Z;0,4739217;2;3
2003-12-01 11:00:00Z;0,4599767;2;3
2003-12-02 11:00:00Z;0,4460967;2;3
2003-12-03 11:00:00Z;0,4322344;1;3
2003-12-04 11:00:00Z;1,023854;2;3
2003-12-05 11:00:00Z;1,627201;0;3
2003-12-06 11:00:00Z;1,439191;0;3
2003-12-07 11:00:00Z;1,728242;0;3
2003-12-08 11:00:00Z;1,951039;0;3
2003-12-09 11:00:00Z;1,780932;0;3
2003-12-10 11:00:00Z;1,879078;0;3
2003-12-11 11:00:00Z;2,779654;0;3
2003-12-12 11:00:00Z;2,880271;0;3
2003-12-13 11:00:00Z;2,76306;0;3
2003-12-14 11:00:00Z;2,285479;0;3
2003-12-15 11:00:00Z;1,867081;1;3
2003-12-16 11:00:00Z;1,867081;1;3
2003-12-17 11:00:00Z;2,12859;2;3
2003-12-18 11:00:00Z;2,388879;1;3
2003-12-19 11:00:00Z;3,669623;1;3
2003-12-20 11:00:00Z;3,416286;1;3
2003-12-21 11:00:00Z;2,12859;1;3
2003-12-22 11:00:00Z;1,932564;2;3
2003-12-23 11:00:00Z;1,735927;1;3
2003-12-24 11:00:00Z;1,604556;1;3
2003-12-25 11:00:00Z;1,867081;1;3
2003-12-26 11:00:00Z;1,867081;1;3
2003-12-27 11:00:00Z;1,735927;2;3
2003-12-28 11:00:00Z;1,604556;1;3
2003-12-29 11:00:00Z;1,516887;2;3
2003-12-30 11:00:00Z;1,429137;2;3
2003-12-31 11:00:00Z;1,341383;1;3
2004-01-01 11:00:00Z;2,126009;0;3
2004-01-02 11:00:00Z;1,685558;0;3
2004-01-03 11:00:00Z;1,806305;0;3
2004-01-04 11:00:00Z;1,792821;0;3
2004-01-05 11:00:00Z;1,675654;0;3
2004-01-06 11:00:00Z;1,970642;0;3
2004-01-07 11:00:00Z;2,456697;0;3
2004-01-08 11:00:00Z;2,509167;0;3
2004-01-09 11:00:00Z;2,387476;0;3
2004-01-10 11:00:00Z;2,209878;0;3
2004-01-11 11:00:00Z;2,081884;0;3
2004-01-12 11:00:00Z;1,949881;0;3
2004-01-13 11:00:00Z;1,828556;0;3
2004-01-14 11:00:00Z;1,665482;0;3
2004-01-15 11:00:00Z;1,544509;0;3
2004-01-16 11:00:00Z;1,451582;0;3
2004-01-17 11:00:00Z;1,36919;0;3
2004-01-18 11:00:00Z;1,301944;0;3
2004-01-19 11:00:00Z;1,35948;0;3
2004-01-20 11:00:00Z;1,33491;0;3
2004-01-21 11:00:00Z;1,208122;0;3
2004-01-22 11:00:00Z;1,164404;0;3
2004-01-23 11:00:00Z;1,133942;0;3
2004-01-24 11:00:00Z;1,114464;0;3
2004-01-25 11:00:00Z;1,058606;0;3
2004-01-26 11:00:00Z;1,002263;0;3
2004-01-27 11:00:00Z;0,9473143;0;3
2004-01-28 11:00:00Z;0,9122683;0;3
2004-01-29 11:00:00Z;0,8587092;0;3
2004-01-30 11:00:00Z;0,8059003;0;3
2004-01-31 11:00:00Z;0,7492393;0;3
2004-02-01 11:00:00Z;0,7143611;0;3
2004-02-02 11:00:00Z;0,6824567;0;3
2004-02-03 11:00:00Z;0,6433806;0;3
2004-02-04 11:00:00Z;0,6192818;0;3
2004-02-05 11:00:00Z;0,6066639;0;3
2004-02-06 11:00:00Z;0,577004;0;3
2004-02-07 11:00:00Z;0,5629001;0;3
2004-02-08 11:00:00Z;0,5307467;0;3
2004-02-09 11:00:00Z;0,5052629;0;3
2004-02-10 11:00:00Z;0,4926534;0;3
2004-02-11 11:00:00Z;0,5171238;0;3
2004-02-12 11:00:00Z;0,6902131;0;3
2004-02-13 11:00:00Z;0,8958085;0;3
2004-02-14 11:00:00Z;1,482194;0;3
2004-02-15 11:00:00Z;2,040765;0;3
2004-02-16 11:00:00Z;2,211392;0;3
2004-02-17 11:00:00Z;1,882825;0;3
2004-02-18 11:00:00Z;1,479565;0;3
2004-02-19 11:00:00Z;1,288476;0;3
2004-02-20 11:00:00Z;5,780431;0;3
2004-02-21 11:00:00Z;16,88733;0;3
2004-02-22 11:00:00Z;19,51337;0;3
2004-02-23 11:00:00Z;18,65485;0;3
2004-02-24 11:00:00Z;17,7166;0;3
2004-02-25 11:00:00Z;18,6446;0;3
2004-02-26 11:00:00Z;14,86144;0;3
2004-02-27 11:00:00Z;11,49278;0;3
2004-02-28 11:00:00Z;10,57396;0;3
2004-02-29 11:00:00Z;10,57205;0;3
2004-03-01 11:00:00Z;8,376989;0;3
2004-03-02 11:00:00Z;7,249528;0;3
2004-03-03 11:00:00Z;7,052814;0;3
2004-03-04 11:00:00Z;5,759901;0;3
2004-03-05 11:00:00Z;4,301256;0;3
2004-03-06 11:00:00Z;3,531491;0;3
2004-03-07 11:00:00Z;3,070219;0;3
2004-03-08 11:00:00Z;2,736763;0;3
2004-03-09 11:00:00Z;2,482018;0;3
2004-03-10 11:00:00Z;2,395881;0;3
2004-03-11 11:00:00Z;2,269068;0;3
2004-03-12 11:00:00Z;2,006069;0;3
2004-03-13 11:00:00Z;1,798171;0;3
2004-03-14 11:00:00Z;1,635311;0;3
2004-03-15 11:00:00Z;1,499911;0;3
2004-03-16 11:00:00Z;1,362863;0;3
2004-03-17 11:00:00Z;1,207221;0;3
2004-03-18 11:00:00Z;1,109984;0;3
2004-03-19 11:00:00Z;1,047029;0;3
2004-03-20 11:00:00Z;1,017088;0;3
2004-03-21 11:00:00Z;0,9468574;0;3
2004-03-22 11:00:00Z;0,8468551;0;3
2004-03-23 11:00:00Z;0,7573687;0;3
2004-03-24 11:00:00Z;0,6908136;0;3
2004-03-25 11:00:00Z;0,6769783;0;3
2004-03-26 11:00:00Z;0,6595781;0;3
2004-03-27 11:00:00Z;0,9941984;2;3
2004-03-28 11:00:00Z;1,341383;0;3
2004-03-29 11:00:00Z;1,394043;0;3
2004-03-30 11:00:00Z;1,630845;2;3
2004-03-31 11:00:00Z;1,867081;0;3
2004-04-01 11:00:00Z;1,341383;0;3
2004-04-02 11:00:00Z;0,8163356;0;3
2004-04-03 11:00:00Z;0,7642955;0;3
2004-04-04 11:00:00Z;0,8163356;0;3
2004-04-05 11:00:00Z;1,341383;0;3
2004-04-06 11:00:00Z;1,735927;0;3
2004-04-07 11:00:00Z;1,670266;2;3
2004-04-08 11:00:00Z;1,604556;0;3
2004-04-09 11:00:00Z;3,416286;0;3
2004-04-10 11:00:00Z;1,735927;0;3
2004-04-11 11:00:00Z;1,078226;0;3
2004-04-12 11:00:00Z;1,012566;2;3
2004-04-13 11:00:00Z;0,9470077;0;3
2004-04-14 11:00:00Z;1,078226;0;3
2004-04-15 11:00:00Z;3,136329;2;3
2004-04-16 11:00:00Z;5,113389;2;3
2004-04-17 11:00:00Z;7,015521;0;3
2004-04-18 11:00:00Z;8,286707;0;3
2004-04-19 11:00:00Z;8,644838;0;3
2004-04-20 11:00:00Z;9,755713;0;3
2004-04-21 11:00:00Z;9,046801;0;3
2004-04-22 11:00:00Z;7,976858;0;3
2004-04-23 11:00:00Z;7,461321;0;3
2004-04-24 11:00:00Z;7,200224;0;3
2004-04-25 11:00:00Z;6,764996;0;3
2004-04-26 11:00:00Z;6,195161;0;3
2004-04-27 11:00:00Z;6,227448;0;3
2004-04-28 11:00:00Z;7,101404;0;3
2004-04-29 11:00:00Z;8,335253;0;3
2004-04-30 11:00:00Z;9,868487;0;3
2004-05-01 11:00:00Z;9,146774;0;3
2004-05-02 11:00:00Z;9,982967;0;3
2004-05-03 11:00:00Z;14,45782;0;3
2004-05-04 11:00:00Z;25,43894;0;3
2004-05-05 11:00:00Z;36,51789;0;3
2004-05-06 11:00:00Z;60,4712;0;3
2004-05-07 11:00:00Z;70,76942;0;3
2004-05-08 11:00:00Z;67,47526;0;3
2004-05-09 11:00:00Z;56,17778;0;3
2004-05-10 11:00:00Z;46,39883;0;3
2004-05-11 11:00:00Z;31,14773;0;3
2004-05-12 11:00:00Z;19,37689;0;3
2004-05-13 11:00:00Z;13,30531;0;3
2004-05-14 11:00:00Z;10,98128;0;3
2004-05-15 11:00:00Z;9,881706;0;3
2004-05-16 11:00:00Z;8,178123;0;3
2004-05-17 11:00:00Z;7,441082;0;3
2004-05-18 11:00:00Z;11,19819;0;3
2004-05-19 11:00:00Z;16,89579;0;3
2004-05-20 11:00:00Z;13,78878;0;3
2004-05-21 11:00:00Z;10,91389;0;3
2004-05-22 11:00:00Z;8,817051;0;3
2004-05-23 11:00:00Z;7,427903;0;3
2004-05-24 11:00:00Z;7,33697;0;3
2004-05-25 11:00:00Z;8,367895;0;3
2004-05-26 11:00:00Z;11,21661;0;3
2004-05-27 11:00:00Z;13,58631;0;3
2004-05-28 11:00:00Z;13,6207;0;3
2004-05-29 11:00:00Z;12,36787;0;3
2004-05-30 11:00:00Z;14,10404;0;3
2004-05-31 11:00:00Z;16,87988;0;3
2004-06-01 11:00:00Z;17,48411;0;3
2004-06-02 11:00:00Z;18,47894;0;3
2004-06-03 11:00:00Z;17,99273;0;3
2004-06-04 11:00:00Z;18,38477;0;3
2004-06-05 11:00:00Z;23,26387;0;3
2004-06-06 11:00:00Z;26,01656;0;3
2004-06-07 11:00:00Z;16,84512;0;3
2004-06-08 11:00:00Z;12,95084;0;3
2004-06-09 11:00:00Z;12,86888;0;3
2004-06-10 11:00:00Z;14,02746;0;3
2004-06-11 11:00:00Z;16,85975;0;3
2004-06-12 11:00:00Z;19,66212;0;3
2004-06-13 11:00:00Z;20,18277;0;3
2004-06-14 11:00:00Z;34,81749;0;3
2004-06-15 11:00:00Z;46,0219;0;3
2004-06-16 11:00:00Z;28,40496;0;3
2004-06-17 11:00:00Z;22,44702;0;3
2004-06-18 11:00:00Z;18,09665;0;3
2004-06-19 11:00:00Z;16,93431;0;3
2004-06-20 11:00:00Z;18,56051;0;3
2004-06-21 11:00:00Z;24,21494;0;3
2004-06-22 11:00:00Z;29,22973;0;3
2004-06-23 11:00:00Z;29,81249;0;3
2004-06-24 11:00:00Z;32,18128;0;3
2004-06-25 11:00:00Z;43,14708;0;3
2004-06-26 11:00:00Z;47,87025;0;3
2004-06-27 11:00:00Z;43,42894;0;3
2004-06-28 11:00:00Z;40,15432;0;3
2004-06-29 11:00:00Z;39,45911;0;3
2004-06-30 11:00:00Z;33,06718;0;3
2004-07-01 11:00:00Z;41,68988;0;3
2004-07-02 11:00:00Z;51,87511;0;3
2004-07-03 11:00:00Z;52,20509;0;3
2004-07-04 11:00:00Z;46,84356;0;3
2004-07-05 11:00:00Z;38,40968;0;3
2004-07-06 11:00:00Z;34,04983;0;3
2004-07-07 11:00:00Z;40,14798;0;3
2004-07-08 11:00:00Z;32,94975;0;3
2004-07-09 11:00:00Z;26,89368;0;3
2004-07-10 11:00:00Z;21,4848;0;3
2004-07-11 11:00:00Z;20,02926;0;3
2004-07-12 11:00:00Z;21,09863;0;3
2004-07-13 11:00:00Z;17,74321;0;3
2004-07-14 11:00:00Z;14,56763;0;3
2004-07-15 11:00:00Z;16,41804;0;3
2004-07-16 11:00:00Z;16,09247;0;3
2004-07-17 11:00:00Z;19,32258;0;3
2004-07-18 11:00:00Z;17,48036;0;3
2004-07-19 11:00:00Z;24,79772;0;3
2004-07-20 11:00:00Z;28,45758;0;3
2004-07-21 11:00:00Z;23,88902;0;3
2004-07-22 11:00:00Z;17,9405;0;3
2004-07-23 11:00:00Z;18,32338;0;3
2004-07-24 11:00:00Z;22,13392;0;3
2004-07-25 11:00:00Z;25,85653;0;3
2004-07-26 11:00:00Z;24,5722;0;3
2004-07-27 11:00:00Z;15,97195;0;3
2004-07-28 11:00:00Z;12,13904;0;3
2004-07-29 11:00:00Z;10,29062;0;3
2004-07-30 11:00:00Z;8,605788;0;3
2004-07-31 11:00:00Z;11,21908;0;3
2004-08-01 11:00:00Z;10,77773;0;3
2004-08-02 11:00:00Z;8,577847;0;3
2004-08-03 11:00:00Z;7,549675;0;3
2004-08-04 11:00:00Z;6,839018;0;3
2004-08-05 11:00:00Z;8,306698;0;3
2004-08-06 11:00:00Z;10,82951;0;3
2004-08-07 11:00:00Z;9,661927;0;3
2004-08-08 11:00:00Z;7,864705;0;3
2004-08-09 11:00:00Z;6,214073;0;3
2004-08-10 11:00:00Z;4,950649;0;3
2004-08-11 11:00:00Z;5,357339;0;3
2004-08-12 11:00:00Z;4,566007;0;3
2004-08-13 11:00:00Z;3,266156;0;3
2004-08-14 11:00:00Z;2,681659;0;3
2004-08-15 11:00:00Z;2,563916;0;3
2004-08-16 11:00:00Z;3,421003;0;3
2004-08-17 11:00:00Z;2,738531;0;3
2004-08-18 11:00:00Z;2,363405;0;3
2004-08-19 11:00:00Z;2,260781;0;3
2004-08-20 11:00:00Z;6,707856;0;3
2004-08-21 11:00:00Z;7,671986;0;3
2004-08-22 11:00:00Z;5,699338;0;3
2004-08-23 11:00:00Z;4,43076;0;3
2004-08-24 11:00:00Z;3,800469;0;3
2004-08-25 11:00:00Z;3,247343;0;3
2004-08-26 11:00:00Z;2,654701;0;3
2004-08-27 11:00:00Z;2,350513;0;3
2004-08-28 11:00:00Z;5,404288;0;3
2004-08-29 11:00:00Z;7,970978;0;3
2004-08-30 11:00:00Z;5,778279;0;3
2004-08-31 11:00:00Z;4,148075;0;3
2004-09-01 11:00:00Z;3,423425;0;3
2004-09-02 11:00:00Z;3,677487;0;3
2004-09-03 11:00:00Z;3,336021;0;3
2004-09-04 11:00:00Z;2,824769;0;3
2004-09-05 11:00:00Z;3,648932;0;3
2004-09-06 11:00:00Z;11,71177;0;3
2004-09-07 11:00:00Z;34,61023;0;3
2004-09-08 11:00:00Z;23,82224;0;3
2004-09-09 11:00:00Z;16,50834;0;3
2004-09-10 11:00:00Z;28,10509;0;3
2004-09-11 11:00:00Z;33,87552;0;3
2004-09-12 11:00:00Z;15,57554;0;3
2004-09-13 11:00:00Z;10,4865;0;3
2004-09-14 11:00:00Z;8,949785;0;3
2004-09-15 11:00:00Z;8,660707;0;3
2004-09-16 11:00:00Z;8,291336;0;3
2004-09-17 11:00:00Z;8,324556;0;3
2004-09-18 11:00:00Z;9,206613;0;3
2004-09-19 11:00:00Z;11,55099;0;3
2004-09-20 11:00:00Z;11,87637;0;3
2004-09-21 11:00:00Z;9,638815;0;3
2004-09-22 11:00:00Z;9,543605;0;3
2004-09-23 11:00:00Z;11,50618;0;3
2004-09-24 11:00:00Z;20,31933;0;3
2004-09-25 11:00:00Z;18,92332;0;3
2004-09-26 11:00:00Z;10,77635;0;3
2004-09-27 11:00:00Z;8,014182;0;3
2004-09-28 11:00:00Z;6,658032;0;3
2004-09-29 11:00:00Z;5,865054;0;3
2004-09-30 11:00:00Z;5,210418;0;3
2004-10-01 11:00:00Z;4,521575;0;3
2004-10-02 11:00:00Z;4,011701;0;3
2004-10-03 11:00:00Z;3,604371;0;3
2004-10-04 11:00:00Z;3,37146;0;3
2004-10-05 11:00:00Z;5,84617;0;3
2004-10-06 11:00:00Z;5,839125;0;3
2004-10-07 11:00:00Z;4,217608;0;3
2004-10-08 11:00:00Z;3,926326;0;3
2004-10-09 11:00:00Z;3,543044;0;3
2004-10-10 11:00:00Z;2,684674;0;3
2004-10-11 11:00:00Z;3,108357;0;3
2004-10-12 11:00:00Z;4,663132;0;3
2004-10-13 11:00:00Z;6,511577;0;3
2004-10-14 11:00:00Z;4,397243;0;3
2004-10-15 11:00:00Z;2,594785;0;3
2004-10-16 11:00:00Z;3,104818;0;3
2004-10-17 11:00:00Z;2,155354;0;3
2004-10-18 11:00:00Z;2,335886;0;3
2004-10-19 11:00:00Z;1,832659;0;3
2004-10-20 11:00:00Z;1,988464;0;3
2004-10-21 11:00:00Z;2,015239;0;3
2004-10-22 11:00:00Z;1,700031;0;3
2004-10-23 11:00:00Z;1,613949;0;3
2004-10-24 11:00:00Z;1,543241;0;3
2004-10-25 11:00:00Z;1,143678;0;3
2004-10-26 11:00:00Z;1,511972;0;3
2004-10-27 11:00:00Z;1,497353;0;3
2004-10-28 11:00:00Z;1,194184;0;3
2004-10-29 11:00:00Z;1,356534;0;3
2004-10-30 11:00:00Z;2,153238;0;3
2004-10-31 11:00:00Z;2,413858;0;3
2004-11-01 11:00:00Z;3,029974;0;3
2004-11-02 11:00:00Z;2,288666;0;3
2004-11-03 11:00:00Z;8,017256;0;3
2004-11-04 11:00:00Z;7,595192;0;3
2004-11-05 11:00:00Z;7,674379;0;3
2004-11-06 11:00:00Z;7,811244;0;3
2004-11-07 11:00:00Z;6,793143;0;3
2004-11-08 11:00:00Z;7,620708;0;3
2004-11-09 11:00:00Z;6,845206;0;3
2004-11-10 11:00:00Z;9,257578;0;3
2004-11-11 11:00:00Z;8,883883;0;3
2004-11-12 11:00:00Z;6,623112;0;3
2004-11-13 11:00:00Z;5,209027;0;3
2004-11-14 11:00:00Z;4,305798;0;3
2004-11-15 11:00:00Z;3,707449;0;3
2004-11-16 11:00:00Z;3,820904;0;3
2004-11-17 11:00:00Z;3,760442;0;3
2004-11-18 11:00:00Z;3,339508;0;3
2004-11-19 11:00:00Z;3,250611;2;3
2004-11-20 11:00:00Z;3,161548;1;3
2004-11-21 11:00:00Z;3,07633;2;3
2004-11-22 11:00:00Z;2,990929;2;3
2004-11-23 11:00:00Z;2,905397;0;3
2004-11-24 11:00:00Z;2,819708;2;3
2004-11-25 11:00:00Z;2,733835;2;3
2004-11-26 11:00:00Z;2,647833;0;3
2004-11-27 11:00:00Z;2,596152;2;3
2004-11-28 11:00:00Z;2,544416;2;3
2004-11-29 11:00:00Z;2,492625;2;3
2004-11-30 11:00:00Z;2,440779;2;3
2004-12-01 11:00:00Z;2,388879;0;3
2004-12-02 11:00:00Z;2,346463;2;3
2004-12-03 11:00:00Z;2,303985;2;3
2004-12-04 11:00:00Z;2,261499;0;3
2004-12-05 11:00:00Z;2,225334;2;3
2004-12-06 11:00:00Z;2,189143;2;3
2004-12-07 11:00:00Z;2,152941;0;3
2004-12-08 11:00:00Z;2,475651;0;3
2004-12-09 11:00:00Z;2,173038;0;3
2004-12-10 11:00:00Z;2,829925;0;3
2004-12-11 11:00:00Z;4,796639;0;3
2004-12-12 11:00:00Z;4,56625;0;3
2004-12-13 11:00:00Z;3,788451;0;3
2004-12-14 11:00:00Z;3,464661;0;3
2004-12-15 11:00:00Z;4,142687;0;3
2004-12-16 11:00:00Z;3,516256;0;3
2004-12-17 11:00:00Z;3,033134;0;3
2004-12-18 11:00:00Z;2,739708;0;3
2004-12-19 11:00:00Z;2,647833;2;3
2004-12-20 11:00:00Z;2,583223;2;3
2004-12-21 11:00:00Z;2,518528;0;3
2004-12-22 11:00:00Z;2,479669;2;3
2004-12-23 11:00:00Z;2,440779;2;3
2004-12-24 11:00:00Z;2,414836;2;3
2004-12-25 11:00:00Z;2,388879;0;3
2004-12-26 11:00:00Z;2,368104;2;3
2004-12-27 11:00:00Z;2,347321;2;3
2004-12-28 11:00:00Z;2,329466;2;3
2004-12-29 11:00:00Z;2,311579;2;3
2004-12-30 11:00:00Z;2,293708;0;3
2004-12-31 11:00:00Z;2,374404;0;3
2005-01-01 11:00:00Z;2,365678;0;3
2005-01-02 11:00:00Z;2,282936;0;3
2005-01-03 11:00:00Z;2,419356;0;3
2005-01-04 11:00:00Z;2,664509;0;3
2005-01-05 11:00:00Z;2,44064;0;3
2005-01-06 11:00:00Z;2,309816;0;3
2005-01-07 11:00:00Z;2,284417;0;3
2005-01-08 11:00:00Z;2,195825;0;3
2005-01-09 11:00:00Z;2,070507;0;3
2005-01-10 11:00:00Z;2,021439;0;3
2005-01-11 11:00:00Z;2,326465;0;3
2005-01-12 11:00:00Z;2,402661;0;3
2005-01-13 11:00:00Z;2,212286;0;3
2005-01-14 11:00:00Z;2,061811;0;3
2005-01-15 11:00:00Z;1,976678;0;3
2005-01-16 11:00:00Z;1,930653;0;3
2005-01-17 11:00:00Z;1,937994;0;3
2005-01-18 11:00:00Z;1,984748;0;3
2005-01-19 11:00:00Z;1,993206;0;3
2005-01-20 11:00:00Z;1,934061;0;3
2005-01-21 11:00:00Z;1,893294;0;3
2005-01-22 11:00:00Z;1,791597;0;3
2005-01-23 11:00:00Z;1,6999;0;3
2005-01-24 11:00:00Z;1,824642;0;3
2005-01-25 11:00:00Z;1,619579;0;3
2005-01-26 11:00:00Z;1,616409;0;3
2005-01-27 11:00:00Z;1,602746;0;3
2005-01-28 11:00:00Z;1,626063;0;3
2005-01-29 11:00:00Z;1,730688;0;3
2005-01-30 11:00:00Z;1,976736;0;3
2005-01-31 11:00:00Z;3,333809;0;3
2005-02-01 11:00:00Z;3,230397;0;3
2005-02-02 11:00:00Z;2,827873;0;3
2005-02-03 11:00:00Z;2,566609;0;3
2005-02-04 11:00:00Z;2,434843;0;3
2005-02-05 11:00:00Z;2,311276;0;3
2005-02-06 11:00:00Z;2,11266;0;3
2005-02-07 11:00:00Z;2,002301;0;3
2005-02-08 11:00:00Z;1,890718;0;3
2005-02-09 11:00:00Z;1,923068;0;3
2005-02-10 11:00:00Z;2,057418;1;3
2005-02-11 11:00:00Z;1,965698;1;3
2005-02-12 11:00:00Z;1,849547;1;3
2005-02-13 11:00:00Z;1,799252;1;3
2005-02-14 11:00:00Z;1,87827;1;3
2005-02-15 11:00:00Z;2,005849;1;3
2005-02-16 11:00:00Z;1,999678;1;3
2005-02-17 11:00:00Z;2,019001;1;3
2005-02-18 11:00:00Z;1,87654;1;3
2005-02-19 11:00:00Z;1,831274;1;3
2005-02-20 11:00:00Z;1,873029;1;3
2005-02-21 11:00:00Z;1,783485;1;3
2005-02-22 11:00:00Z;1,721617;1;3
2005-02-23 11:00:00Z;1,756402;1;3
2005-02-24 11:00:00Z;1,623642;1;3
2005-02-25 11:00:00Z;1,710509;1;3
2005-02-26 11:00:00Z;1,703812;2;3
2005-02-27 11:00:00Z;1,697088;2;3
2005-02-28 11:00:00Z;1,69039;2;3
2005-03-01 11:00:00Z;1,683691;2;3
2005-03-02 11:00:00Z;1,676965;2;3
2005-03-03 11:00:00Z;1,670266;1;3
2005-03-04 11:00:00Z;1,722799;1;3
2005-03-05 11:00:00Z;1,718912;1;3
2005-03-06 11:00:00Z;1,715052;1;3
2005-03-07 11:00:00Z;2,020962;1;3
2005-03-08 11:00:00Z;1,733722;1;3
2005-03-09 11:00:00Z;1,584676;1;3
2005-03-10 11:00:00Z;1,496336;1;3
2005-03-11 11:00:00Z;1,407918;1;3
2005-03-12 11:00:00Z;1,319502;1;3
2005-03-13 11:00:00Z;1,282903;1;3
2005-03-14 11:00:00Z;1,246333;1;3
2005-03-15 11:00:00Z;1,209743;1;3
2005-03-16 11:00:00Z;1,190005;1;3
2005-03-17 11:00:00Z;1,170269;1;3
2005-03-18 11:00:00Z;1,150537;1;3
2005-03-19 11:00:00Z;1,130809;1;3
2005-03-20 11:00:00Z;1,069476;1;3
2005-03-21 11:00:00Z;1,008183;1;3
2005-03-22 11:00:00Z;0,9470077;1;3
2005-03-23 11:00:00Z;1,473018;2;3
2005-03-24 11:00:00Z;3,858463;0;3
2005-03-25 11:00:00Z;9,652125;0;3
2005-03-26 11:00:00Z;9,845408;0;3
2005-03-27 11:00:00Z;8,176888;0;3
2005-03-28 11:00:00Z;7,432602;0;3
2005-03-29 11:00:00Z;7,820744;0;3
2005-03-30 11:00:00Z;6,305888;0;3
2005-03-31 11:00:00Z;5,150567;0;3
2005-04-01 11:00:00Z;4,580356;0;3
2005-04-02 11:00:00Z;4,32181;0;3
2005-04-03 11:00:00Z;6,838534;0;3
2005-04-04 11:00:00Z;8,499541;0;3
2005-04-05 11:00:00Z;8,71911;0;3
2005-04-06 11:00:00Z;7,915254;0;3
2005-04-07 11:00:00Z;6,564439;0;3
2005-04-08 11:00:00Z;5,510178;0;3
2005-04-09 11:00:00Z;4,913968;0;3
2005-04-10 11:00:00Z;4,376049;0;3
2005-04-11 11:00:00Z;4,400912;0;3
2005-04-12 11:00:00Z;3,819279;0;3
2005-04-13 11:00:00Z;3,859415;0;3
2005-04-14 11:00:00Z;4,068339;0;3
2005-04-15 11:00:00Z;3,579336;0;3
2005-04-16 11:00:00Z;3,113506;0;3
2005-04-17 11:00:00Z;3,153735;0;3
2005-04-18 11:00:00Z;3,040504;0;3
2005-04-19 11:00:00Z;2,952738;0;3
2005-04-20 11:00:00Z;2,805762;0;3
2005-04-21 11:00:00Z;2,710543;0;3
2005-04-22 11:00:00Z;2,569398;0;3
2005-04-23 11:00:00Z;2,499604;0;3
2005-04-24 11:00:00Z;2,434964;0;3
2005-04-25 11:00:00Z;2,500353;0;3
2005-04-26 11:00:00Z;2,695309;0;3
2005-04-27 11:00:00Z;2,998035;0;3
2005-04-28 11:00:00Z;3,420127;0;3
2005-04-29 11:00:00Z;4,278154;0;3
2005-04-30 11:00:00Z;5,47205;0;3
2005-05-01 11:00:00Z;6,808727;0;3
2005-05-02 11:00:00Z;6,915984;0;3
2005-05-03 11:00:00Z;7,400561;0;3
2005-05-04 11:00:00Z;9,799771;0;3
2005-05-05 11:00:00Z;10,54734;0;3
2005-05-06 11:00:00Z;9,427804;0;3
2005-05-07 11:00:00Z;8,595313;0;3
2005-05-08 11:00:00Z;8,225945;0;3
2005-05-09 11:00:00Z;8,231861;0;3
2005-05-10 11:00:00Z;8,977323;0;3
2005-05-11 11:00:00Z;10,04412;0;3
2005-05-12 11:00:00Z;9,919268;0;3
2005-05-13 11:00:00Z;9,160187;0;3
2005-05-14 11:00:00Z;9,216155;0;3
2005-05-15 11:00:00Z;8,658301;0;3
2005-05-16 11:00:00Z;7,901393;0;3
2005-05-17 11:00:00Z;7,459144;0;3
2005-05-18 11:00:00Z;6,862956;0;3
2005-05-19 11:00:00Z;6,903447;0;3
2005-05-20 11:00:00Z;7,262485;0;3
2005-05-21 11:00:00Z;8,475561;0;3
2005-05-22 11:00:00Z;15,27363;0;3
2005-05-23 11:00:00Z;21,64916;0;3
2005-05-24 11:00:00Z;30,24228;0;3
2005-05-25 11:00:00Z;37,77711;0;3
2005-05-26 11:00:00Z;38,93016;0;3
2005-05-27 11:00:00Z;40,9164;0;3
2005-05-28 11:00:00Z;27,9718;0;3
2005-05-29 11:00:00Z;21,17928;0;3
2005-05-30 11:00:00Z;17,63915;0;3
2005-05-31 11:00:00Z;15,4393;0;3
2005-06-01 11:00:00Z;15,19199;0;3
2005-06-02 11:00:00Z;15,02874;0;3
2005-06-03 11:00:00Z;16,12533;0;3
2005-06-04 11:00:00Z;23,17805;0;3
2005-06-05 11:00:00Z;33,6025;0;3
2005-06-06 11:00:00Z;29,88798;0;3
2005-06-07 11:00:00Z;24,26107;0;3
2005-06-08 11:00:00Z;20,36428;0;3
2005-06-09 11:00:00Z;41,4281;0;3
2005-06-10 11:00:00Z;61,07903;0;3
2005-06-11 11:00:00Z;38,8535;0;3
2005-06-12 11:00:00Z;43,30906;0;3
2005-06-13 11:00:00Z;63,89228;0;3
2005-06-14 11:00:00Z;83,28912;0;3
2005-06-15 11:00:00Z;92,83154;0;3
2005-06-16 11:00:00Z;80,72075;0;3
2005-06-17 11:00:00Z;79,42812;0;3
2005-06-18 11:00:00Z;68,54726;0;3
2005-06-19 11:00:00Z;54,28557;0;3
2005-06-20 11:00:00Z;59,91605;0;3
2005-06-21 11:00:00Z;80,63732;0;3
2005-06-22 11:00:00Z;77,30972;0;3
2005-06-23 11:00:00Z;66,13017;0;3
2005-06-24 11:00:00Z;65,82264;0;3
2005-06-25 11:00:00Z;61,78791;0;3
2005-06-26 11:00:00Z;48,60776;0;3
2005-06-27 11:00:00Z;45,82897;0;3
2005-06-28 11:00:00Z;40,21798;0;3
2005-06-29 11:00:00Z;32,60182;0;3
2005-06-30 11:00:00Z;29,9199;0;3
2005-07-01 11:00:00Z;34,38382;0;3
2005-07-02 11:00:00Z;37,90638;0;3
2005-07-03 11:00:00Z;36,71585;0;3
2005-07-04 11:00:00Z;39,36052;0;3
2005-07-05 11:00:00Z;42,38382;0;3
2005-07-06 11:00:00Z;44,90675;0;3
2005-07-07 11:00:00Z;45,62242;0;3
2005-07-08 11:00:00Z;44,33271;0;3
2005-07-09 11:00:00Z;41,48439;0;3
2005-07-10 11:00:00Z;43,02023;0;3
2005-07-11 11:00:00Z;36,16073;0;3
2005-07-12 11:00:00Z;43,31256;0;3
2005-07-13 11:00:00Z;49,84762;0;3
2005-07-14 11:00:00Z;33,19289;0;3
2005-07-15 11:00:00Z;32,58645;0;3
2005-07-16 11:00:00Z;26,90935;0;3
2005-07-17 11:00:00Z;22,61447;0;3
2005-07-18 11:00:00Z;20,48944;0;3
2005-07-19 11:00:00Z;24,11153;0;3
2005-07-20 11:00:00Z;24,89282;0;3
2005-07-21 11:00:00Z;24,45569;0;3
2005-07-22 11:00:00Z;19,16688;0;3
2005-07-23 11:00:00Z;16,76556;0;3
2005-07-24 11:00:00Z;14,37914;0;3
2005-07-25 11:00:00Z;12,91036;0;3
2005-07-26 11:00:00Z;11,78578;0;3
2005-07-27 11:00:00Z;14,20809;0;3
2005-07-28 11:00:00Z;13,87037;0;3
2005-07-29 11:00:00Z;9,751308;0;3
2005-07-30 11:00:00Z;7,30162;0;3
2005-07-31 11:00:00Z;7,626131;0;3
2005-08-01 11:00:00Z;6,400582;0;3
2005-08-02 11:00:00Z;5,765871;0;3
2005-08-03 11:00:00Z;5,092534;0;3
2005-08-04 11:00:00Z;6,910604;0;3
2005-08-05 11:00:00Z;11,33385;0;3
2005-08-06 11:00:00Z;7,997514;0;3
2005-08-07 11:00:00Z;5,889839;0;3
2005-08-08 11:00:00Z;12,40667;0;3
2005-08-09 11:00:00Z;15,95059;0;3
2005-08-10 11:00:00Z;14,99182;0;3
2005-08-11 11:00:00Z;13,11069;0;3
2005-08-12 11:00:00Z;10,34964;0;3
2005-08-13 11:00:00Z;12,68682;0;3
2005-08-14 11:00:00Z;8,887935;0;3
2005-08-15 11:00:00Z;6,676924;0;3
2005-08-16 11:00:00Z;5,904401;0;3
2005-08-17 11:00:00Z;11,95173;0;3
2005-08-18 11:00:00Z;8,422446;0;3
2005-08-19 11:00:00Z;9,950253;0;3
2005-08-20 11:00:00Z;9,521043;0;3
2005-08-21 11:00:00Z;7,282477;0;3
2005-08-22 11:00:00Z;5,217356;0;3
2005-08-23 11:00:00Z;6,261746;0;3
2005-08-24 11:00:00Z;13,64932;0;3
2005-08-25 11:00:00Z;10,18468;0;3
2005-08-26 11:00:00Z;13,55774;0;3
2005-08-27 11:00:00Z;13,68353;0;3
2005-08-28 11:00:00Z;9,091559;0;3
2005-08-29 11:00:00Z;7,806039;0;3
2005-08-30 11:00:00Z;22,68011;0;3
2005-08-31 11:00:00Z;24,92319;0;3
2005-09-01 11:00:00Z;12,34591;0;3
2005-09-02 11:00:00Z;8,579894;0;3
2005-09-03 11:00:00Z;7,505301;0;3
2005-09-04 11:00:00Z;6,431967;0;3
2005-09-05 11:00:00Z;10,57309;0;3
2005-09-06 11:00:00Z;8,43361;0;3
2005-09-07 11:00:00Z;15,3204;0;3
2005-09-08 11:00:00Z;15,34488;0;3
2005-09-09 11:00:00Z;18,01536;0;3
2005-09-10 11:00:00Z;14,24827;0;3
2005-09-11 11:00:00Z;9,329692;0;3
2005-09-12 11:00:00Z;14,38259;0;3
2005-09-13 11:00:00Z;16,89684;0;3
2005-09-14 11:00:00Z;33,66903;0;3
2005-09-15 11:00:00Z;21,90862;0;3
2005-09-16 11:00:00Z;14,11369;0;3
2005-09-17 11:00:00Z;11,56602;0;3
2005-09-18 11:00:00Z;15,95129;0;3
2005-09-19 11:00:00Z;20,4631;0;3
2005-09-20 11:00:00Z;32,95695;0;3
2005-09-21 11:00:00Z;22,29436;0;3
2005-09-22 11:00:00Z;17,11687;0;3
2005-09-23 11:00:00Z;20,19389;0;3
2005-09-24 11:00:00Z;16,21497;0;3
2005-09-25 11:00:00Z;12,5544;0;3
2005-09-26 11:00:00Z;10,34093;0;3
2005-09-27 11:00:00Z;10,41861;0;3
2005-09-28 11:00:00Z;12,15541;0;3
2005-09-29 11:00:00Z;9,066562;0;3
2005-09-30 11:00:00Z;7,207546;0;3
2005-10-01 11:00:00Z;6,592694;0;3
2005-10-02 11:00:00Z;6,864136;0;3
2005-10-03 11:00:00Z;8,155438;0;3
2005-10-04 11:00:00Z;10,71995;0;3
2005-10-05 11:00:00Z;12,38998;0;3
2005-10-06 11:00:00Z;20,153;0;3
2005-10-07 11:00:00Z;12,24244;0;3
2005-10-08 11:00:00Z;8,46869;0;3
2005-10-09 11:00:00Z;7,275403;0;3
2005-10-10 11:00:00Z;8,51947;0;3
2005-10-11 11:00:00Z;7,835212;0;3
2005-10-12 11:00:00Z;6,496932;0;3
2005-10-13 11:00:00Z;5,804177;0;3
2005-10-14 11:00:00Z;6,311046;0;3
2005-10-15 11:00:00Z;5,968599;0;3
2005-10-16 11:00:00Z;4,476339;0;3
2005-10-17 11:00:00Z;5,251292;0;3
2005-10-18 11:00:00Z;5,926401;0;3
2005-10-19 11:00:00Z;5,304363;0;3
2005-10-20 11:00:00Z;5,219414;0;3
2005-10-21 11:00:00Z;4,015741;0;3
2005-10-22 11:00:00Z;3,485408;0;3
2005-10-23 11:00:00Z;3,068524;2;3
2005-10-24 11:00:00Z;2,647833;0;3
2005-10-25 11:00:00Z;2,444151;2;3
2005-10-26 11:00:00Z;2,239657;2;3
2005-10-27 11:00:00Z;2,034351;0;3
2005-10-28 11:00:00Z;1,6191;0;3
2005-10-29 11:00:00Z;3,314306;0;3
2005-10-30 11:00:00Z;11,72056;0;3
2005-10-31 11:00:00Z;8,894948;0;3
2005-11-01 11:00:00Z;8,941952;0;3
2005-11-02 11:00:00Z;8,187848;0;3
2005-11-03 11:00:00Z;10,82337;0;3
2005-11-04 11:00:00Z;8,875444;0;3
2005-11-05 11:00:00Z;9,644883;0;3
2005-11-06 11:00:00Z;4,583492;0;3
2005-11-07 11:00:00Z;3,553199;0;3
2005-11-08 11:00:00Z;5,123722;0;3
2005-11-09 11:00:00Z;4,406035;0;3
2005-11-10 11:00:00Z;4,551298;0;3
2005-11-11 11:00:00Z;4,048244;0;3
2005-11-12 11:00:00Z;2,871803;0;3
2005-11-13 11:00:00Z;3,802944;0;3
2005-11-14 11:00:00Z;2,892293;0;3
2005-11-15 11:00:00Z;3,495407;0;3
2005-11-16 11:00:00Z;3,328763;2;3
2005-11-17 11:00:00Z;3,161548;0;3
2005-11-18 11:00:00Z;3,669623;0;3
2005-11-19 11:00:00Z;3,390875;2;3
2005-11-20 11:00:00Z;3,110431;0;3
2005-11-21 11:00:00Z;3,921582;0;3
2005-11-22 11:00:00Z;5,491914;0;3
2005-11-23 11:00:00Z;21,80694;0;3
2005-11-24 11:00:00Z;16,23701;0;3
2005-11-25 11:00:00Z;9,32795;0;3
2005-11-26 11:00:00Z;7,168509;0;3
2005-11-27 11:00:00Z;6,756003;0;3
2005-11-28 11:00:00Z;5,930053;2;3
2005-11-29 11:00:00Z;5,091074;2;3
2005-11-30 11:00:00Z;4,916217;1;3
2005-12-01 11:00:00Z;4,644732;2;3
2005-12-02 11:00:00Z;4,371724;2;3
2005-12-03 11:00:00Z;4,209666;2;3
2005-12-04 11:00:00Z;4,047053;2;3
2005-12-05 11:00:00Z;3,883876;2;3
2005-12-06 11:00:00Z;3,846137;2;3
2005-12-07 11:00:00Z;3,808369;2;3
2005-12-08 11:00:00Z;3,770571;2;3
2005-12-09 11:00:00Z;3,669623;1;3
2005-12-10 11:00:00Z;6,663577;1;3
2005-12-11 11:00:00Z;6,180352;1;3
2005-12-12 11:00:00Z;10,20687;1;3
2005-12-13 11:00:00Z;6,631831;1;3
2005-12-14 11:00:00Z;7,274493;1;3
2005-12-15 11:00:00Z;6,132197;2;3
2005-12-16 11:00:00Z;4,916217;0;3
2005-12-17 11:00:00Z;4,607595;2;3
2005-12-18 11:00:00Z;4,296997;2;3
2005-12-19 11:00:00Z;3,98436;2;3
2005-12-20 11:00:00Z;3,669623;0;3
2005-12-21 11:00:00Z;9,178825;0;3
2005-12-22 11:00:00Z;8,050406;2;3
2005-12-23 11:00:00Z;6,848695;0;3
2005-12-24 11:00:00Z;6,132197;0;3
2005-12-25 11:00:00Z;5,547119;2;3
2005-12-26 11:00:00Z;5,307133;2;3
2005-12-27 11:00:00Z;5,122731;0;3
2005-12-28 11:00:00Z;4,937092;2;3
2005-12-29 11:00:00Z;4,756874;2;3
2005-12-30 11:00:00Z;4,580397;2;3
2005-12-31 11:00:00Z;4,406121;0;3
2006-01-01 11:00:00Z;4,211782;2;3
2006-01-02 11:00:00Z;4,023987;2;3
2006-01-03 11:00:00Z;3,801081;1;3
2006-01-04 11:00:00Z;3,633196;2;3
2006-01-05 11:00:00Z;3,464701;2;3
2006-01-06 11:00:00Z;3,311963;2;3
2006-01-07 11:00:00Z;3,158829;1;3
2006-01-08 11:00:00Z;3,054376;1;3
2006-01-09 11:00:00Z;2,949572;1;3
2006-01-10 11:00:00Z;2,844531;1;3
2006-01-11 11:00:00Z;3,626469;1;3
2006-01-12 11:00:00Z;5,8979;1;3
2006-01-13 11:00:00Z;6,486891;1;3
2006-01-14 11:00:00Z;5,749609;1;3
2006-01-15 11:00:00Z;5,8979;1;3
2006-01-16 11:00:00Z;4,089321;1;3
2006-01-17 11:00:00Z;3,781301;1;3
2006-01-18 11:00:00Z;3,626469;1;3
2006-01-19 11:00:00Z;3,471115;1;3
2006-01-20 11:00:00Z;3,377629;1;3
2006-01-21 11:00:00Z;3,09614;1;3
2006-01-22 11:00:00Z;3,033365;1;3
2006-01-23 11:00:00Z;2,844531;1;3
2006-01-24 11:00:00Z;2,654934;1;3
2006-01-25 11:00:00Z;2,496301;1;3
2006-01-26 11:00:00Z;2,369071;1;3
2006-01-27 11:00:00Z;2,607387;1;3
2006-01-28 11:00:00Z;2,844531;1;3
2006-01-29 11:00:00Z;3,626469;1;3
2006-01-30 11:00:00Z;4,699522;1;3
2006-01-31 11:00:00Z;4,395448;1;3
2006-02-01 11:00:00Z;4,456417;1;3
2006-02-02 11:00:00Z;4,578123;1;3
2006-02-03 11:00:00Z;4,395448;1;3
2006-02-04 11:00:00Z;3,801639;1;3
2006-02-05 11:00:00Z;3,200273;1;3
2006-02-06 11:00:00Z;3,028026;1;3
2006-02-07 11:00:00Z;2,855137;1;3
2006-02-08 11:00:00Z;2,681607;1;3
2006-02-09 11:00:00Z;2,507444;1;3
2006-02-10 11:00:00Z;2,499863;1;3
2006-02-11 11:00:00Z;2,470215;1;3
2006-02-12 11:00:00Z;2,55681;1;3
2006-02-13 11:00:00Z;2,311794;1;3
2006-02-14 11:00:00Z;2,065725;1;3
2006-02-15 11:00:00Z;2,020415;1;3
2006-02-16 11:00:00Z;2,049505;1;3
2006-02-17 11:00:00Z;1,808716;1;3
2006-02-18 11:00:00Z;1,567121;1;3
2006-02-19 11:00:00Z;1,459536;1;3
2006-02-20 11:00:00Z;1,351892;1;3
2006-02-21 11:00:00Z;1,244238;1;3
2006-02-22 11:00:00Z;1,889041;1;3
2006-02-23 11:00:00Z;2,844531;1;3
2006-02-24 11:00:00Z;4,395448;1;3
2006-02-25 11:00:00Z;5,001822;1;3
2006-02-26 11:00:00Z;4,608556;1;3
2006-02-27 11:00:00Z;3,781301;1;3
2006-02-28 11:00:00Z;3,158829;1;3
2006-03-01 11:00:00Z;2,844531;1;3
2006-03-02 11:00:00Z;2,528001;1;3
2006-03-03 11:00:00Z;2,390261;1;3
2006-03-04 11:00:00Z;2,252028;1;3
2006-03-05 11:00:00Z;2,113546;1;3
2006-03-06 11:00:00Z;1,996064;1;3
2006-03-07 11:00:00Z;1,878353;1;3
2006-03-08 11:00:00Z;1,76043;1;3
2006-03-09 11:00:00Z;1,647687;1;3
2006-03-10 11:00:00Z;1,534808;1;3
2006-03-11 11:00:00Z;1,437941;1;3
2006-03-12 11:00:00Z;1,341149;1;3
2006-03-13 11:00:00Z;1,244238;1;3
2006-03-14 11:00:00Z;1,211903;1;3
2006-03-15 11:00:00Z;1,276578;1;3
2006-03-16 11:00:00Z;1,305535;1;3
2006-03-17 11:00:00Z;1,631602;1;3
2006-03-18 11:00:00Z;1,599308;1;3
2006-03-19 11:00:00Z;1,559656;1;3
2006-03-20 11:00:00Z;1,519873;1;3
2006-03-21 11:00:00Z;1,480196;1;3
2006-03-22 11:00:00Z;1,440509;1;3
2006-03-23 11:00:00Z;1,400699;1;3
2006-03-24 11:00:00Z;1,361;1;3
2006-03-25 11:00:00Z;1,321299;1;3
2006-03-26 11:00:00Z;1,281482;1;3
2006-03-27 11:00:00Z;1,241786;1;3
2006-03-28 11:00:00Z;1,201982;1;3
2006-03-29 11:00:00Z;1,162305;1;3
2006-03-30 11:00:00Z;1,122645;1;3
2006-03-31 11:00:00Z;1,082888;1;3
2006-04-01 11:00:00Z;1,068205;1;3
2006-04-02 11:00:00Z;1,053641;1;3
2006-04-03 11:00:00Z;1,038965;1;3
2006-04-04 11:00:00Z;1,024294;1;3
2006-04-05 11:00:00Z;1,009744;1;3
2006-04-06 11:00:00Z;0,9950826;1;3
2006-04-07 11:00:00Z;0,9804265;1;3
2006-04-08 11:00:00Z;0,9658928;1;3
2006-04-09 11:00:00Z;0,9512488;1;3
2006-04-10 11:00:00Z;0,9366114;1;3
2006-04-11 11:00:00Z;0,9219809;1;3
2006-04-12 11:00:00Z;1,082888;1;3
2006-04-13 11:00:00Z;1,244238;1;3
2006-04-14 11:00:00Z;1,824766;1;3
2006-04-15 11:00:00Z;2,528001;1;3
2006-04-16 11:00:00Z;4,395448;1;3
2006-04-17 11:00:00Z;3,456598;1;3
2006-04-18 11:00:00Z;2,498369;1;3
2006-04-19 11:00:00Z;1,880328;1;3
2006-04-20 11:00:00Z;1,315461;1;3
2006-04-21 11:00:00Z;0,9614757;1;3
2006-04-22 11:00:00Z;0,6435269;1;3
2006-04-23 11:00:00Z;0,9298758;2;3
2006-04-24 11:00:00Z;1,746114;2;3
2006-04-25 11:00:00Z;3,650082;0;3
2006-04-26 11:00:00Z;7,444296;0;3
2006-04-27 11:00:00Z;12,34857;0;3
2006-04-28 11:00:00Z;10,63715;0;3
2006-04-29 11:00:00Z;8,379855;0;3
2006-04-30 11:00:00Z;11,31692;0;3
2006-05-01 11:00:00Z;12,56371;0;3
2006-05-02 11:00:00Z;11,15498;0;3
2006-05-03 11:00:00Z;15,78156;0;3
2006-05-04 11:00:00Z;20,92026;0;3
2006-05-05 11:00:00Z;26,74216;0;3
2006-05-06 11:00:00Z;36,97528;0;3
2006-05-07 11:00:00Z;35,23515;0;3
2006-05-08 11:00:00Z;32,80279;0;3
2006-05-09 11:00:00Z;27,36889;0;3
2006-05-10 11:00:00Z;25,2369;0;3
2006-05-11 11:00:00Z;26,14628;0;3
2006-05-12 11:00:00Z;22,73545;0;3
2006-05-13 11:00:00Z;18,71987;0;3
2006-05-14 11:00:00Z;15,63498;0;3
2006-05-15 11:00:00Z;11,37089;0;3
2006-05-16 11:00:00Z;8,040766;0;3
2006-05-17 11:00:00Z;6,550234;0;3
2006-05-18 11:00:00Z;5,36147;0;3
2006-05-19 11:00:00Z;5,680376;0;3
2006-05-20 11:00:00Z;10,48637;0;3
2006-05-21 11:00:00Z;22,51043;0;3
2006-05-22 11:00:00Z;29,92256;0;3
2006-05-23 11:00:00Z;42,38599;0;3
2006-05-24 11:00:00Z;39,53915;0;3
2006-05-25 11:00:00Z;30,22747;0;3
2006-05-26 11:00:00Z;28,39104;0;3
2006-05-27 11:00:00Z;26,46341;0;3
2006-05-28 11:00:00Z;22,92799;0;3
2006-05-29 11:00:00Z;22,65704;0;3
2006-05-30 11:00:00Z;23,47953;0;3
2006-05-31 11:00:00Z;19,13847;0;3
2006-06-01 11:00:00Z;14,41908;0;3
2006-06-02 11:00:00Z;13,13767;0;3
2006-06-03 11:00:00Z;13,83621;0;3
2006-06-04 11:00:00Z;14,38723;0;3
2006-06-05 11:00:00Z;13,26775;0;3
2006-06-06 11:00:00Z;9,746601;0;3
2006-06-07 11:00:00Z;10,12835;0;3
2006-06-08 11:00:00Z;12,35965;0;3
2006-06-09 11:00:00Z;20,17789;0;3
2006-06-10 11:00:00Z;20,25511;0;3
2006-06-11 11:00:00Z;20,98948;0;3
2006-06-12 11:00:00Z;33,20353;0;3
2006-06-13 11:00:00Z;42,10685;0;3
2006-06-14 11:00:00Z;38,20931;0;3
2006-06-15 11:00:00Z;22,43229;0;3
2006-06-16 11:00:00Z;21,32985;0;3
2006-06-17 11:00:00Z;21,10671;0;3
2006-06-18 11:00:00Z;19,99425;0;3
2006-06-19 11:00:00Z;25,81833;0;3
2006-06-20 11:00:00Z;26,88268;0;3
2006-06-21 11:00:00Z;26,72965;0;3
2006-06-22 11:00:00Z;24,40309;0;3
2006-06-23 11:00:00Z;24,51144;0;3
2006-06-24 11:00:00Z;19,02176;0;3
2006-06-25 11:00:00Z;14,85859;0;3
2006-06-26 11:00:00Z;13,47984;0;3
2006-06-27 11:00:00Z;10,53365;0;3
2006-06-28 11:00:00Z;8,427376;0;3
2006-06-29 11:00:00Z;6,584672;0;3
2006-06-30 11:00:00Z;7,739156;0;3
2006-07-01 11:00:00Z;10,53642;0;3
2006-07-02 11:00:00Z;11,53811;0;3
2006-07-03 11:00:00Z;13,56413;0;3
2006-07-04 11:00:00Z;15,08402;0;3
2006-07-05 11:00:00Z;9,575592;0;3
2006-07-06 11:00:00Z;7,510463;0;3
2006-07-07 11:00:00Z;11,59233;0;3
2006-07-08 11:00:00Z;13,05096;0;3
2006-07-09 11:00:00Z;10,29733;0;3
2006-07-10 11:00:00Z;8,606641;0;3
2006-07-11 11:00:00Z;13,04209;0;3
2006-07-12 11:00:00Z;9,738165;0;3
2006-07-13 11:00:00Z;11,55363;0;3
2006-07-14 11:00:00Z;28,20465;0;3
2006-07-15 11:00:00Z;19,0262;0;3
2006-07-16 11:00:00Z;13,03881;0;3
2006-07-17 11:00:00Z;12,75103;0;3
2006-07-18 11:00:00Z;14,44194;0;3
2006-07-19 11:00:00Z;13,51713;0;3
2006-07-20 11:00:00Z;8,325056;0;3
2006-07-21 11:00:00Z;5,881503;0;3
2006-07-22 11:00:00Z;4,622802;0;3
2006-07-23 11:00:00Z;5,849288;0;3
2006-07-24 11:00:00Z;5,372564;0;3
2006-07-25 11:00:00Z;3,960092;0;3
2006-07-26 11:00:00Z;3,488813;0;3
2006-07-27 11:00:00Z;3,054459;0;3
2006-07-28 11:00:00Z;4,525093;0;3
2006-07-29 11:00:00Z;5,691206;0;3
2006-07-30 11:00:00Z;5,323043;0;3
2006-07-31 11:00:00Z;4,857106;0;3
2006-08-01 11:00:00Z;5,614825;0;3
2006-08-02 11:00:00Z;6,709253;0;3
2006-08-03 11:00:00Z;5,816748;0;3
2006-08-04 11:00:00Z;4,629834;0;3
2006-08-05 11:00:00Z;3,055813;0;3
2006-08-06 11:00:00Z;5,059473;0;3
2006-08-07 11:00:00Z;6,757602;0;3
2006-08-08 11:00:00Z;4,37881;0;3
2006-08-09 11:00:00Z;3,132671;0;3
2006-08-10 11:00:00Z;2,48914;0;3
2006-08-11 11:00:00Z;3,192061;0;3
2006-08-12 11:00:00Z;2,85407;0;3
2006-08-13 11:00:00Z;3,880789;0;3
2006-08-14 11:00:00Z;3,737082;0;3
2006-08-15 11:00:00Z;3,034899;0;3
2006-08-16 11:00:00Z;3,692573;0;3
2006-08-17 11:00:00Z;2,905665;0;3
2006-08-18 11:00:00Z;3,48677;0;3
2006-08-19 11:00:00Z;2,555549;2;3
2006-08-20 11:00:00Z;1,862432;2;3
2006-08-21 11:00:00Z;1,314526;2;3
2006-08-22 11:00:00Z;0,9298758;1;3
2006-08-23 11:00:00Z;1,282066;1;3
2006-08-24 11:00:00Z;1,512989;1;3
2006-08-25 11:00:00Z;1,359015;1;3
2006-08-26 11:00:00Z;0,8624959;1;3
2006-08-27 11:00:00Z;1,11728;1;3
2006-08-28 11:00:00Z;1,594644;2;3
2006-08-29 11:00:00Z;2,094446;1;3
2006-08-30 11:00:00Z;0,9298758;1;3
2006-08-31 11:00:00Z;1,162772;2;3
2006-09-01 11:00:00Z;1,512989;1;3
2006-09-02 11:00:00Z;2,210104;2;3
2006-09-03 11:00:00Z;2,898562;1;3
2006-09-04 11:00:00Z;4,059517;0;3
2006-09-05 11:00:00Z;3,801574;0;3
2006-09-06 11:00:00Z;3,866172;0;3
2006-09-07 11:00:00Z;2,157551;0;3
2006-09-08 11:00:00Z;2,372846;0;3
2006-09-09 11:00:00Z;2,91226;0;3
2006-09-10 11:00:00Z;8,108313;0;3
2006-09-11 11:00:00Z;11,79699;0;3
2006-09-12 11:00:00Z;13,91557;0;3
2006-09-13 11:00:00Z;13,33226;0;3
2006-09-14 11:00:00Z;7,694999;0;3
2006-09-15 11:00:00Z;3,618539;0;3
2006-09-16 11:00:00Z;3,537431;0;3
2006-09-17 11:00:00Z;4,936464;0;3
2006-09-18 11:00:00Z;4,706054;0;3
2006-09-19 11:00:00Z;4,2949;0;3
2006-09-20 11:00:00Z;7,753863;0;3
2006-09-21 11:00:00Z;8,102178;0;3
2006-09-22 11:00:00Z;13,18235;0;3
2006-09-23 11:00:00Z;9,865819;0;3
2006-09-24 11:00:00Z;18,40993;0;3
2006-09-25 11:00:00Z;8,530727;0;3
2006-09-26 11:00:00Z;4,468687;0;3
2006-09-27 11:00:00Z;3,643948;1;3
2006-09-28 11:00:00Z;3,579544;1;3
2006-09-29 11:00:00Z;2,730793;1;3
2006-09-30 11:00:00Z;1,935495;1;3
2006-10-01 11:00:00Z;2,426719;1;3
2006-10-02 11:00:00Z;3,622102;1;3
2006-10-03 11:00:00Z;5,547119;1;3
2006-10-04 11:00:00Z;2,518812;1;3
2006-10-05 11:00:00Z;2,04174;2;3
2006-10-06 11:00:00Z;1,560822;2;3
2006-10-07 11:00:00Z;1,078226;0;3
2006-10-08 11:00:00Z;3,79638;0;3
2006-10-09 11:00:00Z;2,487266;0;3
2006-10-10 11:00:00Z;1,991257;1;3
2006-10-11 11:00:00Z;2,1378;1;3
2006-10-12 11:00:00Z;1,625982;1;3
2006-10-13 11:00:00Z;0,9877195;1;3
2006-10-14 11:00:00Z;20,23789;0;3
2006-10-15 11:00:00Z;9,004069;0;3
2006-10-16 11:00:00Z;27,69183;0;3
2006-10-17 11:00:00Z;23,32254;0;3
2006-10-18 11:00:00Z;12,38913;0;3
2006-10-19 11:00:00Z;7,142738;0;3
2006-10-20 11:00:00Z;6,312034;0;3
2006-10-21 11:00:00Z;5,22596;0;3
2006-10-22 11:00:00Z;4,860976;0;3
2006-10-23 11:00:00Z;5,15123;0;3
2006-10-24 11:00:00Z;2,97385;0;3
2006-10-25 11:00:00Z;1,967904;0;3
2006-10-26 11:00:00Z;1,963078;0;3
2006-10-27 11:00:00Z;1,676938;0;3
2006-10-28 11:00:00Z;1,533568;0;3
2006-10-29 11:00:00Z;1,505871;1;3
2006-10-30 11:00:00Z;1,232447;1;3
2006-10-31 11:00:00Z;1,107719;1;3
2006-11-01 11:00:00Z;1,010336;2;3
2006-11-02 11:00:00Z;0,9131516;2;3
2006-11-03 11:00:00Z;0,8685189;1;3
2006-11-04 11:00:00Z;0,8827603;2;3
2006-11-05 11:00:00Z;0,9493898;1;3
2006-11-06 11:00:00Z;1,179224;2;3
2006-11-07 11:00:00Z;1,409499;0;3
2006-11-08 11:00:00Z;6,695413;0;3
2006-11-09 11:00:00Z;5,288212;0;3
2006-11-10 11:00:00Z;3,669623;0;3
2006-11-11 11:00:00Z;2,647833;2;3
2006-11-12 11:00:00Z;2,12859;1;3
2006-11-13 11:00:00Z;1,801534;2;3
2006-11-14 11:00:00Z;1,473018;2;3
2006-11-15 11:00:00Z;1,183478;1;3
2006-11-16 11:00:00Z;1,134596;1;3
2006-11-17 11:00:00Z;1,085744;1;3
2006-11-18 11:00:00Z;1,027267;1;3
2006-11-19 11:00:00Z;1,299701;1;3
2006-11-20 11:00:00Z;0,7647629;1;3
2006-11-21 11:00:00Z;0,9852538;1;3
2006-11-22 11:00:00Z;0,9940934;1;3
2006-11-23 11:00:00Z;0,6865702;2;3
2006-11-24 11:00:00Z;0,4571973;2;3
2006-11-25 11:00:00Z;0,3582816;0;3
2006-11-26 11:00:00Z;0,6076981;0;3
2006-11-27 11:00:00Z;13,66835;0;3
2006-11-28 11:00:00Z;13,17752;0;3
2006-11-29 11:00:00Z;9,158009;0;3
2006-11-30 11:00:00Z;10,67989;0;3
2006-12-01 11:00:00Z;9,022878;0;3
2006-12-02 11:00:00Z;17,10327;0;3
2006-12-03 11:00:00Z;11,16437;0;3
2006-12-04 11:00:00Z;7,152205;0;3
2006-12-05 11:00:00Z;3,819428;0;3
2006-12-06 11:00:00Z;3,719913;0;3
2006-12-07 11:00:00Z;2,636422;0;3
2006-12-08 11:00:00Z;2,335522;1;3
2006-12-09 11:00:00Z;1,973103;1;3
2006-12-10 11:00:00Z;1,615703;1;3
2006-12-11 11:00:00Z;1,314973;1;3
2006-12-12 11:00:00Z;1,612943;1;3
2006-12-13 11:00:00Z;1,837278;1;3
2006-12-14 11:00:00Z;1,449539;1;3
2006-12-15 11:00:00Z;1,309654;1;3
2006-12-16 11:00:00Z;1,265789;1;3
2006-12-17 11:00:00Z;1,247097;2;3
2006-12-18 11:00:00Z;1,228432;2;3
2006-12-19 11:00:00Z;1,209743;1;3
2006-12-20 11:00:00Z;9,130013;0;3
2006-12-21 11:00:00Z;27,75995;0;3
2006-12-22 11:00:00Z;29,71354;0;3
2006-12-23 11:00:00Z;14,58059;0;3
2006-12-24 11:00:00Z;20,31677;0;3
2006-12-25 11:00:00Z;11,81643;0;3
2006-12-26 11:00:00Z;12,16015;0;3
2006-12-27 11:00:00Z;8,721501;0;3
2006-12-28 11:00:00Z;6,853456;0;3
2006-12-29 11:00:00Z;5,49511;0;3
2006-12-30 11:00:00Z;4,257735;0;3
2006-12-31 11:00:00Z;3,649706;0;3
2007-01-01 11:00:00Z;5,348996;3;3
2007-01-02 11:00:00Z;4,600729;3;3
2007-01-03 11:00:00Z;4,440987;3;3
2007-01-04 11:00:00Z;4,280706;3;3
2007-01-05 11:00:00Z;4,119887;3;3
2007-01-06 11:00:00Z;3,943032;3;3
2007-01-07 11:00:00Z;3,765478;3;3
2007-01-08 11:00:00Z;3,587233;3;3
2007-01-09 11:00:00Z;3,414891;3;3
2007-01-10 11:00:00Z;3,332069;3;3
2007-01-11 11:00:00Z;3,290428;3;3
2007-01-12 11:00:00Z;3,248316;3;3
2007-01-13 11:00:00Z;3,198942;3;3
2007-01-14 11:00:00Z;3,146028;3;3
2007-01-15 11:00:00Z;3,091784;3;3
2007-01-16 11:00:00Z;3,022543;3;3
2007-01-17 11:00:00Z;2,9532;3;3
2007-01-18 11:00:00Z;2,883753;3;3
2007-01-19 11:00:00Z;2,814202;3;3
2007-01-20 11:00:00Z;2,763724;3;3
2007-01-21 11:00:00Z;2,706795;3;3
2007-01-22 11:00:00Z;2,649796;3;3
2007-01-23 11:00:00Z;2,589844;3;3
2007-01-24 11:00:00Z;2,529175;3;3
2007-01-25 11:00:00Z;2,987884;3;3
2007-01-26 11:00:00Z;5,364857;3;3
2007-01-27 11:00:00Z;3,721617;3;3
2007-01-28 11:00:00Z;3,097513;3;3
2007-01-29 11:00:00Z;3,066956;3;3
2007-01-30 11:00:00Z;3,035107;3;3
2007-01-31 11:00:00Z;2,999423;3;3
2007-02-01 11:00:00Z;2,962437;3;3
2007-02-02 11:00:00Z;3,119716;3;3
2007-02-03 11:00:00Z;3,41062;3;3
2007-02-04 11:00:00Z;3,113373;3;3
2007-02-05 11:00:00Z;2,814202;3;3
2007-02-06 11:00:00Z;2,680224;3;3
2007-02-07 11:00:00Z;2,545228;3;3
2007-02-08 11:00:00Z;2,446904;3;3
2007-02-09 11:00:00Z;2,34097;3;3
2007-02-10 11:00:00Z;2,303007;3;3
2007-02-11 11:00:00Z;2,257977;3;3
2007-02-12 11:00:00Z;2,213542;3;3
2007-02-13 11:00:00Z;2,169106;3;3
2007-02-14 11:00:00Z;2,124391;3;3
2007-02-15 11:00:00Z;2,079646;3;3
2007-02-16 11:00:00Z;2,034901;3;3
2007-02-17 11:00:00Z;1,99008;3;3
2007-02-18 11:00:00Z;1,963533;3;3
2007-02-19 11:00:00Z;1,936974;3;3
2007-02-20 11:00:00Z;1,910438;3;3
2007-02-21 11:00:00Z;1,883857;3;3
2007-02-22 11:00:00Z;1,857265;3;3
2007-02-23 11:00:00Z;1,830655;3;3
2007-02-24 11:00:00Z;1,804042;3;3
2007-02-25 11:00:00Z;1,77742;3;3
2007-02-26 11:00:00Z;1,750822;3;3
2007-02-27 11:00:00Z;1,724181;3;3
2007-02-28 11:00:00Z;1,697531;3;3
2007-03-01 11:00:00Z;1,667893;3;3
2007-03-02 11:00:00Z;1,745278;3;3
2007-03-03 11:00:00Z;1,822587;3;3
2007-03-04 11:00:00Z;1,6299;3;3
2007-03-05 11:00:00Z;1,444346;3;3
2007-03-06 11:00:00Z;1,265743;3;3
2007-03-07 11:00:00Z;1,383972;3;3
2007-03-08 11:00:00Z;1,546685;3;3
2007-03-09 11:00:00Z;1,504034;3;3
2007-03-10 11:00:00Z;1,463441;3;3
2007-03-11 11:00:00Z;1,421196;3;3
2007-03-12 11:00:00Z;1,314527;3;3
2007-03-13 11:00:00Z;1,269697;3;3
2007-03-14 11:00:00Z;1,227409;3;3
2007-03-15 11:00:00Z;1,183847;3;3
2007-03-16 11:00:00Z;1,163206;3;3
2007-03-17 11:00:00Z;1,144633;3;3
2007-03-18 11:00:00Z;1,124435;3;3
2007-03-19 11:00:00Z;1,104459;3;3
2007-03-20 11:00:00Z;1,086529;3;3
2007-03-21 11:00:00Z;1,067005;3;3
2007-03-22 11:00:00Z;1,047723;3;3
2007-03-23 11:00:00Z;1,038923;3;3
2007-03-24 11:00:00Z;0,9895189;3;3
2007-03-25 11:00:00Z;1,171892;3;3
2007-03-26 11:00:00Z;1,961921;3;3
2007-03-27 11:00:00Z;1,851409;3;3
2007-03-28 11:00:00Z;1,196139;3;3
2007-03-29 11:00:00Z;0,8663288;3;3
2007-03-30 11:00:00Z;5,204053;3;3
2007-03-31 11:00:00Z;4,808708;3;3
2007-04-01 11:00:00Z;7,475995;3;3
2007-04-02 11:00:00Z;25,10325;3;3
2007-04-03 11:00:00Z;12,74048;3;3
2007-04-04 11:00:00Z;9,024295;3;3
2007-04-05 11:00:00Z;7,878664;3;3
2007-04-06 11:00:00Z;6,510961;3;3
2007-04-07 11:00:00Z;5,60165;3;3
2007-04-08 11:00:00Z;4,698273;3;3
2007-04-09 11:00:00Z;3,950588;3;3
2007-04-10 11:00:00Z;3,521527;3;3
2007-04-11 11:00:00Z;3,366232;3;3
2007-04-12 11:00:00Z;4,50036;3;3
2007-04-13 11:00:00Z;6,359457;3;3
2007-04-14 11:00:00Z;13,21215;3;3
2007-04-15 11:00:00Z;21,25323;3;3
2007-04-16 11:00:00Z;33,44061;3;3
2007-04-17 11:00:00Z;26,06293;3;3
2007-04-18 11:00:00Z;16,69868;3;3
2007-04-19 11:00:00Z;12,76465;3;3
2007-04-20 11:00:00Z;9,685404;3;3
2007-04-21 11:00:00Z;7,829422;3;3
2007-04-22 11:00:00Z;6,669952;3;3
2007-04-23 11:00:00Z;6,840182;3;3
2007-04-24 11:00:00Z;8,884759;3;3
2007-04-25 11:00:00Z;20,63619;3;3
2007-04-26 11:00:00Z;23,98016;3;3
2007-04-27 11:00:00Z;43,24926;3;3
2007-04-28 11:00:00Z;26,4998;3;3
2007-04-29 11:00:00Z;19,01687;3;3
2007-04-30 11:00:00Z;16,37255;3;3
2007-05-01 11:00:00Z;13,91071;3;3
2007-05-02 11:00:00Z;14,41426;3;3
2007-05-03 11:00:00Z;13,19541;3;3
2007-05-04 11:00:00Z;13,61585;3;3
2007-05-05 11:00:00Z;15,09252;3;3
2007-05-06 11:00:00Z;13,95279;3;3
2007-05-07 11:00:00Z;15,92472;3;3
2007-05-08 11:00:00Z;17,23232;3;3
2007-05-09 11:00:00Z;15,00933;3;3
2007-05-10 11:00:00Z;12,347;3;3
2007-05-11 11:00:00Z;10,1333;3;3
2007-05-12 11:00:00Z;9,506066;3;3
2007-05-13 11:00:00Z;9,975103;3;3
2007-05-14 11:00:00Z;13,60557;3;3
2007-05-15 11:00:00Z;18,24356;3;3
2007-05-16 11:00:00Z;28,93771;3;3
2007-05-17 11:00:00Z;21,98213;3;3
2007-05-18 11:00:00Z;17,21374;3;3
2007-05-19 11:00:00Z;20,11723;3;3
2007-05-20 11:00:00Z;26,23056;3;3
2007-05-21 11:00:00Z;40,42333;3;3
2007-05-22 11:00:00Z;35,36061;3;3
2007-05-23 11:00:00Z;38,78912;11;3
2007-05-24 11:00:00Z;25,84223;11;3
2007-05-25 11:00:00Z;20,4742;11;3
2007-05-26 11:00:00Z;19,56542;11;3
2007-05-27 11:00:00Z;20,08846;11;3
2007-05-28 11:00:00Z;19,45639;11;3
2007-05-29 11:00:00Z;20,31926;11;3
2007-05-30 11:00:00Z;30,15025;11;3
2007-05-31 11:00:00Z;33,30519;11;3
2007-06-01 11:00:00Z;32,08176;11;3
2007-06-02 11:00:00Z;38,39238;11;3
2007-06-03 11:00:00Z;42,51731;11;3
2007-06-04 11:00:00Z;41,30405;11;3
2007-06-05 11:00:00Z;44,63595;11;3
2007-06-06 11:00:00Z;44,51143;11;3
2007-06-07 11:00:00Z;41,39199;11;3
2007-06-08 11:00:00Z;39,48403;11;3
2007-06-09 11:00:00Z;37,89956;11;3
2007-06-10 11:00:00Z;37,31704;11;3
2007-06-11 11:00:00Z;36,56853;11;3
2007-06-12 11:00:00Z;33,63845;11;3
2007-06-13 11:00:00Z;27,23223;11;3
2007-06-14 11:00:00Z;23,3006;11;3
2007-06-15 11:00:00Z;21,54602;11;3
2007-06-16 11:00:00Z;20,01677;11;3
2007-06-17 11:00:00Z;20,77583;11;3
2007-06-18 11:00:00Z;20,47723;11;3
2007-06-19 11:00:00Z;24,14698;11;3
2007-06-20 11:00:00Z;24,64649;11;3
2007-06-21 11:00:00Z;24,39423;11;3
2007-06-22 11:00:00Z;37,11423;11;3
2007-06-23 11:00:00Z;46,61564;11;3
2007-06-24 11:00:00Z;47,39574;11;3
2007-06-25 11:00:00Z;45,56358;11;3
2007-06-26 11:00:00Z;43,0355;11;3
2007-06-27 11:00:00Z;40,02259;11;3
2007-06-28 11:00:00Z;36,34428;11;3
2007-06-29 11:00:00Z;32,60609;11;3
2007-06-30 11:00:00Z;33,14098;11;3
2007-07-01 11:00:00Z;38,25328;11;3
2007-07-02 11:00:00Z;46,42583;11;3
2007-07-03 11:00:00Z;54,84599;11;3
2007-07-04 11:00:00Z;53,83875;11;3
2007-07-05 11:00:00Z;52,45848;11;3
2007-07-06 11:00:00Z;46,46706;11;3
2007-07-07 11:00:00Z;47,42009;11;3
2007-07-08 11:00:00Z;46,48229;11;3
2007-07-09 11:00:00Z;45,43973;11;3
2007-07-10 11:00:00Z;36,99992;11;3
2007-07-11 11:00:00Z;32,7065;11;3
2007-07-12 11:00:00Z;37,20236;11;3
2007-07-13 11:00:00Z;56,95316;11;3
2007-07-14 11:00:00Z;48,50206;11;3
2007-07-15 11:00:00Z;33,58016;11;3
2007-07-16 11:00:00Z;28,84414;11;3
2007-07-17 11:00:00Z;24,3633;11;3
2007-07-18 11:00:00Z;22,54325;11;3
2007-07-19 11:00:00Z;22,56215;11;3
2007-07-20 11:00:00Z;18,05889;11;3
2007-07-21 11:00:00Z;17,01815;11;3
2007-07-22 11:00:00Z;15,79429;11;3
2007-07-23 11:00:00Z;13,39692;11;3
2007-07-24 11:00:00Z;15,8243;11;3
2007-07-25 11:00:00Z;16,95796;11;3
2007-07-26 11:00:00Z;18,63305;11;3
2007-07-27 11:00:00Z;15,73247;11;3
2007-07-28 11:00:00Z;18,43797;11;3
2007-07-29 11:00:00Z;23,26292;11;3
2007-07-30 11:00:00Z;21,49666;11;3
2007-07-31 11:00:00Z;15,12631;11;3
2007-08-01 11:00:00Z;16,25114;11;3
2007-08-02 11:00:00Z;15,78564;11;3
2007-08-03 11:00:00Z;12,53589;11;3
2007-08-04 11:00:00Z;12,04104;11;3
2007-08-05 11:00:00Z;17,43634;11;3
2007-08-06 11:00:00Z;13,02162;11;3
2007-08-07 11:00:00Z;14,99641;11;3
2007-08-08 11:00:00Z;17,1874;11;3
2007-08-09 11:00:00Z;20,38387;11;3
2007-08-10 11:00:00Z;14,75143;11;3
2007-08-11 11:00:00Z;9,331647;11;3
2007-08-12 11:00:00Z;10,65902;11;3
2007-08-13 11:00:00Z;10,04341;11;3
2007-08-14 11:00:00Z;12,61317;11;3
2007-08-15 11:00:00Z;9,296741;11;3
2007-08-16 11:00:00Z;15,19832;11;3
2007-08-17 11:00:00Z;16,75843;11;3
2007-08-18 11:00:00Z;9,747775;11;3
2007-08-19 11:00:00Z;7,322747;11;3
2007-08-20 11:00:00Z;6,884989;11;3
2007-08-21 11:00:00Z;6,164001;11;3
2007-08-22 11:00:00Z;4,765566;11;3
2007-08-23 11:00:00Z;4,364357;11;3
2007-08-24 11:00:00Z;6,026126;11;3
2007-08-25 11:00:00Z;6,681228;11;3
2007-08-26 11:00:00Z;11,13975;11;3
2007-08-27 11:00:00Z;8,334706;11;3
2007-08-28 11:00:00Z;6,731565;11;3
2007-08-29 11:00:00Z;5,402564;11;3
2007-08-30 11:00:00Z;5,07374;11;3
2007-08-31 11:00:00Z;5,561246;11;3
2007-09-01 11:00:00Z;5,668392;11;3
2007-09-02 11:00:00Z;4,877743;11;3
2007-09-03 11:00:00Z;6,254924;11;3
2007-09-04 11:00:00Z;6,128464;11;3
2007-09-05 11:00:00Z;5,336421;11;3
2007-09-06 11:00:00Z;17,12859;11;3
2007-09-07 11:00:00Z;18,69119;11;3
2007-09-08 11:00:00Z;10,99574;11;3
2007-09-09 11:00:00Z;8,004458;11;3
2007-09-10 11:00:00Z;6,577916;11;3
2007-09-11 11:00:00Z;5,863229;11;3
2007-09-12 11:00:00Z;7,965758;11;3
2007-09-13 11:00:00Z;11,17171;11;3
2007-09-14 11:00:00Z;12,08838;11;3
2007-09-15 11:00:00Z;13,11668;11;3
2007-09-16 11:00:00Z;8,982511;11;3
2007-09-17 11:00:00Z;7,423731;11;3
2007-09-18 11:00:00Z;15,16771;11;3
2007-09-19 11:00:00Z;12,55875;11;3
2007-09-20 11:00:00Z;7,931292;11;3
2007-09-21 11:00:00Z;7,043672;11;3
2007-09-22 11:00:00Z;6,973771;11;3
2007-09-23 11:00:00Z;8,463684;11;3
2007-09-24 11:00:00Z;8,556414;11;3
2007-09-25 11:00:00Z;12,15238;11;3
2007-09-26 11:00:00Z;11,22136;11;3
2007-09-27 11:00:00Z;9,690412;11;3
2007-09-28 11:00:00Z;7,257371;11;3
2007-09-29 11:00:00Z;6,082325;11;3
2007-09-30 11:00:00Z;5,238791;11;3
2007-10-01 11:00:00Z;5,001034;11;3
2007-10-02 11:00:00Z;5,183853;11;3
2007-10-03 11:00:00Z;5,189969;11;3
2007-10-04 11:00:00Z;6,124456;11;3
2007-10-05 11:00:00Z;4,978756;11;3
2007-10-06 11:00:00Z;4,294041;11;3
2007-10-07 11:00:00Z;5,113779;11;3
2007-10-08 11:00:00Z;7,596003;11;3
2007-10-09 11:00:00Z;7,046389;11;3
2007-10-10 11:00:00Z;5,171514;11;3
2007-10-11 11:00:00Z;5,034019;11;3
2007-10-12 11:00:00Z;6,489562;11;3
2007-10-13 11:00:00Z;5,546907;11;3
2007-10-14 11:00:00Z;9,769178;11;3
2007-10-15 11:00:00Z;16,89821;11;3
2007-10-16 11:00:00Z;19,01728;11;3
2007-10-17 11:00:00Z;17,66618;11;3
2007-10-18 11:00:00Z;14,18172;11;3
2007-10-19 11:00:00Z;9,941737;11;3
2007-10-20 11:00:00Z;11,12473;11;3
2007-10-21 11:00:00Z;24,08916;11;3
2007-10-22 11:00:00Z;26,97165;11;3
2007-10-23 11:00:00Z;24,84668;11;3
2007-10-24 11:00:00Z;24,20194;11;3
2007-10-25 11:00:00Z;36,04033;11;3
2007-10-26 11:00:00Z;18,53282;11;3
2007-10-27 11:00:00Z;10,03683;11;3
2007-10-28 11:00:00Z;10,40253;11;3
2007-10-29 11:00:00Z;15,87065;11;3
2007-10-30 11:00:00Z;9,457566;11;3
2007-10-31 11:00:00Z;5,432948;11;3
2007-11-01 11:00:00Z;7,757876;11;3
2007-11-02 11:00:00Z;6,057157;11;3
2007-11-03 11:00:00Z;6,207149;11;3
2007-11-04 11:00:00Z;6,046142;11;3
2007-11-05 11:00:00Z;5,617126;11;3
2007-11-06 11:00:00Z;4,89501;11;3
2007-11-07 11:00:00Z;4,421477;0;3
2007-11-08 11:00:00Z;4,097148;0;3
2007-11-09 11:00:00Z;3,770572;0;3
2007-11-10 11:00:00Z;3,551564;0;3
2007-11-11 11:00:00Z;3,331538;0;3
2007-11-12 11:00:00Z;3,110432;0;3
2007-11-13 11:00:00Z;3,02084;0;3
2007-11-14 11:00:00Z;2,931077;0;3
2007-11-15 11:00:00Z;3,619066;2;3
2007-11-16 11:00:00Z;4,421477;2;3
2007-11-17 11:00:00Z;5,406059;2;3
2007-11-18 11:00:00Z;7,231643;11;3
2007-11-19 11:00:00Z;6,735384;11;3
2007-11-20 11:00:00Z;5,731117;11;3
2007-11-21 11:00:00Z;4,860753;11;3
2007-11-22 11:00:00Z;4,500926;2;3
2007-11-23 11:00:00Z;4,138412;2;3
2007-11-24 11:00:00Z;3,773067;2;3
2007-11-25 11:00:00Z;3,404852;2;3
2007-11-26 11:00:00Z;3,03365;0;3
2007-11-27 11:00:00Z;2,873279;2;3
2007-11-28 11:00:00Z;2,712356;2;3
2007-11-29 11:00:00Z;2,550886;2;3
2007-11-30 11:00:00Z;2,388879;0;3
2007-12-01 11:00:00Z;2,258896;2;3
2007-12-02 11:00:00Z;2,12859;2;3
2007-12-03 11:00:00Z;1,997978;2;3
2007-12-04 11:00:00Z;1,867081;0;3
2007-12-05 11:00:00Z;1,800222;2;3
2007-12-06 11:00:00Z;1,733301;2;3
2007-12-07 11:00:00Z;1,678936;2;3
2007-12-08 11:00:00Z;1,624536;2;3
2007-12-09 11:00:00Z;1,600349;2;3
2007-12-10 11:00:00Z;1,576155;2;3
2007-12-11 11:00:00Z;1,551957;0;3
2007-12-12 11:00:00Z;2,327464;2;3
2007-12-13 11:00:00Z;3,091785;2;3
2007-12-14 11:00:00Z;3,843786;0;3
2007-12-15 11:00:00Z;4,50802;0;3
2007-12-16 11:00:00Z;5,242606;0;3
2007-12-17 11:00:00Z;5,215662;0;3
2007-12-18 11:00:00Z;8,281465;0;3
2007-12-19 11:00:00Z;8,9918;0;3
2007-12-20 11:00:00Z;13,09095;0;3
2007-12-21 11:00:00Z;40,06219;0;3
2007-12-22 11:00:00Z;20,73219;0;3
2007-12-23 11:00:00Z;10,86551;0;3
2007-12-24 11:00:00Z;7,28597;0;3
2007-12-25 11:00:00Z;5,442421;0;3
2007-12-26 11:00:00Z;5,202762;0;3
2007-12-27 11:00:00Z;5,86086;0;3
2007-12-28 11:00:00Z;5,108285;0;3
2007-12-29 11:00:00Z;4,171175;0;3
2007-12-30 11:00:00Z;3,819428;2;3
2007-12-31 11:00:00Z;3,680052;0;3
2008-01-01 11:00:00Z;3,189086;3;3
2008-01-02 11:00:00Z;3,417306;3;3
2008-01-03 11:00:00Z;3,63254;3;3
2008-01-04 11:00:00Z;2,847713;3;3
2008-01-05 11:00:00Z;2,271016;3;3
2008-01-06 11:00:00Z;2,275419;3;3
2008-01-07 11:00:00Z;3,376951;3;3
2008-01-08 11:00:00Z;2,999531;3;3
2008-01-09 11:00:00Z;2,309485;3;3
2008-01-10 11:00:00Z;2,074121;3;3
2008-01-11 11:00:00Z;1,813756;3;3
2008-01-12 11:00:00Z;1,604529;3;3
2008-01-13 11:00:00Z;1,373497;3;3
2008-01-14 11:00:00Z;1,131143;3;3
2008-01-15 11:00:00Z;1,027341;3;3
2008-01-16 11:00:00Z;1,055588;3;3
2008-01-17 11:00:00Z;1,007592;3;3
2008-01-18 11:00:00Z;0,8670635;3;3
2008-01-19 11:00:00Z;0,7455053;3;3
2008-01-20 11:00:00Z;0,7967888;3;3
2008-01-21 11:00:00Z;0,750406;3;3
2008-01-22 11:00:00Z;0,6393248;3;3
2008-01-23 11:00:00Z;0,5207455;3;3
2008-01-24 11:00:00Z;0,6325181;3;3
2008-01-25 11:00:00Z;0,6141343;3;3
2008-01-26 11:00:00Z;0,5766292;3;3
2008-01-27 11:00:00Z;0,578521;3;3
2008-01-28 11:00:00Z;0,6042385;3;3
2008-01-29 11:00:00Z;1,030067;3;3
2008-01-30 11:00:00Z;1,298231;3;3
2008-01-31 11:00:00Z;1,173647;3;3
2008-02-01 11:00:00Z;0,976568;3;3
2008-02-02 11:00:00Z;0,891537;3;3
2008-02-03 11:00:00Z;0,7802984;3;3
2008-02-04 11:00:00Z;0,6585492;3;3
2008-02-05 11:00:00Z;0,5601569;3;3
2008-02-06 11:00:00Z;0,5088959;3;3
2008-02-07 11:00:00Z;0,5598477;3;3
2008-02-08 11:00:00Z;0,5046;3;3
2008-02-09 11:00:00Z;0,4550052;3;3
2008-02-10 11:00:00Z;0,4474708;3;3
2008-02-11 11:00:00Z;0,4301282;3;3
2008-02-12 11:00:00Z;0,5584587;1;3
2008-02-13 11:00:00Z;0,5804187;1;3
2008-02-14 11:00:00Z;0,6024424;1;3
2008-02-15 11:00:00Z;0,6245232;1;3
2008-02-16 11:00:00Z;0,6466565;1;3
2008-02-17 11:00:00Z;0,6688385;1;3
2008-02-18 11:00:00Z;0,6910914;1;3
2008-02-19 11:00:00Z;0,7133602;1;3
2008-02-20 11:00:00Z;0,735667;1;3
2008-02-21 11:00:00Z;0,7580097;1;3
2008-02-22 11:00:00Z;0,7803848;1;3
2008-02-23 11:00:00Z;0,8027903;1;3
2008-02-24 11:00:00Z;0,8252236;1;3
2008-02-25 11:00:00Z;0,8476824;1;3
2008-02-26 11:00:00Z;0,8701648;1;3
2008-02-27 11:00:00Z;0,8926688;1;3
2008-02-28 11:00:00Z;0,9152188;1;3
2008-02-29 11:00:00Z;0,937761;1;3
2008-03-01 11:00:00Z;0,9603196;1;3
2008-03-02 11:00:00Z;0,9828933;1;3
2008-03-03 11:00:00Z;1,005477;1;3
2008-03-04 11:00:00Z;0,9698232;3;3
2008-03-05 11:00:00Z;0,8815864;3;3
2008-03-06 11:00:00Z;0,846102;3;3
2008-03-07 11:00:00Z;0,7993608;3;3
2008-03-08 11:00:00Z;0,5802877;3;3
2008-03-09 11:00:00Z;0,5793579;3;3
2008-03-10 11:00:00Z;0,6063511;3;3
2008-03-11 11:00:00Z;0,6286427;3;3
2008-03-12 11:00:00Z;0,5953187;3;3
2008-03-13 11:00:00Z;0,5599717;3;3
2008-03-14 11:00:00Z;0,5100954;3;3
2008-03-15 11:00:00Z;0,4530368;3;3
2008-03-16 11:00:00Z;0,4469579;3;3
2008-03-17 11:00:00Z;0,4471485;3;3
2008-03-18 11:00:00Z;0,4038348;3;3
2008-03-19 11:00:00Z;0,4090425;3;3
2008-03-20 11:00:00Z;0,3632909;3;3
2008-03-21 11:00:00Z;0,3349624;3;3
2008-03-22 11:00:00Z;0,3330083;3;3
2008-03-23 11:00:00Z;0,3299533;3;3
2008-03-24 11:00:00Z;0,3460725;3;3
2008-03-25 11:00:00Z;0,3459046;3;3
2008-03-26 11:00:00Z;0,3276366;3;3
2008-03-27 11:00:00Z;0,310453;3;3
2008-03-28 11:00:00Z;0,2977814;3;3
2008-03-29 11:00:00Z;0,2453439;3;3
2008-03-30 11:00:00Z;0,2191513;3;3
2008-03-31 11:00:00Z;0,2168624;3;3
2008-04-01 11:00:00Z;0,3169968;3;3
2008-04-02 11:00:00Z;0,6654371;3;3
2008-04-03 11:00:00Z;0,7750158;3;3
2008-04-04 11:00:00Z;0,7142525;3;3
2008-04-05 11:00:00Z;0,5841318;3;3
2008-04-06 11:00:00Z;0,5016737;3;3
2008-04-07 11:00:00Z;0,4390324;3;3
2008-04-08 11:00:00Z;0,399655;3;3
2008-04-09 11:00:00Z;0,3689559;3;3
2008-04-10 11:00:00Z;0,3620714;3;3
2008-04-11 11:00:00Z;0,3472441;3;3
2008-04-12 11:00:00Z;0,3432204;3;3
2008-04-13 11:00:00Z;0,3529872;3;3
2008-04-14 11:00:00Z;0,3819101;3;3
2008-04-15 11:00:00Z;0,3956501;3;3
2008-04-16 11:00:00Z;0,430752;3;3
2008-04-17 11:00:00Z;0,5013519;3;3
2008-04-18 11:00:00Z;0,9399619;3;3
2008-04-19 11:00:00Z;1,432591;3;3
2008-04-20 11:00:00Z;1,274084;3;3
2008-04-21 11:00:00Z;1,033168;3;3
2008-04-22 11:00:00Z;0,9578135;3;3
2008-04-23 11:00:00Z;1,028886;3;3
2008-04-24 11:00:00Z;1,256566;3;3
2008-04-25 11:00:00Z;1,725969;3;3
2008-04-26 11:00:00Z;2,302225;3;3
2008-04-27 11:00:00Z;3,240238;3;3
2008-04-28 11:00:00Z;5,53055;0;3
2008-04-29 11:00:00Z;9,56087;0;3
2008-04-30 11:00:00Z;11,26101;0;3
2008-05-01 11:00:00Z;13,04385;0;3
2008-05-02 11:00:00Z;21,20879;0;3
2008-05-03 11:00:00Z;28,73806;0;3
2008-05-04 11:00:00Z;29,79542;0;3
2008-05-05 11:00:00Z;26,08276;0;3
2008-05-06 11:00:00Z;22,95175;0;3
2008-05-07 11:00:00Z;29,06522;0;3
2008-05-08 11:00:00Z;39,33657;0;3
2008-05-09 11:00:00Z;54,15603;0;3
2008-05-10 11:00:00Z;41,08213;0;3
2008-05-11 11:00:00Z;28,78778;0;3
2008-05-12 11:00:00Z;20,35044;0;3
2008-05-13 11:00:00Z;14,52962;0;3
2008-05-14 11:00:00Z;11,49078;0;3
2008-05-15 11:00:00Z;10,08116;0;3
2008-05-16 11:00:00Z;8,821072;0;3
2008-05-17 11:00:00Z;8,516951;0;3
2008-05-18 11:00:00Z;7,128113;0;3
2008-05-19 11:00:00Z;6,524408;0;3
2008-05-20 11:00:00Z;6,591357;0;3
2008-05-21 11:00:00Z;7,329319;0;3
2008-05-22 11:00:00Z;9,74583;0;3
2008-05-23 11:00:00Z;13,03025;0;3
2008-05-24 11:00:00Z;15,41811;0;3
2008-05-25 11:00:00Z;15,64881;0;3
2008-05-26 11:00:00Z;14,16121;0;3
2008-05-27 11:00:00Z;11,65831;0;3
2008-05-28 11:00:00Z;13,23895;0;3
2008-05-29 11:00:00Z;18,79926;0;3
2008-05-30 11:00:00Z;20,59164;0;3
2008-05-31 11:00:00Z;24,74718;0;3
2008-06-01 11:00:00Z;27,92943;0;3
2008-06-02 11:00:00Z;28,7966;0;3
2008-06-03 11:00:00Z;32,81567;0;3
2008-06-04 11:00:00Z;38,86734;0;3
2008-06-05 11:00:00Z;42,82945;0;3
2008-06-06 11:00:00Z;44,22434;0;3
2008-06-07 11:00:00Z;48,32572;0;3
2008-06-08 11:00:00Z;45,31676;0;3
2008-06-09 11:00:00Z;45,36337;0;3
2008-06-10 11:00:00Z;32,12844;0;3
2008-06-11 11:00:00Z;19,91373;0;3
2008-06-12 11:00:00Z;17,01449;0;3
2008-06-13 11:00:00Z;14,53413;0;3
2008-06-14 11:00:00Z;13,95253;0;3
2008-06-15 11:00:00Z;18,42346;0;3
2008-06-16 11:00:00Z;22,1852;0;3
2008-06-17 11:00:00Z;25,99765;0;3
2008-06-18 11:00:00Z;25,6256;0;3
2008-06-19 11:00:00Z;24,12193;0;3
2008-06-20 11:00:00Z;30,49168;0;3
2008-06-21 11:00:00Z;45,51234;0;3
2008-06-22 11:00:00Z;39,3351;0;3
2008-06-23 11:00:00Z;27,32697;0;3
2008-06-24 11:00:00Z;27,96807;0;3
2008-06-25 11:00:00Z;22,63411;0;3
2008-06-26 11:00:00Z;18,93869;0;3
2008-06-27 11:00:00Z;16,63346;0;3
2008-06-28 11:00:00Z;14,52127;0;3
2008-06-29 11:00:00Z;16,90627;0;3
2008-06-30 11:00:00Z;24,17636;0;3
2008-07-01 11:00:00Z;31,20068;0;3
2008-07-02 11:00:00Z;28,15529;0;3
2008-07-03 11:00:00Z;20,3243;3;3
2008-07-04 11:00:00Z;21,79058;3;3
2008-07-05 11:00:00Z;20,58602;3;3
2008-07-06 11:00:00Z;18,53135;3;3
2008-07-07 11:00:00Z;14,53033;3;3
2008-07-08 11:00:00Z;12,21873;3;3
2008-07-09 11:00:00Z;11,80733;3;3
2008-07-10 11:00:00Z;11,48036;3;3
2008-07-11 11:00:00Z;8,515744;3;3
2008-07-12 11:00:00Z;8,438272;3;3
2008-07-13 11:00:00Z;10,44005;3;3
2008-07-14 11:00:00Z;11,95114;3;3
2008-07-15 11:00:00Z;12,88262;3;3
2008-07-16 11:00:00Z;13,89208;3;3
2008-07-17 11:00:00Z;10,91936;3;3
2008-07-18 11:00:00Z;8,954901;3;3
2008-07-19 11:00:00Z;8,862023;3;3
2008-07-20 11:00:00Z;8,456421;3;3
2008-07-21 11:00:00Z;9,812822;3;3
2008-07-22 11:00:00Z;11,88677;3;3
2008-07-23 11:00:00Z;9,262033;3;3
2008-07-24 11:00:00Z;8,856307;3;3
2008-07-25 11:00:00Z;10,44212;3;3
2008-07-26 11:00:00Z;8,812935;3;3
2008-07-27 11:00:00Z;7,576407;3;3
2008-07-28 11:00:00Z;7,503663;3;3
2008-07-29 11:00:00Z;8,114279;3;3
2008-07-30 11:00:00Z;9,105366;3;3
2008-07-31 11:00:00Z;8,525077;3;3
2008-08-01 11:00:00Z;7,005478;3;3
2008-08-02 11:00:00Z;4,571529;3;3
2008-08-03 11:00:00Z;3,734974;3;3
2008-08-04 11:00:00Z;4,372192;3;3
2008-08-05 11:00:00Z;3,584398;3;3
2008-08-06 11:00:00Z;2,761346;3;3
2008-08-07 11:00:00Z;2,245163;3;3
2008-08-08 11:00:00Z;2,254405;3;3
2008-08-09 11:00:00Z;1,861721;3;3
2008-08-10 11:00:00Z;2,028346;3;3
2008-08-11 11:00:00Z;1,706134;3;3
2008-08-12 11:00:00Z;2,349362;3;3
2008-08-13 11:00:00Z;3,609513;3;3
2008-08-14 11:00:00Z;4,569145;3;3
2008-08-15 11:00:00Z;4,739225;3;3
2008-08-16 11:00:00Z;2,925631;3;3
2008-08-17 11:00:00Z;2,114447;3;3
2008-08-18 11:00:00Z;1,823497;3;3
2008-08-19 11:00:00Z;4,341084;3;3
2008-08-20 11:00:00Z;4,074594;3;3
2008-08-21 11:00:00Z;3,451782;3;3
2008-08-22 11:00:00Z;4,182399;3;3
2008-08-23 11:00:00Z;4,35582;3;3
2008-08-24 11:00:00Z;2,73792;3;3
2008-08-25 11:00:00Z;2,036453;3;3
2008-08-26 11:00:00Z;2,330746;3;3
2008-08-27 11:00:00Z;2,699301;3;3
2008-08-28 11:00:00Z;2,580304;3;3
2008-08-29 11:00:00Z;3,435245;3;3
2008-08-30 11:00:00Z;4,003924;3;3
2008-08-31 11:00:00Z;2,697847;3;3
2008-09-01 11:00:00Z;1,63829;3;3
2008-09-02 11:00:00Z;1,055357;3;3
2008-09-03 11:00:00Z;0,7988449;3;3
2008-09-04 11:00:00Z;3,183803;3;3
2008-09-05 11:00:00Z;3,815506;3;3
2008-09-06 11:00:00Z;2,474904;3;3
2008-09-07 11:00:00Z;1,60921;3;3
2008-09-08 11:00:00Z;1,196869;3;3
2008-09-09 11:00:00Z;0,9284357;3;3
2008-09-10 11:00:00Z;0,8275936;3;3
2008-09-11 11:00:00Z;0,6331076;3;3
2008-09-12 11:00:00Z;0,4853505;3;3
2008-09-13 11:00:00Z;1,307639;0;3
2008-09-14 11:00:00Z;1,242246;0;3
2008-09-15 11:00:00Z;1,212394;0;3
2008-09-16 11:00:00Z;1,191051;0;3
2008-09-17 11:00:00Z;1,162662;0;3
2008-09-18 11:00:00Z;1,129663;0;3
2008-09-19 11:00:00Z;1,076359;0;3
2008-09-20 11:00:00Z;1,187063;0;3
2008-09-21 11:00:00Z;1,353348;0;3
2008-09-22 11:00:00Z;1,312161;0;3
2008-09-23 11:00:00Z;1,584678;0;3
2008-09-24 11:00:00Z;6,34614;0;3
2008-09-25 11:00:00Z;9,746575;0;3
2008-09-26 11:00:00Z;11,77055;0;3
2008-09-27 11:00:00Z;28,74939;0;3
2008-09-28 11:00:00Z;56,47153;0;3
2008-09-29 11:00:00Z;32,90507;0;3
2008-09-30 11:00:00Z;17,15418;0;3
2008-10-01 11:00:00Z;11,24315;0;3
2008-10-02 11:00:00Z;9,169189;0;3
2008-10-03 11:00:00Z;7,659371;0;3
2008-10-04 11:00:00Z;5,817076;0;3
2008-10-05 11:00:00Z;5,593436;0;3
2008-10-06 11:00:00Z;6,254879;0;3
2008-10-07 11:00:00Z;25,60516;0;3
2008-10-08 11:00:00Z;15,04569;0;3
2008-10-09 11:00:00Z;9,992689;0;3
2008-10-10 11:00:00Z;12,22966;0;3
2008-10-11 11:00:00Z;32,10711;0;3
2008-10-12 11:00:00Z;46,97182;0;3
2008-10-13 11:00:00Z;36,0465;0;3
2008-10-14 11:00:00Z;22,20548;0;3
2008-10-15 11:00:00Z;21,02719;0;3
2008-10-16 11:00:00Z;11,98367;0;3
2008-10-17 11:00:00Z;8,18498;0;3
2008-10-18 11:00:00Z;7,217045;0;3
2008-10-19 11:00:00Z;6,217499;0;3
2008-10-20 11:00:00Z;5,148171;0;3
2008-10-21 11:00:00Z;6,54029;0;3
2008-10-22 11:00:00Z;7,083894;0;3
2008-10-23 11:00:00Z;4,977991;0;3
2008-10-24 11:00:00Z;5,945053;0;3
2008-10-25 11:00:00Z;6,503458;0;3
2008-10-26 11:00:00Z;7,623842;0;3
2008-10-27 11:00:00Z;6,25883;0;3
2008-10-28 11:00:00Z;5,21053;0;3
2008-10-29 11:00:00Z;3,783976;0;3
2008-10-30 11:00:00Z;3,465711;0;3
2008-10-31 11:00:00Z;3,392716;0;3
2008-11-01 11:00:00Z;5,238737;0;3
2008-11-02 11:00:00Z;4,355314;0;3
2008-11-03 11:00:00Z;3,117625;0;3
2008-11-04 11:00:00Z;3,678037;0;3
2008-11-05 11:00:00Z;3,661087;0;3
2008-11-06 11:00:00Z;3,248028;0;3
2008-11-07 11:00:00Z;3,09843;0;3
2008-11-08 11:00:00Z;3,179925;0;3
2008-11-09 11:00:00Z;2,558066;0;3
2008-11-10 11:00:00Z;2,356654;0;3
2008-11-11 11:00:00Z;2,432512;0;3
2008-11-12 11:00:00Z;2,108953;2;3
2008-11-13 11:00:00Z;2,249681;2;3
2008-11-14 11:00:00Z;2,389996;2;3
2008-11-15 11:00:00Z;2,529946;2;3
2008-11-16 11:00:00Z;2,669472;2;3
2008-11-17 11:00:00Z;2,808615;2;3
2008-11-18 11:00:00Z;2,947323;2;3
2008-11-19 11:00:00Z;3,085646;2;3
2008-11-20 11:00:00Z;2,736454;0;3
2008-11-21 11:00:00Z;2,45981;0;3
2008-11-22 11:00:00Z;2,336148;0;3
2008-11-23 11:00:00Z;2,141618;0;3
2008-11-24 11:00:00Z;2,001105;0;3
2008-11-25 11:00:00Z;2,101891;0;3
2008-11-26 11:00:00Z;1,854035;0;3
2008-11-27 11:00:00Z;1,845468;0;3
2008-11-28 11:00:00Z;1,956118;0;3
2008-11-29 11:00:00Z;1,841529;0;3
2008-11-30 11:00:00Z;1,771507;0;3
2008-12-01 11:00:00Z;1,664557;0;3
2008-12-02 11:00:00Z;1,570681;0;3
2008-12-03 11:00:00Z;1,538719;0;3
2008-12-04 11:00:00Z;1,484082;0;3
2008-12-05 11:00:00Z;1,429839;0;3
2008-12-06 11:00:00Z;1,394888;0;3
2008-12-07 11:00:00Z;1,367466;0;3
2008-12-08 11:00:00Z;1,434337;0;3
2008-12-09 11:00:00Z;1,380884;0;3
2008-12-10 11:00:00Z;1,390022;0;3
2008-12-11 11:00:00Z;1,42628;0;3
2008-12-12 11:00:00Z;1,482113;0;3
2008-12-13 11:00:00Z;1,529275;0;3
2008-12-14 11:00:00Z;1,646782;0;3
2008-12-15 11:00:00Z;1,710631;0;3
2008-12-16 11:00:00Z;1,717004;0;3
2008-12-17 11:00:00Z;1,689923;0;3
2008-12-18 11:00:00Z;1,625064;0;3
2008-12-19 11:00:00Z;1,592861;0;3
2008-12-20 11:00:00Z;1,617032;0;3
2008-12-21 11:00:00Z;1,566796;0;3
2008-12-22 11:00:00Z;1,491249;0;3
2008-12-23 11:00:00Z;1,441521;0;3
2008-12-24 11:00:00Z;1,439142;0;3
2008-12-25 11:00:00Z;1,437495;0;3
2008-12-26 11:00:00Z;4,563833;0;3
2008-12-27 11:00:00Z;5,250031;0;3
2008-12-28 11:00:00Z;4,4637;0;3
2008-12-29 11:00:00Z;4,20143;0;3
2008-12-30 11:00:00Z;4,614198;0;3
2008-12-31 11:00:00Z;4,829561;0;3
2009-01-01 11:00:00Z;3,458225;0;3
2009-01-02 11:00:00Z;2,854756;0;3
2009-01-03 11:00:00Z;3,110969;0;3
2009-01-04 11:00:00Z;3,34982;0;3
2009-01-05 11:00:00Z;2,681759;0;3
2009-01-06 11:00:00Z;2,559085;0;3
2009-01-07 11:00:00Z;2,611512;0;3
2009-01-08 11:00:00Z;2,614941;0;3
2009-01-09 11:00:00Z;2,622166;0;3
2009-01-10 11:00:00Z;5,249843;0;3
2009-01-11 11:00:00Z;8,029011;0;3
2009-01-12 11:00:00Z;10,97697;0;3
2009-01-13 11:00:00Z;9,330595;0;3
2009-01-14 11:00:00Z;8,174118;0;3
2009-01-15 11:00:00Z;7,604885;0;3
2009-01-16 11:00:00Z;6,280374;0;3
2009-01-17 11:00:00Z;5,143711;0;3
2009-01-18 11:00:00Z;4,437437;0;3
2009-01-19 11:00:00Z;3,990793;0;3
2009-01-20 11:00:00Z;3,608929;0;3
2009-01-21 11:00:00Z;3,251942;0;3
2009-01-22 11:00:00Z;3,136361;0;3
2009-01-23 11:00:00Z;3,099522;0;3
2009-01-24 11:00:00Z;3,031496;0;3
2009-01-25 11:00:00Z;2,978646;0;3
2009-01-26 11:00:00Z;2,930366;0;3
2009-01-27 11:00:00Z;2,88404;0;3
2009-01-28 11:00:00Z;2,824981;0;3
2009-01-29 11:00:00Z;2,767802;0;3
2009-01-30 11:00:00Z;2,721457;0;3
2009-01-31 11:00:00Z;2,68327;0;3
2009-02-01 11:00:00Z;2,171048;0;3
2009-02-02 11:00:00Z;1,523423;0;3
2009-02-03 11:00:00Z;1,439238;0;3
2009-02-04 11:00:00Z;1,393237;0;3
2009-02-05 11:00:00Z;1,310404;0;3
2009-02-06 11:00:00Z;1,30031;0;3
2009-02-07 11:00:00Z;1,584604;0;3
2009-02-08 11:00:00Z;1,90843;0;3
2009-02-09 11:00:00Z;2,097827;0;3
2009-02-10 11:00:00Z;2,167378;0;3
2009-02-11 11:00:00Z;2,10363;0;3
2009-02-12 11:00:00Z;1,844409;0;3
2009-02-13 11:00:00Z;1,538061;0;3
2009-02-14 11:00:00Z;1,521351;0;3
2009-02-15 11:00:00Z;1,484002;0;3
2009-02-16 11:00:00Z;1,298323;0;3
2009-02-17 11:00:00Z;1,248524;0;3
2009-02-18 11:00:00Z;1,182573;0;3
2009-02-19 11:00:00Z;1,106435;0;3
2009-02-20 11:00:00Z;1,070127;0;3
2009-02-21 11:00:00Z;1,105991;0;3
2009-02-22 11:00:00Z;1,151244;0;3
2009-02-23 11:00:00Z;1,128871;0;3
2009-02-24 11:00:00Z;1,037024;0;3
2009-02-25 11:00:00Z;1,053438;0;3
2009-02-26 11:00:00Z;1,135312;0;3
2009-02-27 11:00:00Z;1,133691;0;3
2009-02-28 11:00:00Z;1,051614;0;3
2009-03-01 11:00:00Z;0,9903885;0;3
2009-03-02 11:00:00Z;0,9800918;0;3
2009-03-03 11:00:00Z;0,9583113;0;3
2009-03-04 11:00:00Z;0,9383968;0;3
2009-03-05 11:00:00Z;0,9246739;0;3
2009-03-06 11:00:00Z;0,9191115;0;3
2009-03-07 11:00:00Z;0,9139664;0;3
2009-03-08 11:00:00Z;0,912779;0;3
2009-03-09 11:00:00Z;0,9094937;0;3
2009-03-10 11:00:00Z;0,9064713;0;3
2009-03-11 11:00:00Z;0,9064713;0;3
2009-03-12 11:00:00Z;0,9064713;0;3
2009-03-13 11:00:00Z;0,9055552;0;3
2009-03-14 11:00:00Z;0,9007115;0;3
2009-03-15 11:00:00Z;0,8977104;0;3
2009-03-16 11:00:00Z;0,8939294;0;3
2009-03-17 11:00:00Z;0,8891232;0;3
2009-03-18 11:00:00Z;0,8876945;0;3
2009-03-19 11:00:00Z;0,8836838;0;3
2009-03-20 11:00:00Z;1,183977;0;3
2009-03-21 11:00:00Z;7,320174;0;3
2009-03-22 11:00:00Z;7,637606;0;3
2009-03-23 11:00:00Z;6,106282;0;3
2009-03-24 11:00:00Z;5,427393;0;3
2009-03-25 11:00:00Z;3,622697;0;3
2009-03-26 11:00:00Z;2,549508;0;3
2009-03-27 11:00:00Z;1,867246;0;3
2009-03-28 11:00:00Z;1,618996;0;3
2009-03-29 11:00:00Z;1,329757;0;3
2009-03-30 11:00:00Z;1,180753;0;3
2009-03-31 11:00:00Z;1,117655;0;3
2009-04-01 11:00:00Z;1,083716;0;3
2009-04-02 11:00:00Z;1,060237;0;3
2009-04-03 11:00:00Z;1,023244;0;3
2009-04-04 11:00:00Z;1,006868;0;3
2009-04-05 11:00:00Z;1,003669;0;3
2009-04-06 11:00:00Z;1,003669;0;3
2009-04-07 11:00:00Z;1,001035;0;3
2009-04-08 11:00:00Z;0,994532;0;3
2009-04-09 11:00:00Z;0,9457411;0;3
2009-04-10 11:00:00Z;0,8982432;0;3
2009-04-11 11:00:00Z;1,43774;0;3
2009-04-12 11:00:00Z;7,689307;0;3
2009-04-13 11:00:00Z;8,754361;0;3
2009-04-14 11:00:00Z;7,934968;0;3
2009-04-15 11:00:00Z;6,410446;0;3
2009-04-16 11:00:00Z;4,664783;0;3
2009-04-17 11:00:00Z;3,485824;0;3
2009-04-18 11:00:00Z;2,921905;0;3
2009-04-19 11:00:00Z;2,539801;0;3
2009-04-20 11:00:00Z;2,281566;0;3
2009-04-21 11:00:00Z;1,996364;0;3
2009-04-22 11:00:00Z;1,958725;0;3
2009-04-23 11:00:00Z;2,310537;0;3
2009-04-24 11:00:00Z;4,332893;0;3
2009-04-25 11:00:00Z;8,218219;0;3
2009-04-26 11:00:00Z;13,02351;0;3
2009-04-27 11:00:00Z;14,10442;0;3
2009-04-28 11:00:00Z;12,25023;0;3
2009-04-29 11:00:00Z;9,733809;0;3
2009-04-30 11:00:00Z;10,80349;0;3
2009-05-01 11:00:00Z;14,94311;1;3
2009-05-02 11:00:00Z;18,99527;0;3
2009-05-03 11:00:00Z;24,54417;0;3
2009-05-04 11:00:00Z;24,30408;0;3
2009-05-05 11:00:00Z;20,47488;0;3
2009-05-06 11:00:00Z;17,77168;0;3
2009-05-07 11:00:00Z;15,3277;0;3
2009-05-08 11:00:00Z;17,54053;0;3
2009-05-09 11:00:00Z;24,9313;0;3
2009-05-10 11:00:00Z;29,14364;3;3
2009-05-11 11:00:00Z;26,30271;3;3
2009-05-12 11:00:00Z;19,95269;3;3
2009-05-13 11:00:00Z;18,62029;3;3
2009-05-14 11:00:00Z;19,95111;3;3
2009-05-15 11:00:00Z;23,17835;3;3
2009-05-16 11:00:00Z;27,75799;3;3
2009-05-17 11:00:00Z;30,28453;3;3
2009-05-18 11:00:00Z;31,197;3;3
2009-05-19 11:00:00Z;31,12393;3;3
2009-05-20 11:00:00Z;29,32807;3;3
2009-05-21 11:00:00Z;26,94614;3;3
2009-05-22 11:00:00Z;25,27464;3;3
2009-05-23 11:00:00Z;23,09169;3;3
2009-05-24 11:00:00Z;20,95691;3;3
2009-05-25 11:00:00Z;21,14982;3;3
2009-05-26 11:00:00Z;29,83013;3;3
2009-05-27 11:00:00Z;26,90007;3;3
2009-05-28 11:00:00Z;28,88896;3;3
2009-05-29 11:00:00Z;26,38368;3;3
2009-05-30 11:00:00Z;52,3213;3;3
2009-05-31 11:00:00Z;68,49608;3;3
2009-06-01 11:00:00Z;57,27984;3;3
2009-06-02 11:00:00Z;36,89236;3;3
2009-06-03 11:00:00Z;25,72643;3;3
2009-06-04 11:00:00Z;21,5213;3;3
2009-06-05 11:00:00Z;19,96698;3;3
2009-06-06 11:00:00Z;15,51566;3;3
2009-06-07 11:00:00Z;13,81549;3;3
2009-06-08 11:00:00Z;14,26282;3;3
2009-06-09 11:00:00Z;16,2601;3;3
2009-06-10 11:00:00Z;19,3361;3;3
2009-06-11 11:00:00Z;21,0601;3;3
2009-06-12 11:00:00Z;22,40814;3;3
2009-06-13 11:00:00Z;27,29724;3;3
2009-06-14 11:00:00Z;31,93853;3;3
2009-06-15 11:00:00Z;32,98376;3;3
2009-06-16 11:00:00Z;28,15796;3;3
2009-06-17 11:00:00Z;21,02197;3;3
2009-06-18 11:00:00Z;17,3657;3;3
2009-06-19 11:00:00Z;18,8021;3;3
2009-06-20 11:00:00Z;20,73656;3;3
2009-06-21 11:00:00Z;21,1644;3;3
2009-06-22 11:00:00Z;20,12218;3;3
2009-06-23 11:00:00Z;20,86522;3;3
2009-06-24 11:00:00Z;22,23853;3;3
2009-06-25 11:00:00Z;22,94414;3;3
2009-06-26 11:00:00Z;27,19299;3;3
2009-06-27 11:00:00Z;31,3041;3;3
2009-06-28 11:00:00Z;29,47563;3;3
2009-06-29 11:00:00Z;24,59105;3;3
2009-06-30 11:00:00Z;25,8876;3;3
2009-07-01 11:00:00Z;28,70832;3;3
2009-07-02 11:00:00Z;28,60428;3;3
2009-07-03 11:00:00Z;26,08059;3;3
2009-07-04 11:00:00Z;22,75967;3;3
2009-07-05 11:00:00Z;19,58425;3;3
2009-07-06 11:00:00Z;19,19713;3;3
2009-07-07 11:00:00Z;19,96335;3;3
2009-07-08 11:00:00Z;16,35386;3;3
2009-07-09 11:00:00Z;14,06024;3;3
2009-07-10 11:00:00Z;16,14985;3;3
2009-07-11 11:00:00Z;21,06074;3;3
2009-07-12 11:00:00Z;22,2086;3;3
2009-07-13 11:00:00Z;20,47045;3;3
2009-07-14 11:00:00Z;19,22731;3;3
2009-07-15 11:00:00Z;17,72127;3;3
2009-07-16 11:00:00Z;15,72038;3;3
2009-07-17 11:00:00Z;14,96082;3;3
2009-07-18 11:00:00Z;12,58798;3;3
2009-07-19 11:00:00Z;10,3998;3;3
2009-07-20 11:00:00Z;9,096852;3;3
2009-07-21 11:00:00Z;10,59541;3;3
2009-07-22 11:00:00Z;9,850517;3;3
2009-07-23 11:00:00Z;9,54622;3;3
2009-07-24 11:00:00Z;18,3371;3;3
2009-07-25 11:00:00Z;41,30849;3;3
2009-07-26 11:00:00Z;34,16685;3;3
2009-07-27 11:00:00Z;18,00483;3;3
2009-07-28 11:00:00Z;17,00525;3;3
2009-07-29 11:00:00Z;15,62985;3;3
2009-07-30 11:00:00Z;10,08434;3;3
2009-07-31 11:00:00Z;12,42068;3;3
2009-08-01 11:00:00Z;13,08498;3;3
2009-08-02 11:00:00Z;10,06947;3;3
2009-08-03 11:00:00Z;12,77713;3;3
2009-08-04 11:00:00Z;12,46319;3;3
2009-08-05 11:00:00Z;10,06934;3;3
2009-08-06 11:00:00Z;7,93177;3;3
2009-08-07 11:00:00Z;7,080535;3;3
2009-08-08 11:00:00Z;7,363169;3;3
2009-08-09 11:00:00Z;9,314905;3;3
2009-08-10 11:00:00Z;8,233112;3;3
2009-08-11 11:00:00Z;6,416994;3;3
2009-08-12 11:00:00Z;7,545578;3;3
2009-08-13 11:00:00Z;5,765047;3;3
2009-08-14 11:00:00Z;4,720195;3;3
2009-08-15 11:00:00Z;6,409637;3;3
2009-08-16 11:00:00Z;3,744229;3;3
2009-08-17 11:00:00Z;2,240325;3;3
2009-08-18 11:00:00Z;1,779212;3;3
2009-08-19 11:00:00Z;2,101692;3;3
2009-08-20 11:00:00Z;1,796847;3;3
2009-08-21 11:00:00Z;4,297711;3;3
2009-08-22 11:00:00Z;8,176208;3;3
2009-08-23 11:00:00Z;17,68901;3;3
2009-08-24 11:00:00Z;16,60527;3;3
2009-08-25 11:00:00Z;7,97228;3;3
2009-08-26 11:00:00Z;6,009199;3;3
2009-08-27 11:00:00Z;5,07527;3;3
2009-08-28 11:00:00Z;4,594139;3;3
2009-08-29 11:00:00Z;8,025409;3;3
2009-08-30 11:00:00Z;7,317923;3;3
2009-08-31 11:00:00Z;14,37976;3;3
2009-09-01 11:00:00Z;17,04837;3;3
2009-09-02 11:00:00Z;17,28193;3;3
2009-09-03 11:00:00Z;14,12904;3;3
2009-09-04 11:00:00Z;10,09894;3;3
2009-09-05 11:00:00Z;16,07041;3;3
2009-09-06 11:00:00Z;10,47165;3;3
2009-09-07 11:00:00Z;6,827101;3;3
2009-09-08 11:00:00Z;8,025245;3;3
2009-09-09 11:00:00Z;25,77233;3;3
2009-09-10 11:00:00Z;74,96008;3;3
2009-09-11 11:00:00Z;29,33772;3;3
2009-09-12 11:00:00Z;25,98022;3;3
2009-09-13 11:00:00Z;15,74241;3;3
2009-09-14 11:00:00Z;11,35073;3;3
2009-09-15 11:00:00Z;8,72535;3;3
2009-09-16 11:00:00Z;9,423432;3;3
2009-09-17 11:00:00Z;16,94267;3;3
2009-09-18 11:00:00Z;15,78682;3;3
2009-09-19 11:00:00Z;26,75388;3;3
2009-09-20 11:00:00Z;16,10174;3;3
2009-09-21 11:00:00Z;22,01444;3;3
2009-09-22 11:00:00Z;14,87369;3;3
2009-09-23 11:00:00Z;56,94533;3;3
2009-09-24 11:00:00Z;36,81293;3;3
2009-09-25 11:00:00Z;21,41452;3;3
2009-09-26 11:00:00Z;46,29782;3;3
2009-09-27 11:00:00Z;60,67004;3;3
2009-09-28 11:00:00Z;36,60619;3;3
2009-09-29 11:00:00Z;24,27426;3;3
2009-09-30 11:00:00Z;21,24133;3;3
2009-10-01 11:00:00Z;17,13281;3;3
2009-10-02 11:00:00Z;14,13958;3;3
2009-10-03 11:00:00Z;11,30949;3;3
2009-10-04 11:00:00Z;9,117914;3;3
2009-10-05 11:00:00Z;7,79436;3;3
2009-10-06 11:00:00Z;6,563412;3;3
2009-10-07 11:00:00Z;5,62384;3;3
2009-10-08 11:00:00Z;5,552093;3;3
2009-10-09 11:00:00Z;5,73225;3;3
2009-10-10 11:00:00Z;5,66182;3;3
2009-10-11 11:00:00Z;4,950416;3;3
2009-10-12 11:00:00Z;4,477747;3;3
2009-10-13 11:00:00Z;4,031205;3;3
2009-10-14 11:00:00Z;3,580424;3;3
2009-10-15 11:00:00Z;7,117381;1;3
2009-10-16 11:00:00Z;13,90191;1;3
2009-10-17 11:00:00Z;10,97239;1;3
2009-10-18 11:00:00Z;8,712902;1;3
2009-10-19 11:00:00Z;9,16252;1;3
2009-10-20 11:00:00Z;7,647127;1;3
2009-10-21 11:00:00Z;5,942984;1;3
2009-10-22 11:00:00Z;4,689042;1;3
2009-10-23 11:00:00Z;3,698505;1;3
2009-10-24 11:00:00Z;3,75061;1;3
2009-10-25 11:00:00Z;3,699863;2;3
2009-10-26 11:00:00Z;3,64923;1;3
2009-10-27 11:00:00Z;3,174237;1;3
2009-10-28 11:00:00Z;3,052991;1;3
2009-10-29 11:00:00Z;3,452448;1;3
2009-10-30 11:00:00Z;4,722351;1;3
2009-10-31 11:00:00Z;3,997561;1;3
2009-11-01 11:00:00Z;4,183885;1;3
2009-11-02 11:00:00Z;3,632648;1;3
2009-11-03 11:00:00Z;2,99261;1;3
2009-11-04 11:00:00Z;2,639129;1;3
2009-11-05 11:00:00Z;2,952204;1;3
2009-11-06 11:00:00Z;3,646719;1;3
2009-11-07 11:00:00Z;3,704529;1;3
2009-11-08 11:00:00Z;4,762961;1;3
2009-11-09 11:00:00Z;3,186321;1;3
2009-11-10 11:00:00Z;2,905648;1;3
2009-11-11 11:00:00Z;3,018028;2;3
2009-11-12 11:00:00Z;3,130159;2;3
2009-11-13 11:00:00Z;3,242019;2;3
2009-11-14 11:00:00Z;3,353494;2;3
2009-11-15 11:00:00Z;3,464814;2;3
2009-11-16 11:00:00Z;3,575865;2;3
2009-11-17 11:00:00Z;3,686616;1;3
2009-11-18 11:00:00Z;2,627918;1;3
2009-11-19 11:00:00Z;2,056439;1;3
2009-11-20 11:00:00Z;1,706169;1;3
2009-11-21 11:00:00Z;2,932183;1;3
2009-11-22 11:00:00Z;4,14109;1;3
2009-11-23 11:00:00Z;3,046075;1;3
2009-11-24 11:00:00Z;2,444835;1;3
2009-11-25 11:00:00Z;2,104284;1;3
2009-11-26 11:00:00Z;1,772877;1;3
2009-11-27 11:00:00Z;1,643152;1;3
2009-11-28 11:00:00Z;1,503915;1;3
2009-11-29 11:00:00Z;1,461921;1;3
2009-11-30 11:00:00Z;1,445733;1;3
2009-12-01 11:00:00Z;1,485075;1;3
2009-12-02 11:00:00Z;1,473628;1;3
2009-12-03 11:00:00Z;1,291426;1;3
2009-12-04 11:00:00Z;1,118454;1;3
2009-12-05 11:00:00Z;0,9962422;1;3
2009-12-06 11:00:00Z;0,9988849;1;3
2009-12-07 11:00:00Z;0,9443127;1;3
2009-12-08 11:00:00Z;0,888571;1;3
2009-12-09 11:00:00Z;0,7799413;1;3
2009-12-10 11:00:00Z;0,7209668;1;3
2009-12-11 11:00:00Z;0,7344031;1;3
2009-12-12 11:00:00Z;0,7589429;1;3
2009-12-13 11:00:00Z;0,7440094;1;3
2009-12-14 11:00:00Z;0,6940327;1;3
2009-12-15 11:00:00Z;0,6077399;1;3
2009-12-16 11:00:00Z;0,5918044;1;3
2009-12-17 11:00:00Z;0,55804;1;3
2009-12-18 11:00:00Z;0,4584413;1;3
2009-12-19 11:00:00Z;0,4636982;1;3
2009-12-20 11:00:00Z;0,5188975;1;3
2009-12-21 11:00:00Z;0,5608829;1;3
2009-12-22 11:00:00Z;0,5999709;1;3
2009-12-23 11:00:00Z;0,816017;1;3
2009-12-24 11:00:00Z;0,7028727;1;3
2009-12-25 11:00:00Z;0,494234;1;3
2009-12-26 11:00:00Z;0,3781756;1;3
2009-12-27 11:00:00Z;0,3301108;1;3
2009-12-28 11:00:00Z;0,3216838;1;3
2009-12-29 11:00:00Z;0,2289301;1;3
2009-12-30 11:00:00Z;0,1654263;1;3
2009-12-31 11:00:00Z;0,1339581;1;3
2010-01-01 11:00:00Z;;0;3
2010-01-02 11:00:00Z;;0;3
2010-01-03 11:00:00Z;;0;3
2010-01-04 11:00:00Z;;0;3
2010-01-05 11:00:00Z;;0;3
2010-01-06 11:00:00Z;;0;3
2010-01-07 11:00:00Z;;0;3
2010-01-08 11:00:00Z;;0;3
2010-01-09 11:00:00Z;;0;3
2010-01-10 11:00:00Z;;0;3
2010-01-11 11:00:00Z;;0;3
2010-01-12 11:00:00Z;;0;3
2010-01-13 11:00:00Z;;0;3
2010-01-14 11:00:00Z;;0;3
2010-01-15 11:00:00Z;;0;3
2010-01-16 11:00:00Z;;0;3
2010-01-17 11:00:00Z;;0;3
2010-01-18 11:00:00Z;;0;3
2010-01-19 11:00:00Z;;0;3
2010-01-20 11:00:00Z;;0;3
2010-01-21 11:00:00Z;;0;3
2010-01-22 11:00:00Z;;0;3
2010-01-23 11:00:00Z;;0;3
2010-01-24 11:00:00Z;;0;3
2010-01-25 11:00:00Z;;0;3
2010-01-26 11:00:00Z;;0;3
2010-01-27 11:00:00Z;;0;3
2010-01-28 11:00:00Z;;0;3
2010-01-29 11:00:00Z;;0;3
2010-01-30 11:00:00Z;;0;3
2010-01-31 11:00:00Z;;0;3
2010-02-01 11:00:00Z;;0;3
2010-02-02 11:00:00Z;;0;3
2010-02-03 11:00:00Z;;0;3
2010-02-04 11:00:00Z;;0;3
2010-02-05 11:00:00Z;;0;3
2010-02-06 11:00:00Z;;0;3
2010-02-07 11:00:00Z;;0;3
2010-02-08 11:00:00Z;;0;3
2010-02-09 11:00:00Z;;0;3
2010-02-10 11:00:00Z;;0;3
2010-02-11 11:00:00Z;;0;3
2010-02-12 11:00:00Z;;0;3
2010-02-13 11:00:00Z;;0;3
2010-02-14 11:00:00Z;;0;3
2010-02-15 11:00:00Z;;0;3
2010-02-16 11:00:00Z;;0;3
2010-02-17 11:00:00Z;;0;3
2010-02-18 11:00:00Z;;0;3
2010-02-19 11:00:00Z;;0;3
2010-02-20 11:00:00Z;;0;3
2010-02-21 11:00:00Z;;0;3
2010-02-22 11:00:00Z;;0;3
2010-02-23 11:00:00Z;;0;3
2010-02-24 11:00:00Z;;0;3
2010-02-25 11:00:00Z;;0;3
2010-02-26 11:00:00Z;;0;3
2010-02-27 11:00:00Z;;0;3
2010-02-28 11:00:00Z;;0;3
2010-03-01 11:00:00Z;;0;3
2010-03-02 11:00:00Z;;0;3
2010-03-03 11:00:00Z;;0;3
2010-03-04 11:00:00Z;;0;3
2010-03-05 11:00:00Z;;0;3
2010-03-06 11:00:00Z;;0;3
2010-03-07 11:00:00Z;;0;3
2010-03-08 11:00:00Z;;0;3
2010-03-09 11:00:00Z;;0;3
2010-03-10 11:00:00Z;;0;3
2010-03-11 11:00:00Z;;0;3
2010-03-12 11:00:00Z;;0;3
2010-03-13 11:00:00Z;;0;3
2010-03-14 11:00:00Z;;0;3
2010-03-15 11:00:00Z;;0;3
2010-03-16 11:00:00Z;;0;3
2010-03-17 11:00:00Z;;0;3
2010-03-18 11:00:00Z;;0;3
2010-03-19 11:00:00Z;;0;3
2010-03-20 11:00:00Z;;0;3
2010-03-21 11:00:00Z;;0;3
2010-03-22 11:00:00Z;;0;3
2010-03-23 11:00:00Z;;0;3
2010-03-24 11:00:00Z;;0;3
2010-03-25 11:00:00Z;;0;3
2010-03-26 11:00:00Z;;0;3
2010-03-27 11:00:00Z;;0;3
2010-03-28 11:00:00Z;;0;3
2010-03-29 11:00:00Z;;0;3
2010-03-30 11:00:00Z;;0;3
2010-03-31 11:00:00Z;;0;3
2010-04-01 11:00:00Z;;0;3
2010-04-02 11:00:00Z;;0;3
2010-04-03 11:00:00Z;;0;3
2010-04-04 11:00:00Z;;0;3
2010-04-05 11:00:00Z;;0;3
2010-04-06 11:00:00Z;;0;3
2010-04-07 11:00:00Z;;0;3
2010-04-08 11:00:00Z;;0;3
2010-04-09 11:00:00Z;;0;3
2010-04-10 11:00:00Z;;0;3
2010-04-11 11:00:00Z;;0;3
2010-04-12 11:00:00Z;;0;3
2010-04-13 11:00:00Z;;0;3
2010-04-14 11:00:00Z;;0;3
2010-04-15 11:00:00Z;;0;3
2010-04-16 11:00:00Z;;0;3
2010-04-17 11:00:00Z;;0;3
2010-04-18 11:00:00Z;;0;3
2010-04-19 11:00:00Z;;0;3
2010-04-20 11:00:00Z;;0;3
2010-04-21 11:00:00Z;;0;3
2010-04-22 11:00:00Z;;0;3
2010-04-23 11:00:00Z;;0;3
2010-04-24 11:00:00Z;;0;3
2010-04-25 11:00:00Z;;0;3
2010-04-26 11:00:00Z;;0;3
2010-04-27 11:00:00Z;;0;3
2010-04-28 11:00:00Z;;0;3
2010-04-29 11:00:00Z;;0;3
2010-04-30 11:00:00Z;;0;3
2010-05-01 11:00:00Z;;0;3
2010-05-02 11:00:00Z;;0;3
2010-05-03 11:00:00Z;;0;3
2010-05-04 11:00:00Z;;0;3
2010-05-05 11:00:00Z;;0;3
2010-05-06 11:00:00Z;;0;3
2010-05-07 11:00:00Z;;0;3
2010-05-08 11:00:00Z;;0;3
2010-05-09 11:00:00Z;;0;3
2010-05-10 11:00:00Z;;0;3
2010-05-11 11:00:00Z;;0;3
2010-05-12 11:00:00Z;;0;3
2010-05-13 11:00:00Z;;0;3
2010-05-14 11:00:00Z;;0;3
2010-05-15 11:00:00Z;;0;3
2010-05-16 11:00:00Z;;0;3
2010-05-17 11:00:00Z;;0;3
2010-05-18 11:00:00Z;;0;3
2010-05-19 11:00:00Z;;0;3
2010-05-20 11:00:00Z;;0;3
2010-05-21 11:00:00Z;;0;3
2010-05-22 11:00:00Z;;0;3
2010-05-23 11:00:00Z;;0;3
2010-05-24 11:00:00Z;;0;3
2010-05-25 11:00:00Z;;0;3
2010-05-26 11:00:00Z;;0;3
2010-05-27 11:00:00Z;;0;3
2010-05-28 11:00:00Z;;0;3
2010-05-29 11:00:00Z;;0;3
2010-05-30 11:00:00Z;;0;3
2010-05-31 11:00:00Z;;0;3
2010-06-01 11:00:00Z;;0;3
2010-06-02 11:00:00Z;;0;3
2010-06-03 11:00:00Z;;0;3
2010-06-04 11:00:00Z;;0;3
2010-06-05 11:00:00Z;;0;3
2010-06-06 11:00:00Z;;0;3
2010-06-07 11:00:00Z;;0;3
2010-06-08 11:00:00Z;;0;3
2010-06-09 11:00:00Z;;0;3
2010-06-10 11:00:00Z;;0;3
2010-06-11 11:00:00Z;;0;3
2010-06-12 11:00:00Z;;0;3
2010-06-13 11:00:00Z;;0;3
2010-06-14 11:00:00Z;;0;3
2010-06-15 11:00:00Z;;0;3
2010-06-16 11:00:00Z;;0;3
2010-06-17 11:00:00Z;;0;3
2010-06-18 11:00:00Z;;0;3
2010-06-19 11:00:00Z;;0;3
2010-06-20 11:00:00Z;;0;3
2010-06-21 11:00:00Z;;0;3
2010-06-22 11:00:00Z;;0;3
2010-06-23 11:00:00Z;;0;3
2010-06-24 11:00:00Z;;0;3
2010-06-25 11:00:00Z;;0;3
2010-06-26 11:00:00Z;;0;3
2010-06-27 11:00:00Z;;0;3
2010-06-28 11:00:00Z;;0;3
2010-06-29 11:00:00Z;;0;3
2010-06-30 11:00:00Z;;0;3
2010-07-01 11:00:00Z;;0;3
2010-07-02 11:00:00Z;;0;3
2010-07-03 11:00:00Z;;0;3
2010-07-04 11:00:00Z;;0;3
2010-07-05 11:00:00Z;;0;3
2010-07-06 11:00:00Z;;0;3
2010-07-07 11:00:00Z;;0;3
2010-07-08 11:00:00Z;;0;3
2010-07-09 11:00:00Z;;0;3
2010-07-10 11:00:00Z;;0;3
2010-07-11 11:00:00Z;;0;3
2010-07-12 11:00:00Z;;0;3
2010-07-13 11:00:00Z;;0;3
2010-07-14 11:00:00Z;;0;3
2010-07-15 11:00:00Z;;0;3
2010-07-16 11:00:00Z;;0;3
2010-07-17 11:00:00Z;;0;3
2010-07-18 11:00:00Z;;0;3
2010-07-19 11:00:00Z;;0;3
2010-07-20 11:00:00Z;;0;3
2010-07-21 11:00:00Z;;0;3
2010-07-22 11:00:00Z;;0;3
2010-07-23 11:00:00Z;;0;3
2010-07-24 11:00:00Z;;0;3
2010-07-25 11:00:00Z;;0;3
2010-07-26 11:00:00Z;;0;3
2010-07-27 11:00:00Z;;0;3
2010-07-28 11:00:00Z;;0;3
2010-07-29 11:00:00Z;;0;3
2010-07-30 11:00:00Z;;0;3
2010-07-31 11:00:00Z;;0;3
2010-08-01 11:00:00Z;;0;3
2010-08-02 11:00:00Z;;0;3
2010-08-03 11:00:00Z;;0;3
2010-08-04 11:00:00Z;;0;3
2010-08-05 11:00:00Z;;0;3
2010-08-06 11:00:00Z;;0;3
2010-08-07 11:00:00Z;;0;3
2010-08-08 11:00:00Z;;0;3
2010-08-09 11:00:00Z;;0;3
2010-08-10 11:00:00Z;;0;3
2010-08-11 11:00:00Z;;0;3
2010-08-12 11:00:00Z;;0;3
2010-08-13 11:00:00Z;;0;3
2010-08-14 11:00:00Z;;0;3
2010-08-15 11:00:00Z;;0;3
2010-08-16 11:00:00Z;;0;3
2010-08-17 11:00:00Z;;0;3
2010-08-18 11:00:00Z;;0;3
2010-08-19 11:00:00Z;;0;3
2010-08-20 11:00:00Z;;0;3
2010-08-21 11:00:00Z;;0;3
2010-08-22 11:00:00Z;;0;3
2010-08-23 11:00:00Z;;0;3
2010-08-24 11:00:00Z;;0;3
2010-08-25 11:00:00Z;;0;3
2010-08-26 11:00:00Z;;0;3
2010-08-27 11:00:00Z;;0;3
2010-08-28 11:00:00Z;;0;3
2010-08-29 11:00:00Z;;0;3
2010-08-30 11:00:00Z;;0;3
2010-08-31 11:00:00Z;;0;3
2010-09-01 11:00:00Z;;0;3
2010-09-02 11:00:00Z;;0;3
2010-09-03 11:00:00Z;;0;3
2010-09-04 11:00:00Z;;0;3
2010-09-05 11:00:00Z;;0;3
2010-09-06 11:00:00Z;;0;3
2010-09-07 11:00:00Z;;0;3
2010-09-08 11:00:00Z;;0;3
2010-09-09 11:00:00Z;;0;3
2010-09-10 11:00:00Z;;0;3
2010-09-11 11:00:00Z;;0;3
2010-09-12 11:00:00Z;;0;3
2010-09-13 11:00:00Z;;0;3
2010-09-14 11:00:00Z;;0;3
2010-09-15 11:00:00Z;;0;3
2010-09-16 11:00:00Z;;0;3
2010-09-17 11:00:00Z;;0;3
2010-09-18 11:00:00Z;;0;3
2010-09-19 11:00:00Z;;0;3
2010-09-20 11:00:00Z;;0;3
2010-09-21 11:00:00Z;;0;3
2010-09-22 11:00:00Z;;0;3
2010-09-23 11:00:00Z;;0;3
2010-09-24 11:00:00Z;;0;3
2010-09-25 11:00:00Z;;0;3
2010-09-26 11:00:00Z;;0;3
2010-09-27 11:00:00Z;;0;3
2010-09-28 11:00:00Z;;0;3
2010-09-29 11:00:00Z;;0;3
2010-09-30 11:00:00Z;;0;3
2010-10-01 11:00:00Z;;0;3
2010-10-02 11:00:00Z;;0;3
2010-10-03 11:00:00Z;;0;3
2010-10-04 11:00:00Z;;0;3
2010-10-05 11:00:00Z;;0;3
2010-10-06 11:00:00Z;;0;3
2010-10-07 11:00:00Z;;0;3
2010-10-08 11:00:00Z;;0;3
2010-10-09 11:00:00Z;;0;3
2010-10-10 11:00:00Z;;0;3
2010-10-11 11:00:00Z;;0;3
2010-10-12 11:00:00Z;;0;3
2010-10-13 11:00:00Z;;0;3
2010-10-14 11:00:00Z;;0;3
2010-10-15 11:00:00Z;;0;3
2010-10-16 11:00:00Z;;0;3
2010-10-17 11:00:00Z;;0;3
2010-10-18 11:00:00Z;;0;3
2010-10-19 11:00:00Z;;0;3
2010-10-20 11:00:00Z;;0;3
2010-10-21 11:00:00Z;;0;3
2010-10-22 11:00:00Z;;0;3
2010-10-23 11:00:00Z;;0;3
2010-10-24 11:00:00Z;;0;3
2010-10-25 11:00:00Z;;0;3
2010-10-26 11:00:00Z;;0;3
2010-10-27 11:00:00Z;;0;3
2010-10-28 11:00:00Z;;0;3
2010-10-29 11:00:00Z;;0;3
2010-10-30 11:00:00Z;;0;3
2010-10-31 11:00:00Z;;0;3
2010-11-01 11:00:00Z;;0;3
2010-11-02 11:00:00Z;;0;3
2010-11-03 11:00:00Z;;0;3
2010-11-04 11:00:00Z;;0;3
2010-11-05 11:00:00Z;;0;3
2010-11-06 11:00:00Z;;0;3
2010-11-07 11:00:00Z;;0;3
2010-11-08 11:00:00Z;;0;3
2010-11-09 11:00:00Z;;0;3
2010-11-10 11:00:00Z;;0;3
2010-11-11 11:00:00Z;;0;3
2010-11-12 11:00:00Z;;0;3
2010-11-13 11:00:00Z;;0;3
2010-11-14 11:00:00Z;;0;3
2010-11-15 11:00:00Z;;0;3
2010-11-16 11:00:00Z;;0;3
2010-11-17 11:00:00Z;;0;3
2010-11-18 11:00:00Z;;0;3
2010-11-19 11:00:00Z;;0;3
2010-11-20 11:00:00Z;;0;3
2010-11-21 11:00:00Z;;0;3
2010-11-22 11:00:00Z;;0;3
2010-11-23 11:00:00Z;;0;3
2010-11-24 11:00:00Z;;0;3
2010-11-25 11:00:00Z;;0;3
2010-11-26 11:00:00Z;;0;3
2010-11-27 11:00:00Z;;0;3
2010-11-28 11:00:00Z;;0;3
2010-11-29 11:00:00Z;;0;3
2010-11-30 11:00:00Z;;0;3
2010-12-01 11:00:00Z;;0;3
2010-12-02 11:00:00Z;;0;3
2010-12-03 11:00:00Z;;0;3
2010-12-04 11:00:00Z;;0;3
2010-12-05 11:00:00Z;;0;3
2010-12-06 11:00:00Z;;0;3
2010-12-07 11:00:00Z;;0;3
2010-12-08 11:00:00Z;;0;3
2010-12-09 11:00:00Z;;0;3
2010-12-10 11:00:00Z;;0;3
2010-12-11 11:00:00Z;;0;3
2010-12-12 11:00:00Z;;0;3
2010-12-13 11:00:00Z;;0;3
2010-12-14 11:00:00Z;;0;3
2010-12-15 11:00:00Z;;0;3
2010-12-16 11:00:00Z;;0;3
2010-12-17 11:00:00Z;;0;3
2010-12-18 11:00:00Z;;0;3
2010-12-19 11:00:00Z;;0;3
2010-12-20 11:00:00Z;;0;3
2010-12-21 11:00:00Z;;0;3
2010-12-22 11:00:00Z;;0;3
2010-12-23 11:00:00Z;;0;3
2010-12-24 11:00:00Z;;0;3
2010-12-25 11:00:00Z;;0;3
2010-12-26 11:00:00Z;;0;3
2010-12-27 11:00:00Z;;0;3
2010-12-28 11:00:00Z;;0;3
2010-12-29 11:00:00Z;;0;3
2010-12-30 11:00:00Z;;0;3
2010-12-31 11:00:00Z;;0;3
2011-01-01 11:00:00Z;0,393453;0;3
2011-01-02 11:00:00Z;0,4255537;0;3
2011-01-03 11:00:00Z;0,4641638;0;3
2011-01-04 11:00:00Z;0,5176373;0;3
2011-01-05 11:00:00Z;0,5738242;0;3
2011-01-06 11:00:00Z;0,6094;0;3
2011-01-07 11:00:00Z;0,6192245;0;3
2011-01-08 11:00:00Z;0,6369358;0;3
2011-01-09 11:00:00Z;0,6310813;0;3
2011-01-10 11:00:00Z;0,5789819;0;3
2011-01-11 11:00:00Z;0,541915;0;3
2011-01-12 11:00:00Z;0,5367915;0;3
2011-01-13 11:00:00Z;0,5237119;0;3
2011-01-14 11:00:00Z;0,4928033;0;3
2011-01-15 11:00:00Z;0,4672167;0;3
2011-01-16 11:00:00Z;0,4666739;0;3
2011-01-17 11:00:00Z;0,4378525;0;3
2011-01-18 11:00:00Z;0,4103136;0;3
2011-01-19 11:00:00Z;0,3915926;0;3
2011-01-20 11:00:00Z;0,3792452;0;3
2011-01-21 11:00:00Z;0,3717084;0;3
2011-01-22 11:00:00Z;0,381286;0;3
2011-01-23 11:00:00Z;0,3957783;0;3
2011-01-24 11:00:00Z;0,5508658;0;3
2011-01-25 11:00:00Z;0,7484637;0;3
2011-01-26 11:00:00Z;1,321019;0;3
2011-01-27 11:00:00Z;3,579872;0;3
2011-01-28 11:00:00Z;3,142723;0;3
2011-01-29 11:00:00Z;2,461835;0;3
2011-01-30 11:00:00Z;2,137116;0;3
2011-01-31 11:00:00Z;1,922433;0;3
2011-02-01 11:00:00Z;1,549958;0;3
2011-02-02 11:00:00Z;1,264815;0;3
2011-02-03 11:00:00Z;1,042999;0;3
2011-02-04 11:00:00Z;0,9010559;0;3
2011-02-05 11:00:00Z;0,7956891;0;3
2011-02-06 11:00:00Z;0,6796545;0;3
2011-02-07 11:00:00Z;0,6150829;0;3
2011-02-08 11:00:00Z;0,6391375;0;3
2011-02-09 11:00:00Z;0,6637371;0;3
2011-02-10 11:00:00Z;0,6735758;0;3
2011-02-11 11:00:00Z;0,6705822;0;3
2011-02-12 11:00:00Z;0,6375336;0;3
2011-02-13 11:00:00Z;0,6077254;0;3
2011-02-14 11:00:00Z;0,6153124;0;3
2011-02-15 11:00:00Z;0,5814198;0;3
2011-02-16 11:00:00Z;0,5608645;0;3
2011-02-17 11:00:00Z;0,5439804;0;3
2011-02-18 11:00:00Z;0,5271919;0;3
2011-02-19 11:00:00Z;0,5092253;0;3
2011-02-20 11:00:00Z;0,485351;0;3
2011-02-21 11:00:00Z;0,4722062;0;3
2011-02-22 11:00:00Z;0,4515614;0;3
2011-02-23 11:00:00Z;0,4307634;0;3
2011-02-24 11:00:00Z;0,4169578;0;3
2011-02-25 11:00:00Z;0,41095;0;3
2011-02-26 11:00:00Z;0,4109672;0;3
2011-02-27 11:00:00Z;0,4112594;0;3
2011-02-28 11:00:00Z;0,3805587;0;3
2011-03-01 11:00:00Z;0,3674271;0;3
2011-03-02 11:00:00Z;0,4157191;0;3
2011-03-03 11:00:00Z;0,6197285;0;3
2011-03-04 11:00:00Z;0,6192118;0;3
2011-03-05 11:00:00Z;0,6026987;0;3
2011-03-06 11:00:00Z;0,6103908;0;3
2011-03-07 11:00:00Z;0,6250595;0;3
2011-03-08 11:00:00Z;0,6898477;0;3
2011-03-09 11:00:00Z;0,7606019;0;3
2011-03-10 11:00:00Z;0,740923;0;3
2011-03-11 11:00:00Z;0,6985613;0;3
2011-03-12 11:00:00Z;0,6306714;0;3
2011-03-13 11:00:00Z;0,5254024;0;3
2011-03-14 11:00:00Z;0,4331468;0;3
2011-03-15 11:00:00Z;0,3842358;0;3
2011-03-16 11:00:00Z;0,3562799;0;3
2011-03-17 11:00:00Z;0,3316814;0;3
2011-03-18 11:00:00Z;0,3163378;0;3
2011-03-19 11:00:00Z;0,304106;0;3
2011-03-20 11:00:00Z;0,2964644;0;3
2011-03-21 11:00:00Z;0,317604;0;3
2011-03-22 11:00:00Z;0,3789842;2;3
2011-03-23 11:00:00Z;0,4401978;2;3
2011-03-24 11:00:00Z;0,5016619;0;3
2011-03-25 11:00:00Z;0,4940069;0;3
2011-03-26 11:00:00Z;0,4666838;0;3
2011-03-27 11:00:00Z;0,44597;0;3
2011-03-28 11:00:00Z;0,4242384;0;3
2011-03-29 11:00:00Z;0,4029418;0;3
2011-03-30 11:00:00Z;0,3800754;0;3
2011-03-31 11:00:00Z;0,3579463;0;3
2011-04-01 11:00:00Z;0,338611;0;3
2011-04-02 11:00:00Z;0,3264346;0;3
2011-04-03 11:00:00Z;0,6472047;0;3
2011-04-04 11:00:00Z;1,350129;0;3
2011-04-05 11:00:00Z;1,202577;0;3
2011-04-06 11:00:00Z;1,555091;0;3
2011-04-07 11:00:00Z;4,513744;0;3
2011-04-08 11:00:00Z;3,050879;0;3
2011-04-09 11:00:00Z;2,13869;0;3
2011-04-10 11:00:00Z;1,580677;0;3
2011-04-11 11:00:00Z;1,75404;0;3
2011-04-12 11:00:00Z;10,57508;0;3
2011-04-13 11:00:00Z;18,62102;0;3
2011-04-14 11:00:00Z;15,74378;0;3
2011-04-15 11:00:00Z;14,06597;0;3
2011-04-16 11:00:00Z;17,8457;0;3
2011-04-17 11:00:00Z;18,83222;0;3
2011-04-18 11:00:00Z;16,16925;0;3
2011-04-19 11:00:00Z;12,85529;0;3
2011-04-20 11:00:00Z;10,33284;0;3
2011-04-21 11:00:00Z;8,042003;0;3
2011-04-22 11:00:00Z;6,912106;0;3
2011-04-23 11:00:00Z;6,724723;0;3
2011-04-24 11:00:00Z;6,417297;0;3
2011-04-25 11:00:00Z;7,348606;0;3
2011-04-26 11:00:00Z;8,807437;0;3
2011-04-27 11:00:00Z;8,022583;0;3
2011-04-28 11:00:00Z;6,658308;0;3
2011-04-29 11:00:00Z;5,902414;0;3
2011-04-30 11:00:00Z;5,549967;0;3
2011-05-01 11:00:00Z;5,401684;0;3
2011-05-02 11:00:00Z;5,672441;0;3
2011-05-03 11:00:00Z;5,674189;0;3
2011-05-04 11:00:00Z;5,037209;0;3
2011-05-05 11:00:00Z;5,264881;0;3
2011-05-06 11:00:00Z;5,073233;0;3
2011-05-07 11:00:00Z;5,244297;0;3
2011-05-08 11:00:00Z;6,147512;0;3
2011-05-09 11:00:00Z;8,972275;0;3
2011-05-10 11:00:00Z;13,08898;0;3
2011-05-11 11:00:00Z;19,42018;0;3
2011-05-12 11:00:00Z;24,74608;0;3
2011-05-13 11:00:00Z;31,55197;0;3
2011-05-14 11:00:00Z;31,72286;0;3
2011-05-15 11:00:00Z;32,99063;0;3
2011-05-16 11:00:00Z;31,60958;0;3
2011-05-17 11:00:00Z;30,85696;0;3
2011-05-18 11:00:00Z;28,92669;0;3
2011-05-19 11:00:00Z;26,97533;0;3
2011-05-20 11:00:00Z;28,6819;0;3
2011-05-21 11:00:00Z;28,98367;0;3
2011-05-22 11:00:00Z;28,59064;0;3
2011-05-23 11:00:00Z;43,29053;0;3
2011-05-24 11:00:00Z;43,49043;0;3
2011-05-25 11:00:00Z;40,7896;0;3
2011-05-26 11:00:00Z;30,86158;0;3
2011-05-27 11:00:00Z;20,29472;0;3
2011-05-28 11:00:00Z;17,80958;0;3
2011-05-29 11:00:00Z;24,75904;0;3
2011-05-30 11:00:00Z;38,47845;0;3
2011-05-31 11:00:00Z;34,85312;0;3
2011-06-01 11:00:00Z;32,3925;0;3
2011-06-02 11:00:00Z;36,2574;0;3
2011-06-03 11:00:00Z;43,33078;0;3
2011-06-04 11:00:00Z;54,33868;0;3
2011-06-05 11:00:00Z;42,43423;0;3
2011-06-06 11:00:00Z;34,06809;0;3
2011-06-07 11:00:00Z;65,07732;0;3
2011-06-08 11:00:00Z;74,72446;0;3
2011-06-09 11:00:00Z;87,36025;0;3
2011-06-10 11:00:00Z;87,87894;0;3
2011-06-11 11:00:00Z;76,87151;0;3
2011-06-12 11:00:00Z;77,42789;0;3
2011-06-13 11:00:00Z;80,70253;0;3
2011-06-14 11:00:00Z;58,72371;0;3
2011-06-15 11:00:00Z;47,78023;0;3
2011-06-16 11:00:00Z;36,58256;0;3
2011-06-17 11:00:00Z;31,52866;0;3
2011-06-18 11:00:00Z;33,28802;0;3
2011-06-19 11:00:00Z;30,64706;0;3
2011-06-20 11:00:00Z;26,57986;0;3
2011-06-21 11:00:00Z;40,75737;0;3
2011-06-22 11:00:00Z;58,97305;0;3
2011-06-23 11:00:00Z;38,67989;0;3
2011-06-24 11:00:00Z;30,39284;0;3
2011-06-25 11:00:00Z;25,19192;0;3
2011-06-26 11:00:00Z;22,57472;0;3
2011-06-27 11:00:00Z;21,92911;0;3
2011-06-28 11:00:00Z;27,51784;0;3
2011-06-29 11:00:00Z;39,73844;0;3
2011-06-30 11:00:00Z;43,63463;0;3
2011-07-01 11:00:00Z;30,3234;0;3
2011-07-02 11:00:00Z;24,25726;0;3
2011-07-03 11:00:00Z;22,60324;0;3
2011-07-04 11:00:00Z;24,70624;0;3
2011-07-05 11:00:00Z;24,12737;0;3
2011-07-06 11:00:00Z;21,66877;0;3
2011-07-07 11:00:00Z;22,60007;0;3
2011-07-08 11:00:00Z;30,62721;0;3
2011-07-09 11:00:00Z;38,74715;0;3
2011-07-10 11:00:00Z;34,46649;0;3
2011-07-11 11:00:00Z;26,05795;0;3
2011-07-12 11:00:00Z;18,24729;0;3
2011-07-13 11:00:00Z;12,97945;0;3
2011-07-14 11:00:00Z;11,2364;0;3
2011-07-15 11:00:00Z;11,28981;0;3
2011-07-16 11:00:00Z;10,23466;0;3
2011-07-17 11:00:00Z;11,07105;0;3
2011-07-18 11:00:00Z;10,54269;0;3
2011-07-19 11:00:00Z;25,23963;0;3
2011-07-20 11:00:00Z;20,10885;0;3
2011-07-21 11:00:00Z;14,97226;0;3
2011-07-22 11:00:00Z;10,48932;0;3
2011-07-23 11:00:00Z;9,171575;0;3
2011-07-24 11:00:00Z;9,696457;0;3
2011-07-25 11:00:00Z;15,52959;0;3
2011-07-26 11:00:00Z;14,69617;0;3
2011-07-27 11:00:00Z;10,37267;0;3
2011-07-28 11:00:00Z;8,270534;0;3
2011-07-29 11:00:00Z;7,201928;0;3
2011-07-30 11:00:00Z;6,9266;0;3
2011-07-31 11:00:00Z;6,06349;0;3
2011-08-01 11:00:00Z;7,041107;0;3
2011-08-02 11:00:00Z;7,252309;0;3
2011-08-03 11:00:00Z;5,95668;0;3
2011-08-04 11:00:00Z;4,480232;0;3
2011-08-05 11:00:00Z;3,895163;0;3
2011-08-06 11:00:00Z;4,065778;0;3
2011-08-07 11:00:00Z;3,681912;0;3
2011-08-08 11:00:00Z;3,32233;0;3
2011-08-09 11:00:00Z;3,281134;0;3
2011-08-10 11:00:00Z;2,616875;0;3
2011-08-11 11:00:00Z;2,332844;0;3
2011-08-12 11:00:00Z;2,067798;0;3
2011-08-13 11:00:00Z;1,964682;0;3
2011-08-14 11:00:00Z;1,790608;0;3
2011-08-15 11:00:00Z;2,110351;0;3
2011-08-16 11:00:00Z;3,230862;0;3
2011-08-17 11:00:00Z;4,914678;0;3
2011-08-18 11:00:00Z;3,922818;0;3
2011-08-19 11:00:00Z;3,903396;0;3
2011-08-20 11:00:00Z;3,841738;0;3
2011-08-21 11:00:00Z;2,715502;0;3
2011-08-22 11:00:00Z;3,491285;0;3
2011-08-23 11:00:00Z;5,909531;0;3
2011-08-24 11:00:00Z;3,753439;0;3
2011-08-25 11:00:00Z;2,831111;0;3
2011-08-26 11:00:00Z;3,226877;0;3
2011-08-27 11:00:00Z;5,330063;0;3
2011-08-28 11:00:00Z;4,093185;0;3
2011-08-29 11:00:00Z;6,303064;0;3
2011-08-30 11:00:00Z;4,561646;0;3
2011-08-31 11:00:00Z;3,467972;0;3
2011-09-01 11:00:00Z;2,894059;0;3
2011-09-02 11:00:00Z;2,48803;0;3
2011-09-03 11:00:00Z;2,167118;0;3
2011-09-04 11:00:00Z;2,043946;0;3
2011-09-05 11:00:00Z;2,417989;0;3
2011-09-06 11:00:00Z;2,688991;0;3
2011-09-07 11:00:00Z;7,212122;0;3
2011-09-08 11:00:00Z;23,38326;0;3
2011-09-09 11:00:00Z;10,5955;0;3
2011-09-10 11:00:00Z;9,990539;0;3
2011-09-11 11:00:00Z;7,467577;0;3
2011-09-12 11:00:00Z;7,999856;0;3
2011-09-13 11:00:00Z;10,1962;0;3
2011-09-14 11:00:00Z;8,350536;0;3
2011-09-15 11:00:00Z;6,178697;0;3
2011-09-16 11:00:00Z;6,084179;0;3
2011-09-17 11:00:00Z;5,322429;0;3
2011-09-18 11:00:00Z;4,203746;0;3
2011-09-19 11:00:00Z;3,559628;0;3
2011-09-20 11:00:00Z;3,356988;0;3
2011-09-21 11:00:00Z;3,561982;0;3
2011-09-22 11:00:00Z;3,334072;0;3
2011-09-23 11:00:00Z;3,401549;0;3
2011-09-24 11:00:00Z;3,211287;0;3
2011-09-25 11:00:00Z;3,144647;0;3
2011-09-26 11:00:00Z;2,941328;0;3
2011-09-27 11:00:00Z;4,719069;0;3
2011-09-28 11:00:00Z;8,710608;0;3
2011-09-29 11:00:00Z;16,27268;0;3
2011-09-30 11:00:00Z;11,44026;0;3
2011-10-01 11:00:00Z;6,845964;0;3
2011-10-02 11:00:00Z;13,83617;0;3
2011-10-03 11:00:00Z;14,97324;0;3
2011-10-04 11:00:00Z;10,52498;0;3
2011-10-05 11:00:00Z;14,98109;0;3
2011-10-06 11:00:00Z;12,0175;0;3
2011-10-07 11:00:00Z;22,94568;0;3
2011-10-08 11:00:00Z;17,57702;0;3
2011-10-09 11:00:00Z;8,975821;0;3
2011-10-10 11:00:00Z;7,94078;0;3
2011-10-11 11:00:00Z;7,477081;0;3
2011-10-12 11:00:00Z;6,307856;0;3
2011-10-13 11:00:00Z;5,468298;0;3
2011-10-14 11:00:00Z;5,057636;0;3
2011-10-15 11:00:00Z;8,572462;0;3
2011-10-16 11:00:00Z;16,28083;0;3
2011-10-17 11:00:00Z;15,56022;0;3
2011-10-18 11:00:00Z;11,58048;0;3
2011-10-19 11:00:00Z;11,22206;0;3
2011-10-20 11:00:00Z;13,38749;0;3
2011-10-21 11:00:00Z;8,92045;0;3
2011-10-22 11:00:00Z;8,126438;0;3
2011-10-23 11:00:00Z;9,348936;0;3
2011-10-24 11:00:00Z;11,23205;0;3
2011-10-25 11:00:00Z;9,573409;0;3
2011-10-26 11:00:00Z;6,835074;0;3
2011-10-27 11:00:00Z;5,967955;0;3
2011-10-28 11:00:00Z;5,264465;0;3
2011-10-29 11:00:00Z;10,99331;0;3
2011-10-30 11:00:00Z;12,53135;0;3
2011-10-31 11:00:00Z;11,78557;0;3
2011-11-01 11:00:00Z;17,41898;0;3
2011-11-02 11:00:00Z;35,0649;0;3
2011-11-03 11:00:00Z;23,68521;0;3
2011-11-04 11:00:00Z;12,49998;0;3
2011-11-05 11:00:00Z;9,968221;0;3
2011-11-06 11:00:00Z;12,87664;0;3
2011-11-07 11:00:00Z;17,34684;0;3
2011-11-08 11:00:00Z;18,61345;0;3
2011-11-09 11:00:00Z;13,28658;0;3
2011-11-10 11:00:00Z;8,430605;0;3
2011-11-11 11:00:00Z;6,208934;0;3
2011-11-12 11:00:00Z;4,876522;0;3
2011-11-13 11:00:00Z;4,539471;0;3
2011-11-14 11:00:00Z;10,93038;0;3
2011-11-15 11:00:00Z;6,009501;0;3
2011-11-16 11:00:00Z;8,520915;0;3
2011-11-17 11:00:00Z;12,80114;0;3
2011-11-18 11:00:00Z;8,62903;0;3
2011-11-19 11:00:00Z;5,405109;0;3
2011-11-20 11:00:00Z;3,199723;0;3
2011-11-21 11:00:00Z;4,288401;0;3
2011-11-22 11:00:00Z;5,125509;0;3
2011-11-23 11:00:00Z;5,062116;0;3
2011-11-24 11:00:00Z;4,066555;0;3
2011-11-25 11:00:00Z;2,88316;0;3
2011-11-26 11:00:00Z;7,209979;0;3
2011-11-27 11:00:00Z;6,827972;0;3
2011-11-28 11:00:00Z;5,144896;0;3
2011-11-29 11:00:00Z;5,081717;0;3
2011-11-30 11:00:00Z;4,603556;0;3
2011-12-01 11:00:00Z;3,786387;0;3
2011-12-02 11:00:00Z;3,707347;0;3
2011-12-03 11:00:00Z;3,173677;0;3
2011-12-04 11:00:00Z;3,695211;0;3
2011-12-05 11:00:00Z;3,61145;1;3
2011-12-06 11:00:00Z;3,54357;1;3
2011-12-07 11:00:00Z;3,463065;1;3
2011-12-08 11:00:00Z;3,396767;1;3
2011-12-09 11:00:00Z;3,318156;1;3
2011-12-10 11:00:00Z;3,253432;1;3
2011-12-11 11:00:00Z;3,176704;1;3
2011-12-12 11:00:00Z;3,113546;1;3
2011-12-13 11:00:00Z;3,038693;1;3
2011-12-14 11:00:00Z;2,964858;1;3
2011-12-15 11:00:00Z;2,904104;1;3
2011-12-16 11:00:00Z;2,832127;1;3
2011-12-17 11:00:00Z;2,772918;1;3
2011-12-18 11:00:00Z;2,702791;1;3
2011-12-19 11:00:00Z;2,645118;1;3
2011-12-20 11:00:00Z;2,57457;0;3
2011-12-21 11:00:00Z;2,317711;0;3
2011-12-22 11:00:00Z;2,059806;0;3
2011-12-23 11:00:00Z;1,838922;0;3
2011-12-24 11:00:00Z;1,637858;0;3
2011-12-25 11:00:00Z;1,485952;0;3
2011-12-26 11:00:00Z;1,37125;0;3
2011-12-27 11:00:00Z;1,414324;0;3
2011-12-28 11:00:00Z;1,459118;0;3
2011-12-29 11:00:00Z;1,377134;0;3
2011-12-30 11:00:00Z;1,481728;0;3
2011-12-31 11:00:00Z;1,380228;0;3
2012-01-01 11:00:00Z;1,403187;0;3
2012-01-02 11:00:00Z;1,430418;0;3
2012-01-03 11:00:00Z;1,666496;0;3
2012-01-04 11:00:00Z;1,616084;0;3
2012-01-05 11:00:00Z;1,417365;0;3
2012-01-06 11:00:00Z;1,268832;0;3
2012-01-07 11:00:00Z;1,248577;1;3
2012-01-08 11:00:00Z;1,224047;1;3
2012-01-09 11:00:00Z;1,199516;1;3
2012-01-10 11:00:00Z;1,174761;1;3
2012-01-11 11:00:00Z;1,15023;1;3
2012-01-12 11:00:00Z;1,1257;1;3
2012-01-13 11:00:00Z;1,101169;1;3
2012-01-14 11:00:00Z;1,021277;1;3
2012-01-15 11:00:00Z;0,9562376;1;3
2012-01-16 11:00:00Z;3,46307;3;3
2012-01-17 11:00:00Z;2,432341;3;3
2012-01-18 11:00:00Z;1,613608;0;3
2012-01-19 11:00:00Z;1,264556;0;3
2012-01-20 11:00:00Z;1,123899;0;3
2012-01-21 11:00:00Z;1,066737;0;3
2012-01-22 11:00:00Z;1,060886;0;3
2012-01-23 11:00:00Z;1,062911;0;3
2012-01-24 11:00:00Z;1,071913;0;3
2012-01-25 11:00:00Z;1,06066;2;3
2012-01-26 11:00:00Z;1,049408;2;3
2012-01-27 11:00:00Z;1,038155;2;3
2012-01-28 11:00:00Z;1,026678;2;3
2012-01-29 11:00:00Z;1,015426;2;3
2012-01-30 11:00:00Z;1,004173;3;3
2012-01-31 11:00:00Z;1,004173;3;3
2012-02-01 11:00:00Z;0,9967462;3;3
2012-02-02 11:00:00Z;0,9893199;3;3
2012-02-03 11:00:00Z;0,9967462;3;3
2012-02-04 11:00:00Z;0,9967462;3;3
2012-02-05 11:00:00Z;1,004173;3;3
2012-02-06 11:00:00Z;0,9967462;3;3
2012-02-07 11:00:00Z;0,9967462;3;3
2012-02-08 11:00:00Z;1,004173;3;3
2012-02-09 11:00:00Z;1,041982;3;3
2012-02-10 11:00:00Z;1,271983;3;3
2012-02-11 11:00:00Z;1,645566;3;3
2012-02-12 11:00:00Z;1,686975;3;3
2012-02-13 11:00:00Z;1,429518;3;3
2012-02-14 11:00:00Z;1,2362;3;3
2012-02-15 11:00:00Z;1,097794;3;3
2012-02-16 11:00:00Z;1,079565;3;3
2012-02-17 11:00:00Z;1,036805;3;3
2012-02-18 11:00:00Z;1,007099;3;3
2012-02-19 11:00:00Z;0,9834686;3;3
2012-02-20 11:00:00Z;0,9704157;3;3
2012-02-21 11:00:00Z;0,9800929;3;3
2012-02-22 11:00:00Z;1,016101;3;3
2012-02-23 11:00:00Z;1,070788;3;3
2012-02-24 11:00:00Z;1,077314;3;3
2012-02-25 11:00:00Z;1,05841;3;3
2012-02-26 11:00:00Z;1,017226;3;3
2012-02-27 11:00:00Z;0,9413843;3;3
2012-02-28 11:00:00Z;1,008674;0;3
2012-02-29 11:00:00Z;1,076639;0;3
2012-03-01 11:00:00Z;1,472727;0;3
2012-03-02 11:00:00Z;2,268279;0;3
2012-03-03 11:00:00Z;3,141022;0;3
2012-03-04 11:00:00Z;3,109066;0;3
2012-03-05 11:00:00Z;2,391832;0;3
2012-03-06 11:00:00Z;1,699803;0;3
2012-03-07 11:00:00Z;1,423892;0;3
2012-03-08 11:00:00Z;1,266357;0;3
2012-03-09 11:00:00Z;1,174761;0;3
2012-03-10 11:00:00Z;1,154056;0;3
2012-03-11 11:00:00Z;1,158782;0;3
2012-03-12 11:00:00Z;0,9647893;0;3
2012-03-13 11:00:00Z;0,7719215;0;3
2012-03-14 11:00:00Z;0,8268337;0;3
2012-03-15 11:00:00Z;0,8074795;0;3
2012-03-16 11:00:00Z;1,270632;0;3
2012-03-17 11:00:00Z;1,596955;0;3
2012-03-18 11:00:00Z;1,717356;0;3
2012-03-19 11:00:00Z;1,601681;0;3
2012-03-20 11:00:00Z;1,221796;0;3
2012-03-21 11:00:00Z;0,9974215;0;3
2012-03-22 11:00:00Z;1,501534;0;3
2012-03-23 11:00:00Z;2,175108;0;3
2012-03-24 11:00:00Z;3,292256;0;3
2012-03-25 11:00:00Z;2,769691;0;3
2012-03-26 11:00:00Z;2,076086;3;3
2012-03-27 11:00:00Z;5,512375;3;3
2012-03-28 11:00:00Z;15,96145;3;3
2012-03-29 11:00:00Z;13,58537;3;3
2012-03-30 11:00:00Z;9,496884;3;3
2012-03-31 11:00:00Z;6,136439;3;3
2012-04-01 11:00:00Z;4,755081;0;3
2012-04-02 11:00:00Z;3,619479;0;3
2012-04-03 11:00:00Z;2,960082;0;3
2012-04-04 11:00:00Z;2,366851;0;3
2012-04-05 11:00:00Z;2,146977;0;3
2012-04-06 11:00:00Z;2,042104;0;3
2012-04-07 11:00:00Z;1,915625;0;3
2012-04-08 11:00:00Z;1,713756;0;3
2012-04-09 11:00:00Z;1,565223;0;3
2012-04-10 11:00:00Z;1,444596;0;3
2012-04-11 11:00:00Z;1,360427;0;3
2012-04-12 11:00:00Z;1,542718;0;3
2012-04-13 11:00:00Z;1,64309;0;3
2012-04-14 11:00:00Z;1,525614;0;3
2012-04-15 11:00:00Z;1,393285;0;3
2012-04-16 11:00:00Z;1,258705;0;3
2012-04-17 11:00:00Z;1,16801;0;3
2012-04-18 11:00:00Z;1,095318;0;3
2012-04-19 11:00:00Z;1,015426;0;3
2012-04-20 11:00:00Z;0,9519613;0;3
2012-04-21 11:00:00Z;0,8974993;0;3
2012-04-22 11:00:00Z;0,8279589;0;3
2012-04-23 11:00:00Z;0,7689959;0;3
2012-04-24 11:00:00Z;0,7575184;0;3
2012-04-25 11:00:00Z;0,904251;0;3
2012-04-26 11:00:00Z;1,240701;0;3
2012-04-27 11:00:00Z;3,418284;0;3
2012-04-28 11:00:00Z;7,140161;0;3
2012-04-29 11:00:00Z;5,518451;0;3
2012-04-30 11:00:00Z;5,313655;0;3
2012-05-01 11:00:00Z;4,225314;0;3
2012-05-02 11:00:00Z;3,259174;0;3
2012-05-03 11:00:00Z;2,523261;0;3
2012-05-04 11:00:00Z;1,967162;0;3
2012-05-05 11:00:00Z;1,657268;0;3
2012-05-06 11:00:00Z;1,404987;0;3
2012-05-07 11:00:00Z;1,270182;0;3
2012-05-08 11:00:00Z;1,388334;0;3
2012-05-09 11:00:00Z;1,59583;0;3
2012-05-10 11:00:00Z;2,143601;0;3
2012-05-11 11:00:00Z;2,828654;0;3
2012-05-12 11:00:00Z;2,92655;0;3
2012-05-13 11:00:00Z;2,201214;0;3
2012-05-14 11:00:00Z;3,500427;0;3
2012-05-15 11:00:00Z;6,010186;0;3
2012-05-16 11:00:00Z;6,946844;0;3
2012-05-17 11:00:00Z;8,154463;0;3
2012-05-18 11:00:00Z;8,55865;0;3
2012-05-19 11:00:00Z;8,496987;0;3
2012-05-20 11:00:00Z;7,281043;0;3
2012-05-21 11:00:00Z;6,316704;0;3
2012-05-22 11:00:00Z;7,409771;0;3
2012-05-23 11:00:00Z;11,77417;0;3
2012-05-24 11:00:00Z;14,80581;0;3
2012-05-25 11:00:00Z;31,02224;0;3
2012-05-26 11:00:00Z;40,98634;0;3
2012-05-27 11:00:00Z;50,02524;0;3
2012-05-28 11:00:00Z;51,61229;0;3
2012-05-29 11:00:00Z;29,40909;0;3
2012-05-30 11:00:00Z;20,26913;0;3
2012-05-31 11:00:00Z;15,28697;0;3
2012-06-01 11:00:00Z;12,86723;0;3
2012-06-02 11:00:00Z;12,50175;0;3
2012-06-03 11:00:00Z;13,18703;0;3
2012-06-04 11:00:00Z;16,90666;0;3
2012-06-05 11:00:00Z;26,28696;0;3
2012-06-06 11:00:00Z;31,05262;0;3
2012-06-07 11:00:00Z;30,73193;0;3
2012-06-08 11:00:00Z;26,03874;0;3
2012-06-09 11:00:00Z;22,46022;0;3
2012-06-10 11:00:00Z;24,24441;0;3
2012-06-11 11:00:00Z;28,20439;0;3
2012-06-12 11:00:00Z;29,47097;0;3
2012-06-13 11:00:00Z;29,89947;0;3
2012-06-14 11:00:00Z;27,28664;0;3
2012-06-15 11:00:00Z;27,40412;0;3
2012-06-16 11:00:00Z;27,37621;0;3
2012-06-17 11:00:00Z;34,56723;0;3
2012-06-18 11:00:00Z;35,79533;0;3
2012-06-19 11:00:00Z;39,36597;0;3
2012-06-20 11:00:00Z;40,59542;0;3
2012-06-21 11:00:00Z;39,08758;0;3
2012-06-22 11:00:00Z;36,94488;0;3
2012-06-23 11:00:00Z;35,16068;0;3
2012-06-24 11:00:00Z;43,66758;0;3
2012-06-25 11:00:00Z;47,75449;0;3
2012-06-26 11:00:00Z;44,78067;0;3
2012-06-27 11:00:00Z;38,90507;0;3
2012-06-28 11:00:00Z;31,14737;0;3
2012-06-29 11:00:00Z;24,6522;0;3
2012-06-30 11:00:00Z;36,69485;0;3
2012-07-01 11:00:00Z;48,8345;0;3
2012-07-02 11:00:00Z;65,56628;0;3
2012-07-03 11:00:00Z;57,92674;0;3
2012-07-04 11:00:00Z;42,45861;0;3
2012-07-05 11:00:00Z;48,69857;0;3
2012-07-06 11:00:00Z;55,46379;0;3
2012-07-07 11:00:00Z;45,70068;0;3
2012-07-08 11:00:00Z;37,62589;0;3
2012-07-09 11:00:00Z;30,89599;0;3
2012-07-10 11:00:00Z;29,88056;0;3
2012-07-11 11:00:00Z;30,10606;0;3
2012-07-12 11:00:00Z;27,76036;0;3
2012-07-13 11:00:00Z;36,48196;0;3
2012-07-14 11:00:00Z;42,31368;0;3
2012-07-15 11:00:00Z;34,53595;0;3
2012-07-16 11:00:00Z;29,17931;0;3
2012-07-17 11:00:00Z;25,59899;0;3
2012-07-18 11:00:00Z;22,61933;0;3
2012-07-19 11:00:00Z;18,41562;0;3
2012-07-20 11:00:00Z;16,77208;0;3
2012-07-21 11:00:00Z;13,96705;0;3
2012-07-22 11:00:00Z;12,3737;0;3
2012-07-23 11:00:00Z;14,88076;0;3
2012-07-24 11:00:00Z;33,09518;0;3
2012-07-25 11:00:00Z;39,67406;0;3
2012-07-26 11:00:00Z;30,09278;0;3
2012-07-27 11:00:00Z;20,48563;0;3
2012-07-28 11:00:00Z;21,51523;0;3
2012-07-29 11:00:00Z;26,91238;0;3
2012-07-30 11:00:00Z;22,16698;0;3
2012-07-31 11:00:00Z;26,06709;0;3
2012-08-01 11:00:00Z;26,36551;0;3
2012-08-02 11:00:00Z;21,49273;0;3
2012-08-03 11:00:00Z;16,61679;0;3
2012-08-04 11:00:00Z;11,7062;0;3
2012-08-05 11:00:00Z;9,630565;0;3
2012-08-06 11:00:00Z;8,57238;0;3
2012-08-07 11:00:00Z;7,432278;0;3
2012-08-08 11:00:00Z;7,477061;0;3
2012-08-09 11:00:00Z;7,254712;0;3
2012-08-10 11:00:00Z;6,84377;0;3
2012-08-11 11:00:00Z;10,15291;0;3
2012-08-12 11:00:00Z;10,31517;0;3
2012-08-13 11:00:00Z;8,367358;0;3
2012-08-14 11:00:00Z;8,336752;0;3
2012-08-15 11:00:00Z;8,261585;0;3
2012-08-16 11:00:00Z;7,187197;0;3
2012-08-17 11:00:00Z;6,950669;0;3
2012-08-18 11:00:00Z;6,530276;0;3
2012-08-19 11:00:00Z;5,270671;0;3
2012-08-20 11:00:00Z;5,936594;0;3
2012-08-21 11:00:00Z;6,253014;0;3
2012-08-22 11:00:00Z;6,214981;0;3
2012-08-23 11:00:00Z;4,832949;0;3
2012-08-24 11:00:00Z;3,456768;0;3
2012-08-25 11:00:00Z;2,768115;0;3
2012-08-26 11:00:00Z;5,017715;0;3
2012-08-27 11:00:00Z;4,922744;0;3
2012-08-28 11:00:00Z;3,214839;0;3
2012-08-29 11:00:00Z;2,884016;0;3
2012-08-30 11:00:00Z;3,741006;0;3
2012-08-31 11:00:00Z;9,523441;0;3
2012-09-01 11:00:00Z;6,946393;0;3
2012-09-02 11:00:00Z;4,504151;0;3
2012-09-03 11:00:00Z;6,07635;0;3
2012-09-04 11:00:00Z;5,191453;0;3
2012-09-05 11:00:00Z;10,17181;0;3
2012-09-06 11:00:00Z;18,5709;0;3
2012-09-07 11:00:00Z;9,641366;0;3
2012-09-08 11:00:00Z;5,977778;0;3
2012-09-09 11:00:00Z;5,035944;0;3
2012-09-10 11:00:00Z;4,203034;0;3
2012-09-11 11:00:00Z;3,842729;0;3
2012-09-12 11:00:00Z;5,891359;0;3
2012-09-13 11:00:00Z;4,793115;0;3
2012-09-14 11:00:00Z;5,437658;0;3
2012-09-15 11:00:00Z;5,626025;0;3
2012-09-16 11:00:00Z;8,487311;0;3
2012-09-17 11:00:00Z;14,94017;0;3
2012-09-18 11:00:00Z;11,36615;0;3
2012-09-19 11:00:00Z;7,924234;0;3
2012-09-20 11:00:00Z;15,70917;0;3
2012-09-21 11:00:00Z;11,20231;0;3
2012-09-22 11:00:00Z;8,212075;0;3
2012-09-23 11:00:00Z;6,069374;0;3
2012-09-24 11:00:00Z;5,172549;0;3
2012-09-25 11:00:00Z;4,391175;0;3
2012-09-26 11:00:00Z;3,590223;0;3
2012-09-27 11:00:00Z;3,364272;0;3
2012-09-28 11:00:00Z;3,159252;0;3
2012-09-29 11:00:00Z;2,910933;0;3
2012-09-30 11:00:00Z;2,903677;0;3
2012-10-01 11:00:00Z;2,86441;0;3
2012-10-02 11:00:00Z;2,534705;0;3
2012-10-03 11:00:00Z;2,632646;0;3
2012-10-04 11:00:00Z;2,617567;0;3
2012-10-05 11:00:00Z;2,999423;0;3
2012-10-06 11:00:00Z;4,527409;0;3
2012-10-07 11:00:00Z;7,660483;0;3
2012-10-08 11:00:00Z;4,350101;0;3
2012-10-09 11:00:00Z;3,112985;0;3
2012-10-10 11:00:00Z;3,638095;0;3
2012-10-11 11:00:00Z;3,795618;0;3
2012-10-12 11:00:00Z;3,796298;0;3
2012-10-13 11:00:00Z;2,230245;1;3
2012-10-14 11:00:00Z;2,172858;1;3
2012-10-15 11:00:00Z;1,962211;1;3
2012-10-16 11:00:00Z;1,904823;1;3
2012-10-17 11:00:00Z;1,713306;1;3
2012-10-18 11:00:00Z;1,674822;1;3
2012-10-19 11:00:00Z;1,521788;1;3
2012-10-20 11:00:00Z;1,3494;1;3
2012-10-21 11:00:00Z;1,330271;1;3
2012-10-22 11:00:00Z;1,234399;1;3
2012-10-23 11:00:00Z;1,119624;1;3
2012-10-24 11:00:00Z;0,9854941;1;3
2012-10-25 11:00:00Z;1,176915;0;3
2012-10-26 11:00:00Z;1,381427;0;3
2012-10-27 11:00:00Z;1,412314;0;3
2012-10-28 11:00:00Z;1,576047;0;3
2012-10-29 11:00:00Z;1,488215;0;3
2012-10-30 11:00:00Z;1,468332;0;3
2012-10-31 11:00:00Z;1,3033;0;3
2012-11-01 11:00:00Z;1,54538;0;3
2012-11-02 11:00:00Z;1,518923;0;3
2012-11-03 11:00:00Z;1,351792;0;3
2012-11-04 11:00:00Z;1,237849;0;3
2012-11-05 11:00:00Z;1,14578;0;3
2012-11-06 11:00:00Z;1,076483;0;3
2012-11-07 11:00:00Z;1,040467;0;3
2012-11-08 11:00:00Z;1,085177;0;3
2012-11-09 11:00:00Z;1,128608;0;3
2012-11-10 11:00:00Z;1,074396;0;3
2012-11-11 11:00:00Z;1,074099;0;3
2012-11-12 11:00:00Z;1,085185;0;3
2012-11-13 11:00:00Z;1,053796;0;3
2012-11-14 11:00:00Z;1,784348;0;3
2012-11-15 11:00:00Z;4,90388;0;3
2012-11-16 11:00:00Z;3,649818;0;3
2012-11-17 11:00:00Z;2,728131;0;3
2012-11-18 11:00:00Z;2,254331;0;3
2012-11-19 11:00:00Z;1,900534;0;3
2012-11-20 11:00:00Z;1,686214;0;3
2012-11-21 11:00:00Z;1,989165;0;3
2012-11-22 11:00:00Z;2,722938;0;3
2012-11-23 11:00:00Z;2,470606;0;3
2012-11-24 11:00:00Z;2,097275;0;3
2012-11-25 11:00:00Z;1,746727;0;3
2012-11-26 11:00:00Z;1,485457;0;3
2012-11-27 11:00:00Z;1,335467;0;3
2012-11-28 11:00:00Z;1,226466;0;3
2012-11-29 11:00:00Z;1,085323;0;3
2012-11-30 11:00:00Z;1,194668;0;3
2012-12-01 11:00:00Z;1,393955;0;3
2012-12-02 11:00:00Z;1,421187;0;3
2012-12-03 11:00:00Z;1,558156;0;3
2012-12-04 11:00:00Z;1,743995;0;3
2012-12-05 11:00:00Z;2,771214;0;3
2012-12-06 11:00:00Z;2,08593;0;3
2012-12-07 11:00:00Z;1,568417;0;3
2012-12-08 11:00:00Z;1,463125;0;3
2012-12-09 11:00:00Z;0,6912971;0;3
2012-12-10 11:00:00Z;0,5852901;0;3
2012-12-11 11:00:00Z;0,2898836;0;3
2012-12-12 11:00:00Z;0,243175;0;3
2012-12-13 11:00:00Z;0,2565704;0;3
2012-12-14 11:00:00Z;0,3567679;0;3
2012-12-15 11:00:00Z;0,368772;0;3
2012-12-16 11:00:00Z;0,3803762;0;3
2012-12-17 11:00:00Z;0,4126014;0;3
2012-12-18 11:00:00Z;0,4192522;0;3
2012-12-19 11:00:00Z;0,3939257;0;3
2012-12-20 11:00:00Z;0,3481403;0;3
2012-12-21 11:00:00Z;0,3100995;0;3
2012-12-22 11:00:00Z;0,2775273;0;3
2012-12-23 11:00:00Z;0,2405321;0;3
2012-12-24 11:00:00Z;0,238553;2;3
2012-12-25 11:00:00Z;0,2367526;2;3
2012-12-26 11:00:00Z;0,2347271;2;3
2012-12-27 11:00:00Z;0,2327017;2;3
2012-12-28 11:00:00Z;0,2309013;2;3
2012-12-29 11:00:00Z;0,2288758;2;3
2012-12-30 11:00:00Z;0,2270754;2;3
2012-12-31 11:00:00Z;0,22505;1;3
2013-01-01 11:00:00Z;0,207046;1;3
2013-01-02 11:00:00Z;0,2043454;2;3
2013-01-03 11:00:00Z;0,2016448;2;3
2013-01-04 11:00:00Z;0,1989442;2;3
2013-01-05 11:00:00Z;0,1962436;2;3
2013-01-06 11:00:00Z;0,193318;2;3
2013-01-07 11:00:00Z;0,1906174;2;3
2013-01-08 11:00:00Z;0,1879167;2;3
2013-01-09 11:00:00Z;0,1852162;2;3
2013-01-10 11:00:00Z;0,1825155;2;3
2013-01-11 11:00:00Z;0,179815;2;3
2013-01-12 11:00:00Z;0,1771143;2;3
2013-01-13 11:00:00Z;0,1744138;2;3
2013-01-14 11:00:00Z;0,1717131;2;3
2013-01-15 11:00:00Z;0,1690125;2;3
2013-01-16 11:00:00Z;0,1660869;2;3
2013-01-17 11:00:00Z;0,1633863;2;3
2013-01-18 11:00:00Z;0,1606857;2;3
2013-01-19 11:00:00Z;0,1579851;2;3
2013-01-20 11:00:00Z;0,1552845;1;3
2013-01-21 11:00:00Z;0,1537092;1;3
2013-01-22 11:00:00Z;0,1453823;1;3
2013-01-23 11:00:00Z;0,1388558;1;3
2013-01-24 11:00:00Z;0,1357052;1;3
2013-01-25 11:00:00Z;0,1309791;1;3
2013-01-26 11:00:00Z;0,1296288;1;3
2013-01-27 11:00:00Z;0,1264781;1;3
2013-01-28 11:00:00Z;0,1251278;1;3
2013-01-29 11:00:00Z;0,1251278;1;3
2013-01-30 11:00:00Z;0,1235524;1;3
2013-01-31 11:00:00Z;0,1235524;1;3
2013-02-01 11:00:00Z;0,1219771;1;3
2013-02-02 11:00:00Z;0,1219771;1;3
2013-02-03 11:00:00Z;0,1219771;1;3
2013-02-04 11:00:00Z;0,1190514;1;3
2013-02-05 11:00:00Z;0,1219771;1;3
2013-02-06 11:00:00Z;0,1206268;1;3
2013-02-07 11:00:00Z;0,1235524;1;3
2013-02-08 11:00:00Z;0,1206268;1;3
2013-02-09 11:00:00Z;0,08844467;1;3
2013-02-10 11:00:00Z;0,08799455;2;3
2013-02-11 11:00:00Z;0,08776949;2;3
2013-02-12 11:00:00Z;0,08731939;2;3
2013-02-13 11:00:00Z;0,08686931;2;3
2013-02-14 11:00:00Z;0,08664426;2;3
2013-02-15 11:00:00Z;0,08619413;2;3
2013-02-16 11:00:00Z;0,08596911;2;3
2013-02-17 11:00:00Z;0,08551899;2;3
2013-02-18 11:00:00Z;0,0850689;2;3
2013-02-19 11:00:00Z;0,08484383;2;3
2013-02-20 11:00:00Z;0,08439375;1;3
2013-02-21 11:00:00Z;0,07809236;1;3
2013-02-22 11:00:00Z;0,1777968;1;3
2013-02-23 11:00:00Z;0,3647642;1;3
2013-02-24 11:00:00Z;0,4386193;1;3
2013-02-25 11:00:00Z;0,5000491;1;3
2013-02-26 11:00:00Z;0,8428959;1;3
2013-02-27 11:00:00Z;1,039699;1;3
2013-02-28 11:00:00Z;2,148592;1;3
2013-03-01 11:00:00Z;1,099298;1;3
2013-03-02 11:00:00Z;2,685987;1;3
2013-03-03 11:00:00Z;1,525074;1;3
2013-03-04 11:00:00Z;1,379273;1;3
2013-03-05 11:00:00Z;2,282867;1;3
2013-03-06 11:00:00Z;2,132715;1;3
2013-03-07 11:00:00Z;1,106673;1;3
2013-03-08 11:00:00Z;0,5874396;1;3
2013-03-09 11:00:00Z;0,4940489;1;3
2013-03-10 11:00:00Z;0,8303102;1;3
2013-03-11 11:00:00Z;1,375022;1;3
2013-03-12 11:00:00Z;1,12;1;3
2013-03-13 11:00:00Z;0,8999999;1;3
2013-03-14 11:00:00Z;0,8029999;1;3
2013-03-15 11:00:00Z;0,738;1;3
2013-03-16 11:00:00Z;0,6709999;1;3
2013-03-17 11:00:00Z;0,609;1;3
2013-03-18 11:00:00Z;0,555;1;3
2013-03-19 11:00:00Z;0,5009999;1;3
2013-03-20 11:00:00Z;0,412;1;3
2013-03-21 11:00:00Z;0,305;1;3
2013-03-22 11:00:00Z;0,1976653;1;3
2013-03-23 11:00:00Z;0,364444;1;3
2013-03-24 11:00:00Z;0,5584282;1;3
2013-03-25 11:00:00Z;0,6566254;1;3
2013-03-26 11:00:00Z;1,186301;1;3
2013-03-27 11:00:00Z;1,335879;1;3
2013-03-28 11:00:00Z;0,9193259;1;3
2013-03-29 11:00:00Z;0,9978507;1;3
2013-03-30 11:00:00Z;1,161917;1;3
2013-03-31 11:00:00Z;1,494671;1;3
2013-04-01 11:00:00Z;1,099462;1;3
2013-04-02 11:00:00Z;0,8119374;1;3
2013-04-03 11:00:00Z;0,7303364;1;3
2013-04-04 11:00:00Z;0,5641572;1;3
2013-04-05 11:00:00Z;0,4452019;1;3
2013-04-06 11:00:00Z;0,6233836;1;3
2013-04-07 11:00:00Z;0,6304994;1;3
2013-04-08 11:00:00Z;0,6237696;1;3
2013-04-09 11:00:00Z;0,6142203;1;3
2013-04-10 11:00:00Z;0,4586679;1;3
2013-04-11 11:00:00Z;0,3557692;1;3
2013-04-12 11:00:00Z;0,3732111;1;3
2013-04-13 11:00:00Z;0,3026583;1;3
2013-04-14 11:00:00Z;0,3133813;1;3
2013-04-15 11:00:00Z;0,5610014;1;3
2013-04-16 11:00:00Z;0,3737977;1;3
2013-04-17 11:00:00Z;0,5820293;1;3
2013-04-18 11:00:00Z;0,7686881;1;3
2013-04-19 11:00:00Z;0,5643388;1;3
2013-04-20 11:00:00Z;0,0258899;1;3
2013-04-21 11:00:00Z;0,03025257;1;3
2013-04-22 11:00:00Z;0,3265989;1;3
2013-04-23 11:00:00Z;0,9303311;1;3
2013-04-24 11:00:00Z;0,5421931;1;3
2013-04-25 11:00:00Z;0,4827946;1;3
2013-04-26 11:00:00Z;0,4610414;1;3
2013-04-27 11:00:00Z;0,2736209;1;3
2013-04-28 11:00:00Z;0,3327892;1;3
2013-04-29 11:00:00Z;0,4505517;1;3
2013-04-30 11:00:00Z;0,3156904;1;3
2013-05-01 11:00:00Z;0,04937754;1;3
2013-05-02 11:00:00Z;0,1046794;1;3
2013-05-03 11:00:00Z;0,04706839;1;3
2013-05-04 11:00:00Z;0,02184303;1;3
2013-05-05 11:00:00Z;0,02849957;1;3
2013-05-06 11:00:00Z;0,01624579;1;3
2013-05-07 11:00:00Z;0,5590247;1;3
2013-05-08 11:00:00Z;0,2168856;1;3
2013-05-09 11:00:00Z;0,4554437;1;3
2013-05-10 11:00:00Z;0,6610479;1;3
2013-05-11 11:00:00Z;1,101106;1;3
2013-05-12 11:00:00Z;11,76329;1;3
2013-05-13 11:00:00Z;26,214;1;3
2013-05-14 11:00:00Z;23,62384;1;3
2013-05-15 11:00:00Z;24,43894;1;3
2013-05-16 11:00:00Z;26,04532;1;3
2013-05-17 11:00:00Z;42,14845;1;3
2013-05-18 11:00:00Z;46,44473;1;3
2013-05-19 11:00:00Z;45,53711;1;3
2013-05-20 11:00:00Z;66,36936;1;3
2013-05-21 11:00:00Z;77,81239;1;3
2013-05-22 11:00:00Z;91,92003;1;3
2013-05-23 11:00:00Z;70,05132;1;3
2013-05-24 11:00:00Z;55,24047;1;3
2013-05-25 11:00:00Z;38,83047;1;3
2013-05-26 11:00:00Z;32,48312;1;3
2013-05-27 11:00:00Z;45,5397;1;3
2013-05-28 11:00:00Z;48,51979;1;3
2013-05-29 11:00:00Z;47,90746;1;3
2013-05-30 11:00:00Z;43,26666;1;3
2013-05-31 11:00:00Z;40,69711;1;3
2013-06-01 11:00:00Z;41,13512;1;3
2013-06-02 11:00:00Z;44,95067;1;3
2013-06-03 11:00:00Z;39,4009;1;3
2013-06-04 11:00:00Z;25,80452;1;3
2013-06-05 11:00:00Z;19,89496;1;3
2013-06-06 11:00:00Z;28,18112;1;3
2013-06-07 11:00:00Z;34,3411;1;3
2013-06-08 11:00:00Z;32,38602;1;3
2013-06-09 11:00:00Z;22,40505;1;3
2013-06-10 11:00:00Z;16,86857;1;3
2013-06-11 11:00:00Z;14,51019;1;3
2013-06-12 11:00:00Z;11,95622;1;3
2013-06-13 11:00:00Z;10,15755;1;3
2013-06-14 11:00:00Z;18,21784;1;3
2013-06-15 11:00:00Z;17,79364;1;3
2013-06-16 11:00:00Z;14,68554;1;3
2013-06-17 11:00:00Z;12,27633;1;3
2013-06-18 11:00:00Z;9,83075;1;3
2013-06-19 11:00:00Z;8,113644;1;3
2013-06-20 11:00:00Z;20,22358;1;3
2013-06-21 11:00:00Z;18,68018;1;3
2013-06-22 11:00:00Z;25,57268;1;3
2013-06-23 11:00:00Z;24,39482;1;3
2013-06-24 11:00:00Z;20,31912;1;3
2013-06-25 11:00:00Z;25,16258;1;3
2013-06-26 11:00:00Z;16,49476;1;3
2013-06-27 11:00:00Z;10,3443;1;3
2013-06-28 11:00:00Z;11,01847;1;3
2013-06-29 11:00:00Z;14,8145;1;3
2013-06-30 11:00:00Z;10,67132;1;3
2013-07-01 11:00:00Z;7,165576;1;3
2013-07-02 11:00:00Z;7,544313;1;3
2013-07-03 11:00:00Z;10,29835;1;3
2013-07-04 11:00:00Z;6,926357;1;3
2013-07-05 11:00:00Z;8,591635;1;3
2013-07-06 11:00:00Z;8,584023;1;3
2013-07-07 11:00:00Z;6,880131;1;3
2013-07-08 11:00:00Z;8,274202;1;3
2013-07-09 11:00:00Z;9,211749;1;3
2013-07-10 11:00:00Z;8,589378;1;3
2013-07-11 11:00:00Z;5,446934;1;3
2013-07-12 11:00:00Z;4,548264;1;3
2013-07-13 11:00:00Z;4,95267;1;3
2013-07-14 11:00:00Z;5,257235;1;3
2013-07-15 11:00:00Z;4,288871;1;3
2013-07-16 11:00:00Z;4,90028;1;3
2013-07-17 11:00:00Z;3,55644;1;3
2013-07-18 11:00:00Z;3,390205;1;3
2013-07-19 11:00:00Z;3,519945;1;3
2013-07-20 11:00:00Z;4,698318;1;3
2013-07-21 11:00:00Z;7,138676;1;3
2013-07-22 11:00:00Z;6,263613;1;3
2013-07-23 11:00:00Z;3,975187;1;3
2013-07-24 11:00:00Z;3,067664;1;3
2013-07-25 11:00:00Z;2,62112;1;3
2013-07-26 11:00:00Z;2,37408;1;3
2013-07-27 11:00:00Z;2,176682;1;3
2013-07-28 11:00:00Z;2,128032;1;3
2013-07-29 11:00:00Z;2,347031;1;3
2013-07-30 11:00:00Z;3,251552;1;3
2013-07-31 11:00:00Z;12,40751;1;3
2013-08-01 11:00:00Z;10,66358;1;3
2013-08-02 11:00:00Z;5,487955;1;3
2013-08-03 11:00:00Z;3,751373;1;3
2013-08-04 11:00:00Z;7,108581;1;3
2013-08-05 11:00:00Z;7,868229;1;3
2013-08-06 11:00:00Z;4,683564;1;3
2013-08-07 11:00:00Z;4,327495;1;3
2013-08-08 11:00:00Z;4,240383;1;3
2013-08-09 11:00:00Z;3,121879;1;3
2013-08-10 11:00:00Z;2,593639;1;3
2013-08-11 11:00:00Z;2,251812;1;3
2013-08-12 11:00:00Z;2,313196;1;3
2013-08-13 11:00:00Z;2,479386;1;3
2013-08-14 11:00:00Z;2,500852;1;3
2013-08-15 11:00:00Z;2,091673;1;3
2013-08-16 11:00:00Z;1,766204;1;3
2013-08-17 11:00:00Z;2,011159;1;3
2013-08-18 11:00:00Z;3,625121;1;3
2013-08-19 11:00:00Z;2,917232;1;3
2013-08-20 11:00:00Z;2,947719;1;3
2013-08-21 11:00:00Z;5,093609;1;3
2013-08-22 11:00:00Z;7,620882;1;3
2013-08-23 11:00:00Z;5,325828;1;3
2013-08-24 11:00:00Z;3,546447;1;3
2013-08-25 11:00:00Z;2,855329;1;3
2013-08-26 11:00:00Z;2,4763;1;3
2013-08-27 11:00:00Z;2,60799;1;3
2013-08-28 11:00:00Z;3,379862;1;3
2013-08-29 11:00:00Z;4,895554;1;3
2013-08-30 11:00:00Z;3,854243;1;3
2013-08-31 11:00:00Z;2,91562;1;3
2013-09-01 11:00:00Z;2,709374;1;3
2013-09-02 11:00:00Z;2,974763;1;3
2013-09-03 11:00:00Z;2,378094;1;3
2013-09-04 11:00:00Z;2,172396;1;3
2013-09-05 11:00:00Z;2,468476;1;3
2013-09-06 11:00:00Z;2,472952;1;3
2013-09-07 11:00:00Z;2,183855;1;3
2013-09-08 11:00:00Z;2,111426;1;3
2013-09-09 11:00:00Z;1,801945;1;3
2013-09-10 11:00:00Z;1,699379;1;3
2013-09-11 11:00:00Z;1,605799;0;3
2013-09-12 11:00:00Z;1,556365;0;3
2013-09-13 11:00:00Z;1,535405;0;3
2013-09-14 11:00:00Z;2,310986;0;3
2013-09-15 11:00:00Z;3,296057;0;3
2013-09-16 11:00:00Z;7,155624;0;3
2013-09-17 11:00:00Z;3,836077;0;3
2013-09-18 11:00:00Z;2,749946;0;3
2013-09-19 11:00:00Z;2,354869;0;3
2013-09-20 11:00:00Z;2,461975;0;3
2013-09-21 11:00:00Z;6,981975;0;3
2013-09-22 11:00:00Z;4,388902;0;3
2013-09-23 11:00:00Z;3,79974;0;3
2013-09-24 11:00:00Z;3,570285;0;3
2013-09-25 11:00:00Z;2,793928;0;3
2013-09-26 11:00:00Z;2,399903;0;3
2013-09-27 11:00:00Z;2,141183;0;3
2013-09-28 11:00:00Z;2,029393;0;3
2013-09-29 11:00:00Z;1,844536;0;3
2013-09-30 11:00:00Z;1,809076;0;3
2013-10-01 11:00:00Z;2,03553;0;3
2013-10-02 11:00:00Z;2,17995;0;3
2013-10-03 11:00:00Z;2,019697;0;3
2013-10-04 11:00:00Z;1,82802;0;3
2013-10-05 11:00:00Z;1,679499;0;3
2013-10-06 11:00:00Z;2,214218;0;3
2013-10-07 11:00:00Z;5,610353;0;3
2013-10-08 11:00:00Z;3,901229;0;3
2013-10-09 11:00:00Z;3,917154;0;3
2013-10-10 11:00:00Z;6,473674;0;3
2013-10-11 11:00:00Z;11,29708;0;3
2013-10-12 11:00:00Z;14,23658;0;3
2013-10-13 11:00:00Z;9,393543;0;3
2013-10-14 11:00:00Z;6,569751;0;3
2013-10-15 11:00:00Z;5,12555;0;3
2013-10-16 11:00:00Z;3,002793;0;3
2013-10-17 11:00:00Z;2,909446;1;3
2013-10-18 11:00:00Z;3,660663;1;3
2013-10-19 11:00:00Z;3,191209;1;3
2013-10-20 11:00:00Z;2,956482;1;3
2013-10-21 11:00:00Z;2,8156;1;3
2013-10-22 11:00:00Z;2,862861;1;3
2013-10-23 11:00:00Z;3,046027;0;3
2013-10-24 11:00:00Z;4,502096;0;3
2013-10-25 11:00:00Z;8,69507;0;3
2013-10-26 11:00:00Z;7,327752;0;3
2013-10-27 11:00:00Z;4,944393;0;3
2013-10-28 11:00:00Z;4,169236;0;3
2013-10-29 11:00:00Z;4,421247;0;3
2013-10-30 11:00:00Z;4,315929;0;3
2013-10-31 11:00:00Z;3,410935;0;3
2013-11-01 11:00:00Z;3,362237;0;3
2013-11-02 11:00:00Z;3,610688;0;3
2013-11-03 11:00:00Z;3,038543;0;3
2013-11-04 11:00:00Z;3,058354;0;3
2013-11-05 11:00:00Z;2,654686;0;3
2013-11-06 11:00:00Z;2,56143;0;3
2013-11-07 11:00:00Z;2,478701;1;3
2013-11-08 11:00:00Z;2,478701;1;3
2013-11-09 11:00:00Z;2,246674;1;3
2013-11-10 11:00:00Z;2,276156;1;3
2013-11-11 11:00:00Z;2,805923;1;3
2013-11-12 11:00:00Z;3,247697;1;3
2013-11-13 11:00:00Z;3,297909;0;3
2013-11-14 11:00:00Z;2,42072;0;3
2013-11-15 11:00:00Z;2,356108;0;3
2013-11-16 11:00:00Z;2,268281;0;3
2013-11-17 11:00:00Z;4,269537;0;3
2013-11-18 11:00:00Z;4,143342;0;3
2013-11-19 11:00:00Z;3,43937;0;3
2013-11-20 11:00:00Z;2,782739;0;3
2013-11-21 11:00:00Z;2,50437;0;3
2013-11-22 11:00:00Z;2,2555;0;3
2013-11-23 11:00:00Z;2,135061;0;3
2013-11-24 11:00:00Z;2,072501;0;3
2013-11-25 11:00:00Z;2,070614;0;3
2013-11-26 11:00:00Z;2,272574;0;3
2013-11-27 11:00:00Z;2,892509;0;3
2013-11-28 11:00:00Z;2,821458;0;3
2013-11-29 11:00:00Z;2,281566;0;3
2013-11-30 11:00:00Z;2,280547;0;3
2013-12-01 11:00:00Z;2,188829;0;3
2013-12-02 11:00:00Z;2,129234;0;3
2013-12-03 11:00:00Z;9,305695;0;3
2013-12-04 11:00:00Z;8,704362;0;3
2013-12-05 11:00:00Z;7,220678;0;3
2013-12-06 11:00:00Z;5,990001;0;3
2013-12-07 11:00:00Z;4,988666;0;3
2013-12-08 11:00:00Z;4,387586;0;3
2013-12-09 11:00:00Z;4,103406;0;3
2013-12-10 11:00:00Z;4,679121;0;3
2013-12-11 11:00:00Z;13,7454;0;3
2013-12-12 11:00:00Z;16,32237;0;3
2013-12-13 11:00:00Z;14,89446;0;3
2013-12-14 11:00:00Z;11,86797;0;3
2013-12-15 11:00:00Z;10,38463;0;3
2013-12-16 11:00:00Z;8,420557;0;3
2013-12-17 11:00:00Z;6,832537;0;3
2013-12-18 11:00:00Z;5,780257;0;3
2013-12-19 11:00:00Z;4,861987;0;3
2013-12-20 11:00:00Z;4,41319;0;3
2013-12-21 11:00:00Z;4,018972;0;3
2013-12-22 11:00:00Z;3,647109;0;3
2013-12-23 11:00:00Z;3,329;0;3
2013-12-24 11:00:00Z;3,12136;0;3
2013-12-25 11:00:00Z;2,698883;0;3
2013-12-26 11:00:00Z;2,700579;0;3
2013-12-27 11:00:00Z;2,674035;0;3
2013-12-28 11:00:00Z;2,515152;0;3
2013-12-29 11:00:00Z;2,386342;0;3
2013-12-30 11:00:00Z;2,20159;0;3
2013-12-31 11:00:00Z;2,046554;0;3
2014-01-01 11:00:00Z;1,96615;0;3
2014-01-02 11:00:00Z;1,908742;0;3
2014-01-03 11:00:00Z;1,851972;0;3
2014-01-04 11:00:00Z;1,769043;0;3
2014-01-05 11:00:00Z;1,687947;0;3
2014-01-06 11:00:00Z;1,640172;0;3
2014-01-07 11:00:00Z;1,596481;0;3
2014-01-08 11:00:00Z;1,541563;0;3
2014-01-09 11:00:00Z;1,492615;0;3
2014-01-10 11:00:00Z;1,408945;0;3
2014-01-11 11:00:00Z;1,388559;1;3
2014-01-12 11:00:00Z;1,368304;1;3
2014-01-13 11:00:00Z;1,347825;1;3
2014-01-14 11:00:00Z;1,327345;1;3
2014-01-15 11:00:00Z;1,30709;1;3
2014-01-16 11:00:00Z;1,286611;1;3
2014-01-17 11:00:00Z;1,266357;1;3
2014-01-18 11:00:00Z;1,245877;1;3
2014-01-19 11:00:00Z;1,225397;1;3
2014-01-20 11:00:00Z;1,205143;1;3
2014-01-21 11:00:00Z;1,184663;1;3
2014-01-22 11:00:00Z;1,164184;1;3
2014-01-23 11:00:00Z;1,143929;1;3
2014-01-24 11:00:00Z;1,12345;1;3
2014-01-25 11:00:00Z;1,103195;1;3
2014-01-26 11:00:00Z;1,082716;1;3
2014-01-27 11:00:00Z;1,062236;1;3
2014-01-28 11:00:00Z;1,041982;1;3
2014-01-29 11:00:00Z;1,021502;1;3
2014-01-30 11:00:00Z;1,001022;1;3
2014-01-31 11:00:00Z;0,9807677;1;3
2014-02-01 11:00:00Z;0,9602886;1;3
2014-02-02 11:00:00Z;0,9400339;1;3
2014-02-03 11:00:00Z;0,9195544;1;3
2014-02-04 11:00:00Z;0,8990747;1;3
2014-02-05 11:00:00Z;0,8788202;1;3
2014-02-06 11:00:00Z;0,8583406;1;3
2014-02-07 11:00:00Z;0,8378612;1;3
2014-02-08 11:00:00Z;0,8176066;1;3
2014-02-09 11:00:00Z;0,7971271;1;3
2014-02-10 11:00:00Z;0,7768725;1;3
2014-02-11 11:00:00Z;0,7563931;1;3
2014-02-12 11:00:00Z;0,7359136;1;3
2014-02-13 11:00:00Z;0,715659;1;3
2014-02-14 11:00:00Z;0,6951795;1;3
2014-02-15 11:00:00Z;0,6746999;1;3
2014-02-16 11:00:00Z;0,6544455;1;3
2014-02-17 11:00:00Z;0,6339658;1;3
2014-02-18 11:00:00Z;0,6137114;1;3
2014-02-19 11:00:00Z;0,5932317;1;3
2014-02-20 11:00:00Z;0,5727523;1;3
2014-02-21 11:00:00Z;0,5524977;1;3
2014-02-22 11:00:00Z;0,5320528;0;3
2014-02-23 11:00:00Z;0,5613862;0;3
2014-02-24 11:00:00Z;0,9284642;0;3
2014-02-25 11:00:00Z;1,360202;1;3
2014-02-26 11:00:00Z;1,771143;1;3
2014-02-27 11:00:00Z;1,509635;1;3
2014-02-28 11:00:00Z;1,434919;1;3
2014-03-01 11:00:00Z;1,360202;1;3
2014-03-02 11:00:00Z;1,210769;1;3
2014-03-03 11:00:00Z;1,136052;1;3
2014-03-04 11:00:00Z;0,986619;1;3
2014-03-05 11:00:00Z;0,986619;1;3
2014-03-06 11:00:00Z;0,986619;1;3
2014-03-07 11:00:00Z;1,061336;1;3
2014-03-08 11:00:00Z;1,173411;1;3
2014-03-09 11:00:00Z;1,422781;0;3
2014-03-10 11:00:00Z;3,918346;1;3
2014-03-11 11:00:00Z;4,468593;1;3
2014-03-12 11:00:00Z;5,083975;0;3
2014-03-13 11:00:00Z;7,494164;1;3
2014-03-14 11:00:00Z;5,706367;1;3
2014-03-15 11:00:00Z;4,743604;1;3
2014-03-16 11:00:00Z;4,340313;1;3
2014-03-17 11:00:00Z;4,307907;1;3
2014-03-18 11:00:00Z;3,75901;1;3
2014-03-19 11:00:00Z;3,500878;1;3
2014-03-20 11:00:00Z;3,145748;1;3
2014-03-21 11:00:00Z;2,951981;1;3
2014-03-22 11:00:00Z;2,887392;1;3
2014-03-23 11:00:00Z;2,45642;1;3
2014-03-24 11:00:00Z;2,269179;1;3
2014-03-25 11:00:00Z;2,081712;1;3
2014-03-26 11:00:00Z;1,941281;1;3
2014-03-27 11:00:00Z;1,847661;1;3
2014-03-28 11:00:00Z;1,7354;0;3
2014-03-29 11:00:00Z;1,581029;0;3
2014-03-30 11:00:00Z;1,486596;0;3
2014-03-31 11:00:00Z;1,382584;0;3
2014-04-01 11:00:00Z;1,270256;0;3
2014-04-02 11:00:00Z;1,175937;0;3
2014-04-03 11:00:00Z;1,113201;0;3
2014-04-04 11:00:00Z;1,07583;0;3
2014-04-05 11:00:00Z;1,018763;0;3
2014-04-06 11:00:00Z;0,9958201;0;3
2014-04-07 11:00:00Z;0,9356578;0;3
2014-04-08 11:00:00Z;0,8906022;0;3
2014-04-09 11:00:00Z;0,8464375;0;3
2014-04-10 11:00:00Z;0,8163942;0;3
2014-04-11 11:00:00Z;0,9476766;0;3
2014-04-12 11:00:00Z;1,206546;0;3
2014-04-13 11:00:00Z;1,189112;0;3
2014-04-14 11:00:00Z;1,11187;0;3
2014-04-15 11:00:00Z;1,024979;0;3
2014-04-16 11:00:00Z;0,9638442;0;3
2014-04-17 11:00:00Z;1,200456;0;3
2014-04-18 11:00:00Z;1,357952;1;3
2014-04-19 11:00:00Z;1,902136;0;3
2014-04-20 11:00:00Z;3,261875;1;3
2014-04-21 11:00:00Z;7,156256;0;3
2014-04-22 11:00:00Z;5,364742;1;3
2014-04-23 11:00:00Z;3,558491;1;3
2014-04-24 11:00:00Z;2,868712;1;3
2014-04-25 11:00:00Z;3,090222;0;3
2014-04-26 11:00:00Z;3,252538;0;3
2014-04-27 11:00:00Z;4,078242;0;3
2014-04-28 11:00:00Z;6,547406;0;3
2014-04-29 11:00:00Z;6,395616;0;3
2014-04-30 11:00:00Z;4,842235;0;3
2014-05-01 11:00:00Z;3,317954;0;3
2014-05-02 11:00:00Z;2,590497;0;3
2014-05-03 11:00:00Z;2,092171;0;3
2014-05-04 11:00:00Z;1,899161;0;3
2014-05-05 11:00:00Z;1,837133;0;3
2014-05-06 11:00:00Z;1,689424;0;3
2014-05-07 11:00:00Z;1,510278;0;3
2014-05-08 11:00:00Z;1,417238;0;3
2014-05-09 11:00:00Z;1,472122;0;3
2014-05-10 11:00:00Z;1,772392;0;3
2014-05-11 11:00:00Z;2,202047;0;3
2014-05-12 11:00:00Z;2,819909;0;3
2014-05-13 11:00:00Z;3,080846;0;3
2014-05-14 11:00:00Z;2,76511;0;3
2014-05-15 11:00:00Z;2,895677;0;3
2014-05-16 11:00:00Z;4,506733;0;3
2014-05-17 11:00:00Z;7,492496;0;3
2014-05-18 11:00:00Z;16,2039;0;3
2014-05-19 11:00:00Z;17,51288;0;3
2014-05-20 11:00:00Z;24,53599;0;3
2014-05-21 11:00:00Z;30,94223;0;3
2014-05-22 11:00:00Z;49,09366;0;3
2014-05-23 11:00:00Z;65,1664;0;3
2014-05-24 11:00:00Z;59,39199;0;3
2014-05-25 11:00:00Z;43,54688;0;3
2014-05-26 11:00:00Z;42,2872;0;3
2014-05-27 11:00:00Z;35,88372;0;3
2014-05-28 11:00:00Z;32,3305;0;3
2014-05-29 11:00:00Z;32,90357;0;3
2014-05-30 11:00:00Z;33,75817;0;3
2014-05-31 11:00:00Z;33,59617;0;3
2014-06-01 11:00:00Z;27,05549;0;3
2014-06-02 11:00:00Z;28,70687;0;3
2014-06-03 11:00:00Z;40,69141;0;3
2014-06-04 11:00:00Z;51,05713;0;3
2014-06-05 11:00:00Z;68,72901;0;3
2014-06-06 11:00:00Z;80,72874;0;3
2014-06-07 11:00:00Z;76,35607;0;3
2014-06-08 11:00:00Z;68,27732;0;3
2014-06-09 11:00:00Z;58,6765;0;3
2014-06-10 11:00:00Z;50,94529;0;3
2014-06-11 11:00:00Z;48,36498;0;3
2014-06-12 11:00:00Z;68,04092;0;3
2014-06-13 11:00:00Z;54,77288;0;3
2014-06-14 11:00:00Z;39,41795;0;3
2014-06-15 11:00:00Z;32,09934;0;3
2014-06-16 11:00:00Z;29,54923;0;3
2014-06-17 11:00:00Z;24,66329;0;3
2014-06-18 11:00:00Z;25,74369;0;3
2014-06-19 11:00:00Z;25,86602;0;3
2014-06-20 11:00:00Z;19,79384;0;3
2014-06-21 11:00:00Z;18,77542;0;3
2014-06-22 11:00:00Z;17,37219;0;3
2014-06-23 11:00:00Z;15,78664;0;3
2014-06-24 11:00:00Z;17,78715;0;3
2014-06-25 11:00:00Z;19,15197;0;3
2014-06-26 11:00:00Z;20,20764;0;3
2014-06-27 11:00:00Z;21,32534;0;3
2014-06-28 11:00:00Z;22,29328;0;3
2014-06-29 11:00:00Z;22,47494;0;3
2014-06-30 11:00:00Z;23,90399;0;3
2014-07-01 11:00:00Z;25,36077;0;3
2014-07-02 11:00:00Z;25,29966;0;3
2014-07-03 11:00:00Z;26,58175;0;3
2014-07-04 11:00:00Z;23,53568;0;3
2014-07-05 11:00:00Z;29,32468;0;3
2014-07-06 11:00:00Z;51,2603;0;3
2014-07-07 11:00:00Z;58,72483;0;3
2014-07-08 11:00:00Z;52,20432;0;3
2014-07-09 11:00:00Z;40,53083;0;3
2014-07-10 11:00:00Z;41,52071;0;3
2014-07-11 11:00:00Z;39,71879;0;3
2014-07-12 11:00:00Z;34,26321;0;3
2014-07-13 11:00:00Z;34,1466;0;3
2014-07-14 11:00:00Z;29,02054;0;3
2014-07-15 11:00:00Z;38,42132;0;3
2014-07-16 11:00:00Z;35,82662;0;3
2014-07-17 11:00:00Z;34,08736;0;3
2014-07-18 11:00:00Z;17,7195;0;3
2014-07-19 11:00:00Z;18,42925;0;3
2014-07-20 11:00:00Z;17,06657;0;3
2014-07-21 11:00:00Z;16,87255;0;3
2014-07-22 11:00:00Z;15,38127;0;3
2014-07-23 11:00:00Z;14,09056;0;3
2014-07-24 11:00:00Z;11,38643;0;3
2014-07-25 11:00:00Z;10,41587;0;3
2014-07-26 11:00:00Z;11,15465;0;3
2014-07-27 11:00:00Z;9,241548;0;3
2014-07-28 11:00:00Z;8,671271;0;3
2014-07-29 11:00:00Z;7,024107;0;3
2014-07-30 11:00:00Z;6,555087;0;3
2014-07-31 11:00:00Z;14,82553;0;3
2014-08-01 11:00:00Z;10,47724;0;3
2014-08-02 11:00:00Z;8,384592;0;3
2014-08-03 11:00:00Z;7,147418;0;3
2014-08-04 11:00:00Z;8,527375;0;3
2014-08-05 11:00:00Z;12,55955;0;3
2014-08-06 11:00:00Z;8,921315;0;3
2014-08-07 11:00:00Z;7,723674;0;3
2014-08-08 11:00:00Z;6,257042;0;3
2014-08-09 11:00:00Z;3,99288;0;3
2014-08-10 11:00:00Z;3,418142;0;3
2014-08-11 11:00:00Z;3,808451;0;3
2014-08-12 11:00:00Z;3,436011;0;3
2014-08-13 11:00:00Z;3,544054;0;3
2014-08-14 11:00:00Z;2,752621;0;3
2014-08-15 11:00:00Z;2,926088;0;3
2014-08-16 11:00:00Z;2,79113;0;3
2014-08-17 11:00:00Z;2,402832;0;3
2014-08-18 11:00:00Z;2,050304;0;3
2014-08-19 11:00:00Z;3,440037;0;3
2014-08-20 11:00:00Z;4,237873;0;3
2014-08-21 11:00:00Z;4,173167;0;3
2014-08-22 11:00:00Z;3,209305;0;3
2014-08-23 11:00:00Z;3,248414;0;3
2014-08-24 11:00:00Z;3,362603;0;3
2014-08-25 11:00:00Z;2,628967;0;3
2014-08-26 11:00:00Z;2,22926;0;3
2014-08-27 11:00:00Z;2,008842;0;3
2014-08-28 11:00:00Z;1,806295;0;3
2014-08-29 11:00:00Z;1,617451;0;3
2014-08-30 11:00:00Z;1,471976;0;3
2014-08-31 11:00:00Z;1,336111;0;3
2014-09-01 11:00:00Z;1,245874;0;3
2014-09-02 11:00:00Z;1,249132;0;3
2014-09-03 11:00:00Z;1,543916;0;3
2014-09-04 11:00:00Z;2,928466;0;3
2014-09-05 11:00:00Z;3,295202;0;3
2014-09-06 11:00:00Z;3,529241;0;3
2014-09-07 11:00:00Z;2,704038;0;3
2014-09-08 11:00:00Z;2,238886;0;3
2014-09-09 11:00:00Z;2,086095;0;3
2014-09-10 11:00:00Z;2,139575;0;3
2014-09-11 11:00:00Z;1,950287;0;3
2014-09-12 11:00:00Z;2,417017;0;3
2014-09-13 11:00:00Z;2,133703;0;3
2014-09-14 11:00:00Z;1,83994;0;3
2014-09-15 11:00:00Z;1,637122;0;3
2014-09-16 11:00:00Z;1,410129;0;3
2014-09-17 11:00:00Z;1,271325;0;3
2014-09-18 11:00:00Z;1,195975;0;3
2014-09-19 11:00:00Z;1,167344;0;3
2014-09-20 11:00:00Z;1,724097;0;3
2014-09-21 11:00:00Z;3,365831;0;3
2014-09-22 11:00:00Z;3,169811;0;3
2014-09-23 11:00:00Z;2,388761;0;3
2014-09-24 11:00:00Z;1,826892;0;3
2014-09-25 11:00:00Z;1,732435;3;3
2014-09-26 11:00:00Z;4,32321;3;3
2014-09-27 11:00:00Z;34,58928;1;3
2014-09-28 11:00:00Z;24,12483;0;3
2014-09-29 11:00:00Z;43,22452;0;3
2014-09-30 11:00:00Z;23,94045;0;3
2014-10-01 11:00:00Z;11,75999;1;3
2014-10-02 11:00:00Z;10,7148;1;3
2014-10-03 11:00:00Z;11,67371;1;3
2014-10-04 11:00:00Z;9,540792;0;3
2014-10-05 11:00:00Z;12,24097;0;3
2014-10-06 11:00:00Z;9,635288;1;3
2014-10-07 11:00:00Z;6,079317;0;3
2014-10-08 11:00:00Z;3,990898;0;3
2014-10-09 11:00:00Z;3,827713;0;3
2014-10-10 11:00:00Z;2,783521;0;3
2014-10-11 11:00:00Z;2,331518;1;3
2014-10-12 11:00:00Z;2,087564;1;3
2014-10-13 11:00:00Z;1,95636;1;3
2014-10-14 11:00:00Z;1,693726;1;3
2014-10-15 11:00:00Z;1,59988;1;3
2014-10-16 11:00:00Z;1,468676;1;3
2014-10-17 11:00:00Z;1,299664;1;3
2014-10-18 11:00:00Z;1,337247;1;3
2014-10-19 11:00:00Z;1,243401;1;3
2014-10-20 11:00:00Z;1,100089;0;3
2014-10-21 11:00:00Z;1,088607;0;3
2014-10-22 11:00:00Z;1,178084;1;3
2014-10-23 11:00:00Z;1,313418;1;3
2014-10-24 11:00:00Z;1,120568;1;3
2014-10-25 11:00:00Z;1,050931;1;3
2014-10-26 11:00:00Z;1,085437;1;3
2014-10-27 11:00:00Z;1,584143;0;3
2014-10-28 11:00:00Z;1,427394;0;3
2014-10-29 11:00:00Z;1,677989;0;3
2014-10-30 11:00:00Z;2,690454;0;3
2014-10-31 11:00:00Z;2,095041;0;3
2014-11-01 11:00:00Z;1,643986;1;3
2014-11-02 11:00:00Z;1,473515;1;3
2014-11-03 11:00:00Z;1,871874;1;3
2014-11-04 11:00:00Z;1,617749;1;3
2014-11-05 11:00:00Z;1,392178;1;3
2014-11-06 11:00:00Z;1,328964;1;3
2014-11-07 11:00:00Z;1,328964;1;3
2014-11-08 11:00:00Z;1,328964;1;3
2014-11-09 11:00:00Z;1,36828;1;3
2014-11-10 11:00:00Z;1,688242;1;3
2014-11-11 11:00:00Z;1,328964;1;3
2014-11-12 11:00:00Z;1,22228;1;3
2014-11-13 11:00:00Z;1,163553;1;3
2014-11-14 11:00:00Z;1,078486;1;3
2014-11-15 11:00:00Z;0,9446859;1;3
2014-11-16 11:00:00Z;0,8088621;1;3
2014-11-17 11:00:00Z;0,7397155;1;3
2014-11-18 11:00:00Z;0,6424335;1;3
2014-11-19 11:00:00Z;0,5720373;1;3
2014-11-20 11:00:00Z;0,5000203;0;3
2014-11-21 11:00:00Z;0,565815;0;3
2014-11-22 11:00:00Z;0,6385303;0;3
2014-11-23 11:00:00Z;0,5849062;0;3
2014-11-24 11:00:00Z;0,6094307;0;3
2014-11-25 11:00:00Z;0,6395216;0;3
2014-11-26 11:00:00Z;0,7424006;0;3
2014-11-27 11:00:00Z;0,7394513;0;3
2014-11-28 11:00:00Z;0,7168767;0;3
2014-11-29 11:00:00Z;0,6279603;0;3
2014-11-30 11:00:00Z;0,4957091;0;3
2014-12-01 11:00:00Z;0,4308764;0;3
2014-12-02 11:00:00Z;0,5162594;0;3
2014-12-03 11:00:00Z;0,5955191;0;3
2014-12-04 11:00:00Z;0,698081;0;3
2014-12-05 11:00:00Z;1,272333;0;3
2014-12-06 11:00:00Z;1,129487;0;3
2014-12-07 11:00:00Z;1,012036;1;3
2014-12-08 11:00:00Z;0,9336591;0;3
2014-12-09 11:00:00Z;0,8430348;0;3
2014-12-10 11:00:00Z;0,7936487;0;3
2014-12-11 11:00:00Z;0,7435473;0;3
2014-12-12 11:00:00Z;0,7487296;0;3
2014-12-13 11:00:00Z;0,6587865;0;3
2014-12-14 11:00:00Z;0,6172744;0;3
2014-12-15 11:00:00Z;0,5858306;0;3
2014-12-16 11:00:00Z;0,5621786;0;3
2014-12-17 11:00:00Z;0,5748206;0;3
2014-12-18 11:00:00Z;0,5746849;0;3
2014-12-19 11:00:00Z;0,5424044;0;3
2014-12-20 11:00:00Z;0,5336718;0;3
2014-12-21 11:00:00Z;0,5297164;0;3
2014-12-22 11:00:00Z;0,7576285;0;3
2014-12-23 11:00:00Z;0,6431392;1;3
2014-12-24 11:00:00Z;0,5557829;0;3
2014-12-25 11:00:00Z;0,6581526;0;3
2014-12-26 11:00:00Z;0,8734573;0;3
2014-12-27 11:00:00Z;0,7486126;0;3
2014-12-28 11:00:00Z;0,6396116;0;3
2014-12-29 11:00:00Z;0,5524977;1;3
2014-12-30 11:00:00Z;0,9299067;1;3
2014-12-31 11:00:00Z;4,232065;1;3
2015-01-01 11:00:00Z;11,899;1;3
2015-01-02 11:00:00Z;7,832001;1;3
2015-01-03 11:00:00Z;5,677542;0;3
2015-01-04 11:00:00Z;4,405001;1;3
2015-01-05 11:00:00Z;3,689;1;3
2015-01-06 11:00:00Z;3,078;1;3
2015-01-07 11:00:00Z;2,549;1;3
2015-01-08 11:00:00Z;1,968;1;3
2015-01-09 11:00:00Z;1,651;1;3
2015-01-10 11:00:00Z;1,387;1;3
2015-01-11 11:00:00Z;1,111;1;3
2015-01-12 11:00:00Z;1,017;1;3
2015-01-13 11:00:00Z;1,017;1;3
2015-01-14 11:00:00Z;1,017;1;3
2015-01-15 11:00:00Z;1,017;1;3
2015-01-16 11:00:00Z;1,016;1;3
2015-01-17 11:00:00Z;1,016;1;3
2015-01-18 11:00:00Z;1,011;1;3
2015-01-19 11:00:00Z;1,011;1;3
2015-01-20 11:00:00Z;0,9620001;1;3
2015-01-21 11:00:00Z;0,89;1;3
2015-01-22 11:00:00Z;0,8279999;1;3
2015-01-23 11:00:00Z;0,7780001;1;3
2015-01-24 11:00:00Z;0,735;1;3
2015-01-25 11:00:00Z;0,702;1;3
2015-01-26 11:00:00Z;0,677;1;3
2015-01-27 11:00:00Z;0,637;1;3
2015-01-28 11:00:00Z;0,6259999;1;3
2015-01-29 11:00:00Z;0,601;1;3
2015-01-30 11:00:00Z;0,583;1;3
2015-01-31 11:00:00Z;0,59;1;3
2015-02-01 11:00:00Z;0,551;1;3
2015-02-02 11:00:00Z;0,6289687;0;3
2015-02-03 11:00:00Z;0,5228151;0;3
2015-02-04 11:00:00Z;0,4538214;0;3
2015-02-05 11:00:00Z;0,463684;0;3
2015-02-06 11:00:00Z;0,6398766;0;3
2015-02-07 11:00:00Z;1,475;1;3
2015-02-08 11:00:00Z;1,374;1;3
2015-02-09 11:00:00Z;1,239;1;3
2015-02-10 11:00:00Z;3,594;1;3
2015-02-11 11:00:00Z;7,093;1;3
2015-02-12 11:00:00Z;4,671;1;3
2015-02-13 11:00:00Z;3,157;1;3
2015-02-14 11:00:00Z;3,04;1;3
2015-02-15 11:00:00Z;2,673;1;3
2015-02-16 11:00:00Z;2,273;1;3
2015-02-17 11:00:00Z;1,839;1;3
2015-02-18 11:00:00Z;1,539;1;3
2015-02-19 11:00:00Z;1,439;1;3
2015-02-20 11:00:00Z;1,072;1;3
2015-02-21 11:00:00Z;1,005;1;3
2015-02-22 11:00:00Z;1,405;1;3
2015-02-23 11:00:00Z;1,317;1;3
2015-02-24 11:00:00Z;1,24;1;3
2015-02-25 11:00:00Z;1,179;1;3
2015-02-26 11:00:00Z;1,123;1;3
2015-02-27 11:00:00Z;1,057;1;3
2015-02-28 11:00:00Z;1,062;1;3
2015-03-01 11:00:00Z;1,036;1;3
2015-03-02 11:00:00Z;1,001;1;3
2015-03-03 11:00:00Z;0,9649999;1;3
2015-03-04 11:00:00Z;0,9340001;1;3
2015-03-05 11:00:00Z;0,9077623;0;3
2015-03-06 11:00:00Z;0,8771227;0;3
2015-03-07 11:00:00Z;0,8575847;0;3
2015-03-08 11:00:00Z;0,8407189;0;3
2015-03-09 11:00:00Z;0,8421941;0;3
2015-03-10 11:00:00Z;0,8309482;0;3
2015-03-11 11:00:00Z;0,769;1;3
2015-03-12 11:00:00Z;0,715;1;3
2015-03-13 11:00:00Z;0,7013659;0;3
2015-03-14 11:00:00Z;0,6799999;1;3
2015-03-15 11:00:00Z;0,6569999;1;3
2015-03-16 11:00:00Z;0,6320001;1;3
2015-03-17 11:00:00Z;0,6286376;0;3
2015-03-18 11:00:00Z;0,5876493;0;3
2015-03-19 11:00:00Z;0,5726613;0;3
2015-03-20 11:00:00Z;0,5685861;0;3
2015-03-21 11:00:00Z;0,5363006;0;3
2015-03-22 11:00:00Z;0,5475202;0;3
2015-03-23 11:00:00Z;0,561761;0;3
2015-03-24 11:00:00Z;0,5575688;0;3
2015-03-25 11:00:00Z;0,5386726;0;3
2015-03-26 11:00:00Z;0,5469999;1;3
2015-03-27 11:00:00Z;0,5440001;1;3
2015-03-28 11:00:00Z;0,538;1;3
2015-03-29 11:00:00Z;0,532;1;3
2015-03-30 11:00:00Z;0,5260001;1;3
2015-03-31 11:00:00Z;0,495;1;3
2015-04-01 11:00:00Z;0,4950166;0;3
2015-04-02 11:00:00Z;0,4842502;0;3
2015-04-03 11:00:00Z;0,477424;0;3
2015-04-04 11:00:00Z;0,4602904;0;3
2015-04-05 11:00:00Z;0,4469331;0;3
2015-04-06 11:00:00Z;0,4740299;0;3
2015-04-07 11:00:00Z;1,123172;0;3
2015-04-08 11:00:00Z;1,865;1;3
2015-04-09 11:00:00Z;1,656;1;3
2015-04-10 11:00:00Z;1,389;1;3
2015-04-11 11:00:00Z;1,189;1;3
2015-04-12 11:00:00Z;1,513;1;3
2015-04-13 11:00:00Z;1,846;1;3
2015-04-14 11:00:00Z;1,412346;0;3
2015-04-15 11:00:00Z;1,088897;0;3
2015-04-16 11:00:00Z;0,9456397;0;3
2015-04-17 11:00:00Z;0,8754778;0;3
2015-04-18 11:00:00Z;0,8818221;0;3
2015-04-19 11:00:00Z;1,468307;0;3
2015-04-20 11:00:00Z;3,63;1;3
2015-04-21 11:00:00Z;4,962;1;3
2015-04-22 11:00:00Z;6,646;1;3
2015-04-23 11:00:00Z;6,169;1;3
2015-04-24 11:00:00Z;4,88;1;3
2015-04-25 11:00:00Z;3,819;1;3
2015-04-26 11:00:00Z;2,971654;0;3
2015-04-27 11:00:00Z;2,409;2;3
2015-04-28 11:00:00Z;1,84634;0;3
2015-04-29 11:00:00Z;1,664731;0;3
2015-04-30 11:00:00Z;1,399143;0;3
2015-05-01 11:00:00Z;1,415425;0;3
2015-05-02 11:00:00Z;1,354908;0;3
2015-05-03 11:00:00Z;1,295001;0;3
2015-05-04 11:00:00Z;1,239092;0;3
2015-05-05 11:00:00Z;1,353312;0;3
2015-05-06 11:00:00Z;3,695;1;3
2015-05-07 11:00:00Z;7,994;1;3
2015-05-08 11:00:00Z;10,041;1;3
2015-05-09 11:00:00Z;12,139;1;3
2015-05-10 11:00:00Z;9,734001;1;3
2015-05-11 11:00:00Z;8,557001;1;3
2015-05-12 11:00:00Z;10,553;1;3
2015-05-13 11:00:00Z;13,06;1;3
2015-05-14 11:00:00Z;14,033;1;3
2015-05-15 11:00:00Z;10,299;1;3
2015-05-16 11:00:00Z;9,604999;1;3
2015-05-17 11:00:00Z;9,281999;1;3
2015-05-18 11:00:00Z;9,555;1;3
2015-05-19 11:00:00Z;9,609;1;3
2015-05-20 11:00:00Z;10,264;1;3
2015-05-21 11:00:00Z;11,3;1;3
2015-05-22 11:00:00Z;12,39;1;3
2015-05-23 11:00:00Z;12,772;1;3
2015-05-24 11:00:00Z;12,79493;0;3
2015-05-25 11:00:00Z;12,97502;0;3
2015-05-26 11:00:00Z;14,17751;0;3
2015-05-27 11:00:00Z;16,32558;0;3
2015-05-28 11:00:00Z;19,91566;0;3
2015-05-29 11:00:00Z;21,34932;0;3
2015-05-30 11:00:00Z;24,87143;0;3
2015-05-31 11:00:00Z;25,71302;0;3
2015-06-01 11:00:00Z;26,052;1;3
2015-06-02 11:00:00Z;32,977;1;3
2015-06-03 11:00:00Z;29,211;1;3
2015-06-04 11:00:00Z;25,444;1;3
2015-06-05 11:00:00Z;23,13917;0;3
2015-06-06 11:00:00Z;21,00791;0;3
2015-06-07 11:00:00Z;20,73986;0;3
2015-06-08 11:00:00Z;21,74627;0;3
2015-06-09 11:00:00Z;20,79126;0;3
2015-06-10 11:00:00Z;36,22042;0;3
2015-06-11 11:00:00Z;33,9836;0;3
2015-06-12 11:00:00Z;22,77394;0;3
2015-06-13 11:00:00Z;18,84105;0;3
2015-06-14 11:00:00Z;16,92092;0;3
2015-06-15 11:00:00Z;16,50396;0;3
2015-06-16 11:00:00Z;15,15289;0;3
2015-06-17 11:00:00Z;15,5766;0;3
2015-06-18 11:00:00Z;18,86529;1;3
2015-06-19 11:00:00Z;22,92417;0;3
2015-06-20 11:00:00Z;22,59406;1;3
2015-06-21 11:00:00Z;24,39963;0;3
2015-06-22 11:00:00Z;28,2723;0;3
2015-06-23 11:00:00Z;33,36765;0;3
2015-06-24 11:00:00Z;34,95577;0;3
2015-06-25 11:00:00Z;33,86418;0;3
2015-06-26 11:00:00Z;35,27457;0;3
2015-06-27 11:00:00Z;35,90696;0;3
2015-06-28 11:00:00Z;33,07112;0;3
2015-06-29 11:00:00Z;33,60555;0;3
2015-06-30 11:00:00Z;29,80566;0;3
2015-07-01 11:00:00Z;28,16271;0;3
2015-07-02 11:00:00Z;43,97371;0;3
2015-07-03 11:00:00Z;63,23966;0;3
2015-07-04 11:00:00Z;73,38824;0;3
2015-07-05 11:00:00Z;58,11938;0;3
2015-07-06 11:00:00Z;50,15587;0;3
2015-07-07 11:00:00Z;48,14885;0;3
2015-07-08 11:00:00Z;43,23619;1;3
2015-07-09 11:00:00Z;37,27701;0;3
2015-07-10 11:00:00Z;35,14878;1;3
2015-07-11 11:00:00Z;37,04961;0;3
2015-07-12 11:00:00Z;37,34237;1;3
2015-07-13 11:00:00Z;35,77385;0;3
2015-07-14 11:00:00Z;34,87583;0;3
2015-07-15 11:00:00Z;33,09732;0;3
2015-07-16 11:00:00Z;28,86461;0;3
2015-07-17 11:00:00Z;27,45121;0;3
2015-07-18 11:00:00Z;27,47918;0;3
2015-07-19 11:00:00Z;37,01359;0;3
2015-07-20 11:00:00Z;29,10841;0;3
2015-07-21 11:00:00Z;22,47271;0;3
2015-07-22 11:00:00Z;24,02498;0;3
2015-07-23 11:00:00Z;29,03135;0;3
2015-07-24 11:00:00Z;27,09816;0;3
2015-07-25 11:00:00Z;29,49176;0;3
2015-07-26 11:00:00Z;25,91946;0;3
2015-07-27 11:00:00Z;42,99187;0;3
2015-07-28 11:00:00Z;45,24635;0;3
2015-07-29 11:00:00Z;36,62193;0;3
2015-07-30 11:00:00Z;38,80813;0;3
2015-07-31 11:00:00Z;38,48848;0;3
2015-08-01 11:00:00Z;27,67509;0;3
2015-08-02 11:00:00Z;23,43964;1;3
2015-08-03 11:00:00Z;25,18556;0;3
2015-08-04 11:00:00Z;20,9676;1;3
2015-08-05 11:00:00Z;30,91521;0;3
2015-08-06 11:00:00Z;36,14987;0;3
2015-08-07 11:00:00Z;23,87984;0;3
2015-08-08 11:00:00Z;24,07108;0;3
2015-08-09 11:00:00Z;19,85835;1;3
2015-08-10 11:00:00Z;19,04632;0;3
2015-08-11 11:00:00Z;22,08109;1;3
2015-08-12 11:00:00Z;31,81353;0;3
2015-08-13 11:00:00Z;21,69272;0;3
2015-08-14 11:00:00Z;16,01538;1;3
2015-08-15 11:00:00Z;14,59571;1;3
2015-08-16 11:00:00Z;23,51561;0;3
2015-08-17 11:00:00Z;21,31787;0;3
2015-08-18 11:00:00Z;15,08738;0;3
2015-08-19 11:00:00Z;12,56202;0;3
2015-08-20 11:00:00Z;11,11781;0;3
2015-08-21 11:00:00Z;9,831161;1;3
2015-08-22 11:00:00Z;9,49319;0;3
2015-08-23 11:00:00Z;8,67783;0;3
2015-08-24 11:00:00Z;8,125346;0;3
2015-08-25 11:00:00Z;9,087263;0;3
2015-08-26 11:00:00Z;9,997332;0;3
2015-08-27 11:00:00Z;13,817;0;3
2015-08-28 11:00:00Z;20,54121;0;3
2015-08-29 11:00:00Z;15,23315;1;3
2015-08-30 11:00:00Z;11,39443;1;3
2015-08-31 11:00:00Z;10,46601;1;3
2015-09-01 11:00:00Z;7,858926;1;3
2015-09-02 11:00:00Z;5,091976;0;3
2015-09-03 11:00:00Z;3,878273;1;3
2015-09-04 11:00:00Z;3,258609;0;3
2015-09-05 11:00:00Z;3,239085;0;3
2015-09-06 11:00:00Z;3,677267;0;3
2015-09-07 11:00:00Z;3,5809;0;3
2015-09-08 11:00:00Z;3,153427;0;3
2015-09-09 11:00:00Z;2,697247;1;3
2015-09-10 11:00:00Z;2,629757;0;3
2015-09-11 11:00:00Z;2,519638;0;3
2015-09-12 11:00:00Z;2,649927;0;3
2015-09-13 11:00:00Z;2,99862;0;3
2015-09-14 11:00:00Z;4,070248;0;3
2015-09-15 11:00:00Z;4,366711;0;3
2015-09-16 11:00:00Z;4,519083;0;3
2015-09-17 11:00:00Z;4,157;1;3
2015-09-18 11:00:00Z;7,355581;1;3
2015-09-19 11:00:00Z;6,444046;0;3
2015-09-20 11:00:00Z;6,11231;0;3
2015-09-21 11:00:00Z;4,726882;0;3
2015-09-22 11:00:00Z;3,721741;0;3
2015-09-23 11:00:00Z;3,098251;0;3
2015-09-24 11:00:00Z;2,905985;0;3
2015-09-25 11:00:00Z;2,789694;0;3
2015-09-26 11:00:00Z;4,131857;0;3
2015-09-27 11:00:00Z;5,134037;0;3
2015-09-28 11:00:00Z;4,207788;0;3
2015-09-29 11:00:00Z;3,633596;0;3
2015-09-30 11:00:00Z;12,60859;0;3
2015-10-01 11:00:00Z;24,49116;0;3
2015-10-02 11:00:00Z;46,61599;0;3
2015-10-03 11:00:00Z;25,63226;0;3
2015-10-04 11:00:00Z;18,09025;1;3
2015-10-05 11:00:00Z;11,56349;0;3
2015-10-06 11:00:00Z;6,951046;0;3
2015-10-07 11:00:00Z;5,790308;0;3
2015-10-08 11:00:00Z;4,798584;0;3
2015-10-09 11:00:00Z;3,90332;0;3
2015-10-10 11:00:00Z;4,162329;0;3
2015-10-11 11:00:00Z;4,620162;0;3
2015-10-12 11:00:00Z;6,510414;0;3
2015-10-13 11:00:00Z;7,6887;1;3
2015-10-14 11:00:00Z;10,35377;1;3
2015-10-15 11:00:00Z;14,95844;0;3
2015-10-16 11:00:00Z;22,54166;0;3
2015-10-17 11:00:00Z;16,2232;0;3
2015-10-18 11:00:00Z;11,32843;1;3
2015-10-19 11:00:00Z;7,874922;0;3
2015-10-20 11:00:00Z;6,177209;0;3
2015-10-21 11:00:00Z;5,362241;0;3
2015-10-22 11:00:00Z;5,316486;0;3
2015-10-23 11:00:00Z;7,927712;0;3
2015-10-24 11:00:00Z;6,854632;0;3
2015-10-25 11:00:00Z;7,653603;0;3
2015-10-26 11:00:00Z;5,843549;0;3
2015-10-27 11:00:00Z;4,170302;0;3
2015-10-28 11:00:00Z;4,212682;0;3
2015-10-29 11:00:00Z;4,776555;1;3
2015-10-30 11:00:00Z;4,80688;0;3
2015-10-31 11:00:00Z;5,477031;0;3
2015-11-01 11:00:00Z;19,18356;0;3
2015-11-02 11:00:00Z;17,24939;0;3
2015-11-03 11:00:00Z;19,37213;0;3
2015-11-04 11:00:00Z;26,19055;0;3
2015-11-05 11:00:00Z;14,3194;0;3
2015-11-06 11:00:00Z;8,624158;0;3
2015-11-07 11:00:00Z;6,715;1;3
2015-11-08 11:00:00Z;5,29;1;3
2015-11-09 11:00:00Z;4,267535;0;3
2015-11-10 11:00:00Z;3,416;1;3
2015-11-11 11:00:00Z;3,042;1;3
2015-11-12 11:00:00Z;2,642388;0;3
2015-11-13 11:00:00Z;2,468;1;3
2015-11-14 11:00:00Z;2,521;1;3
2015-11-15 11:00:00Z;2,442;1;3
2015-11-16 11:00:00Z;2,442;1;3
2015-11-17 11:00:00Z;2,367;1;3
2015-11-18 11:00:00Z;2,292;1;3
2015-11-19 11:00:00Z;2,309;1;3
2015-11-20 11:00:00Z;2,292;1;3
2015-11-21 11:00:00Z;2,301;1;3
2015-11-22 11:00:00Z;2,292;1;3
2015-11-23 11:00:00Z;2,301;1;3
2015-11-24 11:00:00Z;2,301;1;3
2015-11-25 11:00:00Z;2,281;1;3
2015-11-26 11:00:00Z;2,362;1;3
2015-11-27 11:00:00Z;2,226;1;3
2015-11-28 11:00:00Z;2,256;1;3
2015-11-29 11:00:00Z;2,323237;0;3
2015-11-30 11:00:00Z;2,176107;0;3
2015-12-01 11:00:00Z;2,097581;0;3
2015-12-02 11:00:00Z;2,057501;0;3
2015-12-03 11:00:00Z;1,858692;0;3
2015-12-04 11:00:00Z;2,021564;0;3
2015-12-05 11:00:00Z;1,970908;0;3
2015-12-06 11:00:00Z;1,927656;0;3
2015-12-07 11:00:00Z;1,86053;0;3
2015-12-08 11:00:00Z;1,988831;0;3
2015-12-09 11:00:00Z;1,905425;0;3
2015-12-10 11:00:00Z;2,249129;0;3
2015-12-11 11:00:00Z;2,298253;1;3
2015-12-12 11:00:00Z;2,110203;0;3
2015-12-13 11:00:00Z;1,976953;0;3
2015-12-14 11:00:00Z;1,881776;0;3
2015-12-15 11:00:00Z;1,815126;0;3
2015-12-16 11:00:00Z;1,881632;0;3
2015-12-17 11:00:00Z;1,851326;0;3
2015-12-18 11:00:00Z;1,776533;0;3
2015-12-19 11:00:00Z;1,728485;0;3
2015-12-20 11:00:00Z;2,371;1;3
2015-12-21 11:00:00Z;3,522;1;3
2015-12-22 11:00:00Z;4,453453;1;3
2015-12-23 11:00:00Z;3,742;1;3
2015-12-24 11:00:00Z;3,251;1;3
2015-12-25 11:00:00Z;2,879;1;3
2015-12-26 11:00:00Z;2,608;1;3
2015-12-27 11:00:00Z;2,287;1;3
2015-12-28 11:00:00Z;2,151;1;3
2015-12-29 11:00:00Z;1,932;1;3
2015-12-30 11:00:00Z;1,847;1;3
2015-12-31 11:00:00Z;1,864;1;3
2016-01-01 11:00:00Z;1,869491;1;3
2016-01-02 11:00:00Z;1,73221;1;3
2016-01-03 11:00:00Z;1,718831;0;3
2016-01-04 11:00:00Z;1,591831;0;3
2016-01-05 11:00:00Z;1,582777;2;3
2016-01-06 11:00:00Z;1,57355;2;3
2016-01-07 11:00:00Z;1,564548;2;3
2016-01-08 11:00:00Z;1,555546;2;3
2016-01-09 11:00:00Z;1,546544;2;3
2016-01-10 11:00:00Z;1,537317;2;3
2016-01-11 11:00:00Z;1,528315;2;3
2016-01-12 11:00:00Z;1,519313;2;3
2016-01-13 11:00:00Z;1,510086;2;3
2016-01-14 11:00:00Z;1,501083;2;3
2016-01-15 11:00:00Z;1,492082;2;3
2016-01-16 11:00:00Z;1,48308;2;3
2016-01-17 11:00:00Z;1,473853;2;3
2016-01-18 11:00:00Z;1,46485;2;3
2016-01-19 11:00:00Z;1,455849;2;3
2016-01-20 11:00:00Z;1,446622;2;3
2016-01-21 11:00:00Z;1,437619;2;3
2016-01-22 11:00:00Z;1,428617;2;3
2016-01-23 11:00:00Z;1,419615;2;3
2016-01-24 11:00:00Z;1,410388;2;3
2016-01-25 11:00:00Z;1,401387;2;3
2016-01-26 11:00:00Z;1,392384;2;3
2016-01-27 11:00:00Z;1,383157;2;3
2016-01-28 11:00:00Z;1,374155;2;3
2016-01-29 11:00:00Z;1,365153;2;3
2016-01-30 11:00:00Z;1,356151;2;3
2016-01-31 11:00:00Z;1,346924;2;3
2016-02-01 11:00:00Z;1,337922;2;3
2016-02-02 11:00:00Z;1,32892;2;3
2016-02-03 11:00:00Z;1,319693;2;3
2016-02-04 11:00:00Z;1,310691;2;3
2016-02-05 11:00:00Z;1,301689;2;3
2016-02-06 11:00:00Z;1,292687;2;3
2016-02-07 11:00:00Z;1,28346;2;3
2016-02-08 11:00:00Z;1,274458;2;3
2016-02-09 11:00:00Z;1,265456;2;3
2016-02-10 11:00:00Z;1,256229;2;3
2016-02-11 11:00:00Z;1,247227;2;3
2016-02-12 11:00:00Z;1,238225;2;3
2016-02-13 11:00:00Z;1,229223;2;3
2016-02-14 11:00:00Z;1,219996;2;3
2016-02-15 11:00:00Z;1,210931;1;3
2016-02-16 11:00:00Z;1,1915;0;3
2016-02-17 11:00:00Z;1,136731;0;3
2016-02-18 11:00:00Z;1,103699;0;3
2016-02-19 11:00:00Z;1,03696;0;3
2016-02-20 11:00:00Z;0,9932653;0;3
2016-02-21 11:00:00Z;0,9693053;0;3
2016-02-22 11:00:00Z;0,9590295;0;3
2016-02-23 11:00:00Z;0,9152162;0;3
2016-02-24 11:00:00Z;0,8773852;0;3
2016-02-25 11:00:00Z;0,8532165;0;3
2016-02-26 11:00:00Z;0,8334703;0;3
2016-02-27 11:00:00Z;0,7889211;0;3
2016-02-28 11:00:00Z;0,7713837;0;3
2016-02-29 11:00:00Z;0,7509003;0;3
2016-03-01 11:00:00Z;0,7205184;0;3
2016-03-02 11:00:00Z;0,684542;0;3
2016-03-03 11:00:00Z;0,681259;0;3
2016-03-04 11:00:00Z;0,6634379;0;3
2016-03-05 11:00:00Z;0,6380298;0;3
2016-03-06 11:00:00Z;0,6213418;0;3
2016-03-07 11:00:00Z;0,6010368;0;3
2016-03-08 11:00:00Z;0,5827506;0;3
2016-03-09 11:00:00Z;0,5612714;0;3
2016-03-10 11:00:00Z;0,5391523;0;3
2016-03-11 11:00:00Z;0,5293067;0;3
2016-03-12 11:00:00Z;0,5420841;0;3
2016-03-13 11:00:00Z;0,5309442;0;3
2016-03-14 11:00:00Z;0,5460114;0;3
2016-03-15 11:00:00Z;0,9392169;0;3
2016-03-16 11:00:00Z;4,152967;0;3
2016-03-17 11:00:00Z;9,020439;0;3
2016-03-18 11:00:00Z;9,132299;0;3
2016-03-19 11:00:00Z;7,639066;0;3
2016-03-20 11:00:00Z;5,4360289999999996;0;3
2016-03-21 11:00:00Z;4,186264;0;3
2016-03-22 11:00:00Z;3,399112;0;3
2016-03-23 11:00:00Z;2,774197;0;3
2016-03-24 11:00:00Z;2,339684;0;3
2016-03-25 11:00:00Z;2,11101;0;3
2016-03-26 11:00:00Z;1,91457;0;3
2016-03-27 11:00:00Z;1,645192;0;3
2016-03-28 11:00:00Z;1,738946;0;3
2016-03-29 11:00:00Z;2,11201;0;3
2016-03-30 11:00:00Z;2,995317;0;3
2016-03-31 11:00:00Z;2,800933;1;3
2016-04-01 11:00:00Z;2,255815;1;3
2016-04-02 11:00:00Z;1,835305;1;3
2016-04-03 11:00:00Z;1,618381;1;3
2016-04-04 11:00:00Z;1,5529;0;3
2016-04-05 11:00:00Z;1,5883;0;3
2016-04-06 11:00:00Z;1,569047;0;3
2016-04-07 11:00:00Z;1,519434;0;3
2016-04-08 11:00:00Z;1,476031;0;3
2016-04-09 11:00:00Z;1,447735;0;3
2016-04-10 11:00:00Z;1,466238;0;3
2016-04-11 11:00:00Z;1,344222;0;3
2016-04-12 11:00:00Z;1,291613;0;3
2016-04-13 11:00:00Z;1,278418;0;3
2016-04-14 11:00:00Z;1,283425;0;3
2016-04-15 11:00:00Z;1,252369;0;3
2016-04-16 11:00:00Z;1,226819;0;3
2016-04-17 11:00:00Z;1,187099;0;3
2016-04-18 11:00:00Z;1,152897;0;3
2016-04-19 11:00:00Z;1,116262;0;3
2016-04-20 11:00:00Z;1,060383;1;3
2016-04-21 11:00:00Z;1,022598;0;3
2016-04-22 11:00:00Z;1,017487;0;3
2016-04-23 11:00:00Z;0,9610441;0;3
2016-04-24 11:00:00Z;0,9527348;0;3
2016-04-25 11:00:00Z;0,9634601;0;3
2016-04-26 11:00:00Z;0,9166323;0;3
2016-04-27 11:00:00Z;0,9145561;0;3
2016-04-28 11:00:00Z;1,490385;0;3
2016-04-29 11:00:00Z;4,62711;0;3
2016-04-30 11:00:00Z;7,653609;1;3
2016-05-01 11:00:00Z;6,939302;1;3
2016-05-02 11:00:00Z;6,807721;1;3
2016-05-03 11:00:00Z;6,726904;1;3
2016-05-04 11:00:00Z;9,537746;1;3
2016-05-05 11:00:00Z;11,27877;1;3
2016-05-06 11:00:00Z;13,75261;1;3
2016-05-07 11:00:00Z;15,86431;1;3
2016-05-08 11:00:00Z;19,3328;1;3
2016-05-09 11:00:00Z;18,64174;1;3
2016-05-10 11:00:00Z;14,40006;1;3
2016-05-11 11:00:00Z;10,84325;1;3
2016-05-12 11:00:00Z;9,179009;1;3
2016-05-13 11:00:00Z;8,28585;1;3
2016-05-14 11:00:00Z;7,607059;1;3
2016-05-15 11:00:00Z;7,372447;1;3
2016-05-16 11:00:00Z;7,540826;1;3
2016-05-17 11:00:00Z;6,819557;1;3
2016-05-18 11:00:00Z;5,947213;1;3
2016-05-19 11:00:00Z;5,20547;1;3
2016-05-20 11:00:00Z;4,845441;1;3
2016-05-21 11:00:00Z;7,947125;1;3
2016-05-22 11:00:00Z;15,41603;1;3
2016-05-23 11:00:00Z;26,60313;1;3
2016-05-24 11:00:00Z;24,18561;1;3
2016-05-25 11:00:00Z;21,96754;1;3
2016-05-26 11:00:00Z;21,39797;1;3
2016-05-27 11:00:00Z;24,63742;1;3
2016-05-28 11:00:00Z;28,60479;1;3
2016-05-29 11:00:00Z;33,0755;1;3
2016-05-30 11:00:00Z;38,20849;1;3
2016-05-31 11:00:00Z;39,65518;1;3
2016-06-01 11:00:00Z;41,98981;1;3
2016-06-02 11:00:00Z;41,57542;1;3
2016-06-03 11:00:00Z;31,89885;1;3
2016-06-04 11:00:00Z;22,75461;1;3
2016-06-05 11:00:00Z;16,29169;1;3
2016-06-06 11:00:00Z;14,9089;1;3
2016-06-07 11:00:00Z;18,99043;1;3
2016-06-08 11:00:00Z;21,84039;1;3
2016-06-09 11:00:00Z;16,91363;1;3
2016-06-10 11:00:00Z;14,31764;1;3
2016-06-11 11:00:00Z;13,7471;1;3
2016-06-12 11:00:00Z;15,82509;1;3
2016-06-13 11:00:00Z;14,94969;1;3
2016-06-14 11:00:00Z;14,29576;1;3
2016-06-15 11:00:00Z;13,26977;1;3
2016-06-16 11:00:00Z;15,2069;1;3
2016-06-17 11:00:00Z;21,48578;1;3
2016-06-18 11:00:00Z;31,14935;1;3
2016-06-19 11:00:00Z;39,66085;1;3
2016-06-20 11:00:00Z;33,76572;1;3
2016-06-21 11:00:00Z;25,13169;1;3
2016-06-22 11:00:00Z;28,35878;1;3
2016-06-23 11:00:00Z;28,58699;1;3
2016-06-24 11:00:00Z;33,35529;1;3
2016-06-25 11:00:00Z;28,5895;1;3
2016-06-26 11:00:00Z;24,29123;1;3
2016-06-27 11:00:00Z;36,37518;1;3
2016-06-28 11:00:00Z;45,00196;1;3
2016-06-29 11:00:00Z;30,01212;1;3
2016-06-30 11:00:00Z;24,91151;1;3
2016-07-01 11:00:00Z;32,61433;1;3
2016-07-02 11:00:00Z;30,30404;1;3
2016-07-03 11:00:00Z;32,34916;1;3
2016-07-04 11:00:00Z;22,31868;1;3
2016-07-05 11:00:00Z;15,6846;1;3
2016-07-06 11:00:00Z;12,67815;1;3
2016-07-07 11:00:00Z;12,92475;1;3
2016-07-08 11:00:00Z;10,46406;1;3
2016-07-09 11:00:00Z;9,260899;1;3
2016-07-10 11:00:00Z;8,894991;1;3
2016-07-11 11:00:00Z;9,270706;1;3
2016-07-12 11:00:00Z;11,2542;1;3
2016-07-13 11:00:00Z;11,6329;1;3
2016-07-14 11:00:00Z;10,63765;1;3
2016-07-15 11:00:00Z;7,948028;1;3
2016-07-16 11:00:00Z;8,560246;1;3
2016-07-17 11:00:00Z;9,308312;1;3
2016-07-18 11:00:00Z;8,213796;1;3
2016-07-19 11:00:00Z;6,883671;1;3
2016-07-20 11:00:00Z;5,552422;1;3
2016-07-21 11:00:00Z;5,633339;1;3
2016-07-22 11:00:00Z;7,525784;1;3
2016-07-23 11:00:00Z;7,711498;1;3
2016-07-24 11:00:00Z;6,780173;1;3
2016-07-25 11:00:00Z;5,875565;1;3
2016-07-26 11:00:00Z;5,259035;1;3
2016-07-27 11:00:00Z;8,808943;1;3
2016-07-28 11:00:00Z;6,664024;1;3
2016-07-29 11:00:00Z;9,542461;1;3
2016-07-30 11:00:00Z;9,738342;1;3
2016-07-31 11:00:00Z;8,016448;1;3
2016-08-01 11:00:00Z;11,87825;1;3
2016-08-02 11:00:00Z;9,434566;1;3
2016-08-03 11:00:00Z;8,685539;1;3
2016-08-04 11:00:00Z;8,78867;1;3
2016-08-05 11:00:00Z;5,89637;1;3
2016-08-06 11:00:00Z;5,401564;1;3
2016-08-07 11:00:00Z;4,947771;1;3
2016-08-08 11:00:00Z;6,065394;1;3
2016-08-09 11:00:00Z;10,57408;1;3
2016-08-10 11:00:00Z;8,015439;1;3
2016-08-11 11:00:00Z;5,524406;1;3
2016-08-12 11:00:00Z;6,150634;1;3
2016-08-13 11:00:00Z;4,919634;1;3
2016-08-14 11:00:00Z;8,448825;1;3
2016-08-15 11:00:00Z;6,293491;1;3
2016-08-16 11:00:00Z;5,429047;1;3
2016-08-17 11:00:00Z;4,215083;1;3
2016-08-18 11:00:00Z;3,450657;1;3
2016-08-19 11:00:00Z;3,323213;1;3
2016-08-20 11:00:00Z;3,624715;1;3
2016-08-21 11:00:00Z;4,134876;1;3
2016-08-22 11:00:00Z;3,67423;1;3
2016-08-23 11:00:00Z;3,396642;1;3
2016-08-24 11:00:00Z;2,777622;1;3
2016-08-25 11:00:00Z;3,24317;1;3
2016-08-26 11:00:00Z;3,440516;1;3
2016-08-27 11:00:00Z;9,178652;1;3
2016-08-28 11:00:00Z;8,536241;1;3
2016-08-29 11:00:00Z;5,071771;1;3
2016-08-30 11:00:00Z;4,019185;1;3
2016-08-31 11:00:00Z;4,539642;1;3
2016-09-01 11:00:00Z;11,88654;1;3
2016-09-02 11:00:00Z;12,4673;1;3
2016-09-03 11:00:00Z;7,978192;1;3
2016-09-04 11:00:00Z;6,210966;1;3
2016-09-05 11:00:00Z;5,521363;1;3
2016-09-06 11:00:00Z;5,068903;1;3
2016-09-07 11:00:00Z;20,2377;1;3
2016-09-08 11:00:00Z;18,95902;1;3
2016-09-09 11:00:00Z;9,593022;1;3
2016-09-10 11:00:00Z;7,11899;1;3
2016-09-11 11:00:00Z;17,55875;1;3
2016-09-12 11:00:00Z;36,88507;1;3
2016-09-13 11:00:00Z;15,16772;1;3
2016-09-14 11:00:00Z;9,357748;1;3
2016-09-15 11:00:00Z;8,577122;1;3
2016-09-16 11:00:00Z;6,653053;1;3
2016-09-17 11:00:00Z;5,294911;1;3
2016-09-18 11:00:00Z;4,659282;1;3
2016-09-19 11:00:00Z;4,689371;1;3
2016-09-20 11:00:00Z;4,234107;1;3
2016-09-21 11:00:00Z;3,711025;1;3
2016-09-22 11:00:00Z;3,442306;1;3
2016-09-23 11:00:00Z;3,174538;1;3
2016-09-24 11:00:00Z;2,986585;1;3
2016-09-25 11:00:00Z;3,130822;1;3
2016-09-26 11:00:00Z;3,375698;1;3
2016-09-27 11:00:00Z;3,056053;1;3
2016-09-28 11:00:00Z;3,400514;1;3
2016-09-29 11:00:00Z;5,155299;1;3
2016-09-30 11:00:00Z;6,152399;1;3
2016-10-01 11:00:00Z;13,3007;1;3
2016-10-02 11:00:00Z;15,6515;1;3
2016-10-03 11:00:00Z;10,50019;1;3
2016-10-04 11:00:00Z;6,645211;1;3
2016-10-05 11:00:00Z;5,815539;1;3
2016-10-06 11:00:00Z;7,464558;1;3
2016-10-07 11:00:00Z;6,470871;1;3
2016-10-08 11:00:00Z;4,746689;1;3
2016-10-09 11:00:00Z;3,797227;1;3
2016-10-10 11:00:00Z;3,213576;1;3
2016-10-11 11:00:00Z;3,084417;1;3
2016-10-12 11:00:00Z;3,208868;1;3
2016-10-13 11:00:00Z;2,940659;1;3
2016-10-14 11:00:00Z;2,432199;1;3
2016-10-15 11:00:00Z;1,860973;1;3
2016-10-16 11:00:00Z;2,205748;1;3
2016-10-17 11:00:00Z;2,65046;1;3
2016-10-18 11:00:00Z;2,206119;1;3
2016-10-19 11:00:00Z;2,027598;1;3
2016-10-20 11:00:00Z;2,111761;1;3
2016-10-21 11:00:00Z;1,703261;1;3
2016-10-22 11:00:00Z;1,522243;1;3
2016-10-23 11:00:00Z;1,808232;1;3
2016-10-24 11:00:00Z;1,32282;1;3
2016-10-25 11:00:00Z;1,353514;1;3
2016-10-26 11:00:00Z;1,169969;1;3
2016-10-27 11:00:00Z;1,046729;1;3
2016-10-28 11:00:00Z;1,12782;1;3
2016-10-29 11:00:00Z;1,060011;1;3
2016-10-30 11:00:00Z;1,095714;1;3
2016-10-31 11:00:00Z;1,090865;0;3
2016-11-01 11:00:00Z;1,157336;0;3
2016-11-02 11:00:00Z;0,9282855;0;3
2016-11-03 11:00:00Z;0,6472241;0;3
2016-11-04 11:00:00Z;0,5893441;0;3
2016-11-05 11:00:00Z;0,5412689;0;3
2016-11-06 11:00:00Z;0,8525128;0;3
2016-11-07 11:00:00Z;0,6106282;0;3
2016-11-08 11:00:00Z;0,3267752;0;3
2016-11-09 11:00:00Z;0,1542808;0;3
2016-11-10 11:00:00Z;0,1343809;0;3
2016-11-11 11:00:00Z;0,11297;0;3
2016-11-12 11:00:00Z;0,1093685;0;3
2016-11-13 11:00:00Z;0,1328479;0;3
2016-11-14 11:00:00Z;0,1709296;0;3
2016-11-15 11:00:00Z;0,287933;0;3
2016-11-16 11:00:00Z;0,368832;0;3
2016-11-17 11:00:00Z;0,3210168;0;3
2016-11-18 11:00:00Z;0,3306515;0;3
2016-11-19 11:00:00Z;0,3710836;0;3
2016-11-20 11:00:00Z;0,4259233;0;3
2016-11-21 11:00:00Z;0,4886186;0;3
2016-11-22 11:00:00Z;0,5115631;0;3
2016-11-23 11:00:00Z;0,4698512;0;3
2016-11-24 11:00:00Z;0,4691637;0;3
2016-11-25 11:00:00Z;0,4426478;0;3
2016-11-26 11:00:00Z;0,4545838;0;3
2016-11-27 11:00:00Z;0,4506546;0;3
2016-11-28 11:00:00Z;0,43627;0;3
2016-11-29 11:00:00Z;0,4887457;0;3
2016-11-30 11:00:00Z;0,5927556;0;3
2016-12-01 11:00:00Z;0,5681819;0;3
2016-12-02 11:00:00Z;0,5415935;0;3
2016-12-03 11:00:00Z;0,5593746;0;3
2016-12-04 11:00:00Z;0,6230654;0;3
2016-12-05 11:00:00Z;2,236097;1;3
2016-12-06 11:00:00Z;2,910572;1;3
2016-12-07 11:00:00Z;3,481074;1;3
2016-12-08 11:00:00Z;3,584822;1;3
2016-12-09 11:00:00Z;3,481074;1;3
2016-12-10 11:00:00Z;3,273577;1;3
2016-12-11 11:00:00Z;2,806824;1;3
2016-12-12 11:00:00Z;2,651089;1;3
2016-12-13 11:00:00Z;2,339845;1;3
2016-12-14 11:00:00Z;2,806824;1;3
2016-12-15 11:00:00Z;3,118068;1;3
2016-12-16 11:00:00Z;3,533061;1;3
2016-12-17 11:00:00Z;3,792317;1;3
2016-12-18 11:00:00Z;7,644727;0;3
2016-12-19 11:00:00Z;15,16689;0;3
2016-12-20 11:00:00Z;26,3574;1;3
2016-12-21 11:00:00Z;19,131;0;3
2016-12-22 11:00:00Z;13,90487;0;3
2016-12-23 11:00:00Z;12,39223;0;3
2016-12-24 11:00:00Z;11,65279;0;3
2016-12-25 11:00:00Z;10,70969;0;3
2016-12-26 11:00:00Z;10,11053;0;3
2016-12-27 11:00:00Z;9,604655;0;3
2016-12-28 11:00:00Z;9,479445;0;3
2016-12-29 11:00:00Z;15,15743;0;3
2016-12-30 11:00:00Z;15,79485;0;3
2016-12-31 11:00:00Z;14,68748;0;3
2017-01-01 11:00:00Z;12,45169;0;3
2017-01-02 11:00:00Z;10,37959;0;3
2017-01-03 11:00:00Z;8,41556;0;3
2017-01-04 11:00:00Z;6,945427;0;3
2017-01-05 11:00:00Z;6,78342;0;3
2017-01-06 11:00:00Z;6,902548;0;3
2017-01-07 11:00:00Z;5,071788;0;3
2017-01-08 11:00:00Z;4,578401;0;3
2017-01-09 11:00:00Z;4,778517;0;3
2017-01-10 11:00:00Z;4,205655;0;3
2017-01-11 11:00:00Z;4,039536;0;3
2017-01-12 11:00:00Z;3,590123;0;3
2017-01-13 11:00:00Z;3,252707;0;3
2017-01-14 11:00:00Z;2,990888;0;3
2017-01-15 11:00:00Z;2,814441;0;3
2017-01-16 11:00:00Z;2,72029;0;3
2017-01-17 11:00:00Z;2,677731;0;3
2017-01-18 11:00:00Z;3,034661;0;3
2017-01-19 11:00:00Z;7,601554;0;3
2017-01-20 11:00:00Z;5,857915;0;3
2017-01-21 11:00:00Z;5,005068;0;3
2017-01-22 11:00:00Z;8,204467;0;3
2017-01-23 11:00:00Z;11,6478;0;3
2017-01-24 11:00:00Z;8,129428;0;3
2017-01-25 11:00:00Z;16,67109;0;3
2017-01-26 11:00:00Z;46,95167;0;3
2017-01-27 11:00:00Z;29,60735;0;3
2017-01-28 11:00:00Z;20,64395;0;3
2017-01-29 11:00:00Z;17,61708;0;3
2017-01-30 11:00:00Z;14,15892;0;3
2017-01-31 11:00:00Z;11,21867;0;3
2017-02-01 11:00:00Z;9,308703;0;3
2017-02-02 11:00:00Z;7,606892;0;3
2017-02-03 11:00:00Z;6,216492;0;3
2017-02-04 11:00:00Z;5,173533;0;3
2017-02-05 11:00:00Z;4,573318;0;3
2017-02-06 11:00:00Z;4,361012;0;3
2017-02-07 11:00:00Z;4,500999;1;3
2017-02-08 11:00:00Z;4,202584;1;3
2017-02-09 11:00:00Z;3,844304;1;3
2017-02-10 11:00:00Z;3,545888;1;3
2017-02-11 11:00:00Z;3,068557;1;3
2017-02-12 11:00:00Z;3,187849;0;3
2017-02-13 11:00:00Z;4,036242;0;3
2017-02-14 11:00:00Z;6,302751;0;3
2017-02-15 11:00:00Z;6,281995;0;3
2017-02-16 11:00:00Z;5,594398;0;3
2017-02-17 11:00:00Z;4,835125;0;3
2017-02-18 11:00:00Z;4,046107;0;3
2017-02-19 11:00:00Z;3,643556;0;3
2017-02-20 11:00:00Z;3,239155;0;3
2017-02-21 11:00:00Z;2,959812;0;3
2017-02-22 11:00:00Z;2,782998;0;3
2017-02-23 11:00:00Z;2,592411;0;3
2017-02-24 11:00:00Z;2,424655;0;3
2017-02-25 11:00:00Z;2,26282;0;3
2017-02-26 11:00:00Z;2,222578;0;3
2017-02-27 11:00:00Z;2,340413;0;3
2017-02-28 11:00:00Z;2,208804;0;3
2017-03-01 11:00:00Z;1,993908;0;3
2017-03-02 11:00:00Z;1,87028;0;3
2017-03-03 11:00:00Z;1,803902;0;3
2017-03-04 11:00:00Z;1,790191;0;3
2017-03-05 11:00:00Z;1,762038;0;3
2017-03-06 11:00:00Z;1,780532;0;3
2017-03-07 11:00:00Z;1,795654;0;3
2017-03-08 11:00:00Z;1,838005;0;3
2017-03-09 11:00:00Z;1,85461;0;3
2017-03-10 11:00:00Z;1,801148;0;3
2017-03-11 11:00:00Z;1,721334;0;3
2017-03-12 11:00:00Z;1,707679;0;3
2017-03-13 11:00:00Z;2,065706;0;3
2017-03-14 11:00:00Z;1,914527;0;3
2017-03-15 11:00:00Z;1,840216;0;3
2017-03-16 11:00:00Z;1,850686;0;3
2017-03-17 11:00:00Z;1,854781;0;3
2017-03-18 11:00:00Z;1,780148;0;3
2017-03-19 11:00:00Z;1,695819;0;3
2017-03-20 11:00:00Z;1,663594;0;3
2017-03-21 11:00:00Z;1,643093;0;3
2017-03-22 11:00:00Z;1,659056;0;3
2017-03-23 11:00:00Z;2,334652;0;3
2017-03-24 11:00:00Z;2,618314;0;3
2017-03-25 11:00:00Z;2,386589;0;3
2017-03-26 11:00:00Z;3,148302;0;3
2017-03-27 11:00:00Z;3,545449;0;3
2017-03-28 11:00:00Z;3,805642;0;3
2017-03-29 11:00:00Z;3,087192;0;3
2017-03-30 11:00:00Z;2,644893;0;3
2017-03-31 11:00:00Z;2,217835;0;3
2017-04-01 11:00:00Z;1,948678;0;3
2017-04-02 11:00:00Z;1,732113;0;3
2017-04-03 11:00:00Z;1,579329;0;3
2017-04-04 11:00:00Z;1,998774;0;3
2017-04-05 11:00:00Z;2,807425;0;3
2017-04-06 11:00:00Z;2,542583;0;3
2017-04-07 11:00:00Z;1,920313;0;3
2017-04-08 11:00:00Z;1,553434;0;3
2017-04-09 11:00:00Z;1,419538;0;3
2017-04-10 11:00:00Z;1,484634;0;3
2017-04-11 11:00:00Z;1,559529;0;3
2017-04-12 11:00:00Z;1,452061;0;3
2017-04-13 11:00:00Z;1,239232;0;3
2017-04-14 11:00:00Z;1,052272;0;3
2017-04-15 11:00:00Z;1,001629;0;3
2017-04-16 11:00:00Z;1,017056;0;3
2017-04-17 11:00:00Z;1,032668;0;3
2017-04-18 11:00:00Z;1,026796;0;3
2017-04-19 11:00:00Z;1,00451;0;3
2017-04-20 11:00:00Z;1,021957;0;3
2017-04-21 11:00:00Z;1,244814;0;3
2017-04-22 11:00:00Z;1,432461;0;3
2017-04-23 11:00:00Z;1,391642;0;3
2017-04-24 11:00:00Z;1,330053;0;3
2017-04-25 11:00:00Z;1,165672;0;3
2017-04-26 11:00:00Z;0,9997753;0;3
2017-04-27 11:00:00Z;0,8953874;0;3
2017-04-28 11:00:00Z;0,827204;0;3
2017-04-29 11:00:00Z;0,8044312;0;3
2017-04-30 11:00:00Z;0,7752964;0;3
2017-05-01 11:00:00Z;0,7549307;0;3
2017-05-02 11:00:00Z;0,7882805;0;3
2017-05-03 11:00:00Z;0,7570545;0;3
2017-05-04 11:00:00Z;0,788751;0;3
2017-05-05 11:00:00Z;1,640005;0;3
2017-05-06 11:00:00Z;7,37225;0;3
2017-05-07 11:00:00Z;6,188242;0;3
2017-05-08 11:00:00Z;5,175967;0;3
2017-05-09 11:00:00Z;4,242888;0;3
2017-05-10 11:00:00Z;3,504676;0;3
2017-05-11 11:00:00Z;3,108303;0;3
2017-05-12 11:00:00Z;2,425661;0;3
2017-05-13 11:00:00Z;1,904428;0;3
2017-05-14 11:00:00Z;1,823534;0;3
2017-05-15 11:00:00Z;1,835692;0;3
2017-05-16 11:00:00Z;1,955658;0;3
2017-05-17 11:00:00Z;2,926655;0;3
2017-05-18 11:00:00Z;4,830798;0;3
2017-05-19 11:00:00Z;7,962819;0;3
2017-05-20 11:00:00Z;9,964013;0;3
2017-05-21 11:00:00Z;11,07323;0;3
2017-05-22 11:00:00Z;10,37556;0;3
2017-05-23 11:00:00Z;10,2493;0;3
2017-05-24 11:00:00Z;11,96009;0;3
2017-05-25 11:00:00Z;13,64261;0;3
2017-05-26 11:00:00Z;14,30943;0;3
2017-05-27 11:00:00Z;14,85472;0;3
2017-05-28 11:00:00Z;24,44918;0;3
2017-05-29 11:00:00Z;25,98154;0;3
2017-05-30 11:00:00Z;21,50381;0;3
2017-05-31 11:00:00Z;15,99479;0;3
2017-06-01 11:00:00Z;11,92456;0;3
2017-06-02 11:00:00Z;9,758718;0;3
2017-06-03 11:00:00Z;9,459764;0;3
2017-06-04 11:00:00Z;10,90807;0;3
2017-06-05 11:00:00Z;13,06352;0;3
2017-06-06 11:00:00Z;20,48693;0;3
2017-06-07 11:00:00Z;41,02679;0;3
2017-06-08 11:00:00Z;69,16815;0;3
2017-06-09 11:00:00Z;80,24675;0;3
2017-06-10 11:00:00Z;78,53791;0;3
2017-06-11 11:00:00Z;75,63279;0;3
2017-06-12 11:00:00Z;78,57588;0;3
2017-06-13 11:00:00Z;72,3811;0;3
2017-06-14 11:00:00Z;64,18533;0;3
2017-06-15 11:00:00Z;61,94355;0;3
2017-06-16 11:00:00Z;69,88177;0;3
2017-06-17 11:00:00Z;67,44066;0;3
2017-06-18 11:00:00Z;66,90729;0;3
2017-06-19 11:00:00Z;66,54832;0;3
2017-06-20 11:00:00Z;64,49098;0;3
2017-06-21 11:00:00Z;57,03341;0;3
2017-06-22 11:00:00Z;52,49475;0;3
2017-06-23 11:00:00Z;44,8747;0;3
2017-06-24 11:00:00Z;50,10929;0;3
2017-06-25 11:00:00Z;51,89579;0;3
2017-06-26 11:00:00Z;52,28757;0;3
2017-06-27 11:00:00Z;53,17413;0;3
2017-06-28 11:00:00Z;42,54132;0;3
2017-06-29 11:00:00Z;34,99695;0;3
2017-06-30 11:00:00Z;35,57596;0;3
2017-07-01 11:00:00Z;45,03594;0;3
2017-07-02 11:00:00Z;48,31226;0;3
2017-07-03 11:00:00Z;59,08105;0;3
2017-07-04 11:00:00Z;54,28826;0;3
2017-07-05 11:00:00Z;40,69114;0;3
2017-07-06 11:00:00Z;30,43476;0;3
2017-07-07 11:00:00Z;27,51614;0;3
2017-07-08 11:00:00Z;31,16464;0;3
2017-07-09 11:00:00Z;39,61499;0;3
2017-07-10 11:00:00Z;48,36396;0;3
2017-07-11 11:00:00Z;40,89389;0;3
2017-07-12 11:00:00Z;38,88551;0;3
2017-07-13 11:00:00Z;86,70094;0;3
2017-07-14 11:00:00Z;67,45749;0;3
2017-07-15 11:00:00Z;45,58572;0;3
2017-07-16 11:00:00Z;41,5179;0;3
2017-07-17 11:00:00Z;37,62485;0;3
2017-07-18 11:00:00Z;31,4705;0;3
2017-07-19 11:00:00Z;30,27498;0;3
2017-07-20 11:00:00Z;29,65893;0;3
2017-07-21 11:00:00Z;26,54112;0;3
2017-07-22 11:00:00Z;25,56562;0;3
2017-07-23 11:00:00Z;26,73081;0;3
2017-07-24 11:00:00Z;26,45898;0;3
2017-07-25 11:00:00Z;23,44569;0;3
2017-07-26 11:00:00Z;23,04216;0;3
2017-07-27 11:00:00Z;26,74465;0;3
2017-07-28 11:00:00Z;33,16971;0;3
2017-07-29 11:00:00Z;33,16982;0;3
2017-07-30 11:00:00Z;45,36375;0;3
2017-07-31 11:00:00Z;35,66904;0;3
2017-08-01 11:00:00Z;33,63231;0;3
2017-08-02 11:00:00Z;29,67056;0;3
2017-08-03 11:00:00Z;22,80893;0;3
2017-08-04 11:00:00Z;18,09035;0;3
2017-08-05 11:00:00Z;18,50404;0;3
2017-08-06 11:00:00Z;17,31584;0;3
2017-08-07 11:00:00Z;16,06008;0;3
2017-08-08 11:00:00Z;14,47367;0;3
2017-08-09 11:00:00Z;14,64265;0;3
2017-08-10 11:00:00Z;13,74226;0;3
2017-08-11 11:00:00Z;17,19398;0;3
2017-08-12 11:00:00Z;23,97458;0;3
2017-08-13 11:00:00Z;17,96647;0;3
2017-08-14 11:00:00Z;15,98623;0;3
2017-08-15 11:00:00Z;12,71839;0;3
2017-08-16 11:00:00Z;12,25626;0;3
2017-08-17 11:00:00Z;21,02637;0;3
2017-08-18 11:00:00Z;16,51945;0;3
2017-08-19 11:00:00Z;14,94586;0;3
2017-08-20 11:00:00Z;23,77301;0;3
2017-08-21 11:00:00Z;17,62816;0;3
2017-08-22 11:00:00Z;10,8255;0;3
2017-08-23 11:00:00Z;7,829863;1;3
2017-08-24 11:00:00Z;7,120425;0;3
2017-08-25 11:00:00Z;6,182826;0;3
2017-08-26 11:00:00Z;5,971383;0;3
2017-08-27 11:00:00Z;5,692799;0;3
2017-08-28 11:00:00Z;4,786615;0;3
2017-08-29 11:00:00Z;7,158794;0;3
2017-08-30 11:00:00Z;25,00727;0;3
2017-08-31 11:00:00Z;32,17561;0;3
2017-09-01 11:00:00Z;15,09565;0;3
2017-09-02 11:00:00Z;10,71374;0;3
2017-09-03 11:00:00Z;9,047523;0;3
2017-09-04 11:00:00Z;8,068098;0;3
2017-09-05 11:00:00Z;7,838792;0;3
2017-09-06 11:00:00Z;7,585836;0;3
2017-09-07 11:00:00Z;6,864856;0;3
2017-09-08 11:00:00Z;5,569764;0;3
2017-09-09 11:00:00Z;4,802165;0;3
2017-09-10 11:00:00Z;5,283506;0;3
2017-09-11 11:00:00Z;11,53729;0;3
2017-09-12 11:00:00Z;10,43766;0;3
2017-09-13 11:00:00Z;11,60338;0;3
2017-09-14 11:00:00Z;10,94816;0;3
2017-09-15 11:00:00Z;8,130916;0;3
2017-09-16 11:00:00Z;6,925979;0;3
2017-09-17 11:00:00Z;5,424387;0;3
2017-09-18 11:00:00Z;4,787448;0;3
2017-09-19 11:00:00Z;4,494258;0;3
2017-09-20 11:00:00Z;3,831872;0;3
2017-09-21 11:00:00Z;3,242278;0;3
2017-09-22 11:00:00Z;3,063991;0;3
2017-09-23 11:00:00Z;2,947882;0;3
2017-09-24 11:00:00Z;2,983755;0;3
2017-09-25 11:00:00Z;3,39396;0;3
2017-09-26 11:00:00Z;3,562938;0;3
2017-09-27 11:00:00Z;3,136474;0;3
2017-09-28 11:00:00Z;2,684299;0;3
2017-09-29 11:00:00Z;2,443872;0;3
2017-09-30 11:00:00Z;2,294337;0;3
2017-10-01 11:00:00Z;2,302127;0;3
2017-10-02 11:00:00Z;2,319625;0;3
2017-10-03 11:00:00Z;2,468361;0;3
2017-10-04 11:00:00Z;3,883907;0;3
2017-10-05 11:00:00Z;3,692153;0;3
2017-10-06 11:00:00Z;3,192413;0;3
2017-10-07 11:00:00Z;3,164682;0;3
2017-10-08 11:00:00Z;2,682544;0;3
2017-10-09 11:00:00Z;2,367604;0;3
2017-10-10 11:00:00Z;1,687481;0;3
2017-10-11 11:00:00Z;2,106228;0;3
2017-10-12 11:00:00Z;1,866066;0;3
2017-10-13 11:00:00Z;1,845625;0;3
2017-10-14 11:00:00Z;1,798975;0;3
2017-10-15 11:00:00Z;2,138251;0;3
2017-10-16 11:00:00Z;11,42648;0;3
2017-10-17 11:00:00Z;21,46067;0;3
2017-10-18 11:00:00Z;10,96449;0;3
2017-10-19 11:00:00Z;7,978315;0;3
2017-10-20 11:00:00Z;5,503686;0;3
2017-10-21 11:00:00Z;3,597622;0;3
2017-10-22 11:00:00Z;4,711193;0;3
2017-10-23 11:00:00Z;3,945375;0;3
2017-10-24 11:00:00Z;4,327968;0;3
2017-10-25 11:00:00Z;5,352819;0;3
2017-10-26 11:00:00Z;2,957834;0;3
2017-10-27 11:00:00Z;3,292433;0;3
2017-10-28 11:00:00Z;5,436447;0;3
2017-10-29 11:00:00Z;3,698818;0;3
2017-10-30 11:00:00Z;3,148936;0;3
2017-10-31 11:00:00Z;3,327656;0;3
2017-11-01 11:00:00Z;2,944348;0;3
2017-11-02 11:00:00Z;2,640958;0;3
2017-11-03 11:00:00Z;3,397099;0;3
2017-11-04 11:00:00Z;7,523008;0;3
2017-11-05 11:00:00Z;5,748232;0;3
2017-11-06 11:00:00Z;4,284151;0;3
2017-11-07 11:00:00Z;3,810166;0;3
2017-11-08 11:00:00Z;4,0411;0;3
2017-11-09 11:00:00Z;3,795423;0;3
2017-11-10 11:00:00Z;3,167624;0;3
2017-11-11 11:00:00Z;3,000923;0;3
2017-11-12 11:00:00Z;4,72918;0;3
2017-11-13 11:00:00Z;5,013664;1;3
2017-11-14 11:00:00Z;4,526206;1;3
2017-11-15 11:00:00Z;4,390725;1;3
2017-11-16 11:00:00Z;3,957279;1;3
2017-11-17 11:00:00Z;3,57807;1;3
2017-11-18 11:00:00Z;3,280103;1;3
2017-11-19 11:00:00Z;2,765414;1;3
2017-11-20 11:00:00Z;2,494454;1;3
2017-11-21 11:00:00Z;2,331968;1;3
2017-11-22 11:00:00Z;2,440217;1;3
2017-11-23 11:00:00Z;2,250725;1;3
2017-11-24 11:00:00Z;2,088014;1;3
2017-11-25 11:00:00Z;2,142251;1;3
2017-11-26 11:00:00Z;2,142251;1;3
2017-11-27 11:00:00Z;2,088014;1;3
2017-11-28 11:00:00Z;1,999945;0;3
2017-11-29 11:00:00Z;1,698291;0;3
2017-11-30 11:00:00Z;1,525929;0;3
2017-12-01 11:00:00Z;1,400877;0;3
2017-12-02 11:00:00Z;1,353668;0;3
2017-12-03 11:00:00Z;1,439791;0;3
2017-12-04 11:00:00Z;1,508363;0;3
2017-12-05 11:00:00Z;1,574244;0;3
2017-12-06 11:00:00Z;1,566813;0;3
2017-12-07 11:00:00Z;1,805525;0;3
2017-12-08 11:00:00Z;1,539883;0;3
2017-12-09 11:00:00Z;1,364998;0;3
2017-12-10 11:00:00Z;1,238553;0;3
2017-12-11 11:00:00Z;1,221271;0;3
2017-12-12 11:00:00Z;1,148051;0;3
2017-12-13 11:00:00Z;1,11299;0;3
2017-12-14 11:00:00Z;1,041732;0;3
2017-12-15 11:00:00Z;1,019717;0;3
2017-12-16 11:00:00Z;1,010962;0;3
2017-12-17 11:00:00Z;0,9902738;0;3
2017-12-18 11:00:00Z;1,022387;0;3
2017-12-19 11:00:00Z;1,046413;0;3
2017-12-20 11:00:00Z;3,014302;0;3
2017-12-21 11:00:00Z;2,677974;0;3
2017-12-22 11:00:00Z;2,268994;0;3
2017-12-23 11:00:00Z;2,089838;0;3
2017-12-24 11:00:00Z;1,864279;0;3
2017-12-25 11:00:00Z;2,012428;0;3
2017-12-26 11:00:00Z;1,94739;0;3
2017-12-27 11:00:00Z;1,777396;0;3
2017-12-28 11:00:00Z;1,592706;0;3
2017-12-29 11:00:00Z;1,453036;0;3
2017-12-30 11:00:00Z;1,327216;0;3
2017-12-31 11:00:00Z;1,236623;0;3
2018-01-01 11:00:00Z;1,189625;0;3
2018-01-02 11:00:00Z;1,145093;0;3
2018-01-03 11:00:00Z;1,114568;0;3
2018-01-04 11:00:00Z;1,078508;0;3
2018-01-05 11:00:00Z;1,043013;0;3
2018-01-06 11:00:00Z;1,01552;0;3
2018-01-07 11:00:00Z;1,021346;0;3
2018-01-08 11:00:00Z;1,042463;1;3
2018-01-09 11:00:00Z;1,148689;1;3
2018-01-10 11:00:00Z;1,758917;1;3
2018-01-11 11:00:00Z;1,392871;1;3
2018-01-12 11:00:00Z;1,241442;1;3
2018-01-13 11:00:00Z;1,111001;1;3
2018-01-14 11:00:00Z;1,039462;1;3
2018-01-15 11:00:00Z;0,9719855;1;3
2018-01-16 11:00:00Z;0,9173718;1;3
2018-01-17 11:00:00Z;0,8668205;1;3
2018-01-18 11:00:00Z;0,8205569;1;3
2018-01-19 11:00:00Z;0,7742934;1;3
2018-01-20 11:00:00Z;0,7363798;1;3
2018-01-21 11:00:00Z;0,7061393;1;3
2018-01-22 11:00:00Z;0,6781555;1;3
2018-01-23 11:00:00Z;0,6375339;1;3
2018-01-24 11:00:00Z;0,6188028;1;3
2018-01-25 11:00:00Z;0,6061651;1;3
2018-01-26 11:00:00Z;0,5865312;2;3
2018-01-27 11:00:00Z;0,5682514;2;3
2018-01-28 11:00:00Z;0,5501974;2;3
2018-01-29 11:00:00Z;0,5319178;2;3
2018-01-30 11:00:00Z;0,513638;2;3
2018-01-31 11:00:00Z;0,4955838;2;3
2018-02-01 11:00:00Z;0,4773041;2;3
2018-02-02 11:00:00Z;0,4592501;2;3
2018-02-03 11:00:00Z;0,4409704;2;3
2018-02-04 11:00:00Z;0,4229163;2;3
2018-02-05 11:00:00Z;0,4023798;1;3
2018-02-06 11:00:00Z;0,3969636;1;3
2018-02-07 11:00:00Z;0,3940299;2;3
2018-02-08 11:00:00Z;0,3844603;1;3
2018-02-09 11:00:00Z;0,3767083;1;3
2018-02-10 11:00:00Z;0,3788401;1;3
2018-02-11 11:00:00Z;0,3808587;1;3
2018-02-12 11:00:00Z;0,3741226;1;3
2018-02-13 11:00:00Z;0,3562191;1;3
2018-02-14 11:00:00Z;0,3490266;1;3
2018-02-15 11:00:00Z;0,3381289;1;3
2018-02-16 11:00:00Z;0,326462;1;3
2018-02-17 11:00:00Z;0,3166195;1;3
2018-02-18 11:00:00Z;0,3078095;1;3
2018-02-19 11:00:00Z;0,3096778;1;3
2018-02-20 11:00:00Z;0,3153796;1;3
2018-02-21 11:00:00Z;0,307042;1;3
2018-02-22 11:00:00Z;0,2818021;1;3
2018-02-23 11:00:00Z;0,2634023;1;3
2018-02-24 11:00:00Z;0,254028;1;3
2018-02-25 11:00:00Z;0,2537722;1;3
2018-02-26 11:00:00Z;0,2498519;1;3
2018-02-27 11:00:00Z;0,2300052;1;3
2018-02-28 11:00:00Z;0,2152606;1;3
2018-03-01 11:00:00Z;0,212093;1;3
2018-03-02 11:00:00Z;0,2206058;1;3
2018-03-03 11:00:00Z;0,2206649;1;3
2018-03-04 11:00:00Z;0,210521;1;3
2018-03-05 11:00:00Z;0,2039069;1;3
2018-03-06 11:00:00Z;0,1973232;1;3
2018-03-07 11:00:00Z;0,1880534;1;3
2018-03-08 11:00:00Z;0,1849133;1;3
2018-03-09 11:00:00Z;0,1796872;1;3
2018-03-10 11:00:00Z;0,1763007;1;3
2018-03-11 11:00:00Z;0,1777768;1;3
2018-03-12 11:00:00Z;0,1811212;1;3
2018-03-13 11:00:00Z;0,1904516;1;3
2018-03-14 11:00:00Z;0,1880041;1;3
2018-03-15 11:00:00Z;0,1761565;1;3
2018-03-16 11:00:00Z;0,1621751;1;3
2018-03-17 11:00:00Z;0,1519427;1;3
2018-03-18 11:00:00Z;0,1530047;1;3
2018-03-19 11:00:00Z;0,1532468;1;3
2018-03-20 11:00:00Z;0,1561322;1;3
2018-03-21 11:00:00Z;0,1658444;1;3
2018-03-22 11:00:00Z;0,1777472;1;3
2018-03-23 11:00:00Z;0,1963671;1;3
2018-03-24 11:00:00Z;0,2207178;1;3
2018-03-25 11:00:00Z;0,2390668;1;3
2018-03-26 11:00:00Z;0,2555172;1;3
2018-03-27 11:00:00Z;0,26261;1;3
2018-03-28 11:00:00Z;0,2695367;1;3
2018-03-29 11:00:00Z;0,2688724;1;3
2018-03-30 11:00:00Z;0,2556129;1;3
2018-03-31 11:00:00Z;0,2302898;1;3
2018-04-01 11:00:00Z;0,2138764;1;3
2018-04-02 11:00:00Z;0,205851;1;3
2018-04-03 11:00:00Z;0,197121;1;3
2018-04-04 11:00:00Z;0,1898517;1;3
2018-04-05 11:00:00Z;0,1859151;1;3
2018-04-06 11:00:00Z;0,1806342;1;3
2018-04-07 11:00:00Z;0,1764578;1;3
2018-04-08 11:00:00Z;0,173949;1;3
2018-04-09 11:00:00Z;0,1731696;1;3
2018-04-10 11:00:00Z;0,1722043;1;3
2018-04-11 11:00:00Z;0,1669126;1;3
2018-04-12 11:00:00Z;0,1616094;1;3
2018-04-13 11:00:00Z;0,1573989;1;3
2018-04-14 11:00:00Z;0,1554296;1;3
2018-04-15 11:00:00Z;0,1564203;1;3
2018-04-16 11:00:00Z;0,1679338;1;3
2018-04-17 11:00:00Z;0,200483;1;3
2018-04-18 11:00:00Z;0,3130825;1;3
2018-04-19 11:00:00Z;1,037691;1;3
2018-04-20 11:00:00Z;4,424303;1;3
2018-04-21 11:00:00Z;8,022136;1;3
2018-04-22 11:00:00Z;6,558287;1;3
2018-04-23 11:00:00Z;6,433142;1;3
2018-04-24 11:00:00Z;5,882761;1;3
2018-04-25 11:00:00Z;5,137537;1;3
2018-04-26 11:00:00Z;4,993699;1;3
2018-04-27 11:00:00Z;4,48323;1;3
2018-04-28 11:00:00Z;4,003431;1;3
2018-04-29 11:00:00Z;3,991181;1;3
2018-04-30 11:00:00Z;3,774195;1;3
2018-05-01 11:00:00Z;3,404388;1;3
2018-05-02 11:00:00Z;4,786708;1;3
2018-05-03 11:00:00Z;5,435724;1;3
2018-05-04 11:00:00Z;10,31338;1;3
2018-05-05 11:00:00Z;12,83671;1;3
2018-05-06 11:00:00Z;22,23198;1;3
2018-05-07 11:00:00Z;25,61422;1;3
2018-05-08 11:00:00Z;22,2705;1;3
2018-05-09 11:00:00Z;28,58407;1;3
2018-05-10 11:00:00Z;49,44349;1;3
2018-05-11 11:00:00Z;58,59473;1;3
2018-05-12 11:00:00Z;55,40537;1;3
2018-05-13 11:00:00Z;57,6867;1;3
2018-05-14 11:00:00Z;62,84832;1;3
2018-05-15 11:00:00Z;60,46725;1;3
2018-05-16 11:00:00Z;52,01843;1;3
2018-05-17 11:00:00Z;36,02888;1;3
2018-05-18 11:00:00Z;24,37726;1;3
2018-05-19 11:00:00Z;20,34085;1;3
2018-05-20 11:00:00Z;24,64607;1;3
2018-05-21 11:00:00Z;60,32682;1;3
2018-05-22 11:00:00Z;56,7595;1;3
2018-05-23 11:00:00Z;36,2127;1;3
2018-05-24 11:00:00Z;25,07394;1;3
2018-05-25 11:00:00Z;25,27194;1;3
2018-05-26 11:00:00Z;27,24829;1;3
2018-05-27 11:00:00Z;20,8743;1;3
2018-05-28 11:00:00Z;23,46828;1;3
2018-05-29 11:00:00Z;36,17982;1;3
2018-05-30 11:00:00Z;30,63341;1;3
2018-05-31 11:00:00Z;26,42169;1;3
2018-06-01 11:00:00Z;31,38564;1;3
2018-06-02 11:00:00Z;27,90919;1;3
2018-06-03 11:00:00Z;20,11313;1;3
2018-06-04 11:00:00Z;17,86619;1;3
2018-06-05 11:00:00Z;12,27005;1;3
2018-06-06 11:00:00Z;11,12215;1;3
2018-06-07 11:00:00Z;9,819404;1;3
2018-06-08 11:00:00Z;8,197509;1;3
2018-06-09 11:00:00Z;8,896038;1;3
2018-06-10 11:00:00Z;11,87718;1;3
2018-06-11 11:00:00Z;13,37667;1;3
2018-06-12 11:00:00Z;12,18505;1;3
2018-06-13 11:00:00Z;10,39868;1;3
2018-06-14 11:00:00Z;9,578501;1;3
2018-06-15 11:00:00Z;35,18676;1;3
2018-06-16 11:00:00Z;33,87693;1;3
2018-06-17 11:00:00Z;25,05011;1;3
2018-06-18 11:00:00Z;33,03775;1;3
2018-06-19 11:00:00Z;30,33291;1;3
2018-06-20 11:00:00Z;24,30882;1;3
2018-06-21 11:00:00Z;22,40078;1;3
2018-06-22 11:00:00Z;17,48508;1;3
2018-06-23 11:00:00Z;15,14066;1;3
2018-06-24 11:00:00Z;12,83093;1;3
2018-06-25 11:00:00Z;13,25217;1;3
2018-06-26 11:00:00Z;16,6824;1;3
2018-06-27 11:00:00Z;13,6378;1;3
2018-06-28 11:00:00Z;10,13587;1;3
2018-06-29 11:00:00Z;9,438008;1;3
2018-06-30 11:00:00Z;8,265579;1;3
2018-07-01 11:00:00Z;7,510118;1;3
2018-07-02 11:00:00Z;9,550991;1;3
2018-07-03 11:00:00Z;11,6565;1;3
2018-07-04 11:00:00Z;9,666133;1;3
2018-07-05 11:00:00Z;7,859423;1;3
2018-07-06 11:00:00Z;8,567739;1;3
2018-07-07 11:00:00Z;7,510733;1;3
2018-07-08 11:00:00Z;6,047822;1;3
2018-07-09 11:00:00Z;6,761283;1;3
2018-07-10 11:00:00Z;6,223176;1;3
2018-07-11 11:00:00Z;6,330462;1;3
2018-07-12 11:00:00Z;7,047603;1;3
2018-07-13 11:00:00Z;7,638526;1;3
2018-07-14 11:00:00Z;5,74635;1;3
2018-07-15 11:00:00Z;5,187345;1;3
2018-07-16 11:00:00Z;6,340838;1;3
2018-07-17 11:00:00Z;7,14884;1;3
2018-07-18 11:00:00Z;6,996846;1;3
2018-07-19 11:00:00Z;7,244855;1;3
2018-07-20 11:00:00Z;4,714403;1;3
2018-07-21 11:00:00Z;3,532292;1;3
2018-07-22 11:00:00Z;5,904363;1;3
2018-07-23 11:00:00Z;4,313682;1;3
2018-07-24 11:00:00Z;3,988237;1;3
2018-07-25 11:00:00Z;7,398896;1;3
2018-07-26 11:00:00Z;7,523292;1;3
2018-07-27 11:00:00Z;3,998646;1;3
2018-07-28 11:00:00Z;3,721849;1;3
2018-07-29 11:00:00Z;4,316882;1;3
2018-07-30 11:00:00Z;6,246653;1;3
2018-07-31 11:00:00Z;4,749843;1;3
2018-08-01 11:00:00Z;4,816212;1;3
2018-08-02 11:00:00Z;4,917915;1;3
2018-08-03 11:00:00Z;3,613683;1;3
2018-08-04 11:00:00Z;3,204862;1;3
2018-08-05 11:00:00Z;2,58231;1;3
2018-08-06 11:00:00Z;3,356839;1;3
2018-08-07 11:00:00Z;3,104225;1;3
2018-08-08 11:00:00Z;2,307528;1;3
2018-08-09 11:00:00Z;4,991424;1;3
2018-08-10 11:00:00Z;5,740252;1;3
2018-08-11 11:00:00Z;11,06401;1;3
2018-08-12 11:00:00Z;11,35292;1;3
2018-08-13 11:00:00Z;9,854192;1;3
2018-08-14 11:00:00Z;6,350506;1;3
2018-08-15 11:00:00Z;4,554604;1;3
2018-08-16 11:00:00Z;3,852571;1;3
2018-08-17 11:00:00Z;9,207325;1;3
2018-08-18 11:00:00Z;7,757902;1;3
2018-08-19 11:00:00Z;27,06934;1;3
2018-08-20 11:00:00Z;61,57595;1;3
2018-08-21 11:00:00Z;22,00375;1;3
2018-08-22 11:00:00Z;12,10847;1;3
2018-08-23 11:00:00Z;9,301604;1;3
2018-08-24 11:00:00Z;8,033478;1;3
2018-08-25 11:00:00Z;8,957292;1;3
2018-08-26 11:00:00Z;7,789093;1;3
2018-08-27 11:00:00Z;5,91432;1;3
2018-08-28 11:00:00Z;4,644769;1;3
2018-08-29 11:00:00Z;3,999192;1;3
2018-08-30 11:00:00Z;4,429684;1;3
2018-08-31 11:00:00Z;4,619287;1;3
2018-09-01 11:00:00Z;3,660716;1;3
2018-09-02 11:00:00Z;3,092314;1;3
2018-09-03 11:00:00Z;3,345215;1;3
2018-09-04 11:00:00Z;4,213292;1;3
2018-09-05 11:00:00Z;3,27678;1;3
2018-09-06 11:00:00Z;2,790059;1;3
2018-09-07 11:00:00Z;2,737304;1;3
2018-09-08 11:00:00Z;2,460693;1;3
2018-09-09 11:00:00Z;2,211041;1;3
2018-09-10 11:00:00Z;2,122458;1;3
2018-09-11 11:00:00Z;2,924765;1;3
2018-09-12 11:00:00Z;4,084039;1;3
2018-09-13 11:00:00Z;2,983651;1;3
2018-09-14 11:00:00Z;3,506435;1;3
2018-09-15 11:00:00Z;4,222686;1;3
2018-09-16 11:00:00Z;7,841948;1;3
2018-09-17 11:00:00Z;6,249498;1;3
2018-09-18 11:00:00Z;7,158532;1;3
2018-09-19 11:00:00Z;7,683739;1;3
2018-09-20 11:00:00Z;21,7809;1;3
2018-09-21 11:00:00Z;51,10562;1;3
2018-09-22 11:00:00Z;21,89935;1;3
2018-09-23 11:00:00Z;34,32794;1;3
2018-09-24 11:00:00Z;22,1781;1;3
2018-09-25 11:00:00Z;19,89207;1;3
2018-09-26 11:00:00Z;23,84377;1;3
2018-09-27 11:00:00Z;18,83244;1;3
2018-09-28 11:00:00Z;12,3177;1;3
2018-09-29 11:00:00Z;10,45664;1;3
2018-09-30 11:00:00Z;13,12144;1;3
2018-10-01 11:00:00Z;11,85521;1;3
2018-10-02 11:00:00Z;9,284057;1;3
2018-10-03 11:00:00Z;7,434559;1;3
2018-10-04 11:00:00Z;6,341392;1;3
2018-10-05 11:00:00Z;6,960192;1;3
2018-10-06 11:00:00Z;7,701891;1;3
2018-10-07 11:00:00Z;6,099832;1;3
2018-10-08 11:00:00Z;5,013312;1;3
2018-10-09 11:00:00Z;8,683038;1;3
2018-10-10 11:00:00Z;9,005572;1;3
2018-10-11 11:00:00Z;11,44296;1;3
2018-10-12 11:00:00Z;17,92932;1;3
2018-10-13 11:00:00Z;24,3031;1;3
2018-10-14 11:00:00Z;44,65054;1;3
2018-10-15 11:00:00Z;54,2575;1;3
2018-10-16 11:00:00Z;26,51216;1;3
2018-10-17 11:00:00Z;16,4021;1;3
2018-10-18 11:00:00Z;15,60272;1;3
2018-10-19 11:00:00Z;18,63685;1;3
2018-10-20 11:00:00Z;14,49312;1;3
2018-10-21 11:00:00Z;12,58999;1;3
2018-10-22 11:00:00Z;14,11357;1;3
2018-10-23 11:00:00Z;9,675563;1;3
2018-10-24 11:00:00Z;8,507522;1;3
2018-10-25 11:00:00Z;6,469865;1;3
2018-10-26 11:00:00Z;5,979278;1;3
2018-10-27 11:00:00Z;5,378304;1;3
2018-10-28 11:00:00Z;4,877529;1;3
2018-10-29 11:00:00Z;4,576929;1;3
2018-10-30 11:00:00Z;4,076155;1;3
2018-10-31 11:00:00Z;6,079478;1;3
2018-11-01 11:00:00Z;4,558897;1;3
2018-11-02 11:00:00Z;3,775669;1;3
2018-11-03 11:00:00Z;3,791527;1;3
2018-11-04 11:00:00Z;4,017411;1;3
2018-11-05 11:00:00Z;7,771405;1;3
2018-11-06 11:00:00Z;8,466105;1;3
2018-11-07 11:00:00Z;6,369756;1;3
2018-11-08 11:00:00Z;4,745841;1;3
2018-11-09 11:00:00Z;4,361374;1;3
2018-11-10 11:00:00Z;4,889935;1;3
2018-11-11 11:00:00Z;4,908954;1;3
2018-11-12 11:00:00Z;7,565459;1;3
2018-11-13 11:00:00Z;7,732722;1;3
2018-11-14 11:00:00Z;5,916028;1;3
2018-11-15 11:00:00Z;8,259489;1;3
2018-11-16 11:00:00Z;17,27808;1;3
2018-11-17 11:00:00Z;21,03959;1;3
2018-11-18 11:00:00Z;10,99416;1;3
2018-11-19 11:00:00Z;7,336558;1;3
2018-11-20 11:00:00Z;6,335619;1;3
2018-11-21 11:00:00Z;5,451874;1;3
2018-11-22 11:00:00Z;4,728809;1;3
2018-11-23 11:00:00Z;4,447391;1;3
2018-11-24 11:00:00Z;4,126029;1;3
2018-11-25 11:00:00Z;3,804666;1;3
2018-11-26 11:00:00Z;3,844837;1;3
2018-11-27 11:00:00Z;3,724326;1;3
2018-11-28 11:00:00Z;3,443134;1;3
2018-11-29 11:00:00Z;3,161942;1;3
2018-11-30 11:00:00Z;3,001261;1;3
2018-12-01 11:00:00Z;2,907606;2;3
2018-12-02 11:00:00Z;2,813725;2;3
2018-12-03 11:00:00Z;2,72007;2;3
2018-12-04 11:00:00Z;2,626188;2;3
2018-12-05 11:00:00Z;2,532533;2;3
2018-12-06 11:00:00Z;2,438652;2;3
2018-12-07 11:00:00Z;2,344996;2;3
2018-12-08 11:00:00Z;2,251116;2;3
2018-12-09 11:00:00Z;2,186346;2;3
2018-12-10 11:00:00Z;2,121803;2;3
2018-12-11 11:00:00Z;2,057034;2;3
2018-12-12 11:00:00Z;1,992265;2;3
2018-12-13 11:00:00Z;1,927496;2;3
2018-12-14 11:00:00Z;1,862953;2;3
2018-12-15 11:00:00Z;1,798184;2;3
2018-12-16 11:00:00Z;1,733415;2;3
2018-12-17 11:00:00Z;1,668646;2;3
2018-12-18 11:00:00Z;1,604103;2;3
2018-12-19 11:00:00Z;1,539334;2;3
2018-12-20 11:00:00Z;1,474565;1;3
2018-12-21 11:00:00Z;1,431461;1;3
2018-12-22 11:00:00Z;1,344576;1;3
2018-12-23 11:00:00Z;1,1857;3;3
2018-12-24 11:00:00Z;1,08392;3;3
2018-12-25 11:00:00Z;1,202618;1;3
2018-12-26 11:00:00Z;1,199471;1;3
2018-12-27 11:00:00Z;1,271874;1;3
2018-12-28 11:00:00Z;1,399936;1;3
2018-12-29 11:00:00Z;1,363704;1;3
2018-12-30 11:00:00Z;1,294139;1;3
2018-12-31 11:00:00Z;1,209891;1;3
2019-01-01 11:00:00Z;1,262656;1;3
2019-01-02 11:00:00Z;1,23738;1;3
2019-01-03 11:00:00Z;1,440262;1;3
2019-01-04 11:00:00Z;5,446458;1;3
2019-01-05 11:00:00Z;3,980694;1;3
2019-01-06 11:00:00Z;3,262368;1;3
2019-01-07 11:00:00Z;2,642888;1;3
2019-01-08 11:00:00Z;2,271426;1;3
2019-01-09 11:00:00Z;1,974211;1;3
2019-01-10 11:00:00Z;1,800892;1;3
2019-01-11 11:00:00Z;1,850315;1;3
2019-01-12 11:00:00Z;1,751243;1;3
2019-01-13 11:00:00Z;1,5197;1;3
2019-01-14 11:00:00Z;1,383392;1;3
2019-01-15 11:00:00Z;1,325845;1;3
2019-01-16 11:00:00Z;1,282741;1;3
2019-01-17 11:00:00Z;1,25408;1;3
2019-01-18 11:00:00Z;1,232641;1;3
2019-01-19 11:00:00Z;1,208944;2;3
2019-01-20 11:00:00Z;1,193824;2;3
2019-01-21 11:00:00Z;1,17893;2;3
2019-01-22 11:00:00Z;1,16381;2;3
2019-01-23 11:00:00Z;1,148915;2;3
2019-01-24 11:00:00Z;1,133795;2;3
2019-01-25 11:00:00Z;1,118674;2;3
2019-01-26 11:00:00Z;1,10378;2;3
2019-01-27 11:00:00Z;1,08866;2;3
2019-01-28 11:00:00Z;1,073539;2;3
2019-01-29 11:00:00Z;1,058645;2;3
2019-01-30 11:00:00Z;1,043525;2;3
2019-01-31 11:00:00Z;1,031789;2;3
2019-02-01 11:00:00Z;1,020054;2;3
2019-02-02 11:00:00Z;1,008319;2;3
2019-02-03 11:00:00Z;0,996584;2;3
2019-02-04 11:00:00Z;0,9848489;2;3
2019-02-05 11:00:00Z;0,9731134;2;3
2019-02-06 11:00:00Z;0,9613788;2;3
2019-02-07 11:00:00Z;0,9496436;2;3
2019-02-08 11:00:00Z;0,9379082;2;3
2019-02-09 11:00:00Z;0,926173;2;3
2019-02-10 11:00:00Z;0,9144381;2;3
2019-02-11 11:00:00Z;0,9027027;1;3
2019-02-12 11:00:00Z;0,9252704;1;3
2019-02-13 11:00:00Z;1,043525;1;3
2019-02-14 11:00:00Z;1,194502;1;3
2019-02-15 11:00:00Z;2,879171;1;3
2019-02-16 11:00:00Z;3,100784;1;3
2019-02-17 11:00:00Z;2,627091;1;3
2019-02-18 11:00:00Z;2,299861;1;3
2019-02-19 11:00:00Z;2,027245;1;3
2019-02-20 11:00:00Z;1,823261;0;3
2019-02-21 11:00:00Z;1,585462;0;3
2019-02-22 11:00:00Z;1,454254;1;3
2019-02-23 11:00:00Z;5,154433;1;3
2019-02-24 11:00:00Z;11,40384;1;3
2019-02-25 11:00:00Z;10,95565;1;3
2019-02-26 11:00:00Z;11,56498;1;3
2019-02-27 11:00:00Z;12,17408;1;3
2019-02-28 11:00:00Z;11,74078;1;3
2019-03-01 11:00:00Z;9,684421;1;3
2019-03-02 11:00:00Z;8,429213;1;3
2019-03-03 11:00:00Z;7,465578;1;3
2019-03-04 11:00:00Z;6,708888;1;3
2019-03-05 11:00:00Z;6,1623;1;3
2019-03-06 11:00:00Z;5,729229;1;3
2019-03-07 11:00:00Z;5,405159;1;3
2019-03-08 11:00:00Z;5,162107;1;3
2019-03-09 11:00:00Z;4,946135;1;3
2019-03-10 11:00:00Z;4,746863;2;3
2019-03-11 11:00:00Z;4,547817;2;3
2019-03-12 11:00:00Z;4,348545;2;3
2019-03-13 11:00:00Z;4,149499;2;3
2019-03-14 11:00:00Z;3,950227;2;3
2019-03-15 11:00:00Z;3,750956;2;3
2019-03-16 11:00:00Z;3,55191;2;3
2019-03-17 11:00:00Z;3,352638;2;3
2019-03-18 11:00:00Z;3,153593;2;3
2019-03-19 11:00:00Z;2,954321;2;3
2019-03-20 11:00:00Z;2,755049;2;3
2019-03-21 11:00:00Z;2,556003;2;3
2019-03-22 11:00:00Z;2,356731;2;3
2019-03-23 11:00:00Z;2,157685;2;3
2019-03-24 11:00:00Z;1,958414;1;3
2019-03-25 11:00:00Z;1,832261;1;3
2019-03-26 11:00:00Z;1,731188;0;3
2019-03-27 11:00:00Z;1,706162;0;3
2019-03-28 11:00:00Z;3,68607;0;3
2019-03-29 11:00:00Z;19,63221;1;3
2019-03-30 11:00:00Z;11,03419;1;3
2019-03-31 11:00:00Z;6,410769;1;3
2019-04-01 11:00:00Z;4,26324;1;3
2019-04-02 11:00:00Z;3,580796;1;3
2019-04-03 11:00:00Z;3,146596;1;3
2019-04-04 11:00:00Z;2,836518;1;3
2019-04-05 11:00:00Z;3,580796;1;3
2019-04-06 11:00:00Z;2,790254;1;3
2019-04-07 11:00:00Z;2,169195;1;3
2019-04-08 11:00:00Z;1,838354;1;3
2019-04-09 11:00:00Z;1,681735;1;3
2019-04-10 11:00:00Z;1,618998;1;3
2019-04-11 11:00:00Z;1,740186;1;3
2019-04-12 11:00:00Z;1,63976;1;3
2019-04-13 11:00:00Z;1,911474;1;3
2019-04-14 11:00:00Z;2,057937;1;3
2019-04-15 11:00:00Z;2,078699;1;3
2019-04-16 11:00:00Z;2,110068;1;3
2019-04-17 11:00:00Z;2,079969;0;3
2019-04-18 11:00:00Z;2,052907;0;3
2019-04-19 11:00:00Z;2,269033;0;3
2019-04-20 11:00:00Z;5,843893;0;3
2019-04-21 11:00:00Z;11,71066;0;3
2019-04-22 11:00:00Z;13,03502;0;3
2019-04-23 11:00:00Z;14,74683;0;3
2019-04-24 11:00:00Z;14,95374;0;3
2019-04-25 11:00:00Z;13,15188;0;3
2019-04-26 11:00:00Z;13,2393;0;3
2019-04-27 11:00:00Z;16,05978;0;3
2019-04-28 11:00:00Z;18,4441;0;3
2019-04-29 11:00:00Z;20,44539;0;3
2019-04-30 11:00:00Z;18,6894;0;3
2019-05-01 11:00:00Z;14,88486;0;3
2019-05-02 11:00:00Z;11,9842;0;3
2019-05-03 11:00:00Z;9,932675;0;3
2019-05-04 11:00:00Z;7,798919;0;3
2019-05-05 11:00:00Z;6,614947;0;3
2019-05-06 11:00:00Z;5,574964;0;3
2019-05-07 11:00:00Z;4,641304;0;3
2019-05-08 11:00:00Z;4,261715;0;3
2019-05-09 11:00:00Z;4,078392;0;3
2019-05-10 11:00:00Z;6,489314;0;3
2019-05-11 11:00:00Z;10,4737;0;3
2019-05-12 11:00:00Z;12,06873;0;3
2019-05-13 11:00:00Z;9,682203;0;3
2019-05-14 11:00:00Z;8,4392;0;3
2019-05-15 11:00:00Z;7,871023;0;3
2019-05-16 11:00:00Z;10,33305;0;3
2019-05-17 11:00:00Z;13,78974;0;3
2019-05-18 11:00:00Z;18,96494;0;3
2019-05-19 11:00:00Z;28,23702;0;3
2019-05-20 11:00:00Z;38,99308;0;3
2019-05-21 11:00:00Z;45,67236;0;3
2019-05-22 11:00:00Z;55,99748;0;3
2019-05-23 11:00:00Z;60,29958;0;3
2019-05-24 11:00:00Z;42,60078;0;3
2019-05-25 11:00:00Z;32,0056;0;3
2019-05-26 11:00:00Z;25,72502;0;3
2019-05-27 11:00:00Z;19,41193;0;3
2019-05-28 11:00:00Z;16,81579;0;3
2019-05-29 11:00:00Z;16,30557;0;3
2019-05-30 11:00:00Z;15,9389;0;3
2019-05-31 11:00:00Z;18,62874;0;3
2019-06-01 11:00:00Z;17,83825;0;3
2019-06-02 11:00:00Z;15,43925;0;3
2019-06-03 11:00:00Z;17,79036;0;3
2019-06-04 11:00:00Z;30,04326;0;3
2019-06-05 11:00:00Z;35,52526;0;3
2019-06-06 11:00:00Z;58,80408;0;3
2019-06-07 11:00:00Z;81,24323;0;3
2019-06-08 11:00:00Z;76,11178;0;3
2019-06-09 11:00:00Z;63,63983;0;3
2019-06-10 11:00:00Z;67,69805;0;3
2019-06-11 11:00:00Z;52,21057;0;3
2019-06-12 11:00:00Z;40,74429;0;3
2019-06-13 11:00:00Z;41,77475;0;3
2019-06-14 11:00:00Z;48,68397;0;3
2019-06-15 11:00:00Z;46,7468;0;3
2019-06-16 11:00:00Z;46,37723;0;3
2019-06-17 11:00:00Z;45,17517;0;3
2019-06-18 11:00:00Z;42,57167;0;3
2019-06-19 11:00:00Z;37,89768;0;3
2019-06-20 11:00:00Z;36,71705;0;3
2019-06-21 11:00:00Z;44,91405;0;3
2019-06-22 11:00:00Z;38,80612;0;3
2019-06-23 11:00:00Z;35,57267;0;3
2019-06-24 11:00:00Z;33,95554;0;3
2019-06-25 11:00:00Z;29,06352;0;3
2019-06-26 11:00:00Z;25,96306;0;3
2019-06-27 11:00:00Z;24,43401;0;3
2019-06-28 11:00:00Z;24,27375;0;3
2019-06-29 11:00:00Z;33,68592;0;3
2019-06-30 11:00:00Z;26,71958;0;3
2019-07-01 11:00:00Z;37,08416;0;3
2019-07-02 11:00:00Z;27,27079;0;3
2019-07-03 11:00:00Z;19,54768;0;3
2019-07-04 11:00:00Z;16,19177;0;3
2019-07-05 11:00:00Z;17,61386;0;3
2019-07-06 11:00:00Z;21,41087;0;3
2019-07-07 11:00:00Z;21,89702;0;3
2019-07-08 11:00:00Z;23,89663;0;3
2019-07-09 11:00:00Z;24,18492;0;3
2019-07-10 11:00:00Z;23,7794;0;3
2019-07-11 11:00:00Z;25,70867;0;3
2019-07-12 11:00:00Z;25,3189;0;3
2019-07-13 11:00:00Z;25,49442;0;3
2019-07-14 11:00:00Z;23,13807;0;3
2019-07-15 11:00:00Z;17,80993;0;3
2019-07-16 11:00:00Z;15,24391;0;3
2019-07-17 11:00:00Z;14,30933;0;3
2019-07-18 11:00:00Z;15,44846;0;3
2019-07-19 11:00:00Z;25,21385;0;3
2019-07-20 11:00:00Z;29,03699;0;3
2019-07-21 11:00:00Z;27,24818;0;3
2019-07-22 11:00:00Z;26,02784;0;3
2019-07-23 11:00:00Z;24,65318;0;3
2019-07-24 11:00:00Z;24,60766;0;3
2019-07-25 11:00:00Z;25,36398;0;3
2019-07-26 11:00:00Z;24,36742;0;3
2019-07-27 11:00:00Z;19,24179;0;3
2019-07-28 11:00:00Z;17,89436;0;3
2019-07-29 11:00:00Z;19,45308;0;3
2019-07-30 11:00:00Z;12,54654;0;3
2019-07-31 11:00:00Z;7,245597;0;3
2019-08-01 11:00:00Z;5,896405;0;3
2019-08-02 11:00:00Z;6,25855;0;3
2019-08-03 11:00:00Z;4,948308;0;3
2019-08-04 11:00:00Z;4,370317;0;3
2019-08-05 11:00:00Z;4,309981;0;3
2019-08-06 11:00:00Z;3,9045;0;3
2019-08-07 11:00:00Z;4,809587;0;3
2019-08-08 11:00:00Z;7,940278;0;3
2019-08-09 11:00:00Z;5,603937;0;3
2019-08-10 11:00:00Z;4,702074;0;3
2019-08-11 11:00:00Z;7,927617;0;3
2019-08-12 11:00:00Z;8,436351;0;3
2019-08-13 11:00:00Z;6,972758;0;3
2019-08-14 11:00:00Z;5,642952;0;3
2019-08-15 11:00:00Z;7,519899;0;3
2019-08-16 11:00:00Z;5,555724;0;3
2019-08-17 11:00:00Z;4,147689;0;3
2019-08-18 11:00:00Z;4,815872;0;3
2019-08-19 11:00:00Z;5,31039;0;3
2019-08-20 11:00:00Z;3,608318;0;3
2019-08-21 11:00:00Z;3,436613;0;3
2019-08-22 11:00:00Z;3,785334;0;3
2019-08-23 11:00:00Z;3,158317;0;3
2019-08-24 11:00:00Z;2,566486;0;3
2019-08-25 11:00:00Z;2,58783;0;3
2019-08-26 11:00:00Z;5,528407;0;3
2019-08-27 11:00:00Z;5,115994;0;3
2019-08-28 11:00:00Z;4,012452;0;3
2019-08-29 11:00:00Z;4,412211;0;3
2019-08-30 11:00:00Z;6,719373;0;3
2019-08-31 11:00:00Z;4,809071;0;3
2019-09-01 11:00:00Z;4,721193;0;3
2019-09-02 11:00:00Z;7,17484;0;3
2019-09-03 11:00:00Z;4,045677;0;3
2019-09-04 11:00:00Z;4,099746;0;3
2019-09-05 11:00:00Z;4,995087;0;3
2019-09-06 11:00:00Z;7,381317;0;3
2019-09-07 11:00:00Z;5,134247;0;3
2019-09-08 11:00:00Z;3,618458;0;3
2019-09-09 11:00:00Z;2,9125;0;3
2019-09-10 11:00:00Z;2,497837;0;3
2019-09-11 11:00:00Z;2,598649;0;3
2019-09-12 11:00:00Z;3,388626;0;3
2019-09-13 11:00:00Z;4,081316;0;3
2019-09-14 11:00:00Z;3,526283;0;3
2019-09-15 11:00:00Z;3,306297;0;3
2019-09-16 11:00:00Z;3,342253;0;3
2019-09-17 11:00:00Z;2,639922;0;3
2019-09-18 11:00:00Z;2,369488;0;3
2019-09-19 11:00:00Z;2,680227;0;3
2019-09-20 11:00:00Z;3,002883;0;3
2019-09-21 11:00:00Z;2,710562;0;3
2019-09-22 11:00:00Z;2,321027;0;3
2019-09-23 11:00:00Z;2,023162;0;3
2019-09-24 11:00:00Z;2,12939;0;3
2019-09-25 11:00:00Z;1,974753;0;3
2019-09-26 11:00:00Z;1,902752;0;3
2019-09-27 11:00:00Z;1,870904;0;3
2019-09-28 11:00:00Z;1,835898;0;3
2019-09-29 11:00:00Z;2,398611;0;3
2019-09-30 11:00:00Z;3,173678;0;3
2019-10-01 11:00:00Z;2,457231;0;3
2019-10-02 11:00:00Z;2,242558;0;3
2019-10-03 11:00:00Z;1,448685;0;3
2019-10-04 11:00:00Z;1,360756;0;3
2019-10-05 11:00:00Z;1,414986;1;3
2019-10-06 11:00:00Z;1,546085;0;3
2019-10-07 11:00:00Z;1,645433;0;3
2019-10-08 11:00:00Z;1,402501;0;3
2019-10-09 11:00:00Z;1,049037;0;3
2019-10-10 11:00:00Z;1,290188;1;3
2019-10-11 11:00:00Z;1,13402;1;3
2019-10-12 11:00:00Z;0,9073125;0;3
2019-10-13 11:00:00Z;0,8063393;1;3
2019-10-14 11:00:00Z;0,7440528;1;3
2019-10-15 11:00:00Z;0,6971122;1;3
2019-10-16 11:00:00Z;0,6971122;1;3
2019-10-17 11:00:00Z;0,6941718;0;3
2019-10-18 11:00:00Z;0,6984547;0;3
2019-10-19 11:00:00Z;0,7214534;0;3
2019-10-20 11:00:00Z;0,5879964;0;3
2019-10-21 11:00:00Z;0,6303613;0;3
2019-10-22 11:00:00Z;1,306799;0;3
2019-10-23 11:00:00Z;2,930676;0;3
2019-10-24 11:00:00Z;2,50483;0;3
2019-10-25 11:00:00Z;3,67157;0;3
2019-10-26 11:00:00Z;4,473297;0;3
2019-10-27 11:00:00Z;3,022249;1;3
2019-10-28 11:00:00Z;2,210719;1;3
2019-10-29 11:00:00Z;1,945551;1;3
2019-10-30 11:00:00Z;2,007837;1;3
2019-10-31 11:00:00Z;2,282126;0;3
2019-11-01 11:00:00Z;2,210719;1;3
2019-11-02 11:00:00Z;1,75824;1;3
2019-11-03 11:00:00Z;1,539785;1;3
2019-11-04 11:00:00Z;1,399415;1;3
2019-11-05 11:00:00Z;1,290188;1;3
2019-11-06 11:00:00Z;1,242345;1;3
2019-11-07 11:00:00Z;1,18254;1;3
2019-11-08 11:00:00Z;1,122736;1;3
2019-11-09 11:00:00Z;1,077827;1;3
2019-11-10 11:00:00Z;1,018023;1;3
2019-11-11 11:00:00Z;0,9882342;1;3
2019-11-12 11:00:00Z;0,9882342;1;3
2019-11-13 11:00:00Z;1,052297;0;3
2019-11-14 11:00:00Z;1,084026;0;3
2019-11-15 11:00:00Z;1,06837;0;3
2019-11-16 11:00:00Z;1,012224;0;3
2019-11-17 11:00:00Z;0,9802281;0;3
2019-11-18 11:00:00Z;0,9372532;0;3
2019-11-19 11:00:00Z;0,9105497;0;3
2019-11-20 11:00:00Z;0,9125217;0;3
2019-11-21 11:00:00Z;0,877952;0;3
2019-11-22 11:00:00Z;0,8454947;0;3
2019-11-23 11:00:00Z;0,8616219;0;3
2019-11-24 11:00:00Z;0,9085245;0;3
2019-11-25 11:00:00Z;0,8634235;0;3
2019-11-26 11:00:00Z;0,8219766;0;3
2019-11-27 11:00:00Z;0,7883455;0;3
2019-11-28 11:00:00Z;0,753268;0;3
2019-11-29 11:00:00Z;0,7488382;0;3
2019-11-30 11:00:00Z;0,7952291;0;3
2019-12-01 11:00:00Z;1,022292;0;3
2019-12-02 11:00:00Z;1,028427;0;3
2019-12-03 11:00:00Z;1,146681;0;3
2019-12-04 11:00:00Z;2,935364;1;3
2019-12-05 11:00:00Z;7,187094;1;3
2019-12-06 11:00:00Z;6,579802;1;3
2019-12-07 11:00:00Z;5,000523;1;3
2019-12-08 11:00:00Z;3,876883;1;3
2019-12-09 11:00:00Z;3,968056;1;3
2019-12-10 11:00:00Z;5,486402;1;3
2019-12-11 11:00:00Z;5,668748;1;3
2019-12-12 11:00:00Z;5,668748;1;3
2019-12-13 11:00:00Z;5,78294;1;3
2019-12-14 11:00:00Z;5,503102;1;3
2019-12-15 11:00:00Z;5,083797;1;3
2019-12-16 11:00:00Z;4,605815;1;3
2019-12-17 11:00:00Z;4,150176;1;3
2019-12-18 11:00:00Z;3,694537;1;3
2019-12-19 11:00:00Z;3,330296;1;3
2019-12-20 11:00:00Z;2,996071;1;3
2019-12-21 11:00:00Z;2,756403;1;3
2019-12-22 11:00:00Z;2,628445;1;3
2019-12-23 11:00:00Z;2,500487;1;3
2019-12-24 11:00:00Z;2,340482;1;3
2019-12-25 11:00:00Z;2,212525;1;3
2019-12-26 11:00:00Z;2,116387;1;3
2019-12-27 11:00:00Z;1,988429;1;3
2019-12-28 11:00:00Z;1,899302;0;3
2019-12-29 11:00:00Z;3,109134;1;3
2019-12-30 11:00:00Z;6,203148;1;3
2019-12-31 11:00:00Z;6,662172;1;3
2020-01-01 11:00:00Z;10,43698;0;3
2020-01-02 11:00:00Z;22,98113;0;3
2020-01-03 11:00:00Z;27,35214;0;3
2020-01-04 11:00:00Z;16,35962;0;3
2020-01-05 11:00:00Z;13,04547;0;3
2020-01-06 11:00:00Z;11,4711;1;3
2020-01-07 11:00:00Z;11,98995;0;3
2020-01-08 11:00:00Z;9,672916;0;3
2020-01-09 11:00:00Z;7,271295;0;3
2020-01-10 11:00:00Z;6,074035;0;3
2020-01-11 11:00:00Z;5,408746;0;3
2020-01-12 11:00:00Z;4,766297;0;3
2020-01-13 11:00:00Z;3,950335;0;3
2020-01-14 11:00:00Z;3,638902;1;3
2020-01-15 11:00:00Z;3,202086;1;3
2020-01-16 11:00:00Z;2,959604;1;3
2020-01-17 11:00:00Z;2,831718;1;3
2020-01-18 11:00:00Z;2,574069;1;3
2020-01-19 11:00:00Z;2,339492;1;3
2020-01-20 11:00:00Z;3,12998;1;3
2020-01-21 11:00:00Z;6,637574;1;3
2020-01-22 11:00:00Z;6,311021;1;3
2020-01-23 11:00:00Z;5,208369;1;3
2020-01-24 11:00:00Z;4,228485;1;3
2020-01-25 11:00:00Z;3,656623;1;3
2020-01-26 11:00:00Z;3,431851;1;3
2020-01-27 11:00:00Z;3,279745;1;3
2020-01-28 11:00:00Z;3,178191;1;3
2020-01-29 11:00:00Z;3,076863;1;3
2020-01-30 11:00:00Z;3,003292;1;3
2020-01-31 11:00:00Z;2,921823;1;3
2020-02-01 11:00:00Z;3,250831;1;3
2020-02-02 11:00:00Z;2,721896;1;3
2020-02-03 11:00:00Z;2,401928;1;3
2020-02-04 11:00:00Z;2,316787;2;3
2020-02-05 11:00:00Z;2,231707;2;3
2020-02-06 11:00:00Z;2,146402;2;3
2020-02-07 11:00:00Z;2,138277;1;3
2020-02-08 11:00:00Z;2,163779;1;3
2020-02-09 11:00:00Z;2,620321;1;3
2020-02-10 11:00:00Z;2,74715;1;3
2020-02-11 11:00:00Z;2,59482;1;3
2020-02-12 11:00:00Z;2,366661;1;3
2020-02-13 11:00:00Z;2,163779;1;3
2020-02-14 11:00:00Z;2,132364;1;3
2020-02-15 11:00:00Z;2,095212;1;3
2020-02-16 11:00:00Z;2,129251;1;3
2020-02-17 11:00:00Z;2,057474;1;3
2020-02-18 11:00:00Z;1,991553;1;3
2020-02-19 11:00:00Z;1,90971;1;3
2020-02-20 11:00:00Z;1,869498;1;3
2020-02-21 11:00:00Z;1,851669;1;3
2020-02-22 11:00:00Z;1,74831;2;3
2020-02-23 11:00:00Z;1,645176;1;3
2020-02-24 11:00:00Z;1,532564;2;3
2020-02-25 11:00:00Z;1,355634;1;3
2020-02-26 11:00:00Z;1,28071;1;3
2020-02-27 11:00:00Z;1,216392;1;3
2020-02-28 11:00:00Z;1,162681;1;3
2020-02-29 11:00:00Z;1,098364;1;3
2020-03-01 11:00:00Z;1,044878;1;3
2020-03-02 11:00:00Z;1,002;1;3
2020-03-03 11:00:00Z;0,9697285;1;3
2020-03-04 11:00:00Z;0,9187258;1;3
2020-03-05 11:00:00Z;0,8968353;1;3
2020-03-06 11:00:00Z;0,874719;1;3
2020-03-07 11:00:00Z;0,9509975;1;3
2020-03-08 11:00:00Z;1,171031;1;3
2020-03-09 11:00:00Z;1,314787;1;3
2020-03-10 11:00:00Z;1,37414;1;3
2020-03-11 11:00:00Z;1,340288;1;3
2020-03-12 11:00:00Z;1,297861;1;3
2020-03-13 11:00:00Z;1,264009;1;3
2020-03-14 11:00:00Z;1,196307;1;3
2020-03-15 11:00:00Z;1,154106;1;3
2020-03-16 11:00:00Z;1,13718;1;3
2020-03-17 11:00:00Z;1,103328;1;3
2020-03-18 11:00:00Z;1,086403;1;3
2020-03-19 11:00:00Z;1,077827;1;3
2020-03-20 11:00:00Z;1,069477;1;3
2020-03-21 11:00:00Z;1,13718;1;3
2020-03-22 11:00:00Z;1,259045;1;3
2020-03-23 11:00:00Z;1,448838;1;3
2020-03-24 11:00:00Z;1,716264;1;3
2020-03-25 11:00:00Z;2,810791;1;3
2020-03-26 11:00:00Z;2,743539;1;3
2020-03-27 11:00:00Z;2,417213;1;3
2020-03-28 11:00:00Z;2,207108;1;3
2020-03-29 11:00:00Z;2,046202;1;3
2020-03-30 11:00:00Z;1,95232;1;3
2020-03-31 11:00:00Z;1,925465;1;3
2020-04-01 11:00:00Z;1,982088;1;3
2020-04-02 11:00:00Z;1,925116;1;3
2020-04-03 11:00:00Z;1,846028;1;3
2020-04-04 11:00:00Z;1,78532;1;3
2020-04-05 11:00:00Z;1,749125;1;3
2020-04-06 11:00:00Z;1,714199;1;3
2020-04-07 11:00:00Z;1,73613;1;3
2020-04-08 11:00:00Z;2,632125;1;3
2020-04-09 11:00:00Z;3,291486;1;3
2020-04-10 11:00:00Z;2,904624;1;3
2020-04-11 11:00:00Z;2,519396;1;3
2020-04-12 11:00:00Z;2,218953;1;3
2020-04-13 11:00:00Z;1,936248;1;3
2020-04-14 11:00:00Z;1,837459;1;3
2020-04-15 11:00:00Z;1,67422;1;3
2020-04-16 11:00:00Z;1,54778;1;3
2020-04-17 11:00:00Z;1,473096;1;3
2020-04-18 11:00:00Z;1,414489;1;3
2020-04-19 11:00:00Z;1,409962;1;3
2020-04-20 11:00:00Z;1,592058;1;3
2020-04-21 11:00:00Z;2,300363;1;3
2020-04-22 11:00:00Z;3,213848;1;3
2020-04-23 11:00:00Z;4,233;1;3
2020-04-24 11:00:00Z;5,335199;1;3
2020-04-25 11:00:00Z;5,453904;1;3
2020-04-26 11:00:00Z;4,026732;1;3
2020-04-27 11:00:00Z;3,196398;1;3
2020-04-28 11:00:00Z;2,719027;1;3
2020-04-29 11:00:00Z;2,332201;1;3
2020-04-30 11:00:00Z;2,020688;1;3
2020-05-01 11:00:00Z;2,009917;1;3
2020-05-02 11:00:00Z;1,792701;1;3
2020-05-03 11:00:00Z;1,681781;1;3
2020-05-04 11:00:00Z;2,107903;1;3
2020-05-05 11:00:00Z;2,171023;1;3
2020-05-06 11:00:00Z;2,208743;1;3
2020-05-07 11:00:00Z;2,087286;1;3
2020-05-08 11:00:00Z;1,80588;1;3
2020-05-09 11:00:00Z;1,463316;1;3
2020-05-10 11:00:00Z;1,211805;1;3
2020-05-11 11:00:00Z;1,054847;1;3
2020-05-12 11:00:00Z;0,9677364;1;3
2020-05-13 11:00:00Z;0,9467847;1;3
2020-05-14 11:00:00Z;1,159526;1;3
2020-05-15 11:00:00Z;0,9933763;1;3
2020-05-16 11:00:00Z;0,9076515;1;3
2020-05-17 11:00:00Z;0,8139395;1;3
2020-05-18 11:00:00Z;0,80145;1;3
2020-05-19 11:00:00Z;0,7917649;1;3
2020-05-20 11:00:00Z;0,8372301;1;3
2020-05-21 11:00:00Z;0,9799267;1;3
2020-05-22 11:00:00Z;1,310818;1;3
2020-05-23 11:00:00Z;2,464592;1;3
2020-05-24 11:00:00Z;5,144767;1;3
2020-05-25 11:00:00Z;6,22534;1;3
2020-05-26 11:00:00Z;9,384914;1;3
2020-05-27 11:00:00Z;11,07364;1;3
2020-05-28 11:00:00Z;12,82485;1;3
2020-05-29 11:00:00Z;13,05709;1;3
2020-05-30 11:00:00Z;13,74413;1;3
2020-05-31 11:00:00Z;17,15286;1;3
2020-06-01 11:00:00Z;23,99513;1;3
2020-06-02 11:00:00Z;33,50397;1;3
2020-06-03 11:00:00Z;35,69901;1;3
2020-06-04 11:00:00Z;39,92133;1;3
2020-06-05 11:00:00Z;47,34557;1;3
2020-06-06 11:00:00Z;54,61295;1;3
2020-06-07 11:00:00Z;58,93864;1;3
2020-06-08 11:00:00Z;53,82626;1;3
2020-06-09 11:00:00Z;43,51072;1;3
2020-06-10 11:00:00Z;44,64254;1;3
2020-06-11 11:00:00Z;41,51255;1;3
2020-06-12 11:00:00Z;39,49161;1;3
2020-06-13 11:00:00Z;46,55824;1;3
2020-06-14 11:00:00Z;62,87743;1;3
2020-06-15 11:00:00Z;74,30388;1;3
2020-06-16 11:00:00Z;73,23862;1;3
2020-06-17 11:00:00Z;73,04844;1;3
2020-06-18 11:00:00Z;77,00588;1;3
2020-06-19 11:00:00Z;73,59634;1;3
2020-06-20 11:00:00Z;78,52692;1;3
2020-06-21 11:00:00Z;91,85435;1;3
2020-06-22 11:00:00Z;90,71291;1;3
2020-06-23 11:00:00Z;80,12211;1;3
2020-06-24 11:00:00Z;78,13833;1;3
2020-06-25 11:00:00Z;84,846;1;3
2020-06-26 11:00:00Z;75,66587;1;3
2020-06-27 11:00:00Z;66,57214;0;3
2020-06-28 11:00:00Z;82,42215;0;3
2020-06-29 11:00:00Z;87,36909;0;3
2020-06-30 11:00:00Z;80,66285;0;3
2020-07-01 11:00:00Z;55,26903;0;3
2020-07-02 11:00:00Z;40,46068;0;3
2020-07-03 11:00:00Z;32,28384;0;3
2020-07-04 11:00:00Z;28,27827;0;3
2020-07-05 11:00:00Z;27,65297;0;3
2020-07-06 11:00:00Z;25,98588;0;3
2020-07-07 11:00:00Z;28,39935;0;3
2020-07-08 11:00:00Z;26,88933;0;3
2020-07-09 11:00:00Z;26,00125;0;3
2020-07-10 11:00:00Z;26,10606;0;3
2020-07-11 11:00:00Z;26,80667;0;3
2020-07-12 11:00:00Z;28,70337;0;3
2020-07-13 11:00:00Z;28,53161;0;3
2020-07-14 11:00:00Z;28,90353;0;3
2020-07-15 11:00:00Z;34,03932;0;3
2020-07-16 11:00:00Z;39,11343;0;3
2020-07-17 11:00:00Z;45,52893;0;3
2020-07-18 11:00:00Z;48,15979;0;3
2020-07-19 11:00:00Z;45,82124;0;3
2020-07-20 11:00:00Z;34,58048;0;3
2020-07-21 11:00:00Z;31,72533;0;3
2020-07-22 11:00:00Z;28,53618;0;3
2020-07-23 11:00:00Z;38,46019;0;3
2020-07-24 11:00:00Z;39,66945;0;3
2020-07-25 11:00:00Z;34,57203;0;3
2020-07-26 11:00:00Z;33,27015;0;3
2020-07-27 11:00:00Z;47,22454;0;3
2020-07-28 11:00:00Z;51,04805;0;3
2020-07-29 11:00:00Z;45,72779;0;3
2020-07-30 11:00:00Z;39,48509;0;3
2020-07-31 11:00:00Z;29,70754;0;3
2020-08-01 11:00:00Z;25,84446;0;3
2020-08-02 11:00:00Z;23,38706;0;3
2020-08-03 11:00:00Z;32,95173;0;3
2020-08-04 11:00:00Z;33,16303;0;3
2020-08-05 11:00:00Z;24,60613;0;3
2020-08-06 11:00:00Z;20,21086;0;3
2020-08-07 11:00:00Z;21,43098;0;3
2020-08-08 11:00:00Z;25,43715;0;3
2020-08-09 11:00:00Z;36,96177;0;3
2020-08-10 11:00:00Z;19,56739;0;3
2020-08-11 11:00:00Z;13,1464;0;3
2020-08-12 11:00:00Z;15,89904;0;3
2020-08-13 11:00:00Z;13,51966;0;3
2020-08-14 11:00:00Z;15,20597;0;3
2020-08-15 11:00:00Z;20,60555;0;3
2020-08-16 11:00:00Z;18,20508;0;3
2020-08-17 11:00:00Z;10,71588;0;3
2020-08-18 11:00:00Z;7,912189;0;3
2020-08-19 11:00:00Z;7,486356;0;3
2020-08-20 11:00:00Z;8,527977;0;3
2020-08-21 11:00:00Z;7,937046;0;3
2020-08-22 11:00:00Z;24,10984;0;3
2020-08-23 11:00:00Z;28,81491;0;3
2020-08-24 11:00:00Z;15,50855;0;3
2020-08-25 11:00:00Z;9,382454;0;3
2020-08-26 11:00:00Z;7,558398;0;3
2020-08-27 11:00:00Z;6,815088;0;3
2020-08-28 11:00:00Z;5,648976;0;3
2020-08-29 11:00:00Z;4,572131;0;3
2020-08-30 11:00:00Z;4,087219;0;3
2020-08-31 11:00:00Z;3,850736;0;3
2020-09-01 11:00:00Z;3,446488;0;3
2020-09-02 11:00:00Z;3,892761;0;3
2020-09-03 11:00:00Z;4,4576;0;3
2020-09-04 11:00:00Z;7,569777;0;3
2020-09-05 11:00:00Z;9,226231;0;3
2020-09-06 11:00:00Z;25,99246;0;3
2020-09-07 11:00:00Z;12,24388;0;3
2020-09-08 11:00:00Z;10,535;0;3
2020-09-09 11:00:00Z;11,96128;0;3
2020-09-10 11:00:00Z;10,04101;0;3
2020-09-11 11:00:00Z;15,91427;0;3
2020-09-12 11:00:00Z;10,5674;0;3
2020-09-13 11:00:00Z;11,13538;0;3
2020-09-14 11:00:00Z;23,41096;0;3
2020-09-15 11:00:00Z;16,78225;0;3
2020-09-16 11:00:00Z;10,59419;0;3
2020-09-17 11:00:00Z;9,066937;0;3
2020-09-18 11:00:00Z;32,03004;0;3
2020-09-19 11:00:00Z;43,96635;0;3
2020-09-20 11:00:00Z;30,05687;0;3
2020-09-21 11:00:00Z;102,434;0;3
2020-09-22 11:00:00Z;44,09851;0;3
2020-09-23 11:00:00Z;26,30157;0;3
2020-09-24 11:00:00Z;23,83918;0;3
2020-09-25 11:00:00Z;19,49279;0;3
2020-09-26 11:00:00Z;15,39629;0;3
2020-09-27 11:00:00Z;9,401311;0;3
2020-09-28 11:00:00Z;9,461916;0;3
2020-09-29 11:00:00Z;10,98686;0;3
2020-09-30 11:00:00Z;9,486072;0;3
2020-10-01 11:00:00Z;9,015346;0;3
2020-10-02 11:00:00Z;7,833294;0;3
2020-10-03 11:00:00Z;7,135918;0;3
2020-10-04 11:00:00Z;6,024375;0;3
2020-10-05 11:00:00Z;5,580492;0;3
2020-10-06 11:00:00Z;5,376692;0;3
2020-10-07 11:00:00Z;5,417864;0;3
2020-10-08 11:00:00Z;5,848426;0;3
2020-10-09 11:00:00Z;5,57694;0;3
2020-10-10 11:00:00Z;5,236253;0;3
2020-10-11 11:00:00Z;5,170165;0;3
2020-10-12 11:00:00Z;4,186048;0;3
2020-10-13 11:00:00Z;3,614775;0;3
2020-10-14 11:00:00Z;3,158577;0;3
2020-10-15 11:00:00Z;3,505532;0;3
2020-10-16 11:00:00Z;4,111823;0;3
2020-10-17 11:00:00Z;4,829073;0;3
2020-10-18 11:00:00Z;3,228629;0;3
2020-10-19 11:00:00Z;2,847576;1;3
2020-10-20 11:00:00Z;2,572026;1;3
2020-10-21 11:00:00Z;2,296476;1;3
2020-10-22 11:00:00Z;2,186333;0;3
2020-10-23 11:00:00Z;2,170377;0;3
2020-10-24 11:00:00Z;2,204787;0;3
2020-10-25 11:00:00Z;2,158814;1;3
2020-10-26 11:00:00Z;2,065853;0;3
2020-10-27 11:00:00Z;1,946325;0;3
2020-10-28 11:00:00Z;1,816122;0;3
2020-10-29 11:00:00Z;1,779904;1;3
2020-10-30 11:00:00Z;1,745376;1;3
2020-10-31 11:00:00Z;1,728225;1;3
2020-11-01 11:00:00Z;1,693824;0;3
2020-11-02 11:00:00Z;6,272656;1;3
2020-11-03 11:00:00Z;14,38485;0;3
2020-11-04 11:00:00Z;8,010965;0;3
2020-11-05 11:00:00Z;8,456621;0;3
2020-11-06 11:00:00Z;11,39228;0;3
2020-11-07 11:00:00Z;39,82131;0;3
2020-11-08 11:00:00Z;16,63683;0;3
2020-11-09 11:00:00Z;10,80237;0;3
2020-11-10 11:00:00Z;6,763509;0;3
2020-11-11 11:00:00Z;8,526708;0;3
2020-11-12 11:00:00Z;7,747378;0;3
2020-11-13 11:00:00Z;4,330872;0;3
2020-11-14 11:00:00Z;4,692935;0;3
2020-11-15 11:00:00Z;4,320717;0;3
2020-11-16 11:00:00Z;5,763464;0;3
2020-11-17 11:00:00Z;13,16824;0;3
2020-11-18 11:00:00Z;11,54083;0;3
2020-11-19 11:00:00Z;6,873384;0;3
2020-11-20 11:00:00Z;4,345394;0;3
2020-11-21 11:00:00Z;4,098799;0;3
2020-11-22 11:00:00Z;4,169154;0;3
2020-11-23 11:00:00Z;3,871403;0;3
2020-11-24 11:00:00Z;3,111051;0;3
2020-11-25 11:00:00Z;3,368699;0;3
2020-11-26 11:00:00Z;3,360512;0;3
2020-11-27 11:00:00Z;3,269435;0;3
2020-11-28 11:00:00Z;2,919291;0;3
2020-11-29 11:00:00Z;2,577199;0;3
2020-11-30 11:00:00Z;2,317344;0;3
2020-12-01 11:00:00Z;2,137816;0;3
2020-12-02 11:00:00Z;2,231809;0;3
2020-12-03 11:00:00Z;2,165287;0;3
2020-12-04 11:00:00Z;2,115788;0;3
2020-12-05 11:00:00Z;2,52299;0;3
2020-12-06 11:00:00Z;2,168173;0;3
2020-12-07 11:00:00Z;1,984553;0;3
2020-12-08 11:00:00Z;1,970544;0;3
2020-12-09 11:00:00Z;1,750394;0;3
2020-12-10 11:00:00Z;1,630199;0;3
2020-12-11 11:00:00Z;1,487248;0;3
2020-12-12 11:00:00Z;1,362116;0;3
2020-12-13 11:00:00Z;1,428804;0;3
2020-12-14 11:00:00Z;1,510534;0;3
2020-12-15 11:00:00Z;1,373361;0;3
2020-12-16 11:00:00Z;1,325479;0;3
2020-12-17 11:00:00Z;1,171013;0;3
2020-12-18 11:00:00Z;1,082;0;3
2020-12-19 11:00:00Z;1,052132;0;3
2020-12-20 11:00:00Z;1,149005;0;3
2020-12-21 11:00:00Z;1,092733;0;3
2020-12-22 11:00:00Z;0,9896304;0;3
2020-12-23 11:00:00Z;0,9401648;1;3
2020-12-24 11:00:00Z;0,8783299;1;3
2020-12-25 11:00:00Z;0,8345487;1;3
2020-12-26 11:00:00Z;0,8009231;1;3
2020-12-27 11:00:00Z;0,7744013;0;3
2020-12-28 11:00:00Z;0,782869;1;3
2020-12-29 11:00:00Z;0,8345487;1;3
2020-12-30 11:00:00Z;0,8345487;1;3
2020-12-31 11:00:00Z;0,757142;1;3
2021-01-01 11:00:00Z;0,7427809;0;3
2021-01-02 11:00:00Z;0,6468012;0;3
2021-01-03 11:00:00Z;0,6822453;0;3
2021-01-04 11:00:00Z;0,7327291;0;3
2021-01-05 11:00:00Z;0,7044821;0;3
2021-01-06 11:00:00Z;0,7423389;0;3
2021-01-07 11:00:00Z;0,6925274;0;3
2021-01-08 11:00:00Z;0,5049316;0;3
2021-01-09 11:00:00Z;0,4520208;0;3
2021-01-10 11:00:00Z;0,5219299;0;3
2021-01-11 11:00:00Z;0,6671773;0;3
2021-01-12 11:00:00Z;0,315147;0;3
2021-01-13 11:00:00Z;0,488589;0;3
2021-01-14 11:00:00Z;1,138885;0;3
2021-01-15 11:00:00Z;2,156336;0;3
2021-01-16 11:00:00Z;2,852874;0;3
2021-01-17 11:00:00Z;2,983832;0;3
2021-01-18 11:00:00Z;2,792311;0;3
2021-01-19 11:00:00Z;1,394422;0;3
2021-01-20 11:00:00Z;0,3996642;1;3
2021-01-21 11:00:00Z;0,4363914;1;3
2021-01-22 11:00:00Z;0,3723424;1;3
2021-01-23 11:00:00Z;0,3647346;1;3
2021-01-24 11:00:00Z;0,6218533;1;3
2021-01-25 11:00:00Z;0,5818143;1;3
2021-01-26 11:00:00Z;0,5916843;1;3
2021-01-27 11:00:00Z;0,6269631;1;3
2021-01-28 11:00:00Z;0,5769143;1;3
2021-01-29 11:00:00Z;0,5432611;1;3
2021-01-30 11:00:00Z;0,5153136;1;3
2021-01-31 11:00:00Z;0,4926534;1;3
2021-02-01 11:00:00Z;0,4749349;1;3
2021-02-02 11:00:00Z;0,4618841;1;3
2021-02-03 11:00:00Z;0,4532964;1;3
2021-02-04 11:00:00Z;0,4447989;1;3
2021-02-05 11:00:00Z;0,4363914;1;3
2021-02-06 11:00:00Z;0,4280734;1;3
2021-02-07 11:00:00Z;0,423948;1;3
2021-02-08 11:00:00Z;0,4280734;1;3
2021-02-09 11:00:00Z;0,4322211;1;3
2021-02-10 11:00:00Z;0,4280734;1;3
2021-02-11 11:00:00Z;0,4363914;1;3
2021-02-12 11:00:00Z;0,4532964;1;3
2021-02-13 11:00:00Z;0,4618841;1;3
2021-02-14 11:00:00Z;0,4532964;1;3
2021-02-15 11:00:00Z;0,4447989;1;3
2021-02-16 11:00:00Z;0,4363914;1;3
2021-02-17 11:00:00Z;0,4363914;1;3
2021-02-18 11:00:00Z;0,4447989;1;3
2021-02-19 11:00:00Z;0,4405839;1;3
2021-02-20 11:00:00Z;0,4405839;1;3
2021-02-21 11:00:00Z;0,4280734;1;3
2021-02-22 11:00:00Z;0,4532964;1;3
2021-02-23 11:00:00Z;0,4793306;1;3
2021-02-24 11:00:00Z;0,4749349;1;3
2021-02-25 11:00:00Z;0,6117036;1;3
2021-02-26 11:00:00Z;2,410465;1;3
2021-02-27 11:00:00Z;3,370449;1;3
2021-02-28 11:00:00Z;5,616779;1;3
2021-03-01 11:00:00Z;6,876091;1;3
2021-03-02 11:00:00Z;5,477946;1;3
2021-03-03 11:00:00Z;3,638804;1;3
2021-03-04 11:00:00Z;2,116441;1;3
2021-03-05 11:00:00Z;1,635214;1;3
2021-03-06 11:00:00Z;1,400195;1;3
2021-03-07 11:00:00Z;1,237216;1;3
2021-03-08 11:00:00Z;1,200068;1;3
2021-03-09 11:00:00Z;1,26739;1;3
2021-03-10 11:00:00Z;1,127669;1;3
2021-03-11 11:00:00Z;1,003669;1;3
2021-03-12 11:00:00Z;0,9576204;1;3
2021-03-13 11:00:00Z;0,9446859;1;3
2021-03-14 11:00:00Z;0,9382552;1;3
2021-03-15 11:00:00Z;1,200068;1;3
2021-03-16 11:00:00Z;1,523561;1;3
2021-03-17 11:00:00Z;1,207447;1;3
2021-03-18 11:00:00Z;1,023775;1;3
2021-03-19 11:00:00Z;0,9446859;1;3
2021-03-20 11:00:00Z;1,064658;1;3
2021-03-21 11:00:00Z;1,44067;1;3
2021-03-22 11:00:00Z;1,392178;1;3
2021-03-23 11:00:00Z;1,352477;1;3
2021-03-24 11:00:00Z;2,454221;1;3
2021-03-25 11:00:00Z;3,253432;1;3
2021-03-26 11:00:00Z;2,531857;1;3
2021-03-27 11:00:00Z;2,016597;1;3
2021-03-28 11:00:00Z;1,909877;1;3
2021-03-29 11:00:00Z;1,769563;1;3
2021-03-30 11:00:00Z;2,106336;1;3
2021-03-31 11:00:00Z;2,218995;1;3
2021-04-01 11:00:00Z;2,187944;1;3
2021-04-02 11:00:00Z;2,126575;1;3
2021-04-03 11:00:00Z;1,787926;1;3
2021-04-04 11:00:00Z;2,879999;1;3
2021-04-05 11:00:00Z;2,916198;1;3
2021-04-06 11:00:00Z;2,187944;1;3
2021-04-07 11:00:00Z;1,733156;1;3
2021-04-08 11:00:00Z;1,457041;1;3
2021-04-09 11:00:00Z;1,290289;1;3
2021-04-10 11:00:00Z;1,214851;1;3
2021-04-11 11:00:00Z;1,192714;1;3
2021-04-12 11:00:00Z;1,149124;1;3
2021-04-13 11:00:00Z;1,085437;1;3
2021-04-14 11:00:00Z;1,078486;1;3
2021-04-15 11:00:00Z;0,5016491;1;3
2021-04-16 11:00:00Z;3,805359;1;3
2021-04-17 11:00:00Z;3,833525;1;3
2021-04-18 11:00:00Z;4,033945;1;3
2021-04-19 11:00:00Z;3,638804;1;3
2021-04-20 11:00:00Z;3,79132;1;3
2021-04-21 11:00:00Z;5,757561;1;3
2021-04-22 11:00:00Z;5,918277;1;3
2021-04-23 11:00:00Z;4,406121;1;3
2021-04-24 11:00:00Z;3,69386;1;3
2021-04-25 11:00:00Z;3,227742;1;3
2021-04-26 11:00:00Z;2,749431;1;3
2021-04-27 11:00:00Z;2,250291;1;3
2021-04-28 11:00:00Z;1,890822;1;3
2021-04-29 11:00:00Z;2,165094;0;3
2021-04-30 11:00:00Z;1,816663;0;3
2021-05-01 11:00:00Z;1,560665;0;3
2021-05-02 11:00:00Z;1,359018;0;3
2021-05-03 11:00:00Z;1,171169;0;3
2021-05-04 11:00:00Z;1,040862;0;3
2021-05-05 11:00:00Z;0,9282707;0;3
2021-05-06 11:00:00Z;0,8760818;0;3
2021-05-07 11:00:00Z;0,8517873;0;3
2021-05-08 11:00:00Z;0,8148269;0;3
2021-05-09 11:00:00Z;0,793334;0;3
2021-05-10 11:00:00Z;0,9368706;0;3
2021-05-11 11:00:00Z;3,713478;0;3
2021-05-12 11:00:00Z;11,30914;0;3
2021-05-13 11:00:00Z;9,772728;0;3
2021-05-14 11:00:00Z;8,650745;0;3
2021-05-15 11:00:00Z;10,66291;0;3
2021-05-16 11:00:00Z;12,32644;0;3
2021-05-17 11:00:00Z;14,66019;0;3
2021-05-18 11:00:00Z;21,60772;0;3
2021-05-19 11:00:00Z;41,97014;0;3
2021-05-20 11:00:00Z;43,4069;0;3
2021-05-21 11:00:00Z;32,76587;0;3
2021-05-22 11:00:00Z;28,41068;0;3
2021-05-23 11:00:00Z;22,76731;0;3
2021-05-24 11:00:00Z;17,9582;0;3
2021-05-25 11:00:00Z;20,48335;0;3
2021-05-26 11:00:00Z;23,05706;0;3
2021-05-27 11:00:00Z;27,06925;0;3
2021-05-28 11:00:00Z;26,45895;0;3
2021-05-29 11:00:00Z;22,39173;0;3
2021-05-30 11:00:00Z;21,71712;0;3
2021-05-31 11:00:00Z;23,89527;0;3
2021-06-01 11:00:00Z;27,00552;0;3
2021-06-02 11:00:00Z;41,28654;0;3
2021-06-03 11:00:00Z;48,78996;0;3
2021-06-04 11:00:00Z;53,27367;0;3
2021-06-05 11:00:00Z;50,68133;0;3
2021-06-06 11:00:00Z;45,40374;0;3
2021-06-07 11:00:00Z;43,2923;0;3
2021-06-08 11:00:00Z;39,44335;0;3
2021-06-09 11:00:00Z;40,62144;0;3
2021-06-10 11:00:00Z;44,07314;0;3
2021-06-11 11:00:00Z;57,46849;0;3
2021-06-12 11:00:00Z;54,61436;0;3
2021-06-13 11:00:00Z;38,71253;0;3
2021-06-14 11:00:00Z;29,88368;0;3
2021-06-15 11:00:00Z;26,40184;0;3
2021-06-16 11:00:00Z;20,39145;0;3
2021-06-17 11:00:00Z;15,86852;0;3
2021-06-18 11:00:00Z;22,07339;0;3
2021-06-19 11:00:00Z;24,62397;0;3
2021-06-20 11:00:00Z;19,96266;0;3
2021-06-21 11:00:00Z;22,43396;0;3
2021-06-22 11:00:00Z;30,77819;1;3
2021-06-23 11:00:00Z;25,88435;1;3
2021-06-24 11:00:00Z;26,87449;1;3
2021-06-25 11:00:00Z;24,88699;1;3
2021-06-26 11:00:00Z;18,05843;1;3
2021-06-27 11:00:00Z;16,6307;1;3
2021-06-28 11:00:00Z;19,97114;1;3
2021-06-29 11:00:00Z;19,21341;1;3
2021-06-30 11:00:00Z;15,24503;1;3
2021-07-01 11:00:00Z;12,49474;1;3
2021-07-02 11:00:00Z;16,1981;1;3
2021-07-03 11:00:00Z;17,06182;1;3
2021-07-04 11:00:00Z;20,36662;1;3
2021-07-05 11:00:00Z;23,99611;1;3
2021-07-06 11:00:00Z;22,39411;1;3
2021-07-07 11:00:00Z;26,36071;1;3
2021-07-08 11:00:00Z;21,90881;1;3
2021-07-09 11:00:00Z;16,55238;1;3
2021-07-10 11:00:00Z;12,33436;1;3
2021-07-11 11:00:00Z;12,12014;1;3
2021-07-12 11:00:00Z;21,93406;1;3
2021-07-13 11:00:00Z;12,68969;1;3
2021-07-14 11:00:00Z;10,42748;1;3
2021-07-15 11:00:00Z;9,048058;1;3
2021-07-16 11:00:00Z;10,51727;1;3
2021-07-17 11:00:00Z;9,186222;1;3
2021-07-18 11:00:00Z;10,48802;1;3
2021-07-19 11:00:00Z;8,94893;1;3
2021-07-20 11:00:00Z;12,19059;1;3
2021-07-21 11:00:00Z;10,10426;1;3
2021-07-22 11:00:00Z;20,65076;1;3
2021-07-23 11:00:00Z;11,00917;1;3
2021-07-24 11:00:00Z;7,637794;1;3
2021-07-25 11:00:00Z;8,614584;1;3
2021-07-26 11:00:00Z;7,428309;1;3
2021-07-27 11:00:00Z;6,101985;1;3
2021-07-28 11:00:00Z;5,398318;1;3
2021-07-29 11:00:00Z;4,392453;1;3
2021-07-30 11:00:00Z;7,616599;1;3
2021-07-31 11:00:00Z;14,29999;1;3
2021-08-01 11:00:00Z;8,221618;1;3
2021-08-02 11:00:00Z;5,775012;1;3
2021-08-03 11:00:00Z;4,509442;1;3
2021-08-04 11:00:00Z;3,507298;1;3
2021-08-05 11:00:00Z;3,14805;1;3
2021-08-06 11:00:00Z;2,991019;1;3
2021-08-07 11:00:00Z;2,812395;1;3
2021-08-08 11:00:00Z;3,048935;1;3
2021-08-09 11:00:00Z;3,845014;1;3
2021-08-10 11:00:00Z;10,66805;1;3
2021-08-11 11:00:00Z;12,3675;1;3
2021-08-12 11:00:00Z;8,275412;1;3
2021-08-13 11:00:00Z;5,872125;1;3
2021-08-14 11:00:00Z;4,32234;1;3
2021-08-15 11:00:00Z;3,590696;1;3
2021-08-16 11:00:00Z;2,969464;1;3
2021-08-17 11:00:00Z;2,931059;1;3
2021-08-18 11:00:00Z;3,325473;1;3
2021-08-19 11:00:00Z;7,217112;1;3
2021-08-20 11:00:00Z;6,330087;1;3
2021-08-21 11:00:00Z;6,056601;1;3
2021-08-22 11:00:00Z;4,615621;1;3
2021-08-23 11:00:00Z;3,566882;1;3
2021-08-24 11:00:00Z;4,088493;1;3
2021-08-25 11:00:00Z;14,61634;1;3
2021-08-26 11:00:00Z;6,819852;1;3
2021-08-27 11:00:00Z;4,538545;1;3
2021-08-28 11:00:00Z;3,597573;1;3
2021-08-29 11:00:00Z;3,058101;1;3
2021-08-30 11:00:00Z;2,683639;1;3
2021-08-31 11:00:00Z;2,704603;1;3
2021-09-01 11:00:00Z;5,028474;1;3
2021-09-02 11:00:00Z;12,4142;1;3
2021-09-03 11:00:00Z;17,97436;1;3
2021-09-04 11:00:00Z;11,15788;1;3
2021-09-05 11:00:00Z;7,23243;1;3
2021-09-06 11:00:00Z;6,016985;1;3
2021-09-07 11:00:00Z;7,67209;1;3
2021-09-08 11:00:00Z;10,8072;1;3
2021-09-09 11:00:00Z;7,710189;1;3
2021-09-10 11:00:00Z;5,391397;1;3
2021-09-11 11:00:00Z;4,170383;1;3
2021-09-12 11:00:00Z;3,520227;1;3
2021-09-13 11:00:00Z;5,190903;1;3
2021-09-14 11:00:00Z;7,301507;1;3
2021-09-15 11:00:00Z;6,560441;1;3
2021-09-16 11:00:00Z;5,658931;1;3
2021-09-17 11:00:00Z;5,82784;1;3
2021-09-18 11:00:00Z;4,935277;1;3
2021-09-19 11:00:00Z;3,737264;1;3
2021-09-20 11:00:00Z;3,438491;1;3
2021-09-21 11:00:00Z;3,526611;1;3
2021-09-22 11:00:00Z;5,756002;1;3
2021-09-23 11:00:00Z;11,33661;1;3
2021-09-24 11:00:00Z;6,255852;1;3
2021-09-25 11:00:00Z;5,486712;1;3
2021-09-26 11:00:00Z;5,607878;1;3
2021-09-27 11:00:00Z;5,332456;1;3
2021-09-28 11:00:00Z;4,406803;1;3
2021-09-29 11:00:00Z;3,626063;1;3
2021-09-30 11:00:00Z;3,33542;1;3
2021-10-01 11:00:00Z;3,069904;0;3
2021-10-02 11:00:00Z;2,992671;0;3
2021-10-03 11:00:00Z;6,346365;0;3
2021-10-04 11:00:00Z;34,17413;0;3
2021-10-05 11:00:00Z;14,15522;0;3
2021-10-06 11:00:00Z;12,11768;0;3
2021-10-07 11:00:00Z;13,73067;0;3
2021-10-08 11:00:00Z;13,67207;0;3
2021-10-09 11:00:00Z;12,9094;0;3
2021-10-10 11:00:00Z;11,31429;0;3
2021-10-11 11:00:00Z;9,897968;0;3
2021-10-12 11:00:00Z;9,494067;0;3
2021-10-13 11:00:00Z;8,178068;0;3
2021-10-14 11:00:00Z;5,920047;0;3
2021-10-15 11:00:00Z;5,836447;0;3
2021-10-16 11:00:00Z;5,143247;0;3
2021-10-17 11:00:00Z;4,744366;0;3
2021-10-18 11:00:00Z;4,426068;0;3
2021-10-19 11:00:00Z;4,715627;0;3
2021-10-20 11:00:00Z;3,598891;0;3
2021-10-21 11:00:00Z;3,59014;0;3
2021-10-22 11:00:00Z;4,199581;0;3
2021-10-23 11:00:00Z;3,923008;0;3
2021-10-24 11:00:00Z;4,225963;0;3
2021-10-25 11:00:00Z;4,831203;0;3
2021-10-26 11:00:00Z;7,522054;0;3
2021-10-27 11:00:00Z;6,561866;0;3
2021-10-28 11:00:00Z;5,983925;0;3
2021-10-29 11:00:00Z;8,781035;0;3
2021-10-30 11:00:00Z;9,802953;0;3
2021-10-31 11:00:00Z;10,52979;0;3
2021-11-01 11:00:00Z;9,890739;0;3
2021-11-02 11:00:00Z;10,58843;0;3
2021-11-03 11:00:00Z;9,320894;0;3
2021-11-04 11:00:00Z;7,528638;0;3
2021-11-05 11:00:00Z;5,674242;0;3
2021-11-06 11:00:00Z;4,246674;0;3
2021-11-07 11:00:00Z;4,101879;0;3
2021-11-08 11:00:00Z;5,928295;0;3
2021-11-09 11:00:00Z;8,454033;0;3
2021-11-10 11:00:00Z;4,99696;0;3
2021-11-11 11:00:00Z;5,192485;0;3
2021-11-12 11:00:00Z;3,893845;0;3
2021-11-13 11:00:00Z;3,607773;0;3
2021-11-14 11:00:00Z;3,262478;0;3
2021-11-15 11:00:00Z;3,160074;0;3
2021-11-16 11:00:00Z;3,733611;0;3
2021-11-17 11:00:00Z;4,809396;0;3
2021-11-18 11:00:00Z;3,921922;0;3
2021-11-19 11:00:00Z;3,305521;0;3
2021-11-20 11:00:00Z;3,148147;0;3
2021-11-21 11:00:00Z;3,54654;0;3
2021-11-22 11:00:00Z;4,478354;0;3
2021-11-23 11:00:00Z;5,78644;0;3
2021-11-24 11:00:00Z;5,74999;0;3
2021-11-25 11:00:00Z;6,343709;0;3
2021-11-26 11:00:00Z;8,070538;0;3
2021-11-27 11:00:00Z;9,121164;0;3
2021-11-28 11:00:00Z;9,444764;0;3
2021-11-29 11:00:00Z;9,802603;0;3
2021-11-30 11:00:00Z;9,737238;0;3
2021-12-01 11:00:00Z;10,18458;0;3
2021-12-02 11:00:00Z;9,372777;0;3
2021-12-03 11:00:00Z;8,05617;0;3
2021-12-04 11:00:00Z;7,153146;0;3
2021-12-05 11:00:00Z;6,213829;0;3
2021-12-06 11:00:00Z;4,433292;0;3
2021-12-07 11:00:00Z;3,569009;0;3
2021-12-08 11:00:00Z;2,91109;0;3
2021-12-09 11:00:00Z;2,601918;0;3
2021-12-10 11:00:00Z;2,14887;0;3
2021-12-11 11:00:00Z;1,869527;0;3
2021-12-12 11:00:00Z;1,574212;0;3
2021-12-13 11:00:00Z;1,461686;0;3
2021-12-14 11:00:00Z;1,488101;0;3
2021-12-15 11:00:00Z;1,511522;0;3
2021-12-16 11:00:00Z;1,63305;0;3
2021-12-17 11:00:00Z;1,660802;0;3
2021-12-18 11:00:00Z;1,907877;0;3
2021-12-19 11:00:00Z;1,941552;0;3
2021-12-20 11:00:00Z;1,809742;0;3
2021-12-21 11:00:00Z;1,658192;0;3
2021-12-22 11:00:00Z;1,584983;0;3
2021-12-23 11:00:00Z;1,554848;0;3
2021-12-24 11:00:00Z;1,481628;0;3
2021-12-25 11:00:00Z;1,451591;0;3
2021-12-26 11:00:00Z;1,394245;0;3
2021-12-27 11:00:00Z;1,37281;0;3
2021-12-28 11:00:00Z;1,363322;0;3
2021-12-29 11:00:00Z;1,309428;0;3
2021-12-30 11:00:00Z;1,263141;0;3
2021-12-31 11:00:00Z;1,223865;0;3
2022-01-01 11:00:00Z;1,173099;0;3
2022-01-02 11:00:00Z;1,469093;0;3
2022-01-03 11:00:00Z;1,371509;0;3
2022-01-04 11:00:00Z;1,301849;0;3
2022-01-05 11:00:00Z;1,219413;0;3
2022-01-06 11:00:00Z;1,107885;0;3
2022-01-07 11:00:00Z;1,038149;0;3
2022-01-08 11:00:00Z;0,9754182;0;3
2022-01-09 11:00:00Z;0,9250886;0;3
2022-01-10 11:00:00Z;0,8679894;0;3
2022-01-11 11:00:00Z;0,8509632;0;3
2022-01-12 11:00:00Z;0,9249657;0;3
2022-01-13 11:00:00Z;1,153958;0;3
2022-01-14 11:00:00Z;1,116943;0;3
2022-01-15 11:00:00Z;1,246352;0;3
2022-01-16 11:00:00Z;3,805739;0;3
2022-01-17 11:00:00Z;5,845929;0;3
2022-01-18 11:00:00Z;4,498808;0;3
2022-01-19 11:00:00Z;15,06043;0;3
2022-01-20 11:00:00Z;14,78467;0;3
2022-01-21 11:00:00Z;10,80117;0;3
2022-01-22 11:00:00Z;10,31722;1;3
2022-01-23 11:00:00Z;13,24978;0;3
2022-01-24 11:00:00Z;17,13887;0;3
2022-01-25 11:00:00Z;15,49305;0;3
2022-01-26 11:00:00Z;14,56555;0;3
2022-01-27 11:00:00Z;13,65879;0;3
2022-01-28 11:00:00Z;13,37119;0;3
2022-01-29 11:00:00Z;13,87385;0;3
2022-01-30 11:00:00Z;12,8116;0;3
2022-01-31 11:00:00Z;12,48332;0;3
2022-02-01 11:00:00Z;13,83389;0;3
2022-02-02 11:00:00Z;14,34844;0;3
2022-02-03 11:00:00Z;12,57593;0;3
2022-02-04 11:00:00Z;9,230596;0;3
2022-02-05 11:00:00Z;8,767686;0;3
2022-02-06 11:00:00Z;8,324191;0;3
2022-02-07 11:00:00Z;7,219812;0;3
2022-02-08 11:00:00Z;6,548386;0;3
2022-02-09 11:00:00Z;5,643404;0;3
2022-02-10 11:00:00Z;5,072616;0;3
2022-02-11 11:00:00Z;4,569451;0;3
2022-02-12 11:00:00Z;4,159335;0;3
2022-02-13 11:00:00Z;3,77306;0;3
2022-02-14 11:00:00Z;3,395954;0;3
2022-02-15 11:00:00Z;3,134562;0;3
2022-02-16 11:00:00Z;2,880537;0;3
2022-02-17 11:00:00Z;2,62458;0;3
2022-02-18 11:00:00Z;2,458525;0;3
2022-02-19 11:00:00Z;2,293308;0;3
2022-02-20 11:00:00Z;2,150946;0;3
2022-02-21 11:00:00Z;2,050749;0;3
2022-02-22 11:00:00Z;1,943159;0;3
2022-02-23 11:00:00Z;1,887923;0;3
2022-02-24 11:00:00Z;1,885005;0;3
2022-02-25 11:00:00Z;1,843654;0;3
2022-02-26 11:00:00Z;1,836648;0;3
2022-02-27 11:00:00Z;2,084147;0;3
2022-02-28 11:00:00Z;2,991548;0;3
2022-03-01 11:00:00Z;2,551893;0;3
2022-03-02 11:00:00Z;2,198127;0;3
2022-03-03 11:00:00Z;2,169097;0;3
2022-03-04 11:00:00Z;2,066985;0;3
2022-03-05 11:00:00Z;1,872369;0;3
2022-03-06 11:00:00Z;1,753123;0;3
2022-03-07 11:00:00Z;1,70427;0;3
2022-03-08 11:00:00Z;1,678243;0;3
2022-03-09 11:00:00Z;1,627515;0;3
2022-03-10 11:00:00Z;1,518847;0;3
2022-03-11 11:00:00Z;1,43022;0;3
2022-03-12 11:00:00Z;1,379097;0;3
2022-03-13 11:00:00Z;1,329683;0;3
2022-03-14 11:00:00Z;1,282361;0;3
2022-03-15 11:00:00Z;1,249339;0;3
2022-03-16 11:00:00Z;1,178361;0;3
2022-03-17 11:00:00Z;1,148443;0;3
2022-03-18 11:00:00Z;1,122792;0;3
2022-03-19 11:00:00Z;4,287453;0;3
2022-03-20 11:00:00Z;15,86639;0;3
2022-03-21 11:00:00Z;11,6796;0;3
2022-03-22 11:00:00Z;9,096579;0;3
2022-03-23 11:00:00Z;10,8525;0;3
2022-03-24 11:00:00Z;18,81132;0;3
2022-03-25 11:00:00Z;20,58049;0;3
2022-03-26 11:00:00Z;16,27949;0;3
2022-03-27 11:00:00Z;13,10146;0;3
2022-03-28 11:00:00Z;11,50288;0;3
2022-03-29 11:00:00Z;9,212165;0;3
2022-03-30 11:00:00Z;8,160226;0;3
2022-03-31 11:00:00Z;6,785969;0;3
2022-04-01 11:00:00Z;5,555728;0;3
2022-04-02 11:00:00Z;4,497618;0;3
2022-04-03 11:00:00Z;3,601638;0;3
2022-04-04 11:00:00Z;3,026042;0;3
2022-04-05 11:00:00Z;2,622609;0;3
2022-04-06 11:00:00Z;2,474094;0;3
2022-04-07 11:00:00Z;2,273608;0;3
2022-04-08 11:00:00Z;2,10529;0;3
2022-04-09 11:00:00Z;2,005736;0;3
2022-04-10 11:00:00Z;1,864123;0;3
2022-04-11 11:00:00Z;1,764578;0;3
2022-04-12 11:00:00Z;1,646371;0;3
2022-04-13 11:00:00Z;1,55218;0;3
2022-04-14 11:00:00Z;1,483591;0;3
2022-04-15 11:00:00Z;1,40268;0;3
2022-04-16 11:00:00Z;1,419552;0;3
2022-04-17 11:00:00Z;2,049325;0;3
2022-04-18 11:00:00Z;4,118951;0;3
2022-04-19 11:00:00Z;7,449361;0;3
2022-04-20 11:00:00Z;10,91256;0;3
2022-04-21 11:00:00Z;11,94164;0;3
2022-04-22 11:00:00Z;9,422731;0;3
2022-04-23 11:00:00Z;8,123525;0;3
2022-04-24 11:00:00Z;7,4684;0;3
2022-04-25 11:00:00Z;6,895918;0;3
2022-04-26 11:00:00Z;6,039471;0;3
2022-04-27 11:00:00Z;5,106323;0;3
2022-04-28 11:00:00Z;4,380954;0;3
2022-04-29 11:00:00Z;3,871881;0;3
2022-04-30 11:00:00Z;3,588686;0;3
2022-05-01 11:00:00Z;3,333879;0;3
2022-05-02 11:00:00Z;4,00179;0;3
2022-05-03 11:00:00Z;3,565501;0;3
2022-05-04 11:00:00Z;3,18145;0;3
2022-05-05 11:00:00Z;3,05651;0;3
2022-05-06 11:00:00Z;4,226118;0;3
2022-05-07 11:00:00Z;6,66531;0;3
2022-05-08 11:00:00Z;5,756078;0;3
2022-05-09 11:00:00Z;4,859096;0;3
2022-05-10 11:00:00Z;6,996953;0;3
2022-05-11 11:00:00Z;10,16714;0;3
2022-05-12 11:00:00Z;10,75851;0;3
2022-05-13 11:00:00Z;11,83599;0;3
2022-05-14 11:00:00Z;13,13482;0;3
2022-05-15 11:00:00Z;15,64947;0;3
2022-05-16 11:00:00Z;13,70663;0;3
2022-05-17 11:00:00Z;10,99457;0;3
2022-05-18 11:00:00Z;9,716417;0;3
2022-05-19 11:00:00Z;11,10283;0;3
2022-05-20 11:00:00Z;15,16185;0;3
2022-05-21 11:00:00Z;22,99702;0;3
2022-05-22 11:00:00Z;28,33475;0;3
2022-05-23 11:00:00Z;32,27985;0;3
2022-05-24 11:00:00Z;41,33085;0;3
2022-05-25 11:00:00Z;52,9287;0;3
2022-05-26 11:00:00Z;57,4429;0;3
2022-05-27 11:00:00Z;53,86961;0;3
2022-05-28 11:00:00Z;49,21799;0;3
2022-05-29 11:00:00Z;43,93882;0;3
2022-05-30 11:00:00Z;49,39225;0;3
2022-05-31 11:00:00Z;58,52492;0;3
2022-06-01 11:00:00Z;62,52591;0;3
2022-06-02 11:00:00Z;75,229;0;3
2022-06-03 11:00:00Z;68,83975;0;3
2022-06-04 11:00:00Z;66,97435;0;3
2022-06-05 11:00:00Z;57,95315;0;3
2022-06-06 11:00:00Z;41,20117;0;3
2022-06-07 11:00:00Z;35,60599;0;3
2022-06-08 11:00:00Z;29,50103;0;3
2022-06-09 11:00:00Z;27,89411;0;3
2022-06-10 11:00:00Z;29,20972;0;3
2022-06-11 11:00:00Z;40,18818;0;3
2022-06-12 11:00:00Z;52,97613;0;3
2022-06-13 11:00:00Z;61,63789;0;3
2022-06-14 11:00:00Z;58,92281;0;3
2022-06-15 11:00:00Z;55,63797;0;3
2022-06-16 11:00:00Z;51,85643;0;3
2022-06-17 11:00:00Z;49,73251;0;3
2022-06-18 11:00:00Z;53,90806;0;3
2022-06-19 11:00:00Z;49,58595;0;3
2022-06-20 11:00:00Z;44,80575;0;3
2022-06-21 11:00:00Z;49,97745;0;3
2022-06-22 11:00:00Z;43,20348;0;3
2022-06-23 11:00:00Z;48,43068;0;3
2022-06-24 11:00:00Z;55,16494;0;3
2022-06-25 11:00:00Z;64,7486;0;3
2022-06-26 11:00:00Z;71,0936;0;3
2022-06-27 11:00:00Z;82,99794;0;3
2022-06-28 11:00:00Z;95,31886;0;3
2022-06-29 11:00:00Z;99,19872;0;3
2022-06-30 11:00:00Z;70,36469;0;3
2022-07-01 11:00:00Z;76,67482;0;3
2022-07-02 11:00:00Z;76,29979;0;3
2022-07-03 11:00:00Z;78,72168;0;3
2022-07-04 11:00:00Z;54,49934;0;3
2022-07-05 11:00:00Z;52,28881;0;3
2022-07-06 11:00:00Z;41,07726;0;3
2022-07-07 11:00:00Z;28,58648;0;3
2022-07-08 11:00:00Z;24,37395;0;3
2022-07-09 11:00:00Z;25,35445;0;3
2022-07-10 11:00:00Z;22,14701;0;3
2022-07-11 11:00:00Z;19,99103;0;3
2022-07-12 11:00:00Z;23,03525;0;3
2022-07-13 11:00:00Z;36,42544;0;3
2022-07-14 11:00:00Z;39,12566;0;3
2022-07-15 11:00:00Z;41,55833;0;3
2022-07-16 11:00:00Z;28,54111;0;3
2022-07-17 11:00:00Z;21,07554;0;3
2022-07-18 11:00:00Z;18,08535;0;3
2022-07-19 11:00:00Z;16,99571;0;3
2022-07-20 11:00:00Z;16,70266;0;3
2022-07-21 11:00:00Z;28,06583;0;3
2022-07-22 11:00:00Z;24,7954;0;3
2022-07-23 11:00:00Z;18,80003;0;3
2022-07-24 11:00:00Z;14,96542;0;3
2022-07-25 11:00:00Z;14,36267;0;3
2022-07-26 11:00:00Z;22,77439;0;3
2022-07-27 11:00:00Z;36,12886;0;3
2022-07-28 11:00:00Z;20,68655;0;3
2022-07-29 11:00:00Z;12,86841;0;3
2022-07-30 11:00:00Z;10,20881;0;3
2022-07-31 11:00:00Z;10,60402;0;3
2022-08-01 11:00:00Z;13,43941;0;3
2022-08-02 11:00:00Z;21,76079;0;3
2022-08-03 11:00:00Z;12,45793;0;3
2022-08-04 11:00:00Z;13,11722;0;3
2022-08-05 11:00:00Z;17,90464;0;3
2022-08-06 11:00:00Z;13,04239;0;3
2022-08-07 11:00:00Z;13,09368;0;3
2022-08-08 11:00:00Z;10,51618;0;3
2022-08-09 11:00:00Z;9,028249;0;3
2022-08-10 11:00:00Z;12,23678;0;3
2022-08-11 11:00:00Z;32,81469;0;3
2022-08-12 11:00:00Z;20,76275;0;3
2022-08-13 11:00:00Z;13,05437;0;3
2022-08-14 11:00:00Z;9,191725;0;3
2022-08-15 11:00:00Z;8,276934;0;3
2022-08-16 11:00:00Z;13,05504;0;3
2022-08-17 11:00:00Z;27,26969;0;3
2022-08-18 11:00:00Z;18,46527;0;3
2022-08-19 11:00:00Z;11,77059;0;3
2022-08-20 11:00:00Z;12,8734;0;3
2022-08-21 11:00:00Z;12,15518;0;3
2022-08-22 11:00:00Z;14,86671;0;3
2022-08-23 11:00:00Z;23,76637;0;3
2022-08-24 11:00:00Z;11,43658;0;3
2022-08-25 11:00:00Z;8,062301;0;3
2022-08-26 11:00:00Z;7,131279;0;3
2022-08-27 11:00:00Z;12,95458;0;3
2022-08-28 11:00:00Z;11,81453;0;3
2022-08-29 11:00:00Z;9,591285;0;3
2022-08-30 11:00:00Z;7,761035;0;3
2022-08-31 11:00:00Z;6,675139;0;3
2022-09-01 11:00:00Z;5,935737;0;3
2022-09-02 11:00:00Z;4,829791;0;3
2022-09-03 11:00:00Z;4,115601;0;3
2022-09-04 11:00:00Z;3,662645;0;3
2022-09-05 11:00:00Z;3,322939;0;3
2022-09-06 11:00:00Z;3,068258;0;3
2022-09-07 11:00:00Z;2,954383;0;3
2022-09-08 11:00:00Z;2,776121;0;3
2022-09-09 11:00:00Z;2,628623;0;3
2022-09-10 11:00:00Z;2,504343;0;3
2022-09-11 11:00:00Z;2,487887;0;3
2022-09-12 11:00:00Z;2,302953;0;3
2022-09-13 11:00:00Z;2,232706;0;3
2022-09-14 11:00:00Z;3,273138;0;3
2022-09-15 11:00:00Z;4,130591;0;3
2022-09-16 11:00:00Z;3,489623;0;3
2022-09-17 11:00:00Z;3,001484;0;3
2022-09-18 11:00:00Z;2,947569;0;3
2022-09-19 11:00:00Z;2,793646;0;3
2022-09-20 11:00:00Z;3,286897;0;3
2022-09-21 11:00:00Z;2,989322;0;3
2022-09-22 11:00:00Z;2,801174;0;3
2022-09-23 11:00:00Z;2,896779;0;3
2022-09-24 11:00:00Z;4,4367;0;3
2022-09-25 11:00:00Z;4,141051;0;3
2022-09-26 11:00:00Z;3,556299;0;3
2022-09-27 11:00:00Z;3,544102;0;3
2022-09-28 11:00:00Z;2,780506;0;3
2022-09-29 11:00:00Z;2,197324;0;3
2022-09-30 11:00:00Z;2,073148;0;3
2022-10-01 11:00:00Z;1,855033;0;3
2022-10-02 11:00:00Z;1,845684;0;3
2022-10-03 11:00:00Z;1,849428;0;3
2022-10-04 11:00:00Z;1,849936;0;3
2022-10-05 11:00:00Z;2,150958;0;3
2022-10-06 11:00:00Z;4,77705;0;3
2022-10-07 11:00:00Z;8,986713;0;3
2022-10-08 11:00:00Z;7,923413;0;3
2022-10-09 11:00:00Z;9,186566;0;3
2022-10-10 11:00:00Z;10,81057;0;3
2022-10-11 11:00:00Z;15,32462;0;3
2022-10-12 11:00:00Z;13,72364;0;3
2022-10-13 11:00:00Z;12,46298;0;3
2022-10-14 11:00:00Z;10,32037;0;3
2022-10-15 11:00:00Z;7,62617;0;3
2022-10-16 11:00:00Z;7,090993;0;3
2022-10-17 11:00:00Z;5,883702;0;3
2022-10-18 11:00:00Z;6,597909;0;3
2022-10-19 11:00:00Z;5,565526;0;3
2022-10-20 11:00:00Z;5,353208;0;3
2022-10-21 11:00:00Z;4,526553;0;3
2022-10-22 11:00:00Z;2,266242;1;3
2022-10-23 11:00:00Z;2,257904;1;3
2022-10-24 11:00:00Z;2,356932;1;3
2022-10-25 11:00:00Z;3,132743;1;3
2022-10-26 11:00:00Z;2,719003;1;3
2022-10-27 11:00:00Z;2,444851;1;3
2022-10-28 11:00:00Z;4,682574;1;3
2022-10-29 11:00:00Z;7,65657;1;3
2022-10-30 11:00:00Z;4,580096;1;3
2022-10-31 11:00:00Z;5,412718;1;3
2022-11-01 11:00:00Z;9,158176;1;3
2022-11-02 11:00:00Z;8,348557;1;3
2022-11-03 11:00:00Z;7,405451;1;3
2022-11-04 11:00:00Z;7,704295;1;3
2022-11-05 11:00:00Z;6,894926;1;3
2022-11-06 11:00:00Z;5,397254;1;3
2022-11-07 11:00:00Z;3,161596;1;3
2022-11-08 11:00:00Z;3,17027;1;3
2022-11-09 11:00:00Z;5,656905;1;3
2022-11-10 11:00:00Z;4,633884;1;3
2022-11-11 11:00:00Z;8,121073;1;3
2022-11-12 11:00:00Z;28,15886;1;3
2022-11-13 11:00:00Z;13,91998;1;3
2022-11-14 11:00:00Z;6,609867;1;3
2022-11-15 11:00:00Z;4,382817;1;3
2022-11-16 11:00:00Z;4,001462;1;3
2022-11-17 11:00:00Z;7,980841;1;3
2022-11-18 11:00:00Z;8,730074;2;3
2022-11-19 11:00:00Z;9,51657;2;3
2022-11-20 11:00:00Z;10,36124;2;3
2022-11-21 11:00:00Z;11,21624;1;3
2022-11-22 11:00:00Z;10,99442;1;3
2022-11-23 11:00:00Z;10,05717;1;3
2022-11-24 11:00:00Z;9,16685;1;3
2022-11-25 11:00:00Z;8,27248;1;3
2022-11-26 11:00:00Z;7,694081;1;3
2022-11-27 11:00:00Z;6,668763;1;3
2022-11-28 11:00:00Z;6,028327;1;3
2022-11-29 11:00:00Z;5,338058;1;3
2022-11-30 11:00:00Z;4,659605;1;3
2022-12-01 11:00:00Z;3,945646;1;3
2022-12-02 11:00:00Z;3,4358;1;3
2022-12-03 11:00:00Z;2,998026;1;3
2022-12-04 11:00:00Z;2,354974;1;3
2022-12-05 11:00:00Z;1,591765;1;3
2022-12-06 11:00:00Z;1,201375;1;3
2022-12-07 11:00:00Z;1,046747;1;3
2022-12-08 11:00:00Z;0,9615129;1;3
2022-12-09 11:00:00Z;0,9201609;1;3
2022-12-10 11:00:00Z;0,8366293;1;3
2022-12-11 11:00:00Z;0,7321033;1;3
2022-12-12 11:00:00Z;0,6131133;1;3
2022-12-13 11:00:00Z;0,5506654;1;3
2022-12-14 11:00:00Z;0,5281369;1;3
2022-12-15 11:00:00Z;0,5146978;1;3
2022-12-16 11:00:00Z;0,4724827;1;3
2022-12-17 11:00:00Z;0,4467446;1;3
2022-12-18 11:00:00Z;0,4272557;1;3
2022-12-19 11:00:00Z;0,3952261;1;3
2022-12-20 11:00:00Z;0,3901936;1;3
2022-12-21 11:00:00Z;0,3957992;1;3
2022-12-22 11:00:00Z;0,4156677;1;3
2022-12-23 11:00:00Z;0,4355296;1;3
2022-12-24 11:00:00Z;0,4316349;1;3
2022-12-25 11:00:00Z;0,4528179;1;3
2022-12-26 11:00:00Z;0,4604858;1;3
2022-12-27 11:00:00Z;0,4369388;1;3
2022-12-28 11:00:00Z;0,4438946;1;3
2022-12-29 11:00:00Z;0,4950014;1;3
2022-12-30 11:00:00Z;0,6124441;1;3
2022-12-31 11:00:00Z;0,6946163;1;3
2023-01-01 11:00:00Z;0,6699378;1;3
2023-01-02 11:00:00Z;0,6552784;1;3
2023-01-03 11:00:00Z;0,6831918;1;3
2023-01-04 11:00:00Z;0,695316;1;3
2023-01-05 11:00:00Z;0,6724868;1;3
2023-01-06 11:00:00Z;0,6452745;1;3
2023-01-07 11:00:00Z;0,6318918;1;3
2023-01-08 11:00:00Z;0,5864614;1;3
2023-01-09 11:00:00Z;0,8290645;0;3
2023-01-10 11:00:00Z;0,8399553;0;3
2023-01-11 11:00:00Z;0,8173178;0;3
2023-01-12 11:00:00Z;0,7779895;0;3
2023-01-13 11:00:00Z;0,7367014;0;3
2023-01-14 11:00:00Z;0,69807;0;3
2023-01-15 11:00:00Z;0,658518;0;3
2023-01-16 11:00:00Z;0,6312746;0;3
2023-01-17 11:00:00Z;0,6042674;0;3
2023-01-18 11:00:00Z;0,5584278;0;3
2023-01-19 11:00:00Z;0,5183221;0;3
2023-01-20 11:00:00Z;0,4926724;0;3
2023-01-21 11:00:00Z;0,4735726;0;3
2023-01-22 11:00:00Z;0,4524311;0;3
2023-01-23 11:00:00Z;0,4553626;0;3
2023-01-24 11:00:00Z;0,494682;0;3
2023-01-25 11:00:00Z;3,334073;0;3
2023-01-26 11:00:00Z;13,378;0;3
2023-01-27 11:00:00Z;10,01271;0;3
2023-01-28 11:00:00Z;7,931213;0;3
2023-01-29 11:00:00Z;12,93027;0;3
2023-01-30 11:00:00Z;8,714773;0;3
2023-01-31 11:00:00Z;5,169691;0;3
2023-02-01 11:00:00Z;3,735282;0;3
2023-02-02 11:00:00Z;3,000865;0;3
2023-02-03 11:00:00Z;2,564234;0;3
2023-02-04 11:00:00Z;2,215223;0;3
2023-02-05 11:00:00Z;1,966379;0;3
2023-02-06 11:00:00Z;1,734014;0;3
2023-02-07 11:00:00Z;4,497002;0;3
2023-02-08 11:00:00Z;6,272181;0;3
2023-02-09 11:00:00Z;4,055982;0;3
2023-02-10 11:00:00Z;3,184023;0;3
2023-02-11 11:00:00Z;2,703337;0;3
2023-02-12 11:00:00Z;3,208811;0;3
2023-02-13 11:00:00Z;6,334133;0;3
2023-02-14 11:00:00Z;8,149338;0;3
2023-02-15 11:00:00Z;9,975377;0;3
2023-02-16 11:00:00Z;7,382286;0;3
2023-02-17 11:00:00Z;5,788904;0;3
2023-02-18 11:00:00Z;4,545941;0;3
2023-02-19 11:00:00Z;3,693348;0;3
2023-02-20 11:00:00Z;3,183318;0;3
2023-02-21 11:00:00Z;2,738661;0;3
2023-02-22 11:00:00Z;2,577302;0;3
2023-02-23 11:00:00Z;2,534799;0;3
2023-02-24 11:00:00Z;2,518669;0;3
2023-02-25 11:00:00Z;2,389143;0;3
2023-02-26 11:00:00Z;2,210001;0;3
2023-02-27 11:00:00Z;2,304555;0;3
2023-02-28 11:00:00Z;2,421491;0;3
2023-03-01 11:00:00Z;2,348638;0;3
2023-03-02 11:00:00Z;2,225182;0;3
2023-03-03 11:00:00Z;2,069389;0;3
2023-03-04 11:00:00Z;2,0905;0;3
2023-03-05 11:00:00Z;1,994764;0;3
2023-03-06 11:00:00Z;1,691701;0;3
2023-03-07 11:00:00Z;1,523989;0;3
2023-03-08 11:00:00Z;1,403301;0;3
2023-03-09 11:00:00Z;1,281089;0;3
2023-03-10 11:00:00Z;1,21155;0;3
2023-03-11 11:00:00Z;1,139279;0;3
2023-03-12 11:00:00Z;1,052908;0;3
2023-03-13 11:00:00Z;0,9945549;0;3
2023-03-14 11:00:00Z;0,9561688;0;3
2023-03-15 11:00:00Z;0,9278209;0;3
2023-03-16 11:00:00Z;0,8804953;0;3
2023-03-17 11:00:00Z;0,8448407;0;3
2023-03-18 11:00:00Z;1,086777;0;3
2023-03-19 11:00:00Z;1,105;0;3
2023-03-20 11:00:00Z;1,036092;0;3
2023-03-21 11:00:00Z;0,9161551;0;3
2023-03-22 11:00:00Z;0,8839702;0;3
2023-03-23 11:00:00Z;0,8391629;0;3
2023-03-24 11:00:00Z;0,7847711;0;3
2023-03-25 11:00:00Z;0,749258;0;3
2023-03-26 11:00:00Z;0,7183977;0;3
2023-03-27 11:00:00Z;0,691484;0;3
2023-03-28 11:00:00Z;0,6738014;0;3
2023-03-29 11:00:00Z;0,6672524;0;3
2023-03-30 11:00:00Z;0,6662589;0;3
2023-03-31 11:00:00Z;0,6594421;0;3
2023-04-01 11:00:00Z;0,6457097;0;3
2023-04-02 11:00:00Z;0,6406675;0;3
2023-04-03 11:00:00Z;0,6287239;0;3
2023-04-04 11:00:00Z;0,6067824;0;3
2023-04-05 11:00:00Z;0,5963592;0;3
2023-04-06 11:00:00Z;0,5766206;0;3
2023-04-07 11:00:00Z;0,5663909;0;3
2023-04-08 11:00:00Z;0,5418015;0;3
2023-04-09 11:00:00Z;0,5343541;0;3
2023-04-10 11:00:00Z;0,5327168;0;3
2023-04-11 11:00:00Z;0,5435716;0;3
2023-04-12 11:00:00Z;0,5794318;0;3
2023-04-13 11:00:00Z;0,8409974;0;3
2023-04-14 11:00:00Z;0,9809089;0;3
2023-04-15 11:00:00Z;0,8171936;0;3
2023-04-16 11:00:00Z;0,6789621;0;3
2023-04-17 11:00:00Z;0,6850821;0;3
2023-04-18 11:00:00Z;0,7362344;0;3
2023-04-19 11:00:00Z;1,12893;0;3
2023-04-20 11:00:00Z;5,399372;0;3
2023-04-21 11:00:00Z;8,215117;0;3
2023-04-22 11:00:00Z;10,56362;0;3
2023-04-23 11:00:00Z;9,66528;0;3
2023-04-24 11:00:00Z;8,369253;0;3
2023-04-25 11:00:00Z;6,639922;0;3
2023-04-26 11:00:00Z;5,097674;0;3
2023-04-27 11:00:00Z;4,033286;0;3
2023-04-28 11:00:00Z;3,352606;0;3
2023-04-29 11:00:00Z;3,155698;0;3
2023-04-30 11:00:00Z;3,115151;0;3
2023-05-01 11:00:00Z;2,899619;0;3
2023-05-02 11:00:00Z;2,381076;0;3
2023-05-03 11:00:00Z;2,048433;0;3
2023-05-04 11:00:00Z;1,856647;0;3
2023-05-05 11:00:00Z;1,80218;0;3
2023-05-06 11:00:00Z;1,773646;0;3
2023-05-07 11:00:00Z;1,565027;0;3
2023-05-08 11:00:00Z;2,082291;0;3
2023-05-09 11:00:00Z;3,812397;0;3
2023-05-10 11:00:00Z;6,58437;0;3
2023-05-11 11:00:00Z;9,173025;0;3
2023-05-12 11:00:00Z;12,12256;0;3
2023-05-13 11:00:00Z;19,95245;0;3
2023-05-14 11:00:00Z;36,92057;0;3
2023-05-15 11:00:00Z;47,02454;0;3
2023-05-16 11:00:00Z;45,02068;0;3
2023-05-17 11:00:00Z;39,94821;0;3
2023-05-18 11:00:00Z;27,78247;0;3
2023-05-19 11:00:00Z;30,67899;0;3
2023-05-20 11:00:00Z;46,58165;0;3
2023-05-21 11:00:00Z;52,77666;0;3
2023-05-22 11:00:00Z;61,63653;0;3
2023-05-23 11:00:00Z;62,40277;0;3
2023-05-24 11:00:00Z;42,14112;0;3
2023-05-25 11:00:00Z;29,41354;0;3
2023-05-26 11:00:00Z;16,64152;0;3
2023-05-27 11:00:00Z;13,28149;0;3
2023-05-28 11:00:00Z;22,72409;0;3
2023-05-29 11:00:00Z;24,41381;0;3
2023-05-30 11:00:00Z;17,91519;0;3
2023-05-31 11:00:00Z;25,81743;0;3
2023-06-01 11:00:00Z;17,01202;0;3
2023-06-02 11:00:00Z;13,02694;0;3
2023-06-03 11:00:00Z;14,4959;0;3
2023-06-04 11:00:00Z;15,60069;0;3
2023-06-05 11:00:00Z;15,769;0;3
2023-06-06 11:00:00Z;12,29138;0;3
2023-06-07 11:00:00Z;10,55121;0;3
2023-06-08 11:00:00Z;10,70028;0;3
2023-06-09 11:00:00Z;10,95822;0;3
2023-06-10 11:00:00Z;14,77883;0;3
2023-06-11 11:00:00Z;27,92417;0;3
2023-06-12 11:00:00Z;49,93119;0;3
2023-06-13 11:00:00Z;55,15509;0;3
2023-06-14 11:00:00Z;44,35184;0;3
2023-06-15 11:00:00Z;35,88992;0;3
2023-06-16 11:00:00Z;33,77156;0;3
2023-06-17 11:00:00Z;41,10537;0;3
2023-06-18 11:00:00Z;52,27376;0;3
2023-06-19 11:00:00Z;54,52065;0;3
2023-06-20 11:00:00Z;49,53448;0;3
2023-06-21 11:00:00Z;45,01617;0;3
2023-06-22 11:00:00Z;47,92387;0;3
2023-06-23 11:00:00Z;45,92579;0;3
2023-06-24 11:00:00Z;33,99026;0;3
2023-06-25 11:00:00Z;24,9823;0;3
2023-06-26 11:00:00Z;28,45909;0;3
2023-06-27 11:00:00Z;37,70904;0;3
2023-06-28 11:00:00Z;34,32085;0;3
2023-06-29 11:00:00Z;29,06837;0;3
2023-06-30 11:00:00Z;30,83247;0;3
2023-07-01 11:00:00Z;32,96817;0;3
2023-07-02 11:00:00Z;23,48042;0;3
2023-07-03 11:00:00Z;18,2827;0;3
2023-07-04 11:00:00Z;13,95594;0;3
2023-07-05 11:00:00Z;13,43054;0;3
2023-07-06 11:00:00Z;10,66208;0;3
2023-07-07 11:00:00Z;12,54517;0;3
2023-07-08 11:00:00Z;13,68393;0;3
2023-07-09 11:00:00Z;10,67527;0;3
2023-07-10 11:00:00Z;10,00024;0;3
2023-07-11 11:00:00Z;12,72524;0;3
2023-07-12 11:00:00Z;18,90849;0;3
2023-07-13 11:00:00Z;19,31289;0;3
2023-07-14 11:00:00Z;15,44585;0;3
2023-07-15 11:00:00Z;12,22045;0;3
2023-07-16 11:00:00Z;8,782592;0;3
2023-07-17 11:00:00Z;16,62315;0;3
2023-07-18 11:00:00Z;11,18163;0;3
2023-07-19 11:00:00Z;7,52655;0;3
2023-07-20 11:00:00Z;6,181673;0;3
2023-07-21 11:00:00Z;5,196139;0;3
2023-07-22 11:00:00Z;5,510276;0;3
2023-07-23 11:00:00Z;10,54879;0;3
2023-07-24 11:00:00Z;8,932089;0;3
2023-07-25 11:00:00Z;7,248499;0;3
2023-07-26 11:00:00Z;5,729222;0;3
2023-07-27 11:00:00Z;4,940478;0;3
2023-07-28 11:00:00Z;4,683888;0;3
2023-07-29 11:00:00Z;4,40034;0;3
2023-07-30 11:00:00Z;4,086041;0;3
2023-07-31 11:00:00Z;3,340816;0;3
2023-08-01 11:00:00Z;4,261354;0;3
2023-08-02 11:00:00Z;4,614848;0;3
2023-08-03 11:00:00Z;13,48266;0;3
2023-08-04 11:00:00Z;8,876794;0;3
2023-08-05 11:00:00Z;5,187789;0;3
2023-08-06 11:00:00Z;3,671218;0;3
2023-08-07 11:00:00Z;3,636287;0;3
2023-08-08 11:00:00Z;24,74978;0;3
2023-08-09 11:00:00Z;14,15849;0;3
2023-08-10 11:00:00Z;7,439656;0;3
2023-08-11 11:00:00Z;4,93716;0;3
2023-08-12 11:00:00Z;4,590412;0;3
2023-08-13 11:00:00Z;4,784703;0;3
2023-08-14 11:00:00Z;6,171242;0;3
2023-08-15 11:00:00Z;6,819163;0;3
2023-08-16 11:00:00Z;4,812953;0;3
2023-08-17 11:00:00Z;4,523356;0;3
2023-08-18 11:00:00Z;3,442372;0;3
2023-08-19 11:00:00Z;2,851748;0;3
2023-08-20 11:00:00Z;2,464172;0;3
2023-08-21 11:00:00Z;3,702351;0;3
2023-08-22 11:00:00Z;7,267855;0;3
2023-08-23 11:00:00Z;5,568351;0;3
2023-08-24 11:00:00Z;5,27428;0;3
2023-08-25 11:00:00Z;4,470649;0;3
2023-08-26 11:00:00Z;3,503404;0;3
2023-08-27 11:00:00Z;2,88957;0;3
2023-08-28 11:00:00Z;2,683975;0;3
2023-08-29 11:00:00Z;2,406175;0;3
2023-08-30 11:00:00Z;2,341714;0;3
2023-08-31 11:00:00Z;2,136945;0;3
2023-09-01 11:00:00Z;2,04505;0;3
2023-09-02 11:00:00Z;1,923351;0;3
2023-09-03 11:00:00Z;1,865823;0;3
2023-09-04 11:00:00Z;3,309979;0;3
2023-09-05 11:00:00Z;15,92912;0;3
2023-09-06 11:00:00Z;20,76792;0;3
2023-09-07 11:00:00Z;9,228263;0;3
2023-09-08 11:00:00Z;6,954332;0;3
2023-09-09 11:00:00Z;9,184059;0;3
2023-09-10 11:00:00Z;8,900543;0;3
2023-09-11 11:00:00Z;6,627954;0;3
2023-09-12 11:00:00Z;7,491587;0;3
2023-09-13 11:00:00Z;6,559972;0;3
2023-09-14 11:00:00Z;5,078234;0;3
2023-09-15 11:00:00Z;4,066977;0;3
2023-09-16 11:00:00Z;4,269817;0;3
2023-09-17 11:00:00Z;9,230319;0;3
2023-09-18 11:00:00Z;5,960334;0;3
2023-09-19 11:00:00Z;4,948473;0;3
2023-09-20 11:00:00Z;9,333926;0;3
2023-09-21 11:00:00Z;8,304382;0;3
2023-09-22 11:00:00Z;26,102;0;3
2023-09-23 11:00:00Z;48,47147;0;3
2023-09-24 11:00:00Z;16,28314;0;3
2023-09-25 11:00:00Z;11,24596;0;3
2023-09-26 11:00:00Z;21,70042;0;3
2023-09-27 11:00:00Z;19,95058;0;3
2023-09-28 11:00:00Z;10,89143;0;3
2023-09-29 11:00:00Z;9,137536;0;3
2023-09-30 11:00:00Z;10,90171;0;3
2023-10-01 11:00:00Z;8,374509;0;3
2023-10-02 11:00:00Z;6,932937;0;3
2023-10-03 11:00:00Z;6,934064;0;3
2023-10-04 11:00:00Z;16,32359;0;3
2023-10-05 11:00:00Z;11,49023;0;3
2023-10-06 11:00:00Z;8,011168;0;3
2023-10-07 11:00:00Z;6,848498;0;3
2023-10-08 11:00:00Z;6,578435;0;3
2023-10-09 11:00:00Z;5,748233;0;3
2023-10-10 11:00:00Z;5,309289;0;3
2023-10-11 11:00:00Z;4,862126;0;3
2023-10-12 11:00:00Z;5,034748;0;3
2023-10-13 11:00:00Z;4,444628;0;3
2023-10-14 11:00:00Z;4,066761;0;3
2023-10-15 11:00:00Z;3,695071;0;3
2023-10-16 11:00:00Z;3,602261;0;3
2023-10-17 11:00:00Z;3,725736;0;3
2023-10-18 11:00:00Z;4,556418;0;3
2023-10-19 11:00:00Z;4,35725;0;3
2023-10-20 11:00:00Z;4,159609;0;3
2023-10-21 11:00:00Z;3,774771;0;3
2023-10-22 11:00:00Z;3,196688;0;3
2023-10-23 11:00:00Z;2,466453;0;3
2023-10-24 11:00:00Z;2,396661;0;3
2023-10-25 11:00:00Z;2,396123;0;3
2023-10-26 11:00:00Z;2,331045;0;3
2023-10-27 11:00:00Z;2,150859;0;3
2023-10-28 11:00:00Z;2,017786;0;3
2023-10-29 11:00:00Z;1,920781;0;3
2023-10-30 11:00:00Z;1,947418;0;3
2023-10-31 11:00:00Z;1,82878;0;3
2023-11-01 11:00:00Z;1,661819;0;3
2023-11-02 11:00:00Z;1,632842;0;3
2023-11-03 11:00:00Z;1,679773;0;3
2023-11-04 11:00:00Z;1,436773;0;3
2023-11-05 11:00:00Z;1,38208;0;3
2023-11-06 11:00:00Z;1,444255;0;3
2023-11-07 11:00:00Z;1,395741;0;3
2023-11-08 11:00:00Z;1,320588;0;3
2023-11-09 11:00:00Z;1,234577;0;3
2023-11-10 11:00:00Z;1,093478;0;3
2023-11-11 11:00:00Z;0,8889652;0;3
2023-11-12 11:00:00Z;0,788106;0;3
2023-11-13 11:00:00Z;0,6903152;0;3
2023-11-14 11:00:00Z;0,5915143;0;3
2023-11-15 11:00:00Z;0,4849592;0;3
2023-11-16 11:00:00Z;0,4147779;0;3
2023-11-17 11:00:00Z;0,4522243;0;3
2023-11-18 11:00:00Z;0,4937028;0;3
2023-11-19 11:00:00Z;0,5765163;0;3
2023-11-20 11:00:00Z;0,6205331;0;3
2023-11-21 11:00:00Z;0,7219365;0;3
2023-11-22 11:00:00Z;0,7735052;0;3
2023-11-23 11:00:00Z;0,8833933;0;3
2023-11-24 11:00:00Z;0,9168732;0;3
2023-11-25 11:00:00Z;0,9043856;0;3
2023-11-26 11:00:00Z;0,8868266;0;3
2023-11-27 11:00:00Z;0,8306535;0;3
2023-11-28 11:00:00Z;0,8207753;0;3
2023-11-29 11:00:00Z;0,8144106;0;3
2023-11-30 11:00:00Z;0,7676512;0;3
2023-12-01 11:00:00Z;0,7088444;0;3
2023-12-02 11:00:00Z;0,52644;0;3
2023-12-03 11:00:00Z;0,5280735;0;3
2023-12-04 11:00:00Z;0,4547137;0;3
2023-12-05 11:00:00Z;0,4118146;0;3
2023-12-06 11:00:00Z;0,3935912;0;3
2023-12-07 11:00:00Z;0,3640663;0;3
2023-12-08 11:00:00Z;0,3413361;0;3
2023-12-09 11:00:00Z;0,3204347;0;3
2023-12-10 11:00:00Z;0,3010647;0;3
2023-12-11 11:00:00Z;0,2862695;0;3
2023-12-12 11:00:00Z;0,2650848;0;3
2023-12-13 11:00:00Z;0,2439988;0;3
2023-12-14 11:00:00Z;0,2288569;0;3
2023-12-15 11:00:00Z;0,2175926;0;3
2023-12-16 11:00:00Z;0,2169997;0;3
2023-12-17 11:00:00Z;0,2269097;0;3
2023-12-18 11:00:00Z;0,2409371;0;3
2023-12-19 11:00:00Z;0,2618558;0;3
2023-12-20 11:00:00Z;0,2859269;0;3
2023-12-21 11:00:00Z;0,3121467;0;3
2023-12-22 11:00:00Z;0,3311628;0;3
2023-12-23 11:00:00Z;0,3471935;0;3
2023-12-24 11:00:00Z;0,3480963;0;3
2023-12-25 11:00:00Z;0,3385035;0;3
2023-12-26 11:00:00Z;0,3318858;0;3
2023-12-27 11:00:00Z;0,3226412;0;3
2023-12-28 11:00:00Z;0,3301075;0;3
2023-12-29 11:00:00Z;0,3389527;0;3
2023-12-30 11:00:00Z;0,3360842;0;3
2023-12-31 11:00:00Z;0,3292742;0;3
2024-01-01 11:00:00Z;0,3280083;0;3
2024-01-02 11:00:00Z;0,2985711;0;3
2024-01-03 11:00:00Z;0,2999814;0;3
2024-01-04 11:00:00Z;0,3016066;0;3
2024-01-05 11:00:00Z;0,2955529;0;3
2024-01-06 11:00:00Z;0,2997077;0;3
2024-01-07 11:00:00Z;0,2984356;0;3
2024-01-08 11:00:00Z;0,2922686;0;3
2024-01-09 11:00:00Z;0,383272;0;3
2024-01-10 11:00:00Z;0,6647764;0;3
2024-01-11 11:00:00Z;2,316767;0;3
2024-01-12 11:00:00Z;3,981238;0;3
2024-01-13 11:00:00Z;2,954764;0;3
2024-01-14 11:00:00Z;2,206185;0;3
2024-01-15 11:00:00Z;1,606734;0;3
2024-01-16 11:00:00Z;1,268349;0;3
2024-01-17 11:00:00Z;1,106392;0;3
2024-01-18 11:00:00Z;0,9314536;0;3
2024-01-19 11:00:00Z;0,8267049;0;3
2024-01-20 11:00:00Z;0,71814;0;3
2024-01-21 11:00:00Z;0,647777;0;3
2024-01-22 11:00:00Z;0,6346905;0;3
2024-01-23 11:00:00Z;0,6075392;0;3
2024-01-24 11:00:00Z;0,5804177;0;3
2024-01-25 11:00:00Z;0,5531843;0;3
2024-01-26 11:00:00Z;0,5327153;0;3
2024-01-27 11:00:00Z;0,5231268;0;3
2024-01-28 11:00:00Z;0,7307912;0;3
2024-01-29 11:00:00Z;1,285893;0;3
2024-01-30 11:00:00Z;2,959569;0;3
2024-01-31 11:00:00Z;6,456516;0;3
2024-02-01 11:00:00Z;5,940449;0;3
2024-02-02 11:00:00Z;4,592651;0;3
2024-02-03 11:00:00Z;2,67767;0;3
2024-02-04 11:00:00Z;2,167951;0;3
2024-02-05 11:00:00Z;1,895609;0;3
2024-02-06 11:00:00Z;1,710971;0;3
2024-02-07 11:00:00Z;1,353907;0;3
2024-02-08 11:00:00Z;1,11596;0;3
2024-02-09 11:00:00Z;1,050483;0;3
2024-02-10 11:00:00Z;1,07002;0;3
2024-02-11 11:00:00Z;0,9779139;0;3
2024-02-12 11:00:00Z;0,9011875;0;3
2024-02-13 11:00:00Z;0,8551873;0;3
2024-02-14 11:00:00Z;0,8175384;0;3
2024-02-15 11:00:00Z;0,78571;0;3
2024-02-16 11:00:00Z;0,7521286;0;3
2024-02-17 11:00:00Z;0,7283336;0;3
2024-02-18 11:00:00Z;0,702816;0;3
2024-02-19 11:00:00Z;0,6798196;0;3
2024-02-20 11:00:00Z;0,6618655;0;3
2024-02-21 11:00:00Z;0,6397511;0;3
2024-02-22 11:00:00Z;0,6209112;0;3
2024-02-23 11:00:00Z;0,6081412;0;3
2024-02-24 11:00:00Z;0,5950175;0;3
2024-02-25 11:00:00Z;0,5917903;0;3
2024-02-26 11:00:00Z;0,5784611;0;3
2024-02-27 11:00:00Z;0,5673407;0;3
2024-02-28 11:00:00Z;0,5465561;0;3
2024-02-29 11:00:00Z;0,5227199;0;3
2024-03-01 11:00:00Z;0,5037305;0;3
2024-03-02 11:00:00Z;0,4910971;0;3
2024-03-03 11:00:00Z;0,4713032;0;3
2024-03-04 11:00:00Z;0,4587539;0;3
2024-03-05 11:00:00Z;0,4436882;0;3
2024-03-06 11:00:00Z;0,4329222;0;3
2024-03-07 11:00:00Z;0,4216447;0;3
2024-03-08 11:00:00Z;0,4117249;0;3
2024-03-09 11:00:00Z;0,4045213;0;3
2024-03-10 11:00:00Z;0,3959705;0;3
2024-03-11 11:00:00Z;0,3931906;0;3
2024-03-12 11:00:00Z;0,3787619;0;3
2024-03-13 11:00:00Z;0,3695652;0;3
2024-03-14 11:00:00Z;0,364185;0;3
2024-03-15 11:00:00Z;0,3713343;0;3
2024-03-16 11:00:00Z;0,3798012;0;3
2024-03-17 11:00:00Z;0,3796454;0;3
2024-03-18 11:00:00Z;0,3657691;0;3
2024-03-19 11:00:00Z;0,3576086;0;3
2024-03-20 11:00:00Z;0,3477952;0;3
2024-03-21 11:00:00Z;0,3400874;0;3
2024-03-22 11:00:00Z;0,3354071;0;3
2024-03-23 11:00:00Z;0,3303926;0;3
2024-03-24 11:00:00Z;0,3239467;0;3
2024-03-25 11:00:00Z;0,316981;0;3
2024-03-26 11:00:00Z;0,3155249;0;3
2024-03-27 11:00:00Z;0,3185156;0;3
2024-03-28 11:00:00Z;0,3197541;0;3
2024-03-29 11:00:00Z;0,3193903;0;3
2024-03-30 11:00:00Z;0,3172708;0;3
2024-03-31 11:00:00Z;0,3129219;0;3
2024-04-01 11:00:00Z;0,3120494;0;3
2024-04-02 11:00:00Z;0,3060305;0;3
2024-04-03 11:00:00Z;0,3039288;0;3
2024-04-04 11:00:00Z;0,3055169;0;3
2024-04-05 11:00:00Z;0,3053742;0;3
2024-04-06 11:00:00Z;0,304875;0;3
2024-04-07 11:00:00Z;0,3046784;2;3
2024-04-08 11:00:00Z;0,3206572;0;3
2024-04-09 11:00:00Z;0,4610111;0;3
2024-04-10 11:00:00Z;1,40561;0;3
2024-04-11 11:00:00Z;2,266879;0;3
2024-04-12 11:00:00Z;2,000184;0;3
2024-04-13 11:00:00Z;4,54565;0;3
2024-04-14 11:00:00Z;7,158608;0;3
2024-04-15 11:00:00Z;6,526668;0;3
2024-04-16 11:00:00Z;6,119732;0;3
2024-04-17 11:00:00Z;4,925828;0;3
2024-04-18 11:00:00Z;3,799848;0;3
2024-04-19 11:00:00Z;2,844195;0;3
2024-04-20 11:00:00Z;2,155078;0;3
2024-04-21 11:00:00Z;1,750464;0;3
2024-04-22 11:00:00Z;1,451751;0;3
2024-04-23 11:00:00Z;1,319318;0;3
2024-04-24 11:00:00Z;1,211438;0;3
2024-04-25 11:00:00Z;1,163226;0;3
2024-04-26 11:00:00Z;1,200803;0;3
2024-04-27 11:00:00Z;1,334055;0;3
2024-04-28 11:00:00Z;1,477751;0;3
2024-04-29 11:00:00Z;1,784107;0;3
2024-04-30 11:00:00Z;2,565943;0;3
2024-05-01 11:00:00Z;3,945791;0;3
2024-05-02 11:00:00Z;5,438533;0;3
2024-05-03 11:00:00Z;6,280088;0;3
2024-05-04 11:00:00Z;6,864844;0;3
2024-05-05 11:00:00Z;7,146985;0;3
2024-05-06 11:00:00Z;6,844927;0;3
2024-05-07 11:00:00Z;6,836133;0;3
2024-05-08 11:00:00Z;5,82179;0;3
2024-05-09 11:00:00Z;4,628856;0;3
2024-05-10 11:00:00Z;4,522245;0;3
2024-05-11 11:00:00Z;4,506972;0;3
2024-05-12 11:00:00Z;8,236578;0;3
2024-05-13 11:00:00Z;18,85562;0;3
2024-05-14 11:00:00Z;31,65462;0;3
2024-05-15 11:00:00Z;56,07697;0;3
2024-05-16 11:00:00Z;58,79077;0;3
2024-05-17 11:00:00Z;66,75304;0;3
2024-05-18 11:00:00Z;61,08862;0;3
2024-05-19 11:00:00Z;51,30819;0;3
2024-05-20 11:00:00Z;30,50679;0;3
2024-05-21 11:00:00Z;21,66328;0;3
2024-05-22 11:00:00Z;26,50407;0;3
2024-05-23 11:00:00Z;44,35476;0;3
2024-05-24 11:00:00Z;48,52494;0;3
2024-05-25 11:00:00Z;36,34571;0;3
2024-05-26 11:00:00Z;38,03914;0;3
2024-05-27 11:00:00Z;58,7688;0;3
2024-05-28 11:00:00Z;61,97227;0;3
2024-05-29 11:00:00Z;58,42538;0;3
2024-05-30 11:00:00Z;59,15241;0;3
2024-05-31 11:00:00Z;49,60404;0;3
2024-06-01 11:00:00Z;39,48249;0;3
2024-06-02 11:00:00Z;32,18063;0;3
2024-06-03 11:00:00Z;33,09888;0;3
2024-06-04 11:00:00Z;30,62704;0;3
2024-06-05 11:00:00Z;33,9962;0;3
2024-06-06 11:00:00Z;48,54718;0;3
2024-06-07 11:00:00Z;40,20159;0;3
2024-06-08 11:00:00Z;27,40153;0;3
2024-06-09 11:00:00Z;19,78974;0;3
2024-06-10 11:00:00Z;18,89314;0;3
2024-06-11 11:00:00Z;22,29226;0;3
2024-06-12 11:00:00Z;20,45803;0;3
2024-06-13 11:00:00Z;18,0141;0;3
2024-06-14 11:00:00Z;21,98012;23;3
2024-06-15 11:00:00Z;21,05376;23;3
2024-06-16 11:00:00Z;18,65753;2;3
2024-06-17 11:00:00Z;22,47869;0;3
2024-06-18 11:00:00Z;22,62831;0;3
2024-06-19 11:00:00Z;21,41214;0;3
2024-06-20 11:00:00Z;15,31989;0;3
2024-06-21 11:00:00Z;15,91958;0;3
2024-06-22 11:00:00Z;11,96231;0;3
2024-06-23 11:00:00Z;13,70214;0;3
2024-06-24 11:00:00Z;18,18397;0;3
2024-06-25 11:00:00Z;25,71034;0;3
2024-06-26 11:00:00Z;20,86604;0;3
2024-06-27 11:00:00Z;11,06484;0;3
2024-06-28 11:00:00Z;14,47061;0;3
2024-06-29 11:00:00Z;21,93727;0;3
2024-06-30 11:00:00Z;16,02884;0;3
2024-07-01 11:00:00Z;10,35404;0;3
2024-07-02 11:00:00Z;7,708199;0;3
2024-07-03 11:00:00Z;7,249397;0;3
2024-07-04 11:00:00Z;6,367959;0;3
2024-07-05 11:00:00Z;6,328172;0;3
2024-07-06 11:00:00Z;6,281611;0;3
2024-07-07 11:00:00Z;5,96914;2;3
2024-07-08 11:00:00Z;6,186555;0;3
2024-07-09 11:00:00Z;5,06197;0;3
2024-07-10 11:00:00Z;4,175986;0;3
2024-07-11 11:00:00Z;4,639162;0;3
2024-07-12 11:00:00Z;5,156376;0;3
2024-07-13 11:00:00Z;3,87439;0;3
2024-07-14 11:00:00Z;3,112267;0;3
2024-07-15 11:00:00Z;2,823454;0;3
2024-07-16 11:00:00Z;2,77681;0;3
2024-07-17 11:00:00Z;3,146192;0;3
2024-07-18 11:00:00Z;2,701431;0;3
2024-07-19 11:00:00Z;3,645595;0;3
2024-07-20 11:00:00Z;3,252754;0;3
2024-07-21 11:00:00Z;2,650291;0;3
2024-07-22 11:00:00Z;2,529011;0;3
2024-07-23 11:00:00Z;2,563272;0;3
2024-07-24 11:00:00Z;6,772526;0;3
2024-07-25 11:00:00Z;4,614953;0;3
2024-07-26 11:00:00Z;4,237922;0;3
2024-07-27 11:00:00Z;3,496168;0;3
2024-07-28 11:00:00Z;7,083488;0;3
2024-07-29 11:00:00Z;5,239263;0;3
2024-07-30 11:00:00Z;3,579321;0;3
2024-07-31 11:00:00Z;3,087365;0;3
2024-08-01 11:00:00Z;4,820951;0;3
2024-08-02 11:00:00Z;3,929321;0;3
2024-08-03 11:00:00Z;3,220511;0;3
2024-08-04 11:00:00Z;2,73405;0;3
2024-08-05 11:00:00Z;2,355748;0;3
2024-08-06 11:00:00Z;2,059859;0;3
2024-08-07 11:00:00Z;1,750286;0;3
2024-08-08 11:00:00Z;1,614419;0;3
2024-08-09 11:00:00Z;9,145917;0;3
2024-08-10 11:00:00Z;12,26259;0;3
2024-08-11 11:00:00Z;13,03534;0;3
2024-08-12 11:00:00Z;8,358176;0;3
2024-08-13 11:00:00Z;6,519505;0;3
2024-08-14 11:00:00Z;4,342124;0;3
2024-08-15 11:00:00Z;5,683595;0;3
2024-08-16 11:00:00Z;11,9613;0;3
2024-08-17 11:00:00Z;9,822888;0;3
2024-08-18 11:00:00Z;6,693152;0;3
2024-08-19 11:00:00Z;6,589524;0;3
2024-08-20 11:00:00Z;5,180016;0;3
2024-08-21 11:00:00Z;4,921265;0;3
2024-08-22 11:00:00Z;10,88194;0;3
2024-08-23 11:00:00Z;7,428449;0;3
2024-08-24 11:00:00Z;18,67076;0;3
2024-08-25 11:00:00Z;11,63512;0;3
2024-08-26 11:00:00Z;10,3723;0;3
2024-08-27 11:00:00Z;20,53935;0;3
2024-08-28 11:00:00Z;14,23651;0;3
2024-08-29 11:00:00Z;8,821677;0;3
2024-08-30 11:00:00Z;7,429883;0;3
2024-08-31 11:00:00Z;6,79385;0;3
2024-09-01 11:00:00Z;5,122626;0;3
2024-09-02 11:00:00Z;4,24891;0;3
2024-09-03 11:00:00Z;3,735121;0;3
2024-09-04 11:00:00Z;4,394467;0;3
2024-09-05 11:00:00Z;4,103278;0;3
2024-09-06 11:00:00Z;3,421985;0;3
2024-09-07 11:00:00Z;3,415689;0;3
2024-09-08 11:00:00Z;3,468561;0;3
2024-09-09 11:00:00Z;2,840062;0;3
2024-09-10 11:00:00Z;7,2249;0;3
2024-09-11 11:00:00Z;13,58137;0;3
2024-09-12 11:00:00Z;13,35838;0;3
2024-09-13 11:00:00Z;9,679393;0;3
2024-09-14 11:00:00Z;6,541905;0;3
2024-09-15 11:00:00Z;5,583283;0;3
2024-09-16 11:00:00Z;4,441215;0;3
2024-09-17 11:00:00Z;3,973513;0;3
2024-09-18 11:00:00Z;3,781026;0;3
2024-09-19 11:00:00Z;3,588038;0;3
2024-09-20 11:00:00Z;3,694567;0;3
2024-09-21 11:00:00Z;4,438966;0;3
2024-09-22 11:00:00Z;4,573414;0;3
2024-09-23 11:00:00Z;3,919205;0;3
2024-09-24 11:00:00Z;4,50414;0;3
2024-09-25 11:00:00Z;4,039562;0;3
2024-09-26 11:00:00Z;4,81729;0;3
2024-09-27 11:00:00Z;5,649093;0;3
2024-09-28 11:00:00Z;4,211946;0;3
2024-09-29 11:00:00Z;5,08348;0;3
2024-09-30 11:00:00Z;5,189544;0;3
2024-10-01 11:00:00Z;12,0842;0;3
2024-10-02 11:00:00Z;9,286628;0;3
2024-10-03 11:00:00Z;11,08242;0;3
2024-10-04 11:00:00Z;18,72633;0;3
2024-10-05 11:00:00Z;11,37516;0;3
2024-10-06 11:00:00Z;7,326569;0;3
2024-10-07 11:00:00Z;5,488778;0;3
2024-10-08 11:00:00Z;4,926651;0;3
2024-10-09 11:00:00Z;10,80615;0;3
2024-10-10 11:00:00Z;21,06127;0;3
2024-10-11 11:00:00Z;11,43864;0;3
2024-10-12 11:00:00Z;7,424503;0;3
2024-10-13 11:00:00Z;5,944673;0;3
2024-10-14 11:00:00Z;6,14779;0;3
2024-10-15 11:00:00Z;5,501147;0;3
2024-10-16 11:00:00Z;10,4176;0;3
2024-10-17 11:00:00Z;14,07207;0;3
2024-10-18 11:00:00Z;21,71851;0;3
2024-10-19 11:00:00Z;26,35605;0;3
2024-10-20 11:00:00Z;21,93045;0;3
2024-10-21 11:00:00Z;33,79678;0;3
2024-10-22 11:00:00Z;57,03831;0;3
2024-10-23 11:00:00Z;30,50462;0;3
2024-10-24 11:00:00Z;22,82575;0;3
2024-10-25 11:00:00Z;52,4622;0;3
2024-10-26 11:00:00Z;27,68937;0;3
2024-10-27 11:00:00Z;14,33483;0;3
2024-10-28 11:00:00Z;10,21293;0;3
2024-10-29 11:00:00Z;5,858643;0;3
2024-10-30 11:00:00Z;6,549654;0;3
2024-10-31 11:00:00Z;6,969495;0;3
2024-11-01 11:00:00Z;7,409163;0;3
2024-11-02 11:00:00Z;5,442552;0;3
2024-11-03 11:00:00Z;5,582533;0;3
2024-11-04 11:00:00Z;6,31522;0;3
2024-11-05 11:00:00Z;19,07703;0;3
2024-11-06 11:00:00Z;23,97147;0;3
2024-11-07 11:00:00Z;23,66926;0;3
2024-11-08 11:00:00Z;62,84646;0;3
2024-11-09 11:00:00Z;56,70238;0;3
2024-11-10 11:00:00Z;21,34882;0;3
2024-11-11 11:00:00Z;12,38736;0;3
2024-11-12 11:00:00Z;9,210829;0;3
2024-11-13 11:00:00Z;20,74076;0;3
2024-11-14 11:00:00Z;13,78886;0;3
2024-11-15 11:00:00Z;24,37272;0;3
2024-11-16 11:00:00Z;41,6797;0;3
2024-11-17 11:00:00Z;18,06754;0;3
2024-11-18 11:00:00Z;10,84989;0;3
2024-11-19 11:00:00Z;8,850662;0;3
2024-11-20 11:00:00Z;8,825914;0;3
2024-11-21 11:00:00Z;7,697009;0;3
2024-11-22 11:00:00Z;11,45597;0;3
2024-11-23 11:00:00Z;13,49191;0;3
2024-11-24 11:00:00Z;13,72636;0;3
2024-11-25 11:00:00Z;12,99894;0;3
2024-11-26 11:00:00Z;12,54325;0;3
2024-11-27 11:00:00Z;11,14141;0;3
2024-11-28 11:00:00Z;10,46896;0;3
2024-11-29 11:00:00Z;9,443806;0;3
2024-11-30 11:00:00Z;8,749169;0;3
2024-12-01 11:00:00Z;10,19837;0;3
2024-12-02 11:00:00Z;30,29956;0;3
2024-12-03 11:00:00Z;21,9746;0;3
2024-12-04 11:00:00Z;15,17957;0;3
2024-12-05 11:00:00Z;11,6257;0;3
2024-12-06 11:00:00Z;10,32351;0;3
2024-12-07 11:00:00Z;9,572178;0;3
2024-12-08 11:00:00Z;8,518815;0;3
2024-12-09 11:00:00Z;7,748016;0;3
2024-12-10 11:00:00Z;13,48978;0;3
2024-12-11 11:00:00Z;16,53428;0;3
2024-12-12 11:00:00Z;11,88425;0;3
2024-12-13 11:00:00Z;9,049646;0;3
2024-12-14 11:00:00Z;7,428936;0;3
2024-12-15 11:00:00Z;7,478156;0;3
2024-12-16 11:00:00Z;8,25456;0;3
2024-12-17 11:00:00Z;8,679702;0;3
2024-12-18 11:00:00Z;8,83578;0;3
2024-12-19 11:00:00Z;8,757646;0;3
2024-12-20 11:00:00Z;9,462988;0;3
2024-12-21 11:00:00Z;9,960692;0;3
2024-12-22 11:00:00Z;10,32611;0;3
2024-12-23 11:00:00Z;10,32025;0;3
2024-12-24 11:00:00Z;10,49192;0;3
2024-12-25 11:00:00Z;9,421397;0;3
2024-12-26 11:00:00Z;7,881051;0;3
2024-12-27 11:00:00Z;10,25252;0;3
2024-12-28 11:00:00Z;14,18542;0;3
2024-12-29 11:00:00Z;9,154147;0;3
2024-12-30 11:00:00Z;6,849032;0;3
